snapshot,chart,series,x_pixel,y_pixel,rgb_distance,status,image
231116,boss_tier_lines,hard_damien_to_hard_jinhilla,75,1051.0,6.164414002968976,rgb_observed,231116_보스구간별생산.png
231116,boss_tier_lines,hard_damien_to_hard_jinhilla,79,1051.0,3.605551275463989,rgb_observed,231116_보스구간별생산.png
231116,boss_tier_lines,hard_damien_to_hard_jinhilla,83,1050.0,5.744562646538029,rgb_observed,231116_보스구간별생산.png
231116,boss_tier_lines,hard_damien_to_hard_jinhilla,87,1049.0,4.69041575982343,rgb_observed,231116_보스구간별생산.png
231116,boss_tier_lines,hard_damien_to_hard_jinhilla,91,1049.0,7.0710678118654755,rgb_observed,231116_보스구간별생산.png
231116,boss_tier_lines,hard_damien_to_hard_jinhilla,95,1048.0,8.602325267042627,rgb_observed,231116_보스구간별생산.png
231116,boss_tier_lines,hard_damien_to_hard_jinhilla,99,1048.0,7.681145747868608,rgb_observed,231116_보스구간별생산.png
231116,boss_tier_lines,hard_damien_to_hard_jinhilla,103,1047.0,4.242640687119285,rgb_observed,231116_보스구간별생산.png
231116,boss_tier_lines,hard_damien_to_hard_jinhilla,107,1047.0,6.708203932499369,rgb_observed,231116_보스구간별생산.png
231116,boss_tier_lines,hard_damien_to_hard_jinhilla,111,1046.0,10.677078252031311,rgb_observed,231116_보스구간별생산.png
231116,boss_tier_lines,hard_damien_to_hard_jinhilla,115,1046.0,8.48528137423857,rgb_observed,231116_보스구간별생산.png
231116,boss_tier_lines,hard_damien_to_hard_jinhilla,119,1045.0,7.0710678118654755,rgb_observed,231116_보스구간별생산.png
231116,boss_tier_lines,hard_damien_to_hard_jinhilla,123,1044.0,5.385164807134504,rgb_observed,231116_보스구간별생산.png
231116,boss_tier_lines,hard_damien_to_hard_jinhilla,127,1044.0,4.123105625617661,rgb_observed,231116_보스구간별생산.png
231116,boss_tier_lines,hard_damien_to_hard_jinhilla,131,1044.0,7.874007874011811,rgb_observed,231116_보스구간별생산.png
231116,boss_tier_lines,hard_damien_to_hard_jinhilla,135,1043.0,3.7416573867739413,rgb_observed,231116_보스구간별생산.png
231116,boss_tier_lines,hard_damien_to_hard_jinhilla,139,1042.0,7.0,rgb_observed,231116_보스구간별생산.png
231116,boss_tier_lines,hard_damien_to_hard_jinhilla,143,1042.0,7.14142842854285,rgb_observed,231116_보스구간별생산.png
231116,boss_tier_lines,hard_damien_to_hard_jinhilla,147,1041.0,11.224972160321824,rgb_observed,231116_보스구간별생산.png
231116,boss_tier_lines,hard_damien_to_hard_jinhilla,151,1041.0,4.898979485566356,rgb_observed,231116_보스구간별생산.png
231116,boss_tier_lines,hard_damien_to_hard_jinhilla,155,1040.0,3.605551275463989,rgb_observed,231116_보스구간별생산.png
231116,boss_tier_lines,hard_damien_to_hard_jinhilla,159,1040.0,8.774964387392123,rgb_observed,231116_보스구간별생산.png
231116,boss_tier_lines,hard_damien_to_hard_jinhilla,163,1039.0,10.488088481701515,rgb_observed,231116_보스구간별생산.png
231116,boss_tier_lines,hard_damien_to_hard_jinhilla,167,1039.0,12.884098726725126,rgb_observed,231116_보스구간별생산.png
231116,boss_tier_lines,hard_damien_to_hard_jinhilla,171,1038.0,10.723805294763608,rgb_observed,231116_보스구간별생산.png
231116,boss_tier_lines,hard_damien_to_hard_jinhilla,175,1037.0,16.0312195418814,rgb_observed,231116_보스구간별생산.png
231116,boss_tier_lines,hard_damien_to_hard_jinhilla,179,1037.0,14.45683229480096,rgb_observed,231116_보스구간별생산.png
231116,boss_tier_lines,hard_damien_to_hard_jinhilla,183,1037.0,19.672315572906,rgb_observed,231116_보스구간별생산.png
231116,boss_tier_lines,hard_damien_to_hard_jinhilla,187,1036.0,27.60434748368452,rgb_observed,231116_보스구간별생산.png
231116,boss_tier_lines,hard_damien_to_hard_jinhilla,191,1035.0,14.247806848775006,rgb_observed,231116_보스구간별생산.png
231116,boss_tier_lines,hard_damien_to_hard_jinhilla,195,1035.0,6.4031242374328485,rgb_observed,231116_보스구간별생산.png
231116,boss_tier_lines,hard_damien_to_hard_jinhilla,199,1035.0,7.810249675906654,rgb_observed,231116_보스구간별생산.png
231116,boss_tier_lines,hard_damien_to_hard_jinhilla,203,1035.0,13.19090595827292,rgb_observed,231116_보스구간별생산.png
231116,boss_tier_lines,hard_damien_to_hard_jinhilla,207,1035.0,16.09347693943108,rgb_observed,231116_보스구간별생산.png
231116,boss_tier_lines,hard_damien_to_hard_jinhilla,211,1035.0,16.522711641858304,rgb_observed,231116_보스구간별생산.png
231116,boss_tier_lines,hard_damien_to_hard_jinhilla,215,1034.0,14.696938456699069,rgb_observed,231116_보스구간별생산.png
231116,boss_tier_lines,hard_damien_to_hard_jinhilla,219,1032.0,7.3484692283495345,rgb_observed,231116_보스구간별생산.png
231116,boss_tier_lines,hard_damien_to_hard_jinhilla,223,1032.0,10.295630140987,rgb_observed,231116_보스구간별생산.png
231116,boss_tier_lines,hard_damien_to_hard_jinhilla,227,1034.0,7.3484692283495345,rgb_observed,231116_보스구간별생산.png
231116,boss_tier_lines,hard_damien_to_hard_jinhilla,231,1034.0,9.16515138991168,rgb_observed,231116_보스구간별생산.png
231116,boss_tier_lines,hard_damien_to_hard_jinhilla,235,1033.0,8.774964387392123,rgb_observed,231116_보스구간별생산.png
231116,boss_tier_lines,hard_damien_to_hard_jinhilla,239,1033.0,7.0710678118654755,rgb_observed,231116_보스구간별생산.png
231116,boss_tier_lines,hard_damien_to_hard_jinhilla,243,1033.0,8.12403840463596,rgb_observed,231116_보스구간별생산.png
231116,boss_tier_lines,hard_damien_to_hard_jinhilla,247,1033.0,10.44030650891055,rgb_observed,231116_보스구간별생산.png
231116,boss_tier_lines,hard_damien_to_hard_jinhilla,251,1032.0,7.0,rgb_observed,231116_보스구간별생산.png
231116,boss_tier_lines,hard_damien_to_hard_jinhilla,255,1032.0,3.4641016151377544,rgb_observed,231116_보스구간별생산.png
231116,boss_tier_lines,hard_damien_to_hard_jinhilla,259,1031.0,7.681145747868608,rgb_observed,231116_보스구간별생산.png
231116,boss_tier_lines,hard_damien_to_hard_jinhilla,263,1031.0,5.385164807134504,rgb_observed,231116_보스구간별생산.png
231116,boss_tier_lines,hard_damien_to_hard_jinhilla,267,1031.0,7.483314773547883,rgb_observed,231116_보스구간별생산.png
231116,boss_tier_lines,hard_damien_to_hard_jinhilla,271,1030.0,5.385164807134504,rgb_observed,231116_보스구간별생산.png
231116,boss_tier_lines,hard_damien_to_hard_jinhilla,275,1030.0,7.874007874011811,rgb_observed,231116_보스구간별생산.png
231116,boss_tier_lines,hard_damien_to_hard_jinhilla,279,1029.0,7.280109889280518,rgb_observed,231116_보스구간별생산.png
231116,boss_tier_lines,hard_damien_to_hard_jinhilla,283,1029.0,9.433981132056603,rgb_observed,231116_보스구간별생산.png
231116,boss_tier_lines,hard_damien_to_hard_jinhilla,287,1028.0,5.0990195135927845,rgb_observed,231116_보스구간별생산.png
231116,boss_tier_lines,hard_damien_to_hard_jinhilla,291,1028.0,5.0990195135927845,rgb_observed,231116_보스구간별생산.png
231116,boss_tier_lines,hard_damien_to_hard_jinhilla,295,1027.0,2.23606797749979,rgb_observed,231116_보스구간별생산.png
231116,boss_tier_lines,hard_damien_to_hard_jinhilla,299,1027.0,2.0,rgb_observed,231116_보스구간별생산.png
231116,boss_tier_lines,hard_damien_to_hard_jinhilla,303,1027.0,7.874007874011811,rgb_observed,231116_보스구간별생산.png
231116,boss_tier_lines,hard_damien_to_hard_jinhilla,307,1026.0,6.708203932499369,rgb_observed,231116_보스구간별생산.png
231116,boss_tier_lines,hard_damien_to_hard_jinhilla,311,1026.0,6.4031242374328485,rgb_observed,231116_보스구간별생산.png
231116,boss_tier_lines,hard_damien_to_hard_jinhilla,315,1025.0,10.63014581273465,rgb_observed,231116_보스구간별생산.png
231116,boss_tier_lines,hard_damien_to_hard_jinhilla,319,1025.0,9.0,rgb_observed,231116_보스구간별생산.png
231116,boss_tier_lines,hard_damien_to_hard_jinhilla,323,1025.0,6.164414002968976,rgb_observed,231116_보스구간별생산.png
231116,boss_tier_lines,hard_damien_to_hard_jinhilla,327,1025.0,5.830951894845301,rgb_observed,231116_보스구간별생산.png
231116,boss_tier_lines,hard_damien_to_hard_jinhilla,331,1025.0,9.899494936611665,rgb_observed,231116_보스구간별생산.png
231116,boss_tier_lines,hard_damien_to_hard_jinhilla,335,1025.0,11.045361017187261,rgb_observed,231116_보스구간별생산.png
231116,boss_tier_lines,hard_damien_to_hard_jinhilla,339,1024.0,5.0,rgb_observed,231116_보스구간별생산.png
231116,boss_tier_lines,hard_damien_to_hard_jinhilla,343,1023.0,7.810249675906654,rgb_observed,231116_보스구간별생산.png
231116,boss_tier_lines,hard_damien_to_hard_jinhilla,347,1023.0,2.23606797749979,rgb_observed,231116_보스구간별생산.png
231116,boss_tier_lines,hard_damien_to_hard_jinhilla,351,1023.0,3.4641016151377544,rgb_observed,231116_보스구간별생산.png
231116,boss_tier_lines,hard_damien_to_hard_jinhilla,355,1023.0,8.246211251235321,rgb_observed,231116_보스구간별생산.png
231116,boss_tier_lines,hard_damien_to_hard_jinhilla,359,1022.0,9.486832980505138,rgb_observed,231116_보스구간별생산.png
231116,boss_tier_lines,hard_damien_to_hard_jinhilla,363,1022.0,6.164414002968976,rgb_observed,231116_보스구간별생산.png
231116,boss_tier_lines,hard_damien_to_hard_jinhilla,367,1021.0,3.7416573867739413,rgb_observed,231116_보스구간별생산.png
231116,boss_tier_lines,hard_damien_to_hard_jinhilla,371,1021.0,8.366600265340756,rgb_observed,231116_보스구간별생산.png
231116,boss_tier_lines,hard_damien_to_hard_jinhilla,375,1020.0,5.385164807134504,rgb_observed,231116_보스구간별생산.png
231116,boss_tier_lines,hard_damien_to_hard_jinhilla,379,1016.0,19.849433241279208,rgb_observed,231116_보스구간별생산.png
231116,boss_tier_lines,hard_damien_to_hard_jinhilla,383,1019.0,15.0,rgb_observed,231116_보스구간별생산.png
231116,boss_tier_lines,hard_damien_to_hard_jinhilla,387,1018.0,5.477225575051661,rgb_observed,231116_보스구간별생산.png
231116,boss_tier_lines,hard_damien_to_hard_jinhilla,391,1017.0,8.306623862918075,rgb_observed,231116_보스구간별생산.png
231116,boss_tier_lines,hard_damien_to_hard_jinhilla,395,1017.0,8.306623862918075,rgb_observed,231116_보스구간별생산.png
231116,boss_tier_lines,hard_damien_to_hard_jinhilla,399,1016.0,10.44030650891055,rgb_observed,231116_보스구간별생산.png
231116,boss_tier_lines,hard_damien_to_hard_jinhilla,403,1015.0,8.774964387392123,rgb_observed,231116_보스구간별생산.png
231116,boss_tier_lines,hard_damien_to_hard_jinhilla,407,1015.0,5.830951894845301,rgb_observed,231116_보스구간별생산.png
231116,boss_tier_lines,hard_damien_to_hard_jinhilla,411,1014.0,6.164414002968976,rgb_observed,231116_보스구간별생산.png
231116,boss_tier_lines,hard_damien_to_hard_jinhilla,415,1014.0,4.0,rgb_observed,231116_보스구간별생산.png
231116,boss_tier_lines,hard_damien_to_hard_jinhilla,419,1013.0,5.196152422706632,rgb_observed,231116_보스구간별생산.png
231116,boss_tier_lines,hard_damien_to_hard_jinhilla,423,1013.0,5.830951894845301,rgb_observed,231116_보스구간별생산.png
231116,boss_tier_lines,hard_damien_to_hard_jinhilla,427,1012.0,8.306623862918075,rgb_observed,231116_보스구간별생산.png
231116,boss_tier_lines,hard_damien_to_hard_jinhilla,431,1011.0,7.0710678118654755,rgb_observed,231116_보스구간별생산.png
231116,boss_tier_lines,hard_damien_to_hard_jinhilla,435,1011.0,9.0,rgb_observed,231116_보스구간별생산.png
231116,boss_tier_lines,hard_damien_to_hard_jinhilla,439,1007.0,17.832554500127006,rgb_observed,231116_보스구간별생산.png
231116,boss_tier_lines,hard_damien_to_hard_jinhilla,443,1010.0,13.74772708486752,rgb_observed,231116_보스구간별생산.png
231116,boss_tier_lines,hard_damien_to_hard_jinhilla,447,1009.0,28.178005607210743,rgb_observed,231116_보스구간별생산.png
231116,boss_tier_lines,hard_damien_to_hard_jinhilla,451,1009.0,18.411952639521967,rgb_observed,231116_보스구간별생산.png
231116,boss_tier_lines,hard_damien_to_hard_jinhilla,455,1008.0,21.6794833886788,rgb_observed,231116_보스구간별생산.png
231116,boss_tier_lines,hard_damien_to_hard_jinhilla,459,1004.0,1.4142135623730951,rgb_observed,231116_보스구간별생산.png
231116,boss_tier_lines,hard_damien_to_hard_jinhilla,463,1006.0,4.358898943540674,rgb_observed,231116_보스구간별생산.png
231116,boss_tier_lines,hard_damien_to_hard_jinhilla,467,1005.0,7.483314773547883,rgb_observed,231116_보스구간별생산.png
231116,boss_tier_lines,hard_damien_to_hard_jinhilla,471,1005.0,4.242640687119285,rgb_observed,231116_보스구간별생산.png
231116,boss_tier_lines,hard_damien_to_hard_jinhilla,475,1004.0,6.082762530298219,rgb_observed,231116_보스구간별생산.png
231116,boss_tier_lines,hard_damien_to_hard_jinhilla,479,1003.0,6.324555320336759,rgb_observed,231116_보스구간별생산.png
231116,boss_tier_lines,hard_damien_to_hard_jinhilla,483,1002.0,4.242640687119285,rgb_observed,231116_보스구간별생산.png
231116,boss_tier_lines,hard_damien_to_hard_jinhilla,487,1001.0,5.830951894845301,rgb_observed,231116_보스구간별생산.png
231116,boss_tier_lines,hard_damien_to_hard_jinhilla,491,1001.0,6.164414002968976,rgb_observed,231116_보스구간별생산.png
231116,boss_tier_lines,hard_damien_to_hard_jinhilla,495,999.0,3.7416573867739413,rgb_observed,231116_보스구간별생산.png
231116,boss_tier_lines,hard_damien_to_hard_jinhilla,499,999.0,7.211102550927978,rgb_observed,231116_보스구간별생산.png
231116,boss_tier_lines,hard_damien_to_hard_jinhilla,503,998.0,2.23606797749979,rgb_observed,231116_보스구간별생산.png
231116,boss_tier_lines,hard_damien_to_hard_jinhilla,507,997.0,3.0,rgb_observed,231116_보스구간별생산.png
231116,boss_tier_lines,hard_damien_to_hard_jinhilla,511,996.0,2.449489742783178,rgb_observed,231116_보스구간별생산.png
231116,boss_tier_lines,hard_damien_to_hard_jinhilla,515,995.0,2.23606797749979,rgb_observed,231116_보스구간별생산.png
231116,boss_tier_lines,hard_damien_to_hard_jinhilla,519,994.0,2.23606797749979,rgb_observed,231116_보스구간별생산.png
231116,boss_tier_lines,hard_damien_to_hard_jinhilla,523,993.0,7.14142842854285,rgb_observed,231116_보스구간별생산.png
231116,boss_tier_lines,hard_damien_to_hard_jinhilla,527,992.0,1.4142135623730951,rgb_observed,231116_보스구간별생산.png
231116,boss_tier_lines,hard_damien_to_hard_jinhilla,531,991.0,3.7416573867739413,rgb_observed,231116_보스구간별생산.png
231116,boss_tier_lines,hard_damien_to_hard_jinhilla,535,991.0,8.306623862918075,rgb_observed,231116_보스구간별생산.png
231116,boss_tier_lines,hard_damien_to_hard_jinhilla,539,989.0,5.477225575051661,rgb_observed,231116_보스구간별생산.png
231116,boss_tier_lines,hard_damien_to_hard_jinhilla,543,988.0,5.744562646538029,rgb_observed,231116_보스구간별생산.png
231116,boss_tier_lines,hard_damien_to_hard_jinhilla,547,987.0,4.242640687119285,rgb_observed,231116_보스구간별생산.png
231116,boss_tier_lines,hard_damien_to_hard_jinhilla,551,986.0,5.656854249492381,rgb_observed,231116_보스구간별생산.png
231116,boss_tier_lines,hard_damien_to_hard_jinhilla,555,985.0,6.0,rgb_observed,231116_보스구간별생산.png
231116,boss_tier_lines,hard_damien_to_hard_jinhilla,559,984.0,11.090536506409418,rgb_observed,231116_보스구간별생산.png
231116,boss_tier_lines,hard_damien_to_hard_jinhilla,563,983.0,4.123105625617661,rgb_observed,231116_보스구간별생산.png
231116,boss_tier_lines,hard_damien_to_hard_jinhilla,567,982.0,7.483314773547883,rgb_observed,231116_보스구간별생산.png
231116,boss_tier_lines,hard_damien_to_hard_jinhilla,571,981.0,3.1622776601683795,rgb_observed,231116_보스구간별생산.png
231116,boss_tier_lines,hard_damien_to_hard_jinhilla,575,980.0,3.1622776601683795,rgb_observed,231116_보스구간별생산.png
231116,boss_tier_lines,hard_damien_to_hard_jinhilla,579,978.0,3.3166247903554,rgb_observed,231116_보스구간별생산.png
231116,boss_tier_lines,hard_damien_to_hard_jinhilla,583,977.0,9.16515138991168,rgb_observed,231116_보스구간별생산.png
231116,boss_tier_lines,hard_damien_to_hard_jinhilla,587,976.0,7.0,rgb_observed,231116_보스구간별생산.png
231116,boss_tier_lines,hard_damien_to_hard_jinhilla,591,976.0,9.9498743710662,rgb_observed,231116_보스구간별생산.png
231116,boss_tier_lines,hard_damien_to_hard_jinhilla,595,975.0,9.9498743710662,rgb_observed,231116_보스구간별생산.png
231116,boss_tier_lines,hard_damien_to_hard_jinhilla,599,974.0,3.3166247903554,rgb_observed,231116_보스구간별생산.png
231116,boss_tier_lines,hard_damien_to_hard_jinhilla,603,973.0,7.211102550927978,rgb_observed,231116_보스구간별생산.png
231116,boss_tier_lines,hard_damien_to_hard_jinhilla,607,972.0,5.385164807134504,rgb_observed,231116_보스구간별생산.png
231116,boss_tier_lines,hard_damien_to_hard_jinhilla,611,971.0,3.605551275463989,rgb_observed,231116_보스구간별생산.png
231116,boss_tier_lines,hard_damien_to_hard_jinhilla,615,970.0,6.164414002968976,rgb_observed,231116_보스구간별생산.png
231116,boss_tier_lines,hard_damien_to_hard_jinhilla,619,969.0,5.0990195135927845,rgb_observed,231116_보스구간별생산.png
231116,boss_tier_lines,hard_damien_to_hard_jinhilla,623,968.0,2.8284271247461903,rgb_observed,231116_보스구간별생산.png
231116,boss_tier_lines,hard_damien_to_hard_jinhilla,627,967.0,1.7320508075688772,rgb_observed,231116_보스구간별생산.png
231116,boss_tier_lines,hard_damien_to_hard_jinhilla,631,966.0,2.449489742783178,rgb_observed,231116_보스구간별생산.png
231116,boss_tier_lines,hard_damien_to_hard_jinhilla,635,965.0,5.830951894845301,rgb_observed,231116_보스구간별생산.png
231116,boss_tier_lines,hard_damien_to_hard_jinhilla,639,965.0,5.385164807134504,rgb_observed,231116_보스구간별생산.png
231116,boss_tier_lines,hard_damien_to_hard_jinhilla,643,963.0,5.196152422706632,rgb_observed,231116_보스구간별생산.png
231116,boss_tier_lines,hard_damien_to_hard_jinhilla,647,963.0,4.58257569495584,rgb_observed,231116_보스구간별생산.png
231116,boss_tier_lines,hard_damien_to_hard_jinhilla,651,961.0,4.58257569495584,rgb_observed,231116_보스구간별생산.png
231116,boss_tier_lines,hard_damien_to_hard_jinhilla,655,960.0,4.58257569495584,rgb_observed,231116_보스구간별생산.png
231116,boss_tier_lines,hard_damien_to_hard_jinhilla,659,959.0,6.164414002968976,rgb_observed,231116_보스구간별생산.png
231116,boss_tier_lines,hard_damien_to_hard_jinhilla,663,958.0,5.830951894845301,rgb_observed,231116_보스구간별생산.png
231116,boss_tier_lines,hard_damien_to_hard_jinhilla,667,957.0,4.898979485566356,rgb_observed,231116_보스구간별생산.png
231116,boss_tier_lines,hard_damien_to_hard_jinhilla,671,956.0,2.8284271247461903,rgb_observed,231116_보스구간별생산.png
231116,boss_tier_lines,hard_damien_to_hard_jinhilla,675,955.0,3.0,rgb_observed,231116_보스구간별생산.png
231116,boss_tier_lines,hard_damien_to_hard_jinhilla,679,954.0,1.7320508075688772,rgb_observed,231116_보스구간별생산.png
231116,boss_tier_lines,hard_damien_to_hard_jinhilla,683,953.0,3.3166247903554,rgb_observed,231116_보스구간별생산.png
231116,boss_tier_lines,hard_damien_to_hard_jinhilla,687,952.0,6.782329983125268,rgb_observed,231116_보스구간별생산.png
231116,boss_tier_lines,hard_damien_to_hard_jinhilla,691,951.0,4.123105625617661,rgb_observed,231116_보스구간별생산.png
231116,boss_tier_lines,hard_damien_to_hard_jinhilla,695,950.0,5.0990195135927845,rgb_observed,231116_보스구간별생산.png
231116,boss_tier_lines,hard_damien_to_hard_jinhilla,699,947.0,6.164414002968976,rgb_observed,231116_보스구간별생산.png
231116,boss_tier_lines,hard_damien_to_hard_jinhilla,703,945.0,5.385164807134504,rgb_observed,231116_보스구간별생산.png
231116,boss_tier_lines,hard_damien_to_hard_jinhilla,707,941.0,7.0,rgb_observed,231116_보스구간별생산.png
231116,boss_tier_lines,hard_damien_to_hard_jinhilla,711,939.0,3.1622776601683795,rgb_observed,231116_보스구간별생산.png
231116,boss_tier_lines,hard_damien_to_hard_jinhilla,715,936.0,8.660254037844387,rgb_observed,231116_보스구간별생산.png
231116,boss_tier_lines,hard_damien_to_hard_jinhilla,719,931.0,6.48074069840786,rgb_observed,231116_보스구간별생산.png
231116,boss_tier_lines,hard_damien_to_hard_jinhilla,723,928.0,3.0,rgb_observed,231116_보스구간별생산.png
231116,boss_tier_lines,hard_damien_to_hard_jinhilla,727,925.0,5.830951894845301,rgb_observed,231116_보스구간별생산.png
231116,boss_tier_lines,hard_damien_to_hard_jinhilla,731,923.0,5.744562646538029,rgb_observed,231116_보스구간별생산.png
231116,boss_tier_lines,hard_damien_to_hard_jinhilla,735,918.0,2.449489742783178,rgb_observed,231116_보스구간별생산.png
231116,boss_tier_lines,hard_damien_to_hard_jinhilla,739,915.0,5.916079783099616,rgb_observed,231116_보스구간별생산.png
231116,boss_tier_lines,hard_damien_to_hard_jinhilla,743,912.0,3.605551275463989,rgb_observed,231116_보스구간별생산.png
231116,boss_tier_lines,hard_damien_to_hard_jinhilla,747,909.0,5.0990195135927845,rgb_observed,231116_보스구간별생산.png
231116,boss_tier_lines,hard_damien_to_hard_jinhilla,751,907.0,7.681145747868608,rgb_observed,231116_보스구간별생산.png
231116,boss_tier_lines,hard_damien_to_hard_jinhilla,755,904.0,4.242640687119285,rgb_observed,231116_보스구간별생산.png
231116,boss_tier_lines,hard_damien_to_hard_jinhilla,759,900.0,6.164414002968976,rgb_observed,231116_보스구간별생산.png
231116,boss_tier_lines,hard_damien_to_hard_jinhilla,763,898.0,6.0,rgb_observed,231116_보스구간별생산.png
231116,boss_tier_lines,hard_damien_to_hard_jinhilla,767,896.0,5.744562646538029,rgb_observed,231116_보스구간별생산.png
231116,boss_tier_lines,hard_damien_to_hard_jinhilla,771,893.0,2.449489742783178,rgb_observed,231116_보스구간별생산.png
231116,boss_tier_lines,hard_damien_to_hard_jinhilla,775,891.0,4.58257569495584,rgb_observed,231116_보스구간별생산.png
231116,boss_tier_lines,hard_damien_to_hard_jinhilla,779,889.0,4.242640687119285,rgb_observed,231116_보스구간별생산.png
231116,boss_tier_lines,hard_damien_to_hard_jinhilla,783,886.0,6.557438524302,rgb_observed,231116_보스구간별생산.png
231116,boss_tier_lines,hard_damien_to_hard_jinhilla,787,884.0,3.7416573867739413,rgb_observed,231116_보스구간별생산.png
231116,boss_tier_lines,hard_damien_to_hard_jinhilla,791,881.0,10.04987562112089,rgb_observed,231116_보스구간별생산.png
231116,boss_tier_lines,hard_damien_to_hard_jinhilla,795,878.0,10.04987562112089,rgb_observed,231116_보스구간별생산.png
231116,boss_tier_lines,hard_damien_to_hard_jinhilla,799,876.0,7.483314773547883,rgb_observed,231116_보스구간별생산.png
231116,boss_tier_lines,hard_damien_to_hard_jinhilla,803,874.0,9.9498743710662,rgb_observed,231116_보스구간별생산.png
231116,boss_tier_lines,hard_damien_to_hard_jinhilla,807,872.0,7.14142842854285,rgb_observed,231116_보스구간별생산.png
231116,boss_tier_lines,hard_damien_to_hard_jinhilla,811,869.0,8.366600265340756,rgb_observed,231116_보스구간별생산.png
231116,boss_tier_lines,hard_damien_to_hard_jinhilla,815,867.0,5.744562646538029,rgb_observed,231116_보스구간별생산.png
231116,boss_tier_lines,hard_damien_to_hard_jinhilla,819,865.0,8.54400374531753,rgb_observed,231116_보스구간별생산.png
231116,boss_tier_lines,hard_damien_to_hard_jinhilla,823,864.0,5.0990195135927845,rgb_observed,231116_보스구간별생산.png
231116,boss_tier_lines,hard_damien_to_hard_jinhilla,827,862.0,4.242640687119285,rgb_observed,231116_보스구간별생산.png
231116,boss_tier_lines,hard_damien_to_hard_jinhilla,831,860.0,6.164414002968976,rgb_observed,231116_보스구간별생산.png
231116,boss_tier_lines,hard_damien_to_hard_jinhilla,835,858.0,7.874007874011811,rgb_observed,231116_보스구간별생산.png
231116,boss_tier_lines,hard_damien_to_hard_jinhilla,839,856.0,4.47213595499958,rgb_observed,231116_보스구간별생산.png
231116,boss_tier_lines,hard_damien_to_hard_jinhilla,843,854.0,3.7416573867739413,rgb_observed,231116_보스구간별생산.png
231116,boss_tier_lines,hard_damien_to_hard_jinhilla,847,853.0,3.605551275463989,rgb_observed,231116_보스구간별생산.png
231116,boss_tier_lines,hard_damien_to_hard_jinhilla,851,851.0,6.164414002968976,rgb_observed,231116_보스구간별생산.png
231116,boss_tier_lines,hard_damien_to_hard_jinhilla,855,849.0,10.488088481701515,rgb_observed,231116_보스구간별생산.png
231116,boss_tier_lines,hard_damien_to_hard_jinhilla,859,848.0,9.797958971132712,rgb_observed,231116_보스구간별생산.png
231116,boss_tier_lines,hard_damien_to_hard_jinhilla,863,846.0,6.6332495807108,rgb_observed,231116_보스구간별생산.png
231116,boss_tier_lines,hard_damien_to_hard_jinhilla,867,844.0,7.280109889280518,rgb_observed,231116_보스구간별생산.png
231116,boss_tier_lines,hard_damien_to_hard_jinhilla,871,842.0,5.830951894845301,rgb_observed,231116_보스구간별생산.png
231116,boss_tier_lines,hard_damien_to_hard_jinhilla,875,840.0,5.830951894845301,rgb_observed,231116_보스구간별생산.png
231116,boss_tier_lines,hard_damien_to_hard_jinhilla,879,838.0,7.615773105863909,rgb_observed,231116_보스구간별생산.png
231116,boss_tier_lines,hard_damien_to_hard_jinhilla,883,836.0,5.0,rgb_observed,231116_보스구간별생산.png
231116,boss_tier_lines,hard_damien_to_hard_jinhilla,887,834.0,4.58257569495584,rgb_observed,231116_보스구간별생산.png
231116,boss_tier_lines,hard_damien_to_hard_jinhilla,891,832.0,6.48074069840786,rgb_observed,231116_보스구간별생산.png
231116,boss_tier_lines,hard_damien_to_hard_jinhilla,895,830.0,4.58257569495584,rgb_observed,231116_보스구간별생산.png
231116,boss_tier_lines,hard_damien_to_hard_jinhilla,899,828.0,3.0,rgb_observed,231116_보스구간별생산.png
231116,boss_tier_lines,hard_damien_to_hard_jinhilla,903,825.0,5.477225575051661,rgb_observed,231116_보스구간별생산.png
231116,boss_tier_lines,hard_damien_to_hard_jinhilla,907,824.0,3.3166247903554,rgb_observed,231116_보스구간별생산.png
231116,boss_tier_lines,hard_damien_to_hard_jinhilla,911,822.0,6.324555320336759,rgb_observed,231116_보스구간별생산.png
231116,boss_tier_lines,hard_damien_to_hard_jinhilla,915,820.0,4.242640687119285,rgb_observed,231116_보스구간별생산.png
231116,boss_tier_lines,hard_damien_to_hard_jinhilla,919,819.0,6.6332495807108,rgb_observed,231116_보스구간별생산.png
231116,boss_tier_lines,hard_damien_to_hard_jinhilla,923,816.0,6.557438524302,rgb_observed,231116_보스구간별생산.png
231116,boss_tier_lines,hard_damien_to_hard_jinhilla,927,812.0,5.0,rgb_observed,231116_보스구간별생산.png
231116,boss_tier_lines,hard_damien_to_hard_jinhilla,931,810.0,5.0990195135927845,rgb_observed,231116_보스구간별생산.png
231116,boss_tier_lines,hard_damien_to_hard_jinhilla,935,806.0,5.385164807134504,rgb_observed,231116_보스구간별생산.png
231116,boss_tier_lines,hard_damien_to_hard_jinhilla,939,802.0,6.4031242374328485,rgb_observed,231116_보스구간별생산.png
231116,boss_tier_lines,hard_damien_to_hard_jinhilla,943,797.0,9.219544457292887,rgb_observed,231116_보스구간별생산.png
231116,boss_tier_lines,hard_damien_to_hard_jinhilla,947,795.0,4.123105625617661,rgb_observed,231116_보스구간별생산.png
231116,boss_tier_lines,hard_damien_to_hard_jinhilla,951,793.0,3.7416573867739413,rgb_observed,231116_보스구간별생산.png
231116,boss_tier_lines,hard_damien_to_hard_jinhilla,955,789.0,2.23606797749979,rgb_observed,231116_보스구간별생산.png
231116,boss_tier_lines,hard_damien_to_hard_jinhilla,959,786.0,3.0,rgb_observed,231116_보스구간별생산.png
231116,boss_tier_lines,hard_damien_to_hard_jinhilla,963,783.0,7.54983443527075,rgb_observed,231116_보스구간별생산.png
231116,boss_tier_lines,hard_damien_to_hard_jinhilla,967,781.0,4.69041575982343,rgb_observed,231116_보스구간별생산.png
231116,boss_tier_lines,hard_damien_to_hard_jinhilla,971,776.0,1.4142135623730951,rgb_observed,231116_보스구간별생산.png
231116,boss_tier_lines,hard_damien_to_hard_jinhilla,975,773.0,4.242640687119285,rgb_observed,231116_보스구간별생산.png
231116,boss_tier_lines,hard_damien_to_hard_jinhilla,979,771.0,7.280109889280518,rgb_observed,231116_보스구간별생산.png
231116,boss_tier_lines,hard_damien_to_hard_jinhilla,983,768.0,4.123105625617661,rgb_observed,231116_보스구간별생산.png
231116,boss_tier_lines,hard_damien_to_hard_jinhilla,987,767.0,5.477225575051661,rgb_observed,231116_보스구간별생산.png
231116,boss_tier_lines,hard_damien_to_hard_jinhilla,991,766.0,8.246211251235321,rgb_observed,231116_보스구간별생산.png
231116,boss_tier_lines,hard_damien_to_hard_jinhilla,995,765.0,7.810249675906654,rgb_observed,231116_보스구간별생산.png
231116,boss_tier_lines,hard_damien_to_hard_jinhilla,999,763.0,6.48074069840786,rgb_observed,231116_보스구간별생산.png
231116,boss_tier_lines,hard_damien_to_hard_jinhilla,1003,762.0,2.23606797749979,rgb_observed,231116_보스구간별생산.png
231116,boss_tier_lines,hard_damien_to_hard_jinhilla,1007,761.0,4.242640687119285,rgb_observed,231116_보스구간별생산.png
231116,boss_tier_lines,hard_damien_to_hard_jinhilla,1011,760.0,9.0,rgb_observed,231116_보스구간별생산.png
231116,boss_tier_lines,hard_damien_to_hard_jinhilla,1015,759.0,9.219544457292887,rgb_observed,231116_보스구간별생산.png
231116,boss_tier_lines,hard_damien_to_hard_jinhilla,1019,754.0,4.123105625617661,rgb_observed,231116_보스구간별생산.png
231116,boss_tier_lines,hard_damien_to_hard_jinhilla,1023,757.0,26.645825188948457,rgb_observed,231116_보스구간별생산.png
231116,boss_tier_lines,hard_damien_to_hard_jinhilla,1027,755.0,28.372521918222215,rgb_observed,231116_보스구간별생산.png
231116,boss_tier_lines,hard_damien_to_hard_jinhilla,1031,751.0,7.0710678118654755,rgb_observed,231116_보스구간별생산.png
231116,boss_tier_lines,hard_damien_to_hard_jinhilla,1035,752.0,8.602325267042627,rgb_observed,231116_보스구간별생산.png
231116,boss_tier_lines,hard_damien_to_hard_jinhilla,1039,750.0,3.1622776601683795,rgb_observed,231116_보스구간별생산.png
231116,boss_tier_lines,hard_damien_to_hard_jinhilla,1043,750.0,6.708203932499369,rgb_observed,231116_보스구간별생산.png
231116,boss_tier_lines,hard_damien_to_hard_jinhilla,1047,749.0,7.14142842854285,rgb_observed,231116_보스구간별생산.png
231116,boss_tier_lines,hard_damien_to_hard_jinhilla,1051,748.0,4.69041575982343,rgb_observed,231116_보스구간별생산.png
231116,boss_tier_lines,hard_damien_to_hard_jinhilla,1055,747.0,7.280109889280518,rgb_observed,231116_보스구간별생산.png
231116,boss_tier_lines,hard_damien_to_hard_jinhilla,1059,746.0,7.874007874011811,rgb_observed,231116_보스구간별생산.png
231116,boss_tier_lines,hard_damien_to_hard_jinhilla,1063,745.0,5.0990195135927845,rgb_observed,231116_보스구간별생산.png
231116,boss_tier_lines,hard_damien_to_hard_jinhilla,1067,744.0,3.7416573867739413,rgb_observed,231116_보스구간별생산.png
231116,boss_tier_lines,hard_damien_to_hard_jinhilla,1071,743.0,5.196152422706632,rgb_observed,231116_보스구간별생산.png
231116,boss_tier_lines,hard_damien_to_hard_jinhilla,1075,742.0,6.782329983125268,rgb_observed,231116_보스구간별생산.png
231116,boss_tier_lines,hard_damien_to_hard_jinhilla,1079,740.0,4.898979485566356,rgb_observed,231116_보스구간별생산.png
231116,boss_tier_lines,hard_damien_to_hard_jinhilla,1083,739.0,6.4031242374328485,rgb_observed,231116_보스구간별생산.png
231116,boss_tier_lines,hard_damien_to_hard_jinhilla,1087,738.0,7.483314773547883,rgb_observed,231116_보스구간별생산.png
231116,boss_tier_lines,hard_damien_to_hard_jinhilla,1091,738.0,10.63014581273465,rgb_observed,231116_보스구간별생산.png
231116,boss_tier_lines,hard_damien_to_hard_jinhilla,1095,738.0,10.04987562112089,rgb_observed,231116_보스구간별생산.png
231116,boss_tier_lines,hard_damien_to_hard_jinhilla,1099,738.0,9.273618495495704,rgb_observed,231116_보스구간별생산.png
231116,boss_tier_lines,hard_damien_to_hard_jinhilla,1103,739.0,8.602325267042627,rgb_observed,231116_보스구간별생산.png
231116,boss_tier_lines,hard_damien_to_hard_jinhilla,1107,739.0,6.4031242374328485,rgb_observed,231116_보스구간별생산.png
231116,boss_tier_lines,hard_damien_to_hard_jinhilla,1111,739.0,7.874007874011811,rgb_observed,231116_보스구간별생산.png
231116,boss_tier_lines,hard_damien_to_hard_jinhilla,1115,739.0,7.874007874011811,rgb_observed,231116_보스구간별생산.png
231116,boss_tier_lines,hard_damien_to_hard_jinhilla,1119,740.0,8.306623862918075,rgb_observed,231116_보스구간별생산.png
231116,boss_tier_lines,hard_damien_to_hard_jinhilla,1123,741.0,9.899494936611665,rgb_observed,231116_보스구간별생산.png
231116,boss_tier_lines,hard_damien_to_hard_jinhilla,1127,741.0,8.660254037844387,rgb_observed,231116_보스구간별생산.png
231116,boss_tier_lines,hard_damien_to_hard_jinhilla,1131,741.0,7.483314773547883,rgb_observed,231116_보스구간별생산.png
231116,boss_tier_lines,hard_damien_to_hard_jinhilla,1135,742.0,3.4641016151377544,rgb_observed,231116_보스구간별생산.png
231116,boss_tier_lines,hard_damien_to_hard_jinhilla,1139,742.0,5.916079783099616,rgb_observed,231116_보스구간별생산.png
231116,boss_tier_lines,hard_damien_to_hard_jinhilla,1143,743.0,5.744562646538029,rgb_observed,231116_보스구간별생산.png
231116,boss_tier_lines,hard_damien_to_hard_jinhilla,1147,743.0,4.242640687119285,rgb_observed,231116_보스구간별생산.png
231116,boss_tier_lines,hard_damien_to_hard_jinhilla,1151,743.0,4.58257569495584,rgb_observed,231116_보스구간별생산.png
231116,boss_tier_lines,hard_damien_to_hard_jinhilla,1155,742.0,4.358898943540674,rgb_observed,231116_보스구간별생산.png
231116,boss_tier_lines,hard_damien_to_hard_jinhilla,1159,740.0,6.708203932499369,rgb_observed,231116_보스구간별생산.png
231116,boss_tier_lines,hard_damien_to_hard_jinhilla,1163,739.0,5.744562646538029,rgb_observed,231116_보스구간별생산.png
231116,boss_tier_lines,hard_damien_to_hard_jinhilla,1167,738.0,6.782329983125268,rgb_observed,231116_보스구간별생산.png
231116,boss_tier_lines,hard_damien_to_hard_jinhilla,1171,736.0,10.04987562112089,rgb_observed,231116_보스구간별생산.png
231116,boss_tier_lines,hard_damien_to_hard_jinhilla,1175,733.0,6.4031242374328485,rgb_observed,231116_보스구간별생산.png
231116,boss_tier_lines,hard_damien_to_hard_jinhilla,1179,732.0,3.605551275463989,rgb_observed,231116_보스구간별생산.png
231116,boss_tier_lines,hard_damien_to_hard_jinhilla,1183,731.0,4.242640687119285,rgb_observed,231116_보스구간별생산.png
231116,boss_tier_lines,hard_damien_to_hard_jinhilla,1187,731.0,6.0,rgb_observed,231116_보스구간별생산.png
231116,boss_tier_lines,hard_damien_to_hard_jinhilla,1191,729.0,9.486832980505138,rgb_observed,231116_보스구간별생산.png
231116,boss_tier_lines,hard_damien_to_hard_jinhilla,1195,728.0,5.830951894845301,rgb_observed,231116_보스구간별생산.png
231116,boss_tier_lines,hard_damien_to_hard_jinhilla,1199,726.0,4.242640687119285,rgb_observed,231116_보스구간별생산.png
231116,boss_tier_lines,hard_damien_to_hard_jinhilla,1203,725.0,5.385164807134504,rgb_observed,231116_보스구간별생산.png
231116,boss_tier_lines,hard_damien_to_hard_jinhilla,1207,724.0,7.681145747868608,rgb_observed,231116_보스구간별생산.png
231116,boss_tier_lines,hard_damien_to_hard_jinhilla,1211,723.0,6.708203932499369,rgb_observed,231116_보스구간별생산.png
231116,boss_tier_lines,hard_damien_to_hard_jinhilla,1215,722.0,4.242640687119285,rgb_observed,231116_보스구간별생산.png
231116,boss_tier_lines,hard_damien_to_hard_jinhilla,1219,721.0,6.0,rgb_observed,231116_보스구간별생산.png
231116,boss_tier_lines,hard_damien_to_hard_jinhilla,1223,720.0,6.48074069840786,rgb_observed,231116_보스구간별생산.png
231116,boss_tier_lines,hard_damien_to_hard_jinhilla,1227,718.0,4.123105625617661,rgb_observed,231116_보스구간별생산.png
231116,boss_tier_lines,hard_damien_to_hard_jinhilla,1231,717.0,1.4142135623730951,rgb_observed,231116_보스구간별생산.png
231116,boss_tier_lines,hard_damien_to_hard_jinhilla,1235,716.0,3.3166247903554,rgb_observed,231116_보스구간별생산.png
231116,boss_tier_lines,hard_damien_to_hard_jinhilla,1239,715.0,3.3166247903554,rgb_observed,231116_보스구간별생산.png
231116,boss_tier_lines,hard_damien_to_hard_jinhilla,1243,714.0,2.449489742783178,rgb_observed,231116_보스구간별생산.png
231116,boss_tier_lines,hard_damien_to_hard_jinhilla,1247,713.0,2.449489742783178,rgb_observed,231116_보스구간별생산.png
231116,boss_tier_lines,hard_damien_to_hard_jinhilla,1251,712.0,3.4641016151377544,rgb_observed,231116_보스구간별생산.png
231116,boss_tier_lines,hard_damien_to_hard_jinhilla,1255,711.0,5.916079783099616,rgb_observed,231116_보스구간별생산.png
231116,boss_tier_lines,hard_damien_to_hard_jinhilla,1259,710.0,5.916079783099616,rgb_observed,231116_보스구간별생산.png
231116,boss_tier_lines,hard_damien_to_hard_jinhilla,1263,708.0,7.14142842854285,rgb_observed,231116_보스구간별생산.png
231116,boss_tier_lines,hard_damien_to_hard_jinhilla,1267,704.0,3.4641016151377544,rgb_observed,231116_보스구간별생산.png
231116,boss_tier_lines,hard_damien_to_hard_jinhilla,1271,701.0,3.1622776601683795,rgb_observed,231116_보스구간별생산.png
231116,boss_tier_lines,hard_damien_to_hard_jinhilla,1275,699.0,1.0,rgb_observed,231116_보스구간별생산.png
231116,boss_tier_lines,hard_damien_to_hard_jinhilla,1279,694.0,1.4142135623730951,rgb_observed,231116_보스구간별생산.png
231116,boss_tier_lines,hard_damien_to_hard_jinhilla,1283,690.0,5.477225575051661,rgb_observed,231116_보스구간별생산.png
231116,boss_tier_lines,hard_damien_to_hard_jinhilla,1287,688.0,5.830951894845301,rgb_observed,231116_보스구간별생산.png
231116,boss_tier_lines,hard_damien_to_hard_jinhilla,1291,686.0,4.123105625617661,rgb_observed,231116_보스구간별생산.png
231116,boss_tier_lines,hard_damien_to_hard_jinhilla,1295,683.0,3.0,rgb_observed,231116_보스구간별생산.png
231116,boss_tier_lines,hard_damien_to_hard_jinhilla,1299,680.0,2.23606797749979,rgb_observed,231116_보스구간별생산.png
231116,boss_tier_lines,hard_damien_to_hard_jinhilla,1303,676.0,1.4142135623730951,rgb_observed,231116_보스구간별생산.png
231116,boss_tier_lines,hard_damien_to_hard_jinhilla,1307,674.0,1.7320508075688772,rgb_observed,231116_보스구간별생산.png
231116,boss_tier_lines,hard_damien_to_hard_jinhilla,1311,670.0,5.385164807134504,rgb_observed,231116_보스구간별생산.png
231116,boss_tier_lines,hard_damien_to_hard_jinhilla,1315,668.0,3.7416573867739413,rgb_observed,231116_보스구간별생산.png
231116,boss_tier_lines,hard_damien_to_hard_jinhilla,1319,665.0,9.486832980505138,rgb_observed,231116_보스구간별생산.png
231116,boss_tier_lines,hard_damien_to_hard_jinhilla,1323,662.0,7.0,rgb_observed,231116_보스구간별생산.png
231116,boss_tier_lines,hard_damien_to_hard_jinhilla,1327,661.0,8.306623862918075,rgb_observed,231116_보스구간별생산.png
231116,boss_tier_lines,hard_damien_to_hard_jinhilla,1331,659.0,6.48074069840786,rgb_observed,231116_보스구간별생산.png
231116,boss_tier_lines,hard_damien_to_hard_jinhilla,1335,658.0,4.242640687119285,rgb_observed,231116_보스구간별생산.png
231116,boss_tier_lines,hard_damien_to_hard_jinhilla,1339,656.0,3.3166247903554,rgb_observed,231116_보스구간별생산.png
231116,boss_tier_lines,hard_damien_to_hard_jinhilla,1343,655.0,4.123105625617661,rgb_observed,231116_보스구간별생산.png
231116,boss_tier_lines,hard_damien_to_hard_jinhilla,1347,653.0,2.449489742783178,rgb_observed,231116_보스구간별생산.png
231116,boss_tier_lines,hard_damien_to_hard_jinhilla,1351,652.0,4.242640687119285,rgb_observed,231116_보스구간별생산.png
231116,boss_tier_lines,hard_damien_to_hard_jinhilla,1355,650.0,6.4031242374328485,rgb_observed,231116_보스구간별생산.png
231116,boss_tier_lines,hard_damien_to_hard_jinhilla,1359,648.0,4.242640687119285,rgb_observed,231116_보스구간별생산.png
231116,boss_tier_lines,hard_damien_to_hard_jinhilla,1363,647.0,5.385164807134504,rgb_observed,231116_보스구간별생산.png
231116,boss_tier_lines,hard_damien_to_hard_jinhilla,1367,646.0,2.449489742783178,rgb_observed,231116_보스구간별생산.png
231116,boss_tier_lines,hard_damien_to_hard_jinhilla,1371,644.0,5.477225575051661,rgb_observed,231116_보스구간별생산.png
231116,boss_tier_lines,hard_damien_to_hard_jinhilla,1375,643.0,7.483314773547883,rgb_observed,231116_보스구간별생산.png
231116,boss_tier_lines,hard_damien_to_hard_jinhilla,1379,644.0,8.18535277187245,rgb_observed,231116_보스구간별생산.png
231116,boss_tier_lines,hard_damien_to_hard_jinhilla,1383,644.0,5.0990195135927845,rgb_observed,231116_보스구간별생산.png
231116,boss_tier_lines,hard_damien_to_hard_jinhilla,1387,645.0,4.47213595499958,rgb_observed,231116_보스구간별생산.png
231116,boss_tier_lines,hard_damien_to_hard_jinhilla,1391,646.0,5.477225575051661,rgb_observed,231116_보스구간별생산.png
231116,boss_tier_lines,hard_damien_to_hard_jinhilla,1395,647.0,4.69041575982343,rgb_observed,231116_보스구간별생산.png
231116,boss_tier_lines,hard_damien_to_hard_jinhilla,1399,647.0,3.7416573867739413,rgb_observed,231116_보스구간별생산.png
231116,boss_tier_lines,hard_damien_to_hard_jinhilla,1403,648.0,3.1622776601683795,rgb_observed,231116_보스구간별생산.png
231116,boss_tier_lines,hard_damien_to_hard_jinhilla,1407,649.0,8.602325267042627,rgb_observed,231116_보스구간별생산.png
231116,boss_tier_lines,hard_damien_to_hard_jinhilla,1411,650.0,10.954451150103322,rgb_observed,231116_보스구간별생산.png
231116,boss_tier_lines,hard_damien_to_hard_jinhilla,1415,651.0,9.797958971132712,rgb_observed,231116_보스구간별생산.png
231116,boss_tier_lines,hard_damien_to_hard_jinhilla,1419,651.0,4.58257569495584,rgb_observed,231116_보스구간별생산.png
231116,boss_tier_lines,hard_damien_to_hard_jinhilla,1423,652.0,7.483314773547883,rgb_observed,231116_보스구간별생산.png
231116,boss_tier_lines,hard_damien_to_hard_jinhilla,1427,653.0,13.92838827718412,rgb_observed,231116_보스구간별생산.png
231116,boss_tier_lines,hard_damien_to_hard_jinhilla,1431,653.0,9.486832980505138,rgb_observed,231116_보스구간별생산.png
231116,boss_tier_lines,hard_damien_to_hard_jinhilla,1435,653.0,9.1104335791443,rgb_observed,231116_보스구간별생산.png
231116,boss_tier_lines,hard_damien_to_hard_jinhilla,1439,653.0,9.433981132056603,rgb_observed,231116_보스구간별생산.png
231116,boss_tier_lines,hard_damien_to_hard_jinhilla,1443,652.0,6.164414002968976,rgb_observed,231116_보스구간별생산.png
231116,boss_tier_lines,hard_damien_to_hard_jinhilla,1447,651.0,4.47213595499958,rgb_observed,231116_보스구간별생산.png
231116,boss_tier_lines,hard_damien_to_hard_jinhilla,1451,651.0,4.58257569495584,rgb_observed,231116_보스구간별생산.png
231116,boss_tier_lines,hard_damien_to_hard_jinhilla,1455,651.0,9.1104335791443,rgb_observed,231116_보스구간별생산.png
231116,boss_tier_lines,hard_damien_to_hard_jinhilla,1459,650.0,8.12403840463596,rgb_observed,231116_보스구간별생산.png
231116,boss_tier_lines,hard_damien_to_hard_jinhilla,1463,650.0,3.7416573867739413,rgb_observed,231116_보스구간별생산.png
231116,boss_tier_lines,hard_damien_to_hard_jinhilla,1467,649.0,5.916079783099616,rgb_observed,231116_보스구간별생산.png
231116,boss_tier_lines,hard_damien_to_hard_jinhilla,1471,649.0,5.0990195135927845,rgb_observed,231116_보스구간별생산.png
231116,boss_tier_lines,hard_damien_to_hard_jinhilla,1475,649.0,12.083045973594572,rgb_observed,231116_보스구간별생산.png
231116,boss_tier_lines,hard_damien_to_hard_jinhilla,1479,648.0,6.0,rgb_observed,231116_보스구간별생산.png
231116,boss_tier_lines,hard_damien_to_hard_jinhilla,1483,647.0,4.47213595499958,rgb_observed,231116_보스구간별생산.png
231116,boss_tier_lines,hard_damien_to_hard_jinhilla,1487,647.0,2.23606797749979,rgb_observed,231116_보스구간별생산.png
231116,boss_tier_lines,hard_damien_to_hard_jinhilla,1491,647.0,8.774964387392123,rgb_observed,231116_보스구간별생산.png
231116,boss_tier_lines,hard_damien_to_hard_jinhilla,1495,646.0,2.449489742783178,rgb_observed,231116_보스구간별생산.png
231116,boss_tier_lines,hard_damien_to_hard_jinhilla,1499,645.0,0.0,rgb_observed,231116_보스구간별생산.png
231116,boss_tier_lines,hard_damien_to_hard_jinhilla,1503,645.0,4.898979485566356,rgb_observed,231116_보스구간별생산.png
231116,boss_tier_lines,hard_damien_to_hard_jinhilla,1507,644.0,2.0,rgb_observed,231116_보스구간별생산.png
231116,boss_tier_lines,hard_damien_to_hard_jinhilla,1511,643.0,6.082762530298219,rgb_observed,231116_보스구간별생산.png
231116,boss_tier_lines,hard_damien_to_hard_jinhilla,1515,643.0,5.385164807134504,rgb_observed,231116_보스구간별생산.png
231116,boss_tier_lines,hard_damien_to_hard_jinhilla,1519,642.0,8.54400374531753,rgb_observed,231116_보스구간별생산.png
231116,boss_tier_lines,hard_damien_to_hard_jinhilla,1523,642.0,6.164414002968976,rgb_observed,231116_보스구간별생산.png
231116,boss_tier_lines,hard_damien_to_hard_jinhilla,1527,641.0,4.242640687119285,rgb_observed,231116_보스구간별생산.png
231116,boss_tier_lines,hard_damien_to_hard_jinhilla,1531,641.0,6.48074069840786,rgb_observed,231116_보스구간별생산.png
231116,boss_tier_lines,hard_damien_to_hard_jinhilla,1535,640.0,3.7416573867739413,rgb_observed,231116_보스구간별생산.png
231116,boss_tier_lines,hard_damien_to_hard_jinhilla,1539,639.0,5.385164807134504,rgb_observed,231116_보스구간별생산.png
231116,boss_tier_lines,hard_damien_to_hard_jinhilla,1543,639.0,7.874007874011811,rgb_observed,231116_보스구간별생산.png
231116,boss_tier_lines,hard_damien_to_hard_jinhilla,1547,638.0,12.24744871391589,rgb_observed,231116_보스구간별생산.png
231116,boss_tier_lines,hard_damien_to_hard_jinhilla,1551,638.0,15.165750888103101,rgb_observed,231116_보스구간별생산.png
231116,boss_tier_lines,hard_damien_to_hard_jinhilla,1555,638.0,11.916375287812984,rgb_observed,231116_보스구간별생산.png
231116,boss_tier_lines,hard_damien_to_hard_jinhilla,1559,638.0,6.164414002968976,rgb_observed,231116_보스구간별생산.png
231116,boss_tier_lines,hard_damien_to_hard_jinhilla,1563,638.0,9.219544457292887,rgb_observed,231116_보스구간별생산.png
231116,boss_tier_lines,hard_damien_to_hard_jinhilla,1567,638.0,10.677078252031311,rgb_observed,231116_보스구간별생산.png
231116,boss_tier_lines,hard_damien_to_hard_jinhilla,1571,637.0,10.677078252031311,rgb_observed,231116_보스구간별생산.png
231116,boss_tier_lines,hard_damien_to_hard_jinhilla,1575,637.0,5.830951894845301,rgb_observed,231116_보스구간별생산.png
231116,boss_tier_lines,hard_damien_to_hard_jinhilla,1579,637.0,4.242640687119285,rgb_observed,231116_보스구간별생산.png
231116,boss_tier_lines,hard_damien_to_hard_jinhilla,1583,637.0,4.47213595499958,rgb_observed,231116_보스구간별생산.png
231116,boss_tier_lines,hard_damien_to_hard_jinhilla,1587,637.0,8.660254037844387,rgb_observed,231116_보스구간별생산.png
231116,boss_tier_lines,hard_damien_to_hard_jinhilla,1591,636.0,5.830951894845301,rgb_observed,231116_보스구간별생산.png
231116,boss_tier_lines,hard_damien_to_hard_jinhilla,1595,636.0,5.477225575051661,rgb_observed,231116_보스구간별생산.png
231116,boss_tier_lines,hard_damien_to_hard_jinhilla,1599,636.0,5.0,rgb_observed,231116_보스구간별생산.png
231116,boss_tier_lines,hard_damien_to_hard_jinhilla,1603,636.0,5.385164807134504,rgb_observed,231116_보스구간별생산.png
231116,boss_tier_lines,hard_damien_to_hard_jinhilla,1607,635.0,5.0990195135927845,rgb_observed,231116_보스구간별생산.png
231116,boss_tier_lines,hard_damien_to_hard_jinhilla,1611,635.0,8.18535277187245,rgb_observed,231116_보스구간별생산.png
231116,boss_tier_lines,hard_damien_to_hard_jinhilla,1615,634.0,5.744562646538029,rgb_observed,231116_보스구간별생산.png
231116,boss_tier_lines,hard_damien_to_hard_jinhilla,1619,633.0,4.242640687119285,rgb_observed,231116_보스구간별생산.png
231116,boss_tier_lines,hard_damien_to_hard_jinhilla,1623,632.0,4.47213595499958,rgb_observed,231116_보스구간별생산.png
231116,boss_tier_lines,hard_damien_to_hard_jinhilla,1627,631.0,3.3166247903554,rgb_observed,231116_보스구간별생산.png
231116,boss_tier_lines,hard_damien_to_hard_jinhilla,1631,630.0,6.4031242374328485,rgb_observed,231116_보스구간별생산.png
231116,boss_tier_lines,hard_damien_to_hard_jinhilla,1635,630.0,3.605551275463989,rgb_observed,231116_보스구간별생산.png
231116,boss_tier_lines,hard_damien_to_hard_jinhilla,1639,629.0,2.0,rgb_observed,231116_보스구간별생산.png
231116,boss_tier_lines,hard_damien_to_hard_jinhilla,1643,628.0,6.708203932499369,rgb_observed,231116_보스구간별생산.png
231116,boss_tier_lines,hard_damien_to_hard_jinhilla,1647,628.0,7.3484692283495345,rgb_observed,231116_보스구간별생산.png
231116,boss_tier_lines,hard_damien_to_hard_jinhilla,1651,627.0,5.0990195135927845,rgb_observed,231116_보스구간별생산.png
231116,boss_tier_lines,hard_damien_to_hard_jinhilla,1655,626.0,3.7416573867739413,rgb_observed,231116_보스구간별생산.png
231116,boss_tier_lines,hard_damien_to_hard_jinhilla,1659,625.0,2.449489742783178,rgb_observed,231116_보스구간별생산.png
231116,boss_tier_lines,normal_suu_to_normal_dunkel,75,1053.0,21.748563170931547,rgb_observed,231116_보스구간별생산.png
231116,boss_tier_lines,normal_suu_to_normal_dunkel,79,1053.0,19.261360284258224,rgb_observed,231116_보스구간별생산.png
231116,boss_tier_lines,normal_suu_to_normal_dunkel,83,1053.0,19.924858845171276,rgb_observed,231116_보스구간별생산.png
231116,boss_tier_lines,normal_suu_to_normal_dunkel,87,1053.0,19.339079605813716,rgb_observed,231116_보스구간별생산.png
231116,boss_tier_lines,normal_suu_to_normal_dunkel,91,1053.0,25.15949125081825,rgb_observed,231116_보스구간별생산.png
231116,boss_tier_lines,normal_suu_to_normal_dunkel,95,1053.0,26.095976701399778,rgb_observed,231116_보스구간별생산.png
231116,boss_tier_lines,normal_suu_to_normal_dunkel,99,1053.0,25.475478405713993,rgb_observed,231116_보스구간별생산.png
231116,boss_tier_lines,normal_suu_to_normal_dunkel,103,1052.0,49.18333050943175,rgb_observed,231116_보스구간별생산.png
231116,boss_tier_lines,normal_suu_to_normal_dunkel,107,1052.0,40.099875311526844,rgb_observed,231116_보스구간별생산.png
231116,boss_tier_lines,normal_suu_to_normal_dunkel,111,1052.0,38.18376618407357,rgb_observed,231116_보스구간별생산.png
231116,boss_tier_lines,normal_suu_to_normal_dunkel,115,1052.0,23.15167380558045,rgb_observed,231116_보스구간별생산.png
231116,boss_tier_lines,normal_suu_to_normal_dunkel,119,1052.0,34.84250278036869,rgb_observed,231116_보스구간별생산.png
231116,boss_tier_lines,normal_suu_to_normal_dunkel,123,1052.0,36.124783736376884,rgb_observed,231116_보스구간별생산.png
231116,boss_tier_lines,normal_suu_to_normal_dunkel,127,1051.0,32.09361307176243,rgb_observed,231116_보스구간별생산.png
231116,boss_tier_lines,normal_suu_to_normal_dunkel,131,1051.0,17.204650534085253,rgb_observed,231116_보스구간별생산.png
231116,boss_tier_lines,normal_suu_to_normal_dunkel,135,1051.0,19.209372712298546,rgb_observed,231116_보스구간별생산.png
231116,boss_tier_lines,normal_suu_to_normal_dunkel,139,1051.0,32.58834147360065,rgb_observed,231116_보스구간별생산.png
231116,boss_tier_lines,normal_suu_to_normal_dunkel,143,1051.0,38.948684188300895,rgb_observed,231116_보스구간별생산.png
231116,boss_tier_lines,normal_suu_to_normal_dunkel,147,1037.0,28.809720581775867,rgb_observed,231116_보스구간별생산.png
231116,boss_tier_lines,normal_suu_to_normal_dunkel,151,1050.0,20.92844953645635,rgb_observed,231116_보스구간별생산.png
231116,boss_tier_lines,normal_suu_to_normal_dunkel,155,1037.0,18.2208671582886,rgb_observed,231116_보스구간별생산.png
231116,boss_tier_lines,normal_suu_to_normal_dunkel,159,1037.0,7.0,rgb_observed,231116_보스구간별생산.png
231116,boss_tier_lines,normal_suu_to_normal_dunkel,163,1036.0,27.331300737432898,rgb_observed,231116_보스구간별생산.png
231116,boss_tier_lines,normal_suu_to_normal_dunkel,167,1036.0,21.213203435596427,rgb_observed,231116_보스구간별생산.png
231116,boss_tier_lines,normal_suu_to_normal_dunkel,171,1036.0,17.146428199482248,rgb_observed,231116_보스구간별생산.png
231116,boss_tier_lines,normal_suu_to_normal_dunkel,175,1036.0,23.108440016582687,rgb_observed,231116_보스구간별생산.png
231116,boss_tier_lines,normal_suu_to_normal_dunkel,179,1048.0,22.64950330581225,rgb_observed,231116_보스구간별생산.png
231116,boss_tier_lines,normal_suu_to_normal_dunkel,183,1032.0,20.615528128088304,rgb_observed,231116_보스구간별생산.png
231116,boss_tier_lines,normal_suu_to_normal_dunkel,187,1032.0,6.6332495807108,rgb_observed,231116_보스구간별생산.png
231116,boss_tier_lines,normal_suu_to_normal_dunkel,191,1032.0,7.874007874011811,rgb_observed,231116_보스구간별생산.png
231116,boss_tier_lines,normal_suu_to_normal_dunkel,195,1032.0,10.63014581273465,rgb_observed,231116_보스구간별생산.png
231116,boss_tier_lines,normal_suu_to_normal_dunkel,199,1032.0,9.539392014169456,rgb_observed,231116_보스구간별생산.png
231116,boss_tier_lines,normal_suu_to_normal_dunkel,203,1047.0,30.886890422961002,rgb_observed,231116_보스구간별생산.png
231116,boss_tier_lines,normal_suu_to_normal_dunkel,207,1047.0,30.886890422961002,rgb_observed,231116_보스구간별생산.png
231116,boss_tier_lines,normal_suu_to_normal_dunkel,211,1047.0,30.886890422961002,rgb_observed,231116_보스구간별생산.png
231116,boss_tier_lines,normal_suu_to_normal_dunkel,215,1047.0,27.586228448267445,rgb_observed,231116_보스구간별생산.png
231116,boss_tier_lines,normal_suu_to_normal_dunkel,219,1047.0,27.586228448267445,rgb_observed,231116_보스구간별생산.png
231116,boss_tier_lines,normal_suu_to_normal_dunkel,223,1047.0,29.8496231131986,rgb_observed,231116_보스구간별생산.png
231116,boss_tier_lines,normal_suu_to_normal_dunkel,227,1047.0,27.331300737432898,rgb_observed,231116_보스구간별생산.png
231116,boss_tier_lines,normal_suu_to_normal_dunkel,231,1047.0,30.430248109405877,rgb_observed,231116_보스구간별생산.png
231116,boss_tier_lines,normal_suu_to_normal_dunkel,235,1047.0,30.822070014844883,rgb_observed,231116_보스구간별생산.png
231116,boss_tier_lines,normal_suu_to_normal_dunkel,239,1047.0,29.8496231131986,rgb_observed,231116_보스구간별생산.png
231116,boss_tier_lines,normal_suu_to_normal_dunkel,243,1047.0,22.090722034374522,rgb_observed,231116_보스구간별생산.png
231116,boss_tier_lines,normal_suu_to_normal_dunkel,247,1047.0,51.19570294468082,rgb_observed,231116_보스구간별생산.png
231116,boss_tier_lines,normal_suu_to_normal_dunkel,251,1047.0,51.19570294468082,rgb_observed,231116_보스구간별생산.png
231116,boss_tier_lines,normal_suu_to_normal_dunkel,255,1047.0,52.820450584977024,rgb_observed,231116_보스구간별생산.png
231116,boss_tier_lines,normal_suu_to_normal_dunkel,259,1034.0,50.00999900019995,rgb_observed,231116_보스구간별생산.png
231116,boss_tier_lines,normal_suu_to_normal_dunkel,263,,,unresolved,231116_보스구간별생산.png
231116,boss_tier_lines,normal_suu_to_normal_dunkel,267,,,unresolved,231116_보스구간별생산.png
231116,boss_tier_lines,normal_suu_to_normal_dunkel,271,1046.0,22.40535650240808,rgb_observed,231116_보스구간별생산.png
231116,boss_tier_lines,normal_suu_to_normal_dunkel,275,1046.0,22.315913604421397,rgb_observed,231116_보스구간별생산.png
231116,boss_tier_lines,normal_suu_to_normal_dunkel,279,1046.0,21.236760581595302,rgb_observed,231116_보스구간별생산.png
231116,boss_tier_lines,normal_suu_to_normal_dunkel,283,1046.0,22.825424421026653,rgb_observed,231116_보스구간별생산.png
231116,boss_tier_lines,normal_suu_to_normal_dunkel,287,1045.0,20.784609690826528,rgb_observed,231116_보스구간별생산.png
231116,boss_tier_lines,normal_suu_to_normal_dunkel,291,1045.0,22.11334438749598,rgb_observed,231116_보스구간별생산.png
231116,boss_tier_lines,normal_suu_to_normal_dunkel,295,1045.0,19.339079605813716,rgb_observed,231116_보스구간별생산.png
231116,boss_tier_lines,normal_suu_to_normal_dunkel,299,1045.0,29.274562336608895,rgb_observed,231116_보스구간별생산.png
231116,boss_tier_lines,normal_suu_to_normal_dunkel,303,1044.0,38.43175770115127,rgb_observed,231116_보스구간별생산.png
231116,boss_tier_lines,normal_suu_to_normal_dunkel,307,1044.0,21.840329667841555,rgb_observed,231116_보스구간별생산.png
231116,boss_tier_lines,normal_suu_to_normal_dunkel,311,1043.0,23.853720883753127,rgb_observed,231116_보스구간별생산.png
231116,boss_tier_lines,normal_suu_to_normal_dunkel,315,1042.0,54.49770637375485,rgb_observed,231116_보스구간별생산.png
231116,boss_tier_lines,normal_suu_to_normal_dunkel,319,1042.0,23.53720459187964,rgb_observed,231116_보스구간별생산.png
231116,boss_tier_lines,normal_suu_to_normal_dunkel,323,1041.0,30.528675044947494,rgb_observed,231116_보스구간별생산.png
231116,boss_tier_lines,normal_suu_to_normal_dunkel,327,1041.0,29.086079144497972,rgb_observed,231116_보스구간별생산.png
231116,boss_tier_lines,normal_suu_to_normal_dunkel,331,1040.0,27.073972741361768,rgb_observed,231116_보스구간별생산.png
231116,boss_tier_lines,normal_suu_to_normal_dunkel,335,1040.0,23.53720459187964,rgb_observed,231116_보스구간별생산.png
231116,boss_tier_lines,normal_suu_to_normal_dunkel,339,1039.0,24.515301344262525,rgb_observed,231116_보스구간별생산.png
231116,boss_tier_lines,normal_suu_to_normal_dunkel,343,1038.0,32.38826948140329,rgb_observed,231116_보스구간별생산.png
231116,boss_tier_lines,normal_suu_to_normal_dunkel,347,1038.0,21.6794833886788,rgb_observed,231116_보스구간별생산.png
231116,boss_tier_lines,normal_suu_to_normal_dunkel,351,1037.0,26.30589287593181,rgb_observed,231116_보스구간별생산.png
231116,boss_tier_lines,normal_suu_to_normal_dunkel,355,1037.0,21.118712081942874,rgb_observed,231116_보스구간별생산.png
231116,boss_tier_lines,normal_suu_to_normal_dunkel,359,1036.0,20.83266665599966,rgb_observed,231116_보스구간별생산.png
231116,boss_tier_lines,normal_suu_to_normal_dunkel,363,1036.0,20.904544960366874,rgb_observed,231116_보스구간별생산.png
231116,boss_tier_lines,normal_suu_to_normal_dunkel,367,1036.0,20.223748416156685,rgb_observed,231116_보스구간별생산.png
231116,boss_tier_lines,normal_suu_to_normal_dunkel,371,1036.0,22.64950330581225,rgb_observed,231116_보스구간별생산.png
231116,boss_tier_lines,normal_suu_to_normal_dunkel,375,1036.0,23.15167380558045,rgb_observed,231116_보스구간별생산.png
231116,boss_tier_lines,normal_suu_to_normal_dunkel,379,1036.0,21.95449840010015,rgb_observed,231116_보스구간별생산.png
231116,boss_tier_lines,normal_suu_to_normal_dunkel,383,1036.0,22.64950330581225,rgb_observed,231116_보스구간별생산.png
231116,boss_tier_lines,normal_suu_to_normal_dunkel,387,1036.0,35.369478367654786,rgb_observed,231116_보스구간별생산.png
231116,boss_tier_lines,normal_suu_to_normal_dunkel,391,1036.0,43.42810150121693,rgb_observed,231116_보스구간별생산.png
231116,boss_tier_lines,normal_suu_to_normal_dunkel,395,1035.0,33.075670817082454,rgb_observed,231116_보스구간별생산.png
231116,boss_tier_lines,normal_suu_to_normal_dunkel,399,1035.0,24.919871588754223,rgb_observed,231116_보스구간별생산.png
231116,boss_tier_lines,normal_suu_to_normal_dunkel,403,,,unresolved,231116_보스구간별생산.png
231116,boss_tier_lines,normal_suu_to_normal_dunkel,407,,,unresolved,231116_보스구간별생산.png
231116,boss_tier_lines,normal_suu_to_normal_dunkel,411,,,unresolved,231116_보스구간별생산.png
231116,boss_tier_lines,normal_suu_to_normal_dunkel,415,1038.0,50.724747411889595,rgb_observed,231116_보스구간별생산.png
231116,boss_tier_lines,normal_suu_to_normal_dunkel,419,1034.0,42.59107887809371,rgb_observed,231116_보스구간별생산.png
231116,boss_tier_lines,normal_suu_to_normal_dunkel,423,1031.0,46.16275555033516,rgb_observed,231116_보스구간별생산.png
231116,boss_tier_lines,normal_suu_to_normal_dunkel,427,1028.0,51.234753829797995,rgb_observed,231116_보스구간별생산.png
231116,boss_tier_lines,normal_suu_to_normal_dunkel,431,1026.0,43.289721643826724,rgb_observed,231116_보스구간별생산.png
231116,boss_tier_lines,normal_suu_to_normal_dunkel,435,1014.0,37.8549864614954,rgb_observed,231116_보스구간별생산.png
231116,boss_tier_lines,normal_suu_to_normal_dunkel,439,1014.0,29.13760456866693,rgb_observed,231116_보스구간별생산.png
231116,boss_tier_lines,normal_suu_to_normal_dunkel,443,1012.0,24.859605789312106,rgb_observed,231116_보스구간별생산.png
231116,boss_tier_lines,normal_suu_to_normal_dunkel,447,1006.0,19.748417658131498,rgb_observed,231116_보스구간별생산.png
231116,boss_tier_lines,normal_suu_to_normal_dunkel,451,1004.0,6.324555320336759,rgb_observed,231116_보스구간별생산.png
231116,boss_tier_lines,normal_suu_to_normal_dunkel,455,1006.0,31.400636936215164,rgb_observed,231116_보스구간별생산.png
231116,boss_tier_lines,normal_suu_to_normal_dunkel,459,1003.0,10.723805294763608,rgb_observed,231116_보스구간별생산.png
231116,boss_tier_lines,normal_suu_to_normal_dunkel,463,994.0,25.337718918639855,rgb_observed,231116_보스구간별생산.png
231116,boss_tier_lines,normal_suu_to_normal_dunkel,467,991.0,28.53068523537421,rgb_observed,231116_보스구간별생산.png
231116,boss_tier_lines,normal_suu_to_normal_dunkel,471,990.0,30.93541659651604,rgb_observed,231116_보스구간별생산.png
231116,boss_tier_lines,normal_suu_to_normal_dunkel,475,986.0,28.106938645110393,rgb_observed,231116_보스구간별생산.png
231116,boss_tier_lines,normal_suu_to_normal_dunkel,479,984.0,35.79106033634656,rgb_observed,231116_보스구간별생산.png
231116,boss_tier_lines,normal_suu_to_normal_dunkel,483,981.0,23.706539182259394,rgb_observed,231116_보스구간별생산.png
231116,boss_tier_lines,normal_suu_to_normal_dunkel,487,980.0,27.09243436828813,rgb_observed,231116_보스구간별생산.png
231116,boss_tier_lines,normal_suu_to_normal_dunkel,491,976.0,21.470910553583888,rgb_observed,231116_보스구간별생산.png
231116,boss_tier_lines,normal_suu_to_normal_dunkel,495,974.0,22.494443758403985,rgb_observed,231116_보스구간별생산.png
231116,boss_tier_lines,normal_suu_to_normal_dunkel,499,972.0,28.089143810376278,rgb_observed,231116_보스구간별생산.png
231116,boss_tier_lines,normal_suu_to_normal_dunkel,503,969.0,25.15949125081825,rgb_observed,231116_보스구간별생산.png
231116,boss_tier_lines,normal_suu_to_normal_dunkel,507,966.0,24.61706725018234,rgb_observed,231116_보스구간별생산.png
231116,boss_tier_lines,normal_suu_to_normal_dunkel,511,965.0,27.386127875258307,rgb_observed,231116_보스구간별생산.png
231116,boss_tier_lines,normal_suu_to_normal_dunkel,515,961.0,22.045407685048602,rgb_observed,231116_보스구간별생산.png
231116,boss_tier_lines,normal_suu_to_normal_dunkel,519,959.0,26.038433132583073,rgb_observed,231116_보스구간별생산.png
231116,boss_tier_lines,normal_suu_to_normal_dunkel,523,957.0,23.895606290697042,rgb_observed,231116_보스구간별생산.png
231116,boss_tier_lines,normal_suu_to_normal_dunkel,527,954.0,26.19160170741759,rgb_observed,231116_보스구간별생산.png
231116,boss_tier_lines,normal_suu_to_normal_dunkel,531,950.0,30.479501308256342,rgb_observed,231116_보스구간별생산.png
231116,boss_tier_lines,normal_suu_to_normal_dunkel,535,947.0,27.730849247724095,rgb_observed,231116_보스구간별생산.png
231116,boss_tier_lines,normal_suu_to_normal_dunkel,539,944.0,42.05948168962618,rgb_observed,231116_보스구간별생산.png
231116,boss_tier_lines,normal_suu_to_normal_dunkel,543,942.0,23.790754506740637,rgb_observed,231116_보스구간별생산.png
231116,boss_tier_lines,normal_suu_to_normal_dunkel,547,939.0,28.792360097775937,rgb_observed,231116_보스구간별생산.png
231116,boss_tier_lines,normal_suu_to_normal_dunkel,551,936.0,29.949958263743873,rgb_observed,231116_보스구간별생산.png
231116,boss_tier_lines,normal_suu_to_normal_dunkel,555,933.0,32.341923257592455,rgb_observed,231116_보스구간별생산.png
231116,boss_tier_lines,normal_suu_to_normal_dunkel,559,930.0,27.85677655436824,rgb_observed,231116_보스구간별생산.png
231116,boss_tier_lines,normal_suu_to_normal_dunkel,563,926.0,34.84250278036869,rgb_observed,231116_보스구간별생산.png
231116,boss_tier_lines,normal_suu_to_normal_dunkel,567,923.0,27.073972741361768,rgb_observed,231116_보스구간별생산.png
231116,boss_tier_lines,normal_suu_to_normal_dunkel,571,920.0,29.5296461204668,rgb_observed,231116_보스구간별생산.png
231116,boss_tier_lines,normal_suu_to_normal_dunkel,575,916.0,26.70205984563738,rgb_observed,231116_보스구간별생산.png
231116,boss_tier_lines,normal_suu_to_normal_dunkel,579,913.0,31.04834939252005,rgb_observed,231116_보스구간별생산.png
231116,boss_tier_lines,normal_suu_to_normal_dunkel,583,910.0,28.142494558940577,rgb_observed,231116_보스구간별생산.png
231116,boss_tier_lines,normal_suu_to_normal_dunkel,587,908.0,32.95451410656816,rgb_observed,231116_보스구간별생산.png
231116,boss_tier_lines,normal_suu_to_normal_dunkel,591,906.0,35.41186241925155,rgb_observed,231116_보스구간별생산.png
231116,boss_tier_lines,normal_suu_to_normal_dunkel,595,902.0,27.676705006196094,rgb_observed,231116_보스구간별생산.png
231116,boss_tier_lines,normal_suu_to_normal_dunkel,599,900.0,27.51363298439521,rgb_observed,231116_보스구간별생산.png
231116,boss_tier_lines,normal_suu_to_normal_dunkel,603,898.0,32.57299494980466,rgb_observed,231116_보스구간별생산.png
231116,boss_tier_lines,normal_suu_to_normal_dunkel,607,895.0,31.874754901018456,rgb_observed,231116_보스구간별생산.png
231116,boss_tier_lines,normal_suu_to_normal_dunkel,611,892.0,31.400636936215164,rgb_observed,231116_보스구간별생산.png
231116,boss_tier_lines,normal_suu_to_normal_dunkel,615,888.0,33.74907406137241,rgb_observed,231116_보스구간별생산.png
231116,boss_tier_lines,normal_suu_to_normal_dunkel,619,886.0,33.31666249791537,rgb_observed,231116_보스구간별생산.png
231116,boss_tier_lines,normal_suu_to_normal_dunkel,623,883.0,26.551836094703507,rgb_observed,231116_보스구간별생산.png
231116,boss_tier_lines,normal_suu_to_normal_dunkel,627,881.0,23.53720459187964,rgb_observed,231116_보스구간별생산.png
231116,boss_tier_lines,normal_suu_to_normal_dunkel,631,877.0,25.03996805109783,rgb_observed,231116_보스구간별생산.png
231116,boss_tier_lines,normal_suu_to_normal_dunkel,635,874.0,23.194827009486403,rgb_observed,231116_보스구간별생산.png
231116,boss_tier_lines,normal_suu_to_normal_dunkel,639,872.0,19.209372712298546,rgb_observed,231116_보스구간별생산.png
231116,boss_tier_lines,normal_suu_to_normal_dunkel,643,870.0,25.079872407968907,rgb_observed,231116_보스구간별생산.png
231116,boss_tier_lines,normal_suu_to_normal_dunkel,647,867.0,27.730849247724095,rgb_observed,231116_보스구간별생산.png
231116,boss_tier_lines,normal_suu_to_normal_dunkel,651,864.0,31.68595903550972,rgb_observed,231116_보스구간별생산.png
231116,boss_tier_lines,normal_suu_to_normal_dunkel,655,860.0,28.30194339616981,rgb_observed,231116_보스구간별생산.png
231116,boss_tier_lines,normal_suu_to_normal_dunkel,659,857.0,31.304951684997057,rgb_observed,231116_보스구간별생산.png
231116,boss_tier_lines,normal_suu_to_normal_dunkel,663,855.0,32.817678162843876,rgb_observed,231116_보스구간별생산.png
231116,boss_tier_lines,normal_suu_to_normal_dunkel,667,853.0,21.354156504062622,rgb_observed,231116_보스구간별생산.png
231116,boss_tier_lines,normal_suu_to_normal_dunkel,671,850.0,25.019992006393608,rgb_observed,231116_보스구간별생산.png
231116,boss_tier_lines,normal_suu_to_normal_dunkel,675,846.0,30.24896692450835,rgb_observed,231116_보스구간별생산.png
231116,boss_tier_lines,normal_suu_to_normal_dunkel,679,843.0,24.372115213907882,rgb_observed,231116_보스구간별생산.png
231116,boss_tier_lines,normal_suu_to_normal_dunkel,683,841.0,28.861739379323623,rgb_observed,231116_보스구간별생산.png
231116,boss_tier_lines,normal_suu_to_normal_dunkel,687,838.0,28.879058156387302,rgb_observed,231116_보스구간별생산.png
231116,boss_tier_lines,normal_suu_to_normal_dunkel,691,836.0,25.298221281347036,rgb_observed,231116_보스구간별생산.png
231116,boss_tier_lines,normal_suu_to_normal_dunkel,695,832.0,26.476404589747453,rgb_observed,231116_보스구간별생산.png
231116,boss_tier_lines,normal_suu_to_normal_dunkel,699,831.0,25.573423705088842,rgb_observed,231116_보스구간별생산.png
231116,boss_tier_lines,normal_suu_to_normal_dunkel,703,830.0,27.294688127912362,rgb_observed,231116_보스구간별생산.png
231116,boss_tier_lines,normal_suu_to_normal_dunkel,707,829.0,22.315913604421397,rgb_observed,231116_보스구간별생산.png
231116,boss_tier_lines,normal_suu_to_normal_dunkel,711,827.0,23.173260452512935,rgb_observed,231116_보스구간별생산.png
231116,boss_tier_lines,normal_suu_to_normal_dunkel,715,826.0,26.739483914241877,rgb_observed,231116_보스구간별생산.png
231116,boss_tier_lines,normal_suu_to_normal_dunkel,719,824.0,22.561028345356956,rgb_observed,231116_보스구간별생산.png
231116,boss_tier_lines,normal_suu_to_normal_dunkel,723,823.0,24.289915602982237,rgb_observed,231116_보스구간별생산.png
231116,boss_tier_lines,normal_suu_to_normal_dunkel,727,821.0,32.57299494980466,rgb_observed,231116_보스구간별생산.png
231116,boss_tier_lines,normal_suu_to_normal_dunkel,731,820.0,28.284271247461902,rgb_observed,231116_보스구간별생산.png
231116,boss_tier_lines,normal_suu_to_normal_dunkel,735,819.0,21.0,rgb_observed,231116_보스구간별생산.png
231116,boss_tier_lines,normal_suu_to_normal_dunkel,739,817.0,23.790754506740637,rgb_observed,231116_보스구간별생산.png
231116,boss_tier_lines,normal_suu_to_normal_dunkel,743,816.0,24.041630560342615,rgb_observed,231116_보스구간별생산.png
231116,boss_tier_lines,normal_suu_to_normal_dunkel,747,815.0,41.66533331199932,rgb_observed,231116_보스구간별생산.png
231116,boss_tier_lines,normal_suu_to_normal_dunkel,751,813.0,24.919871588754223,rgb_observed,231116_보스구간별생산.png
231116,boss_tier_lines,normal_suu_to_normal_dunkel,755,812.0,24.919871588754223,rgb_observed,231116_보스구간별생산.png
231116,boss_tier_lines,normal_suu_to_normal_dunkel,759,809.0,22.22611077089287,rgb_observed,231116_보스구간별생산.png
231116,boss_tier_lines,normal_suu_to_normal_dunkel,763,807.0,28.231188426986208,rgb_observed,231116_보스구간별생산.png
231116,boss_tier_lines,normal_suu_to_normal_dunkel,767,806.0,23.49468024894146,rgb_observed,231116_보스구간별생산.png
231116,boss_tier_lines,normal_suu_to_normal_dunkel,771,804.0,23.366642891095847,rgb_observed,231116_보스구간별생산.png
231116,boss_tier_lines,normal_suu_to_normal_dunkel,775,802.0,28.0178514522438,rgb_observed,231116_보스구간별생산.png
231116,boss_tier_lines,normal_suu_to_normal_dunkel,779,800.0,25.317977802344327,rgb_observed,231116_보스구간별생산.png
231116,boss_tier_lines,normal_suu_to_normal_dunkel,783,798.0,33.481338085566414,rgb_observed,231116_보스구간별생산.png
231116,boss_tier_lines,normal_suu_to_normal_dunkel,787,796.0,25.96150997149434,rgb_observed,231116_보스구간별생산.png
231116,boss_tier_lines,normal_suu_to_normal_dunkel,791,795.0,24.269322199023193,rgb_observed,231116_보스구간별생산.png
231116,boss_tier_lines,normal_suu_to_normal_dunkel,795,793.0,25.39685019840059,rgb_observed,231116_보스구간별생산.png
231116,boss_tier_lines,normal_suu_to_normal_dunkel,799,791.0,24.779023386727733,rgb_observed,231116_보스구간별생산.png
231116,boss_tier_lines,normal_suu_to_normal_dunkel,803,789.0,24.20743687382041,rgb_observed,231116_보스구간별생산.png
231116,boss_tier_lines,normal_suu_to_normal_dunkel,807,788.0,22.494443758403985,rgb_observed,231116_보스구간별생산.png
231116,boss_tier_lines,normal_suu_to_normal_dunkel,811,786.0,26.70205984563738,rgb_observed,231116_보스구간별생산.png
231116,boss_tier_lines,normal_suu_to_normal_dunkel,815,785.0,26.870057685088806,rgb_observed,231116_보스구간별생산.png
231116,boss_tier_lines,normal_suu_to_normal_dunkel,819,784.0,28.053520278211074,rgb_observed,231116_보스구간별생산.png
231116,boss_tier_lines,normal_suu_to_normal_dunkel,823,783.0,40.65710270051225,rgb_observed,231116_보스구간별생산.png
231116,boss_tier_lines,normal_suu_to_normal_dunkel,827,781.0,24.166091947189145,rgb_observed,231116_보스구간별생산.png
231116,boss_tier_lines,normal_suu_to_normal_dunkel,831,780.0,25.65151067676132,rgb_observed,231116_보스구간별생산.png
231116,boss_tier_lines,normal_suu_to_normal_dunkel,835,779.0,22.847319317591726,rgb_observed,231116_보스구간별생산.png
231116,boss_tier_lines,normal_suu_to_normal_dunkel,839,778.0,22.561028345356956,rgb_observed,231116_보스구간별생산.png
231116,boss_tier_lines,normal_suu_to_normal_dunkel,843,777.0,22.58317958127243,rgb_observed,231116_보스구간별생산.png
231116,boss_tier_lines,normal_suu_to_normal_dunkel,847,776.0,27.910571473905726,rgb_observed,231116_보스구간별생산.png
231116,boss_tier_lines,normal_suu_to_normal_dunkel,851,774.0,22.11334438749598,rgb_observed,231116_보스구간별생산.png
231116,boss_tier_lines,normal_suu_to_normal_dunkel,855,773.0,23.706539182259394,rgb_observed,231116_보스구간별생산.png
231116,boss_tier_lines,normal_suu_to_normal_dunkel,859,772.0,20.639767440550294,rgb_observed,231116_보스구간별생산.png
231116,boss_tier_lines,normal_suu_to_normal_dunkel,863,771.0,27.477263328068172,rgb_observed,231116_보스구간별생산.png
231116,boss_tier_lines,normal_suu_to_normal_dunkel,867,770.0,42.649736224272246,rgb_observed,231116_보스구간별생산.png
231116,boss_tier_lines,normal_suu_to_normal_dunkel,871,769.0,23.53720459187964,rgb_observed,231116_보스구간별생산.png
231116,boss_tier_lines,normal_suu_to_normal_dunkel,875,767.0,25.199206336708304,rgb_observed,231116_보스구간별생산.png
231116,boss_tier_lines,normal_suu_to_normal_dunkel,879,766.0,23.790754506740637,rgb_observed,231116_보스구간별생산.png
231116,boss_tier_lines,normal_suu_to_normal_dunkel,883,765.0,22.338307903688676,rgb_observed,231116_보스구간별생산.png
231116,boss_tier_lines,normal_suu_to_normal_dunkel,887,763.0,23.259406699226016,rgb_observed,231116_보스구간별생산.png
231116,boss_tier_lines,normal_suu_to_normal_dunkel,891,762.0,26.229754097208,rgb_observed,231116_보스구간별생산.png
231116,boss_tier_lines,normal_suu_to_normal_dunkel,895,761.0,20.663978319771825,rgb_observed,231116_보스구간별생산.png
231116,boss_tier_lines,normal_suu_to_normal_dunkel,899,760.0,19.924858845171276,rgb_observed,231116_보스구간별생산.png
231116,boss_tier_lines,normal_suu_to_normal_dunkel,903,759.0,36.180105030251084,rgb_observed,231116_보스구간별생산.png
231116,boss_tier_lines,normal_suu_to_normal_dunkel,907,757.0,21.400934559032695,rgb_observed,231116_보스구간별생산.png
231116,boss_tier_lines,normal_suu_to_normal_dunkel,911,756.0,25.03996805109783,rgb_observed,231116_보스구간별생산.png
231116,boss_tier_lines,normal_suu_to_normal_dunkel,915,755.0,25.079872407968907,rgb_observed,231116_보스구간별생산.png
231116,boss_tier_lines,normal_suu_to_normal_dunkel,919,754.0,23.874672772626646,rgb_observed,231116_보스구간별생산.png
231116,boss_tier_lines,normal_suu_to_normal_dunkel,923,753.0,39.71145930332956,rgb_observed,231116_보스구간별생산.png
231116,boss_tier_lines,normal_suu_to_normal_dunkel,927,752.0,32.57299494980466,rgb_observed,231116_보스구간별생산.png
231116,boss_tier_lines,normal_suu_to_normal_dunkel,931,752.0,33.95585369269929,rgb_observed,231116_보스구간별생산.png
231116,boss_tier_lines,normal_suu_to_normal_dunkel,935,751.0,31.160872901765767,rgb_observed,231116_보스구간별생산.png
231116,boss_tier_lines,normal_suu_to_normal_dunkel,939,750.0,47.67598976424087,rgb_observed,231116_보스구간별생산.png
231116,boss_tier_lines,normal_suu_to_normal_dunkel,943,750.0,26.77685567799177,rgb_observed,231116_보스구간별생산.png
231116,boss_tier_lines,normal_suu_to_normal_dunkel,947,749.0,24.859605789312106,rgb_observed,231116_보스구간별생산.png
231116,boss_tier_lines,normal_suu_to_normal_dunkel,951,749.0,37.53664875824692,rgb_observed,231116_보스구간별생산.png
231116,boss_tier_lines,normal_suu_to_normal_dunkel,955,748.0,28.142494558940577,rgb_observed,231116_보스구간별생산.png
231116,boss_tier_lines,normal_suu_to_normal_dunkel,959,748.0,38.09199390948182,rgb_observed,231116_보스구간별생산.png
231116,boss_tier_lines,normal_suu_to_normal_dunkel,963,747.0,23.790754506740637,rgb_observed,231116_보스구간별생산.png
231116,boss_tier_lines,normal_suu_to_normal_dunkel,967,746.0,22.338307903688676,rgb_observed,231116_보스구간별생산.png
231116,boss_tier_lines,normal_suu_to_normal_dunkel,971,746.0,29.0516780926679,rgb_observed,231116_보스구간별생산.png
231116,boss_tier_lines,normal_suu_to_normal_dunkel,975,745.0,24.1039415863879,rgb_observed,231116_보스구간별생산.png
231116,boss_tier_lines,normal_suu_to_normal_dunkel,979,745.0,43.46262762420146,rgb_observed,231116_보스구간별생산.png
231116,boss_tier_lines,normal_suu_to_normal_dunkel,983,745.0,23.173260452512935,rgb_observed,231116_보스구간별생산.png
231116,boss_tier_lines,normal_suu_to_normal_dunkel,987,746.0,23.790754506740637,rgb_observed,231116_보스구간별생산.png
231116,boss_tier_lines,normal_suu_to_normal_dunkel,991,748.0,26.795522013948524,rgb_observed,231116_보스구간별생산.png
231116,boss_tier_lines,normal_suu_to_normal_dunkel,995,749.0,35.86084215408221,rgb_observed,231116_보스구간별생산.png
231116,boss_tier_lines,normal_suu_to_normal_dunkel,999,750.0,29.13760456866693,rgb_observed,231116_보스구간별생산.png
231116,boss_tier_lines,normal_suu_to_normal_dunkel,1003,751.0,26.570660511172846,rgb_observed,231116_보스구간별생산.png
231116,boss_tier_lines,normal_suu_to_normal_dunkel,1007,756.0,21.95449840010015,rgb_observed,231116_보스구간별생산.png
231116,boss_tier_lines,normal_suu_to_normal_dunkel,1011,753.0,20.248456731316587,rgb_observed,231116_보스구간별생산.png
231116,boss_tier_lines,normal_suu_to_normal_dunkel,1015,754.0,11.661903789690601,rgb_observed,231116_보스구간별생산.png
231116,boss_tier_lines,normal_suu_to_normal_dunkel,1019,755.0,26.43860813280457,rgb_observed,231116_보스구간별생산.png
231116,boss_tier_lines,normal_suu_to_normal_dunkel,1023,753.0,10.099504938362077,rgb_observed,231116_보스구간별생산.png
231116,boss_tier_lines,normal_suu_to_normal_dunkel,1027,753.0,16.3707055437449,rgb_observed,231116_보스구간별생산.png
231116,boss_tier_lines,normal_suu_to_normal_dunkel,1031,757.0,25.41653005427767,rgb_observed,231116_보스구간별생산.png
231116,boss_tier_lines,normal_suu_to_normal_dunkel,1035,755.0,46.57252408878007,rgb_observed,231116_보스구간별생산.png
231116,boss_tier_lines,normal_suu_to_normal_dunkel,1039,756.0,46.87216658103186,rgb_observed,231116_보스구간별생산.png
231116,boss_tier_lines,normal_suu_to_normal_dunkel,1043,756.0,34.942810419312295,rgb_observed,231116_보스구간별생산.png
231116,boss_tier_lines,normal_suu_to_normal_dunkel,1047,756.0,32.802438933713454,rgb_observed,231116_보스구간별생산.png
231116,boss_tier_lines,normal_suu_to_normal_dunkel,1051,757.0,49.0,rgb_observed,231116_보스구간별생산.png
231116,boss_tier_lines,normal_suu_to_normal_dunkel,1055,756.0,41.58124577258358,rgb_observed,231116_보스구간별생산.png
231116,boss_tier_lines,normal_suu_to_normal_dunkel,1059,756.0,24.351591323771842,rgb_observed,231116_보스구간별생산.png
231116,boss_tier_lines,normal_suu_to_normal_dunkel,1063,755.0,23.430749027719962,rgb_observed,231116_보스구간별생산.png
231116,boss_tier_lines,normal_suu_to_normal_dunkel,1067,755.0,46.850827100489916,rgb_observed,231116_보스구간별생산.png
231116,boss_tier_lines,normal_suu_to_normal_dunkel,1071,754.0,25.80697580112788,rgb_observed,231116_보스구간별생산.png
231116,boss_tier_lines,normal_suu_to_normal_dunkel,1075,753.0,25.15949125081825,rgb_observed,231116_보스구간별생산.png
231116,boss_tier_lines,normal_suu_to_normal_dunkel,1079,753.0,43.18564576337837,rgb_observed,231116_보스구간별생산.png
231116,boss_tier_lines,normal_suu_to_normal_dunkel,1083,752.0,27.65863337187866,rgb_observed,231116_보스구간별생산.png
231116,boss_tier_lines,normal_suu_to_normal_dunkel,1087,752.0,32.17141588429082,rgb_observed,231116_보스구간별생산.png
231116,boss_tier_lines,normal_suu_to_normal_dunkel,1091,751.0,20.615528128088304,rgb_observed,231116_보스구간별생산.png
231116,boss_tier_lines,normal_suu_to_normal_dunkel,1095,752.0,29.899832775452108,rgb_observed,231116_보스구간별생산.png
231116,boss_tier_lines,normal_suu_to_normal_dunkel,1099,752.0,28.442925306655784,rgb_observed,231116_보스구간별생산.png
231116,boss_tier_lines,normal_suu_to_normal_dunkel,1103,753.0,41.773197148410844,rgb_observed,231116_보스구간별생산.png
231116,boss_tier_lines,normal_suu_to_normal_dunkel,1107,753.0,22.64950330581225,rgb_observed,231116_보스구간별생산.png
231116,boss_tier_lines,normal_suu_to_normal_dunkel,1111,754.0,21.840329667841555,rgb_observed,231116_보스구간별생산.png
231116,boss_tier_lines,normal_suu_to_normal_dunkel,1115,755.0,53.113086899558006,rgb_observed,231116_보스구간별생산.png
231116,boss_tier_lines,normal_suu_to_normal_dunkel,1119,755.0,22.293496809607955,rgb_observed,231116_보스구간별생산.png
231116,boss_tier_lines,normal_suu_to_normal_dunkel,1123,756.0,23.065125189341593,rgb_observed,231116_보스구간별생산.png
231116,boss_tier_lines,normal_suu_to_normal_dunkel,1127,756.0,36.40054944640259,rgb_observed,231116_보스구간별생산.png
231116,boss_tier_lines,normal_suu_to_normal_dunkel,1131,757.0,31.811947441173732,rgb_observed,231116_보스구간별생산.png
231116,boss_tier_lines,normal_suu_to_normal_dunkel,1135,757.0,22.737634001804146,rgb_observed,231116_보스구간별생산.png
231116,boss_tier_lines,normal_suu_to_normal_dunkel,1139,758.0,24.919871588754223,rgb_observed,231116_보스구간별생산.png
231116,boss_tier_lines,normal_suu_to_normal_dunkel,1143,759.0,33.301651610693426,rgb_observed,231116_보스구간별생산.png
231116,boss_tier_lines,normal_suu_to_normal_dunkel,1147,759.0,24.124676163629637,rgb_observed,231116_보스구간별생산.png
231116,boss_tier_lines,normal_suu_to_normal_dunkel,1151,760.0,43.15089802078283,rgb_observed,231116_보스구간별생산.png
231116,boss_tier_lines,normal_suu_to_normal_dunkel,1155,760.0,21.400934559032695,rgb_observed,231116_보스구간별생산.png
231116,boss_tier_lines,normal_suu_to_normal_dunkel,1159,760.0,32.57299494980466,rgb_observed,231116_보스구간별생산.png
231116,boss_tier_lines,normal_suu_to_normal_dunkel,1163,761.0,27.80287754891569,rgb_observed,231116_보스구간별생산.png
231116,boss_tier_lines,normal_suu_to_normal_dunkel,1167,761.0,22.135943621178654,rgb_observed,231116_보스구간별생산.png
231116,boss_tier_lines,normal_suu_to_normal_dunkel,1171,761.0,21.283796653792763,rgb_observed,231116_보스구간별생산.png
231116,boss_tier_lines,normal_suu_to_normal_dunkel,1175,761.0,26.551836094703507,rgb_observed,231116_보스구간별생산.png
231116,boss_tier_lines,normal_suu_to_normal_dunkel,1179,762.0,29.899832775452108,rgb_observed,231116_보스구간별생산.png
231116,boss_tier_lines,normal_suu_to_normal_dunkel,1183,762.0,23.366642891095847,rgb_observed,231116_보스구간별생산.png
231116,boss_tier_lines,normal_suu_to_normal_dunkel,1187,763.0,42.649736224272246,rgb_observed,231116_보스구간별생산.png
231116,boss_tier_lines,normal_suu_to_normal_dunkel,1191,763.0,22.40535650240808,rgb_observed,231116_보스구간별생산.png
231116,boss_tier_lines,normal_suu_to_normal_dunkel,1195,763.0,19.79898987322333,rgb_observed,231116_보스구간별생산.png
231116,boss_tier_lines,normal_suu_to_normal_dunkel,1199,763.0,42.15447781671598,rgb_observed,231116_보스구간별생산.png
231116,boss_tier_lines,normal_suu_to_normal_dunkel,1203,764.0,47.19110085598767,rgb_observed,231116_보스구간별생산.png
231116,boss_tier_lines,normal_suu_to_normal_dunkel,1207,764.0,27.748873851023216,rgb_observed,231116_보스구간별생산.png
231116,boss_tier_lines,normal_suu_to_normal_dunkel,1211,764.0,22.494443758403985,rgb_observed,231116_보스구간별생산.png
231116,boss_tier_lines,normal_suu_to_normal_dunkel,1215,764.0,17.97220075561143,rgb_observed,231116_보스구간별생산.png
231116,boss_tier_lines,normal_suu_to_normal_dunkel,1219,765.0,39.06404996924922,rgb_observed,231116_보스구간별생산.png
231116,boss_tier_lines,normal_suu_to_normal_dunkel,1223,765.0,36.359317925395686,rgb_observed,231116_보스구간별생산.png
231116,boss_tier_lines,normal_suu_to_normal_dunkel,1227,765.0,39.824615503479755,rgb_observed,231116_보스구간별생산.png
231116,boss_tier_lines,normal_suu_to_normal_dunkel,1231,765.0,24.1039415863879,rgb_observed,231116_보스구간별생산.png
231116,boss_tier_lines,normal_suu_to_normal_dunkel,1235,765.0,27.147743920996454,rgb_observed,231116_보스구간별생산.png
231116,boss_tier_lines,normal_suu_to_normal_dunkel,1239,765.0,27.147743920996454,rgb_observed,231116_보스구간별생산.png
231116,boss_tier_lines,normal_suu_to_normal_dunkel,1243,765.0,28.178005607210743,rgb_observed,231116_보스구간별생산.png
231116,boss_tier_lines,normal_suu_to_normal_dunkel,1247,765.0,54.92722457943783,rgb_observed,231116_보스구간별생산.png
231116,boss_tier_lines,normal_suu_to_normal_dunkel,1251,,,unresolved,231116_보스구간별생산.png
231116,boss_tier_lines,normal_suu_to_normal_dunkel,1255,,,unresolved,231116_보스구간별생산.png
231116,boss_tier_lines,normal_suu_to_normal_dunkel,1259,766.0,52.009614495783374,rgb_observed,231116_보스구간별생산.png
231116,boss_tier_lines,normal_suu_to_normal_dunkel,1263,766.0,26.795522013948524,rgb_observed,231116_보스구간별생산.png
231116,boss_tier_lines,normal_suu_to_normal_dunkel,1267,766.0,25.099800796022265,rgb_observed,231116_보스구간별생산.png
231116,boss_tier_lines,normal_suu_to_normal_dunkel,1271,766.0,24.71841418861655,rgb_observed,231116_보스구간별생산.png
231116,boss_tier_lines,normal_suu_to_normal_dunkel,1275,766.0,26.419689627245813,rgb_observed,231116_보스구간별생산.png
231116,boss_tier_lines,normal_suu_to_normal_dunkel,1279,767.0,29.732137494637012,rgb_observed,231116_보스구간별생산.png
231116,boss_tier_lines,normal_suu_to_normal_dunkel,1283,767.0,27.730849247724095,rgb_observed,231116_보스구간별생산.png
231116,boss_tier_lines,normal_suu_to_normal_dunkel,1287,767.0,27.349588662354687,rgb_observed,231116_보스구간별생산.png
231116,boss_tier_lines,normal_suu_to_normal_dunkel,1291,767.0,28.160255680657446,rgb_observed,231116_보스구간별생산.png
231116,boss_tier_lines,normal_suu_to_normal_dunkel,1295,767.0,39.06404996924922,rgb_observed,231116_보스구간별생산.png
231116,boss_tier_lines,normal_suu_to_normal_dunkel,1299,767.0,39.230090491866065,rgb_observed,231116_보스구간별생산.png
231116,boss_tier_lines,normal_suu_to_normal_dunkel,1303,767.0,40.024992192379,rgb_observed,231116_보스구간별생산.png
231116,boss_tier_lines,normal_suu_to_normal_dunkel,1307,,,unresolved,231116_보스구간별생산.png
231116,boss_tier_lines,normal_suu_to_normal_dunkel,1311,,,unresolved,231116_보스구간별생산.png
231116,boss_tier_lines,normal_suu_to_normal_dunkel,1315,,,unresolved,231116_보스구간별생산.png
231116,boss_tier_lines,normal_suu_to_normal_dunkel,1319,768.0,25.709920264364882,rgb_observed,231116_보스구간별생산.png
231116,boss_tier_lines,normal_suu_to_normal_dunkel,1323,768.0,19.87460691435179,rgb_observed,231116_보스구간별생산.png
231116,boss_tier_lines,normal_suu_to_normal_dunkel,1327,768.0,19.390719429665317,rgb_observed,231116_보스구간별생산.png
231116,boss_tier_lines,normal_suu_to_normal_dunkel,1331,768.0,27.16615541441225,rgb_observed,231116_보스구간별생산.png
231116,boss_tier_lines,normal_suu_to_normal_dunkel,1335,769.0,25.238858928247925,rgb_observed,231116_보스구간별생산.png
231116,boss_tier_lines,normal_suu_to_normal_dunkel,1339,769.0,22.737634001804146,rgb_observed,231116_보스구간별생산.png
231116,boss_tier_lines,normal_suu_to_normal_dunkel,1343,769.0,22.825424421026653,rgb_observed,231116_보스구간별생산.png
231116,boss_tier_lines,normal_suu_to_normal_dunkel,1347,769.0,25.514701644346147,rgb_observed,231116_보스구간별생산.png
231116,boss_tier_lines,normal_suu_to_normal_dunkel,1351,,,unresolved,231116_보스구간별생산.png
231116,boss_tier_lines,normal_suu_to_normal_dunkel,1355,,,unresolved,231116_보스구간별생산.png
231116,boss_tier_lines,normal_suu_to_normal_dunkel,1359,,,unresolved,231116_보스구간별생산.png
231116,boss_tier_lines,normal_suu_to_normal_dunkel,1363,770.0,49.20365840057018,rgb_observed,231116_보스구간별생산.png
231116,boss_tier_lines,normal_suu_to_normal_dunkel,1367,770.0,41.78516483155236,rgb_observed,231116_보스구간별생산.png
231116,boss_tier_lines,normal_suu_to_normal_dunkel,1371,770.0,51.468436929831086,rgb_observed,231116_보스구간별생산.png
231116,boss_tier_lines,normal_suu_to_normal_dunkel,1375,770.0,24.413111231467404,rgb_observed,231116_보스구간별생산.png
231116,boss_tier_lines,normal_suu_to_normal_dunkel,1379,772.0,25.80697580112788,rgb_observed,231116_보스구간별생산.png
231116,boss_tier_lines,normal_suu_to_normal_dunkel,1383,774.0,23.874672772626646,rgb_observed,231116_보스구간별생산.png
231116,boss_tier_lines,normal_suu_to_normal_dunkel,1387,775.0,25.612496949731394,rgb_observed,231116_보스구간별생산.png
231116,boss_tier_lines,normal_suu_to_normal_dunkel,1391,777.0,24.186773244895647,rgb_observed,231116_보스구간별생산.png
231116,boss_tier_lines,normal_suu_to_normal_dunkel,1395,779.0,21.470910553583888,rgb_observed,231116_보스구간별생산.png
231116,boss_tier_lines,normal_suu_to_normal_dunkel,1399,780.0,27.147743920996454,rgb_observed,231116_보스구간별생산.png
231116,boss_tier_lines,normal_suu_to_normal_dunkel,1403,782.0,29.58039891549808,rgb_observed,231116_보스구간별생산.png
231116,boss_tier_lines,normal_suu_to_normal_dunkel,1407,783.0,28.460498941515414,rgb_observed,231116_보스구간별생산.png
231116,boss_tier_lines,normal_suu_to_normal_dunkel,1411,786.0,22.11334438749598,rgb_observed,231116_보스구간별생산.png
231116,boss_tier_lines,normal_suu_to_normal_dunkel,1415,787.0,21.563858652847824,rgb_observed,231116_보스구간별생산.png
231116,boss_tier_lines,normal_suu_to_normal_dunkel,1419,789.0,20.322401432901575,rgb_observed,231116_보스구간별생산.png
231116,boss_tier_lines,normal_suu_to_normal_dunkel,1423,790.0,21.79449471770337,rgb_observed,231116_보스구간별생산.png
231116,boss_tier_lines,normal_suu_to_normal_dunkel,1427,793.0,30.380915061926625,rgb_observed,231116_보스구간별생산.png
231116,boss_tier_lines,normal_suu_to_normal_dunkel,1431,794.0,21.93171219946131,rgb_observed,231116_보스구간별생산.png
231116,boss_tier_lines,normal_suu_to_normal_dunkel,1435,795.0,23.62202362203543,rgb_observed,231116_보스구간별생산.png
231116,boss_tier_lines,normal_suu_to_normal_dunkel,1439,796.0,21.908902300206645,rgb_observed,231116_보스구간별생산.png
231116,boss_tier_lines,normal_suu_to_normal_dunkel,1443,797.0,19.8997487421324,rgb_observed,231116_보스구간별생산.png
231116,boss_tier_lines,normal_suu_to_normal_dunkel,1447,798.0,21.840329667841555,rgb_observed,231116_보스구간별생산.png
231116,boss_tier_lines,normal_suu_to_normal_dunkel,1451,799.0,29.0516780926679,rgb_observed,231116_보스구간별생산.png
231116,boss_tier_lines,normal_suu_to_normal_dunkel,1455,800.0,20.92844953645635,rgb_observed,231116_보스구간별생산.png
231116,boss_tier_lines,normal_suu_to_normal_dunkel,1459,801.0,21.77154105707724,rgb_observed,231116_보스구간별생산.png
231116,boss_tier_lines,normal_suu_to_normal_dunkel,1463,802.0,26.324893162176366,rgb_observed,231116_보스구간별생산.png
231116,boss_tier_lines,normal_suu_to_normal_dunkel,1467,803.0,25.39685019840059,rgb_observed,231116_보스구간별생산.png
231116,boss_tier_lines,normal_suu_to_normal_dunkel,1471,804.0,29.444863728670914,rgb_observed,231116_보스구간별생산.png
231116,boss_tier_lines,normal_suu_to_normal_dunkel,1475,805.0,24.351591323771842,rgb_observed,231116_보스구간별생산.png
231116,boss_tier_lines,normal_suu_to_normal_dunkel,1479,806.0,29.49576240750525,rgb_observed,231116_보스구간별생산.png
231116,boss_tier_lines,normal_suu_to_normal_dunkel,1483,807.0,25.709920264364882,rgb_observed,231116_보스구간별생산.png
231116,boss_tier_lines,normal_suu_to_normal_dunkel,1487,808.0,42.08325082500163,rgb_observed,231116_보스구간별생산.png
231116,boss_tier_lines,normal_suu_to_normal_dunkel,1491,,,unresolved,231116_보스구간별생산.png
231116,boss_tier_lines,normal_suu_to_normal_dunkel,1495,808.0,46.24932431938871,rgb_observed,231116_보스구간별생산.png
231116,boss_tier_lines,normal_suu_to_normal_dunkel,1499,808.0,19.87460691435179,rgb_observed,231116_보스구간별생산.png
231116,boss_tier_lines,normal_suu_to_normal_dunkel,1503,808.0,21.447610589527216,rgb_observed,231116_보스구간별생산.png
231116,boss_tier_lines,normal_suu_to_normal_dunkel,1507,808.0,39.698866482558415,rgb_observed,231116_보스구간별생산.png
231116,boss_tier_lines,normal_suu_to_normal_dunkel,1511,807.0,22.561028345356956,rgb_observed,231116_보스구간별생산.png
231116,boss_tier_lines,normal_suu_to_normal_dunkel,1515,807.0,27.03701166919155,rgb_observed,231116_보스구간별생산.png
231116,boss_tier_lines,normal_suu_to_normal_dunkel,1519,806.0,32.984845004941285,rgb_observed,231116_보스구간별생산.png
231116,boss_tier_lines,normal_suu_to_normal_dunkel,1523,806.0,23.790754506740637,rgb_observed,231116_보스구간별생산.png
231116,boss_tier_lines,normal_suu_to_normal_dunkel,1527,806.0,28.600699292150182,rgb_observed,231116_보스구간별생산.png
231116,boss_tier_lines,normal_suu_to_normal_dunkel,1531,806.0,25.019992006393608,rgb_observed,231116_보스구간별생산.png
231116,boss_tier_lines,normal_suu_to_normal_dunkel,1535,805.0,37.48332962798263,rgb_observed,231116_보스구간별생산.png
231116,boss_tier_lines,normal_suu_to_normal_dunkel,1539,805.0,21.61018278497431,rgb_observed,231116_보스구간별생산.png
231116,boss_tier_lines,normal_suu_to_normal_dunkel,1543,804.0,33.301651610693426,rgb_observed,231116_보스구간별생산.png
231116,boss_tier_lines,normal_suu_to_normal_dunkel,1547,804.0,28.089143810376278,rgb_observed,231116_보스구간별생산.png
231116,boss_tier_lines,normal_suu_to_normal_dunkel,1551,803.0,24.61706725018234,rgb_observed,231116_보스구간별생산.png
231116,boss_tier_lines,normal_suu_to_normal_dunkel,1555,802.0,28.653097563788805,rgb_observed,231116_보스구간별생산.png
231116,boss_tier_lines,normal_suu_to_normal_dunkel,1559,801.0,23.706539182259394,rgb_observed,231116_보스구간별생산.png
231116,boss_tier_lines,normal_suu_to_normal_dunkel,1563,799.0,23.043437243605826,rgb_observed,231116_보스구간별생산.png
231116,boss_tier_lines,normal_suu_to_normal_dunkel,1567,798.0,23.874672772626646,rgb_observed,231116_보스구간별생산.png
231116,boss_tier_lines,normal_suu_to_normal_dunkel,1571,797.0,40.44749683231337,rgb_observed,231116_보스구간별생산.png
231116,boss_tier_lines,normal_suu_to_normal_dunkel,1575,796.0,23.93741840717165,rgb_observed,231116_보스구간별생산.png
231116,boss_tier_lines,normal_suu_to_normal_dunkel,1579,795.0,22.44994432064365,rgb_observed,231116_보스구간별생산.png
231116,boss_tier_lines,normal_suu_to_normal_dunkel,1583,794.0,21.213203435596427,rgb_observed,231116_보스구간별생산.png
231116,boss_tier_lines,normal_suu_to_normal_dunkel,1587,793.0,25.179356624028344,rgb_observed,231116_보스구간별생산.png
231116,boss_tier_lines,normal_suu_to_normal_dunkel,1591,792.0,24.413111231467404,rgb_observed,231116_보스구간별생산.png
231116,boss_tier_lines,normal_suu_to_normal_dunkel,1595,791.0,21.863211109075447,rgb_observed,231116_보스구간별생산.png
231116,boss_tier_lines,normal_suu_to_normal_dunkel,1599,790.0,20.808652046684813,rgb_observed,231116_보스구간별생산.png
231116,boss_tier_lines,normal_suu_to_normal_dunkel,1603,790.0,41.24318125460256,rgb_observed,231116_보스구간별생산.png
231116,boss_tier_lines,normal_suu_to_normal_dunkel,1607,790.0,36.6742416417845,rgb_observed,231116_보스구간별생산.png
231116,boss_tier_lines,normal_suu_to_normal_dunkel,1611,790.0,35.014282800023196,rgb_observed,231116_보스구간별생산.png
231116,boss_tier_lines,normal_suu_to_normal_dunkel,1615,790.0,21.656407827707714,rgb_observed,231116_보스구간별생산.png
231116,boss_tier_lines,normal_suu_to_normal_dunkel,1619,790.0,31.575306807693888,rgb_observed,231116_보스구간별생산.png
231116,boss_tier_lines,normal_suu_to_normal_dunkel,1623,790.0,39.35733730830886,rgb_observed,231116_보스구간별생산.png
231116,boss_tier_lines,normal_suu_to_normal_dunkel,1627,790.0,45.617978911828175,rgb_observed,231116_보스구간별생산.png
231116,boss_tier_lines,normal_suu_to_normal_dunkel,1631,791.0,25.65151067676132,rgb_observed,231116_보스구간별생산.png
231116,boss_tier_lines,normal_suu_to_normal_dunkel,1635,791.0,22.825424421026653,rgb_observed,231116_보스구간별생산.png
231116,boss_tier_lines,normal_suu_to_normal_dunkel,1639,791.0,25.729360660537214,rgb_observed,231116_보스구간별생산.png
231116,boss_tier_lines,normal_suu_to_normal_dunkel,1643,791.0,19.339079605813716,rgb_observed,231116_보스구간별생산.png
231116,boss_tier_lines,normal_suu_to_normal_dunkel,1647,791.0,28.879058156387302,rgb_observed,231116_보스구간별생산.png
231116,boss_tier_lines,normal_suu_to_normal_dunkel,1651,791.0,26.476404589747453,rgb_observed,231116_보스구간별생산.png
231116,boss_tier_lines,normal_suu_to_normal_dunkel,1655,791.0,24.1039415863879,rgb_observed,231116_보스구간별생산.png
231116,boss_tier_lines,normal_suu_to_normal_dunkel,1659,792.0,36.55133376499413,rgb_observed,231116_보스구간별생산.png
231116,boss_tier_lines,easy_cygnus_to_chaos_bellum,75,1044.0,5.0,rgb_observed,231116_보스구간별생산.png
231116,boss_tier_lines,easy_cygnus_to_chaos_bellum,79,1057.0,3.7416573867739413,rgb_observed,231116_보스구간별생산.png
231116,boss_tier_lines,easy_cygnus_to_chaos_bellum,83,1040.0,10.488088481701515,rgb_observed,231116_보스구간별생산.png
231116,boss_tier_lines,easy_cygnus_to_chaos_bellum,87,1040.0,13.856406460551018,rgb_observed,231116_보스구간별생산.png
231116,boss_tier_lines,easy_cygnus_to_chaos_bellum,91,1039.0,3.3166247903554,rgb_observed,231116_보스구간별생산.png
231116,boss_tier_lines,easy_cygnus_to_chaos_bellum,95,1056.0,7.14142842854285,rgb_observed,231116_보스구간별생산.png
231116,boss_tier_lines,easy_cygnus_to_chaos_bellum,99,1041.0,3.3166247903554,rgb_observed,231116_보스구간별생산.png
231116,boss_tier_lines,easy_cygnus_to_chaos_bellum,103,1038.0,12.806248474865697,rgb_observed,231116_보스구간별생산.png
231116,boss_tier_lines,easy_cygnus_to_chaos_bellum,107,1040.0,4.242640687119285,rgb_observed,231116_보스구간별생산.png
231116,boss_tier_lines,easy_cygnus_to_chaos_bellum,111,1037.0,11.090536506409418,rgb_observed,231116_보스구간별생산.png
231116,boss_tier_lines,easy_cygnus_to_chaos_bellum,115,1036.0,2.0,rgb_observed,231116_보스구간별생산.png
231116,boss_tier_lines,easy_cygnus_to_chaos_bellum,119,1036.0,8.774964387392123,rgb_observed,231116_보스구간별생산.png
231116,boss_tier_lines,easy_cygnus_to_chaos_bellum,123,1038.0,5.385164807134504,rgb_observed,231116_보스구간별생산.png
231116,boss_tier_lines,easy_cygnus_to_chaos_bellum,127,1035.0,1.7320508075688772,rgb_observed,231116_보스구간별생산.png
231116,boss_tier_lines,easy_cygnus_to_chaos_bellum,131,1035.0,11.74734012447073,rgb_observed,231116_보스구간별생산.png
231116,boss_tier_lines,easy_cygnus_to_chaos_bellum,135,1034.0,9.433981132056603,rgb_observed,231116_보스구간별생산.png
231116,boss_tier_lines,easy_cygnus_to_chaos_bellum,139,1034.0,4.242640687119285,rgb_observed,231116_보스구간별생산.png
231116,boss_tier_lines,easy_cygnus_to_chaos_bellum,143,1034.0,3.7416573867739413,rgb_observed,231116_보스구간별생산.png
231116,boss_tier_lines,easy_cygnus_to_chaos_bellum,147,1034.0,12.328828005937952,rgb_observed,231116_보스구간별생산.png
231116,boss_tier_lines,easy_cygnus_to_chaos_bellum,151,1053.0,8.366600265340756,rgb_observed,231116_보스구간별생산.png
231116,boss_tier_lines,easy_cygnus_to_chaos_bellum,155,1053.0,26.076809620810597,rgb_observed,231116_보스구간별생산.png
231116,boss_tier_lines,easy_cygnus_to_chaos_bellum,159,,,unresolved,231116_보스구간별생산.png
231116,boss_tier_lines,easy_cygnus_to_chaos_bellum,163,,,unresolved,231116_보스구간별생산.png
231116,boss_tier_lines,easy_cygnus_to_chaos_bellum,167,1052.0,7.0710678118654755,rgb_observed,231116_보스구간별생산.png
231116,boss_tier_lines,easy_cygnus_to_chaos_bellum,171,1052.0,20.71231517720798,rgb_observed,231116_보스구간별생산.png
231116,boss_tier_lines,easy_cygnus_to_chaos_bellum,175,1051.0,13.784048752090222,rgb_observed,231116_보스구간별생산.png
231116,boss_tier_lines,easy_cygnus_to_chaos_bellum,179,1051.0,12.206555615733702,rgb_observed,231116_보스구간별생산.png
231116,boss_tier_lines,easy_cygnus_to_chaos_bellum,183,,,unresolved,231116_보스구간별생산.png
231116,boss_tier_lines,easy_cygnus_to_chaos_bellum,187,,,unresolved,231116_보스구간별생산.png
231116,boss_tier_lines,easy_cygnus_to_chaos_bellum,191,,,unresolved,231116_보스구간별생산.png
231116,boss_tier_lines,easy_cygnus_to_chaos_bellum,195,,,unresolved,231116_보스구간별생산.png
231116,boss_tier_lines,easy_cygnus_to_chaos_bellum,199,,,unresolved,231116_보스구간별생산.png
231116,boss_tier_lines,easy_cygnus_to_chaos_bellum,203,,,unresolved,231116_보스구간별생산.png
231116,boss_tier_lines,easy_cygnus_to_chaos_bellum,207,,,unresolved,231116_보스구간별생산.png
231116,boss_tier_lines,easy_cygnus_to_chaos_bellum,211,,,unresolved,231116_보스구간별생산.png
231116,boss_tier_lines,easy_cygnus_to_chaos_bellum,215,,,unresolved,231116_보스구간별생산.png
231116,boss_tier_lines,easy_cygnus_to_chaos_bellum,219,,,unresolved,231116_보스구간별생산.png
231116,boss_tier_lines,easy_cygnus_to_chaos_bellum,223,,,unresolved,231116_보스구간별생산.png
231116,boss_tier_lines,easy_cygnus_to_chaos_bellum,227,,,unresolved,231116_보스구간별생산.png
231116,boss_tier_lines,easy_cygnus_to_chaos_bellum,231,1037.0,14.730919862656235,rgb_observed,231116_보스구간별생산.png
231116,boss_tier_lines,easy_cygnus_to_chaos_bellum,235,1037.0,11.74734012447073,rgb_observed,231116_보스구간별생산.png
231116,boss_tier_lines,easy_cygnus_to_chaos_bellum,239,1037.0,12.884098726725126,rgb_observed,231116_보스구간별생산.png
231116,boss_tier_lines,easy_cygnus_to_chaos_bellum,243,1037.0,6.6332495807108,rgb_observed,231116_보스구간별생산.png
231116,boss_tier_lines,easy_cygnus_to_chaos_bellum,247,1036.0,25.079872407968907,rgb_observed,231116_보스구간별생산.png
231116,boss_tier_lines,easy_cygnus_to_chaos_bellum,251,,,unresolved,231116_보스구간별생산.png
231116,boss_tier_lines,easy_cygnus_to_chaos_bellum,255,1035.0,11.704699910719626,rgb_observed,231116_보스구간별생산.png
231116,boss_tier_lines,easy_cygnus_to_chaos_bellum,259,1035.0,4.69041575982343,rgb_observed,231116_보스구간별생산.png
231116,boss_tier_lines,easy_cygnus_to_chaos_bellum,263,1034.0,12.36931687685298,rgb_observed,231116_보스구간별생산.png
231116,boss_tier_lines,easy_cygnus_to_chaos_bellum,267,1034.0,24.879710609249457,rgb_observed,231116_보스구간별생산.png
231116,boss_tier_lines,easy_cygnus_to_chaos_bellum,271,1036.0,8.774964387392123,rgb_observed,231116_보스구간별생산.png
231116,boss_tier_lines,easy_cygnus_to_chaos_bellum,275,1036.0,2.23606797749979,rgb_observed,231116_보스구간별생산.png
231116,boss_tier_lines,easy_cygnus_to_chaos_bellum,279,1036.0,3.0,rgb_observed,231116_보스구간별생산.png
231116,boss_tier_lines,easy_cygnus_to_chaos_bellum,283,1036.0,4.123105625617661,rgb_observed,231116_보스구간별생산.png
231116,boss_tier_lines,easy_cygnus_to_chaos_bellum,287,1033.0,7.280109889280518,rgb_observed,231116_보스구간별생산.png
231116,boss_tier_lines,easy_cygnus_to_chaos_bellum,291,1033.0,18.466185312619388,rgb_observed,231116_보스구간별생산.png
231116,boss_tier_lines,easy_cygnus_to_chaos_bellum,295,1033.0,23.08679276123039,rgb_observed,231116_보스구간별생산.png
231116,boss_tier_lines,easy_cygnus_to_chaos_bellum,299,1032.0,3.605551275463989,rgb_observed,231116_보스구간별생산.png
231116,boss_tier_lines,easy_cygnus_to_chaos_bellum,303,1048.0,10.677078252031311,rgb_observed,231116_보스구간별생산.png
231116,boss_tier_lines,easy_cygnus_to_chaos_bellum,307,1035.0,5.830951894845301,rgb_observed,231116_보스구간별생산.png
231116,boss_tier_lines,easy_cygnus_to_chaos_bellum,311,1035.0,25.41653005427767,rgb_observed,231116_보스구간별생산.png
231116,boss_tier_lines,easy_cygnus_to_chaos_bellum,315,1046.0,7.280109889280518,rgb_observed,231116_보스구간별생산.png
231116,boss_tier_lines,easy_cygnus_to_chaos_bellum,319,1031.0,7.0710678118654755,rgb_observed,231116_보스구간별생산.png
231116,boss_tier_lines,easy_cygnus_to_chaos_bellum,323,1031.0,20.223748416156685,rgb_observed,231116_보스구간별생산.png
231116,boss_tier_lines,easy_cygnus_to_chaos_bellum,327,1030.0,5.385164807134504,rgb_observed,231116_보스구간별생산.png
231116,boss_tier_lines,easy_cygnus_to_chaos_bellum,331,1033.0,19.1049731745428,rgb_observed,231116_보스구간별생산.png
231116,boss_tier_lines,easy_cygnus_to_chaos_bellum,335,1033.0,5.385164807134504,rgb_observed,231116_보스구간별생산.png
231116,boss_tier_lines,easy_cygnus_to_chaos_bellum,339,1042.0,11.704699910719626,rgb_observed,231116_보스구간별생산.png
231116,boss_tier_lines,easy_cygnus_to_chaos_bellum,343,1032.0,1.4142135623730951,rgb_observed,231116_보스구간별생산.png
231116,boss_tier_lines,easy_cygnus_to_chaos_bellum,347,1029.0,5.830951894845301,rgb_observed,231116_보스구간별생산.png
231116,boss_tier_lines,easy_cygnus_to_chaos_bellum,351,1029.0,10.295630140987,rgb_observed,231116_보스구간별생산.png
231116,boss_tier_lines,easy_cygnus_to_chaos_bellum,355,1040.0,6.708203932499369,rgb_observed,231116_보스구간별생산.png
231116,boss_tier_lines,easy_cygnus_to_chaos_bellum,359,1028.0,19.672315572906,rgb_observed,231116_보스구간별생산.png
231116,boss_tier_lines,easy_cygnus_to_chaos_bellum,363,1029.0,5.830951894845301,rgb_observed,231116_보스구간별생산.png
231116,boss_tier_lines,easy_cygnus_to_chaos_bellum,367,1029.0,8.831760866327848,rgb_observed,231116_보스구간별생산.png
231116,boss_tier_lines,easy_cygnus_to_chaos_bellum,371,1032.0,7.280109889280518,rgb_observed,231116_보스구간별생산.png
231116,boss_tier_lines,easy_cygnus_to_chaos_bellum,375,,,unresolved,231116_보스구간별생산.png
231116,boss_tier_lines,easy_cygnus_to_chaos_bellum,379,1033.0,4.58257569495584,rgb_observed,231116_보스구간별생산.png
231116,boss_tier_lines,easy_cygnus_to_chaos_bellum,383,1030.0,5.385164807134504,rgb_observed,231116_보스구간별생산.png
231116,boss_tier_lines,easy_cygnus_to_chaos_bellum,387,1031.0,28.653097563788805,rgb_observed,231116_보스구간별생산.png
231116,boss_tier_lines,easy_cygnus_to_chaos_bellum,391,1031.0,6.164414002968976,rgb_observed,231116_보스구간별생산.png
231116,boss_tier_lines,easy_cygnus_to_chaos_bellum,395,1031.0,26.13426869074396,rgb_observed,231116_보스구간별생산.png
231116,boss_tier_lines,easy_cygnus_to_chaos_bellum,399,,,unresolved,231116_보스구간별생산.png
231116,boss_tier_lines,easy_cygnus_to_chaos_bellum,403,1032.0,28.879058156387302,rgb_observed,231116_보스구간별생산.png
231116,boss_tier_lines,easy_cygnus_to_chaos_bellum,407,1032.0,18.138357147217054,rgb_observed,231116_보스구간별생산.png
231116,boss_tier_lines,easy_cygnus_to_chaos_bellum,411,1032.0,10.246950765959598,rgb_observed,231116_보스구간별생산.png
231116,boss_tier_lines,easy_cygnus_to_chaos_bellum,415,1039.0,9.273618495495704,rgb_observed,231116_보스구간별생산.png
231116,boss_tier_lines,easy_cygnus_to_chaos_bellum,419,1026.0,3.7416573867739413,rgb_observed,231116_보스구간별생산.png
231116,boss_tier_lines,easy_cygnus_to_chaos_bellum,423,1031.0,19.313207915827967,rgb_observed,231116_보스구간별생산.png
231116,boss_tier_lines,easy_cygnus_to_chaos_bellum,427,1018.0,26.645825188948457,rgb_observed,231116_보스구간별생산.png
231116,boss_tier_lines,easy_cygnus_to_chaos_bellum,431,1015.0,12.806248474865697,rgb_observed,231116_보스구간별생산.png
231116,boss_tier_lines,easy_cygnus_to_chaos_bellum,435,1014.0,16.401219466856727,rgb_observed,231116_보스구간별생산.png
231116,boss_tier_lines,easy_cygnus_to_chaos_bellum,439,1019.0,24.06241883103193,rgb_observed,231116_보스구간별생산.png
231116,boss_tier_lines,easy_cygnus_to_chaos_bellum,443,1017.0,12.884098726725126,rgb_observed,231116_보스구간별생산.png
231116,boss_tier_lines,easy_cygnus_to_chaos_bellum,447,1002.0,9.16515138991168,rgb_observed,231116_보스구간별생산.png
231116,boss_tier_lines,easy_cygnus_to_chaos_bellum,451,997.0,9.38083151964686,rgb_observed,231116_보스구간별생산.png
231116,boss_tier_lines,easy_cygnus_to_chaos_bellum,455,995.0,2.23606797749979,rgb_observed,231116_보스구간별생산.png
231116,boss_tier_lines,easy_cygnus_to_chaos_bellum,459,994.0,17.74823934929885,rgb_observed,231116_보스구간별생산.png
231116,boss_tier_lines,easy_cygnus_to_chaos_bellum,463,987.0,3.3166247903554,rgb_observed,231116_보스구간별생산.png
231116,boss_tier_lines,easy_cygnus_to_chaos_bellum,467,982.0,12.727922061357855,rgb_observed,231116_보스구간별생산.png
231116,boss_tier_lines,easy_cygnus_to_chaos_bellum,471,977.0,8.12403840463596,rgb_observed,231116_보스구간별생산.png
231116,boss_tier_lines,easy_cygnus_to_chaos_bellum,475,979.0,3.0,rgb_observed,231116_보스구간별생산.png
231116,boss_tier_lines,easy_cygnus_to_chaos_bellum,479,972.0,1.4142135623730951,rgb_observed,231116_보스구간별생산.png
231116,boss_tier_lines,easy_cygnus_to_chaos_bellum,483,963.0,2.8284271247461903,rgb_observed,231116_보스구간별생산.png
231116,boss_tier_lines,easy_cygnus_to_chaos_bellum,487,961.0,6.557438524302,rgb_observed,231116_보스구간별생산.png
231116,boss_tier_lines,easy_cygnus_to_chaos_bellum,491,957.0,3.3166247903554,rgb_observed,231116_보스구간별생산.png
231116,boss_tier_lines,easy_cygnus_to_chaos_bellum,495,944.0,3.7416573867739413,rgb_observed,231116_보스구간별생산.png
231116,boss_tier_lines,easy_cygnus_to_chaos_bellum,499,946.0,4.123105625617661,rgb_observed,231116_보스구간별생산.png
231116,boss_tier_lines,easy_cygnus_to_chaos_bellum,503,938.0,3.3166247903554,rgb_observed,231116_보스구간별생산.png
231116,boss_tier_lines,easy_cygnus_to_chaos_bellum,507,935.0,3.1622776601683795,rgb_observed,231116_보스구간별생산.png
231116,boss_tier_lines,easy_cygnus_to_chaos_bellum,511,927.0,3.605551275463989,rgb_observed,231116_보스구간별생산.png
231116,boss_tier_lines,easy_cygnus_to_chaos_bellum,515,918.0,7.810249675906654,rgb_observed,231116_보스구간별생산.png
231116,boss_tier_lines,easy_cygnus_to_chaos_bellum,519,911.0,3.0,rgb_observed,231116_보스구간별생산.png
231116,boss_tier_lines,easy_cygnus_to_chaos_bellum,523,912.0,5.385164807134504,rgb_observed,231116_보스구간별생산.png
231116,boss_tier_lines,easy_cygnus_to_chaos_bellum,527,903.0,1.4142135623730951,rgb_observed,231116_보스구간별생산.png
231116,boss_tier_lines,easy_cygnus_to_chaos_bellum,531,898.0,2.0,rgb_observed,231116_보스구간별생산.png
231116,boss_tier_lines,easy_cygnus_to_chaos_bellum,535,895.0,9.486832980505138,rgb_observed,231116_보스구간별생산.png
231116,boss_tier_lines,easy_cygnus_to_chaos_bellum,539,888.0,5.385164807134504,rgb_observed,231116_보스구간별생산.png
231116,boss_tier_lines,easy_cygnus_to_chaos_bellum,543,888.0,4.242640687119285,rgb_observed,231116_보스구간별생산.png
231116,boss_tier_lines,easy_cygnus_to_chaos_bellum,547,877.0,2.0,rgb_observed,231116_보스구간별생산.png
231116,boss_tier_lines,easy_cygnus_to_chaos_bellum,551,878.0,1.4142135623730951,rgb_observed,231116_보스구간별생산.png
231116,boss_tier_lines,easy_cygnus_to_chaos_bellum,555,872.0,5.0,rgb_observed,231116_보스구간별생산.png
231116,boss_tier_lines,easy_cygnus_to_chaos_bellum,559,861.0,2.449489742783178,rgb_observed,231116_보스구간별생산.png
231116,boss_tier_lines,easy_cygnus_to_chaos_bellum,563,862.0,2.0,rgb_observed,231116_보스구간별생산.png
231116,boss_tier_lines,easy_cygnus_to_chaos_bellum,567,854.0,7.0,rgb_observed,231116_보스구간별생산.png
231116,boss_tier_lines,easy_cygnus_to_chaos_bellum,571,852.0,4.123105625617661,rgb_observed,231116_보스구간별생산.png
231116,boss_tier_lines,easy_cygnus_to_chaos_bellum,575,846.0,17.146428199482248,rgb_observed,231116_보스구간별생산.png
231116,boss_tier_lines,easy_cygnus_to_chaos_bellum,579,839.0,10.295630140987,rgb_observed,231116_보스구간별생산.png
231116,boss_tier_lines,easy_cygnus_to_chaos_bellum,583,839.0,20.518284528683193,rgb_observed,231116_보스구간별생산.png
231116,boss_tier_lines,easy_cygnus_to_chaos_bellum,587,829.0,3.0,rgb_observed,231116_보스구간별생산.png
231116,boss_tier_lines,easy_cygnus_to_chaos_bellum,591,831.0,15.165750888103101,rgb_observed,231116_보스구간별생산.png
231116,boss_tier_lines,easy_cygnus_to_chaos_bellum,595,826.0,4.58257569495584,rgb_observed,231116_보스구간별생산.png
231116,boss_tier_lines,easy_cygnus_to_chaos_bellum,599,824.0,16.822603841260722,rgb_observed,231116_보스구간별생산.png
231116,boss_tier_lines,easy_cygnus_to_chaos_bellum,603,820.0,11.74734012447073,rgb_observed,231116_보스구간별생산.png
231116,boss_tier_lines,easy_cygnus_to_chaos_bellum,607,817.0,2.23606797749979,rgb_observed,231116_보스구간별생산.png
231116,boss_tier_lines,easy_cygnus_to_chaos_bellum,611,812.0,15.165750888103101,rgb_observed,231116_보스구간별생산.png
231116,boss_tier_lines,easy_cygnus_to_chaos_bellum,615,806.0,1.4142135623730951,rgb_observed,231116_보스구간별생산.png
231116,boss_tier_lines,easy_cygnus_to_chaos_bellum,619,800.0,4.898979485566356,rgb_observed,231116_보스구간별생산.png
231116,boss_tier_lines,easy_cygnus_to_chaos_bellum,623,802.0,3.0,rgb_observed,231116_보스구간별생산.png
231116,boss_tier_lines,easy_cygnus_to_chaos_bellum,627,799.0,6.4031242374328485,rgb_observed,231116_보스구간별생산.png
231116,boss_tier_lines,easy_cygnus_to_chaos_bellum,631,794.0,5.830951894845301,rgb_observed,231116_보스구간별생산.png
231116,boss_tier_lines,easy_cygnus_to_chaos_bellum,635,792.0,23.108440016582687,rgb_observed,231116_보스구간별생산.png
231116,boss_tier_lines,easy_cygnus_to_chaos_bellum,639,785.0,4.898979485566356,rgb_observed,231116_보스구간별생산.png
231116,boss_tier_lines,easy_cygnus_to_chaos_bellum,643,782.0,1.7320508075688772,rgb_observed,231116_보스구간별생산.png
231116,boss_tier_lines,easy_cygnus_to_chaos_bellum,647,779.0,5.0990195135927845,rgb_observed,231116_보스구간별생산.png
231116,boss_tier_lines,easy_cygnus_to_chaos_bellum,651,776.0,7.14142842854285,rgb_observed,231116_보스구간별생산.png
231116,boss_tier_lines,easy_cygnus_to_chaos_bellum,655,777.0,10.04987562112089,rgb_observed,231116_보스구간별생산.png
231116,boss_tier_lines,easy_cygnus_to_chaos_bellum,659,770.0,9.0,rgb_observed,231116_보스구간별생산.png
231116,boss_tier_lines,easy_cygnus_to_chaos_bellum,663,771.0,8.366600265340756,rgb_observed,231116_보스구간별생산.png
231116,boss_tier_lines,easy_cygnus_to_chaos_bellum,667,768.0,7.54983443527075,rgb_observed,231116_보스구간별생산.png
231116,boss_tier_lines,easy_cygnus_to_chaos_bellum,671,765.0,2.449489742783178,rgb_observed,231116_보스구간별생산.png
231116,boss_tier_lines,easy_cygnus_to_chaos_bellum,675,762.0,9.0,rgb_observed,231116_보스구간별생산.png
231116,boss_tier_lines,easy_cygnus_to_chaos_bellum,679,759.0,5.385164807134504,rgb_observed,231116_보스구간별생산.png
231116,boss_tier_lines,easy_cygnus_to_chaos_bellum,683,751.0,9.433981132056603,rgb_observed,231116_보스구간별생산.png
231116,boss_tier_lines,easy_cygnus_to_chaos_bellum,687,748.0,2.449489742783178,rgb_observed,231116_보스구간별생산.png
231116,boss_tier_lines,easy_cygnus_to_chaos_bellum,691,745.0,2.0,rgb_observed,231116_보스구간별생산.png
231116,boss_tier_lines,easy_cygnus_to_chaos_bellum,695,743.0,1.0,rgb_observed,231116_보스구간별생산.png
231116,boss_tier_lines,easy_cygnus_to_chaos_bellum,699,741.0,15.033296378372908,rgb_observed,231116_보스구간별생산.png
231116,boss_tier_lines,easy_cygnus_to_chaos_bellum,703,740.0,3.0,rgb_observed,231116_보스구간별생산.png
231116,boss_tier_lines,easy_cygnus_to_chaos_bellum,707,742.0,6.4031242374328485,rgb_observed,231116_보스구간별생산.png
231116,boss_tier_lines,easy_cygnus_to_chaos_bellum,711,741.0,3.4641016151377544,rgb_observed,231116_보스구간별생산.png
231116,boss_tier_lines,easy_cygnus_to_chaos_bellum,715,740.0,2.449489742783178,rgb_observed,231116_보스구간별생산.png
231116,boss_tier_lines,easy_cygnus_to_chaos_bellum,719,739.0,3.0,rgb_observed,231116_보스구간별생산.png
231116,boss_tier_lines,easy_cygnus_to_chaos_bellum,723,734.0,4.58257569495584,rgb_observed,231116_보스구간별생산.png
231116,boss_tier_lines,easy_cygnus_to_chaos_bellum,727,736.0,2.0,rgb_observed,231116_보스구간별생산.png
231116,boss_tier_lines,easy_cygnus_to_chaos_bellum,731,735.0,1.4142135623730951,rgb_observed,231116_보스구간별생산.png
231116,boss_tier_lines,easy_cygnus_to_chaos_bellum,735,730.0,2.0,rgb_observed,231116_보스구간별생산.png
231116,boss_tier_lines,easy_cygnus_to_chaos_bellum,739,729.0,4.123105625617661,rgb_observed,231116_보스구간별생산.png
231116,boss_tier_lines,easy_cygnus_to_chaos_bellum,743,731.0,4.69041575982343,rgb_observed,231116_보스구간별생산.png
231116,boss_tier_lines,easy_cygnus_to_chaos_bellum,747,730.0,7.0710678118654755,rgb_observed,231116_보스구간별생산.png
231116,boss_tier_lines,easy_cygnus_to_chaos_bellum,751,725.0,4.47213595499958,rgb_observed,231116_보스구간별생산.png
231116,boss_tier_lines,easy_cygnus_to_chaos_bellum,755,728.0,4.69041575982343,rgb_observed,231116_보스구간별생산.png
231116,boss_tier_lines,easy_cygnus_to_chaos_bellum,759,724.0,7.0710678118654755,rgb_observed,231116_보스구간별생산.png
231116,boss_tier_lines,easy_cygnus_to_chaos_bellum,763,723.0,6.164414002968976,rgb_observed,231116_보스구간별생산.png
231116,boss_tier_lines,easy_cygnus_to_chaos_bellum,767,726.0,7.0710678118654755,rgb_observed,231116_보스구간별생산.png
231116,boss_tier_lines,easy_cygnus_to_chaos_bellum,771,722.0,4.898979485566356,rgb_observed,231116_보스구간별생산.png
231116,boss_tier_lines,easy_cygnus_to_chaos_bellum,775,724.0,5.385164807134504,rgb_observed,231116_보스구간별생산.png
231116,boss_tier_lines,easy_cygnus_to_chaos_bellum,779,723.0,5.385164807134504,rgb_observed,231116_보스구간별생산.png
231116,boss_tier_lines,easy_cygnus_to_chaos_bellum,783,719.0,4.898979485566356,rgb_observed,231116_보스구간별생산.png
231116,boss_tier_lines,easy_cygnus_to_chaos_bellum,787,722.0,7.54983443527075,rgb_observed,231116_보스구간별생산.png
231116,boss_tier_lines,easy_cygnus_to_chaos_bellum,791,721.0,2.8284271247461903,rgb_observed,231116_보스구간별생산.png
231116,boss_tier_lines,easy_cygnus_to_chaos_bellum,795,717.0,2.0,rgb_observed,231116_보스구간별생산.png
231116,boss_tier_lines,easy_cygnus_to_chaos_bellum,799,716.0,2.8284271247461903,rgb_observed,231116_보스구간별생산.png
231116,boss_tier_lines,easy_cygnus_to_chaos_bellum,803,716.0,14.45683229480096,rgb_observed,231116_보스구간별생산.png
231116,boss_tier_lines,easy_cygnus_to_chaos_bellum,807,715.0,2.23606797749979,rgb_observed,231116_보스구간별생산.png
231116,boss_tier_lines,easy_cygnus_to_chaos_bellum,811,715.0,15.588457268119896,rgb_observed,231116_보스구간별생산.png
231116,boss_tier_lines,easy_cygnus_to_chaos_bellum,815,715.0,14.45683229480096,rgb_observed,231116_보스구간별생산.png
231116,boss_tier_lines,easy_cygnus_to_chaos_bellum,819,715.0,2.449489742783178,rgb_observed,231116_보스구간별생산.png
231116,boss_tier_lines,easy_cygnus_to_chaos_bellum,823,718.0,3.4641016151377544,rgb_observed,231116_보스구간별생산.png
231116,boss_tier_lines,easy_cygnus_to_chaos_bellum,827,718.0,11.575836902790225,rgb_observed,231116_보스구간별생산.png
231116,boss_tier_lines,easy_cygnus_to_chaos_bellum,831,718.0,21.95449840010015,rgb_observed,231116_보스구간별생산.png
231116,boss_tier_lines,easy_cygnus_to_chaos_bellum,835,718.0,19.6468827043885,rgb_observed,231116_보스구간별생산.png
231116,boss_tier_lines,easy_cygnus_to_chaos_bellum,839,719.0,1.4142135623730951,rgb_observed,231116_보스구간별생산.png
231116,boss_tier_lines,easy_cygnus_to_chaos_bellum,843,719.0,1.4142135623730951,rgb_observed,231116_보스구간별생산.png
231116,boss_tier_lines,easy_cygnus_to_chaos_bellum,847,719.0,2.23606797749979,rgb_observed,231116_보스구간별생산.png
231116,boss_tier_lines,easy_cygnus_to_chaos_bellum,851,716.0,7.810249675906654,rgb_observed,231116_보스구간별생산.png
231116,boss_tier_lines,easy_cygnus_to_chaos_bellum,855,716.0,24.839484696748443,rgb_observed,231116_보스구간별생산.png
231116,boss_tier_lines,easy_cygnus_to_chaos_bellum,859,716.0,24.289915602982237,rgb_observed,231116_보스구간별생산.png
231116,boss_tier_lines,easy_cygnus_to_chaos_bellum,863,716.0,23.68543856465402,rgb_observed,231116_보스구간별생산.png
231116,boss_tier_lines,easy_cygnus_to_chaos_bellum,867,716.0,26.095976701399778,rgb_observed,231116_보스구간별생산.png
231116,boss_tier_lines,easy_cygnus_to_chaos_bellum,871,,,unresolved,231116_보스구간별생산.png
231116,boss_tier_lines,easy_cygnus_to_chaos_bellum,875,,,unresolved,231116_보스구간별생산.png
231116,boss_tier_lines,easy_cygnus_to_chaos_bellum,879,716.0,12.12435565298214,rgb_observed,231116_보스구간별생산.png
231116,boss_tier_lines,easy_cygnus_to_chaos_bellum,883,716.0,1.7320508075688772,rgb_observed,231116_보스구간별생산.png
231116,boss_tier_lines,easy_cygnus_to_chaos_bellum,887,719.0,2.23606797749979,rgb_observed,231116_보스구간별생산.png
231116,boss_tier_lines,easy_cygnus_to_chaos_bellum,891,716.0,4.69041575982343,rgb_observed,231116_보스구간별생산.png
231116,boss_tier_lines,easy_cygnus_to_chaos_bellum,895,718.0,17.916472867168917,rgb_observed,231116_보스구간별생산.png
231116,boss_tier_lines,easy_cygnus_to_chaos_bellum,899,718.0,13.856406460551018,rgb_observed,231116_보스구간별생산.png
231116,boss_tier_lines,easy_cygnus_to_chaos_bellum,903,718.0,19.6468827043885,rgb_observed,231116_보스구간별생산.png
231116,boss_tier_lines,easy_cygnus_to_chaos_bellum,907,718.0,5.830951894845301,rgb_observed,231116_보스구간별생산.png
231116,boss_tier_lines,easy_cygnus_to_chaos_bellum,911,715.0,10.488088481701515,rgb_observed,231116_보스구간별생산.png
231116,boss_tier_lines,easy_cygnus_to_chaos_bellum,915,715.0,13.30413469565007,rgb_observed,231116_보스구간별생산.png
231116,boss_tier_lines,easy_cygnus_to_chaos_bellum,919,715.0,14.45683229480096,rgb_observed,231116_보스구간별생산.png
231116,boss_tier_lines,easy_cygnus_to_chaos_bellum,923,715.0,4.69041575982343,rgb_observed,231116_보스구간별생산.png
231116,boss_tier_lines,easy_cygnus_to_chaos_bellum,927,719.0,3.7416573867739413,rgb_observed,231116_보스구간별생산.png
231116,boss_tier_lines,easy_cygnus_to_chaos_bellum,931,720.0,2.23606797749979,rgb_observed,231116_보스구간별생산.png
231116,boss_tier_lines,easy_cygnus_to_chaos_bellum,935,721.0,5.0990195135927845,rgb_observed,231116_보스구간별생산.png
231116,boss_tier_lines,easy_cygnus_to_chaos_bellum,939,722.0,15.84297951775486,rgb_observed,231116_보스구간별생산.png
231116,boss_tier_lines,easy_cygnus_to_chaos_bellum,943,720.0,9.695359714832659,rgb_observed,231116_보스구간별생산.png
231116,boss_tier_lines,easy_cygnus_to_chaos_bellum,947,723.0,20.42057785666214,rgb_observed,231116_보스구간별생산.png
231116,boss_tier_lines,easy_cygnus_to_chaos_bellum,951,721.0,5.196152422706632,rgb_observed,231116_보스구간별생산.png
231116,boss_tier_lines,easy_cygnus_to_chaos_bellum,955,722.0,4.123105625617661,rgb_observed,231116_보스구간별생산.png
231116,boss_tier_lines,easy_cygnus_to_chaos_bellum,959,723.0,2.0,rgb_observed,231116_보스구간별생산.png
231116,boss_tier_lines,easy_cygnus_to_chaos_bellum,963,727.0,3.0,rgb_observed,231116_보스구간별생산.png
231116,boss_tier_lines,easy_cygnus_to_chaos_bellum,967,728.0,4.0,rgb_observed,231116_보스구간별생산.png
231116,boss_tier_lines,easy_cygnus_to_chaos_bellum,971,726.0,3.3166247903554,rgb_observed,231116_보스구간별생산.png
231116,boss_tier_lines,easy_cygnus_to_chaos_bellum,975,730.0,6.48074069840786,rgb_observed,231116_보스구간별생산.png
231116,boss_tier_lines,easy_cygnus_to_chaos_bellum,979,727.0,3.605551275463989,rgb_observed,231116_보스구간별생산.png
231116,boss_tier_lines,easy_cygnus_to_chaos_bellum,983,733.0,5.196152422706632,rgb_observed,231116_보스구간별생산.png
231116,boss_tier_lines,easy_cygnus_to_chaos_bellum,987,735.0,9.9498743710662,rgb_observed,231116_보스구간별생산.png
231116,boss_tier_lines,easy_cygnus_to_chaos_bellum,991,751.0,10.816653826391969,rgb_observed,231116_보스구간별생산.png
231116,boss_tier_lines,easy_cygnus_to_chaos_bellum,995,752.0,12.206555615733702,rgb_observed,231116_보스구간별생산.png
231116,boss_tier_lines,easy_cygnus_to_chaos_bellum,999,740.0,4.898979485566356,rgb_observed,231116_보스구간별생산.png
231116,boss_tier_lines,easy_cygnus_to_chaos_bellum,1003,742.0,8.366600265340756,rgb_observed,231116_보스구간별생산.png
231116,boss_tier_lines,easy_cygnus_to_chaos_bellum,1007,744.0,5.385164807134504,rgb_observed,231116_보스구간별생산.png
231116,boss_tier_lines,easy_cygnus_to_chaos_bellum,1011,746.0,11.090536506409418,rgb_observed,231116_보스구간별생산.png
231116,boss_tier_lines,easy_cygnus_to_chaos_bellum,1015,748.0,2.0,rgb_observed,231116_보스구간별생산.png
231116,boss_tier_lines,easy_cygnus_to_chaos_bellum,1019,747.0,11.090536506409418,rgb_observed,231116_보스구간별생산.png
231116,boss_tier_lines,easy_cygnus_to_chaos_bellum,1023,760.0,8.774964387392123,rgb_observed,231116_보스구간별생산.png
231116,boss_tier_lines,easy_cygnus_to_chaos_bellum,1027,761.0,27.874719729532707,rgb_observed,231116_보스구간별생산.png
231116,boss_tier_lines,easy_cygnus_to_chaos_bellum,1031,762.0,15.297058540778355,rgb_observed,231116_보스구간별생산.png
231116,boss_tier_lines,easy_cygnus_to_chaos_bellum,1035,755.0,28.948229652260256,rgb_observed,231116_보스구간별생산.png
231116,boss_tier_lines,easy_cygnus_to_chaos_bellum,1039,762.0,9.433981132056603,rgb_observed,231116_보스구간별생산.png
231116,boss_tier_lines,easy_cygnus_to_chaos_bellum,1043,761.0,19.72308292331602,rgb_observed,231116_보스구간별생산.png
231116,boss_tier_lines,easy_cygnus_to_chaos_bellum,1047,761.0,17.74823934929885,rgb_observed,231116_보스구간별생산.png
231116,boss_tier_lines,easy_cygnus_to_chaos_bellum,1051,,,unresolved,231116_보스구간별생산.png
231116,boss_tier_lines,easy_cygnus_to_chaos_bellum,1055,,,unresolved,231116_보스구간별생산.png
231116,boss_tier_lines,easy_cygnus_to_chaos_bellum,1059,,,unresolved,231116_보스구간별생산.png
231116,boss_tier_lines,easy_cygnus_to_chaos_bellum,1063,,,unresolved,231116_보스구간별생산.png
231116,boss_tier_lines,easy_cygnus_to_chaos_bellum,1067,,,unresolved,231116_보스구간별생산.png
231116,boss_tier_lines,easy_cygnus_to_chaos_bellum,1071,761.0,3.605551275463989,rgb_observed,231116_보스구간별생산.png
231116,boss_tier_lines,easy_cygnus_to_chaos_bellum,1075,757.0,7.483314773547883,rgb_observed,231116_보스구간별생산.png
231116,boss_tier_lines,easy_cygnus_to_chaos_bellum,1079,759.0,8.246211251235321,rgb_observed,231116_보스구간별생산.png
231116,boss_tier_lines,easy_cygnus_to_chaos_bellum,1083,759.0,2.8284271247461903,rgb_observed,231116_보스구간별생산.png
231116,boss_tier_lines,easy_cygnus_to_chaos_bellum,1087,759.0,20.273134932713294,rgb_observed,231116_보스구간별생산.png
231116,boss_tier_lines,easy_cygnus_to_chaos_bellum,1091,760.0,6.4031242374328485,rgb_observed,231116_보스구간별생산.png
231116,boss_tier_lines,easy_cygnus_to_chaos_bellum,1095,761.0,3.3166247903554,rgb_observed,231116_보스구간별생산.png
231116,boss_tier_lines,easy_cygnus_to_chaos_bellum,1099,763.0,8.774964387392123,rgb_observed,231116_보스구간별생산.png
231116,boss_tier_lines,easy_cygnus_to_chaos_bellum,1103,765.0,2.23606797749979,rgb_observed,231116_보스구간별생산.png
231116,boss_tier_lines,easy_cygnus_to_chaos_bellum,1107,769.0,7.3484692283495345,rgb_observed,231116_보스구간별생산.png
231116,boss_tier_lines,easy_cygnus_to_chaos_bellum,1111,757.0,9.486832980505138,rgb_observed,231116_보스구간별생산.png
231116,boss_tier_lines,easy_cygnus_to_chaos_bellum,1115,769.0,8.366600265340756,rgb_observed,231116_보스구간별생산.png
231116,boss_tier_lines,easy_cygnus_to_chaos_bellum,1119,771.0,2.0,rgb_observed,231116_보스구간별생산.png
231116,boss_tier_lines,easy_cygnus_to_chaos_bellum,1123,776.0,11.74734012447073,rgb_observed,231116_보스구간별생산.png
231116,boss_tier_lines,easy_cygnus_to_chaos_bellum,1127,774.0,2.449489742783178,rgb_observed,231116_보스구간별생산.png
231116,boss_tier_lines,easy_cygnus_to_chaos_bellum,1131,760.0,13.0,rgb_observed,231116_보스구간별생산.png
231116,boss_tier_lines,easy_cygnus_to_chaos_bellum,1135,777.0,3.605551275463989,rgb_observed,231116_보스구간별생산.png
231116,boss_tier_lines,easy_cygnus_to_chaos_bellum,1139,779.0,3.3166247903554,rgb_observed,231116_보스구간별생산.png
231116,boss_tier_lines,easy_cygnus_to_chaos_bellum,1143,781.0,7.54983443527075,rgb_observed,231116_보스구간별생산.png
231116,boss_tier_lines,easy_cygnus_to_chaos_bellum,1147,782.0,10.392304845413264,rgb_observed,231116_보스구간별생산.png
231116,boss_tier_lines,easy_cygnus_to_chaos_bellum,1151,788.0,6.4031242374328485,rgb_observed,231116_보스구간별생산.png
231116,boss_tier_lines,easy_cygnus_to_chaos_bellum,1155,789.0,2.449489742783178,rgb_observed,231116_보스구간별생산.png
231116,boss_tier_lines,easy_cygnus_to_chaos_bellum,1159,788.0,3.3166247903554,rgb_observed,231116_보스구간별생산.png
231116,boss_tier_lines,easy_cygnus_to_chaos_bellum,1163,789.0,9.1104335791443,rgb_observed,231116_보스구간별생산.png
231116,boss_tier_lines,easy_cygnus_to_chaos_bellum,1167,791.0,5.0990195135927845,rgb_observed,231116_보스구간별생산.png
231116,boss_tier_lines,easy_cygnus_to_chaos_bellum,1171,792.0,5.0990195135927845,rgb_observed,231116_보스구간별생산.png
231116,boss_tier_lines,easy_cygnus_to_chaos_bellum,1175,765.0,5.385164807134504,rgb_observed,231116_보스구간별생산.png
231116,boss_tier_lines,easy_cygnus_to_chaos_bellum,1179,765.0,13.92838827718412,rgb_observed,231116_보스구간별생산.png
231116,boss_tier_lines,easy_cygnus_to_chaos_bellum,1183,765.0,14.594519519326424,rgb_observed,231116_보스구간별생산.png
231116,boss_tier_lines,easy_cygnus_to_chaos_bellum,1187,,,unresolved,231116_보스구간별생산.png
231116,boss_tier_lines,easy_cygnus_to_chaos_bellum,1191,766.0,5.477225575051661,rgb_observed,231116_보스구간별생산.png
231116,boss_tier_lines,easy_cygnus_to_chaos_bellum,1195,766.0,21.283796653792763,rgb_observed,231116_보스구간별생산.png
231116,boss_tier_lines,easy_cygnus_to_chaos_bellum,1199,767.0,13.92838827718412,rgb_observed,231116_보스구간별생산.png
231116,boss_tier_lines,easy_cygnus_to_chaos_bellum,1203,767.0,4.58257569495584,rgb_observed,231116_보스구간별생산.png
231116,boss_tier_lines,easy_cygnus_to_chaos_bellum,1207,767.0,24.289915602982237,rgb_observed,231116_보스구간별생산.png
231116,boss_tier_lines,easy_cygnus_to_chaos_bellum,1211,,,unresolved,231116_보스구간별생산.png
231116,boss_tier_lines,easy_cygnus_to_chaos_bellum,1215,,,unresolved,231116_보스구간별생산.png
231116,boss_tier_lines,easy_cygnus_to_chaos_bellum,1219,,,unresolved,231116_보스구간별생산.png
231116,boss_tier_lines,easy_cygnus_to_chaos_bellum,1223,,,unresolved,231116_보스구간별생산.png
231116,boss_tier_lines,easy_cygnus_to_chaos_bellum,1227,768.0,27.09243436828813,rgb_observed,231116_보스구간별생산.png
231116,boss_tier_lines,easy_cygnus_to_chaos_bellum,1231,768.0,7.3484692283495345,rgb_observed,231116_보스구간별생산.png
231116,boss_tier_lines,easy_cygnus_to_chaos_bellum,1235,768.0,22.561028345356956,rgb_observed,231116_보스구간별생산.png
231116,boss_tier_lines,easy_cygnus_to_chaos_bellum,1239,768.0,29.966648127543394,rgb_observed,231116_보스구간별생산.png
231116,boss_tier_lines,easy_cygnus_to_chaos_bellum,1243,,,unresolved,231116_보스구간별생산.png
231116,boss_tier_lines,easy_cygnus_to_chaos_bellum,1247,769.0,2.8284271247461903,rgb_observed,231116_보스구간별생산.png
231116,boss_tier_lines,easy_cygnus_to_chaos_bellum,1251,769.0,16.30950643030009,rgb_observed,231116_보스구간별생산.png
231116,boss_tier_lines,easy_cygnus_to_chaos_bellum,1255,769.0,18.027756377319946,rgb_observed,231116_보스구간별생산.png
231116,boss_tier_lines,easy_cygnus_to_chaos_bellum,1259,769.0,20.663978319771825,rgb_observed,231116_보스구간별생산.png
231116,boss_tier_lines,easy_cygnus_to_chaos_bellum,1263,,,unresolved,231116_보스구간별생산.png
231116,boss_tier_lines,easy_cygnus_to_chaos_bellum,1267,,,unresolved,231116_보스구간별생산.png
231116,boss_tier_lines,easy_cygnus_to_chaos_bellum,1271,,,unresolved,231116_보스구간별생산.png
231116,boss_tier_lines,easy_cygnus_to_chaos_bellum,1275,,,unresolved,231116_보스구간별생산.png
231116,boss_tier_lines,easy_cygnus_to_chaos_bellum,1279,770.0,19.313207915827967,rgb_observed,231116_보스구간별생산.png
231116,boss_tier_lines,easy_cygnus_to_chaos_bellum,1283,770.0,24.596747752497688,rgb_observed,231116_보스구간별생산.png
231116,boss_tier_lines,easy_cygnus_to_chaos_bellum,1287,770.0,13.038404810405298,rgb_observed,231116_보스구간별생산.png
231116,boss_tier_lines,easy_cygnus_to_chaos_bellum,1291,770.0,24.372115213907882,rgb_observed,231116_보스구간별생산.png
231116,boss_tier_lines,easy_cygnus_to_chaos_bellum,1295,,,unresolved,231116_보스구간별생산.png
231116,boss_tier_lines,easy_cygnus_to_chaos_bellum,1299,771.0,26.68332812825267,rgb_observed,231116_보스구간별생산.png
231116,boss_tier_lines,easy_cygnus_to_chaos_bellum,1303,803.0,1.7320508075688772,rgb_observed,231116_보스구간별생산.png
231116,boss_tier_lines,easy_cygnus_to_chaos_bellum,1307,802.0,1.4142135623730951,rgb_observed,231116_보스구간별생산.png
231116,boss_tier_lines,easy_cygnus_to_chaos_bellum,1311,804.0,1.0,rgb_observed,231116_보스구간별생산.png
231116,boss_tier_lines,easy_cygnus_to_chaos_bellum,1315,803.0,1.4142135623730951,rgb_observed,231116_보스구간별생산.png
231116,boss_tier_lines,easy_cygnus_to_chaos_bellum,1319,798.0,17.916472867168917,rgb_observed,231116_보스구간별생산.png
231116,boss_tier_lines,easy_cygnus_to_chaos_bellum,1323,798.0,13.856406460551018,rgb_observed,231116_보스구간별생산.png
231116,boss_tier_lines,easy_cygnus_to_chaos_bellum,1327,799.0,13.30413469565007,rgb_observed,231116_보스구간별생산.png
231116,boss_tier_lines,easy_cygnus_to_chaos_bellum,1331,799.0,1.0,rgb_observed,231116_보스구간별생산.png
231116,boss_tier_lines,easy_cygnus_to_chaos_bellum,1335,799.0,1.0,rgb_observed,231116_보스구간별생산.png
231116,boss_tier_lines,easy_cygnus_to_chaos_bellum,1339,803.0,5.196152422706632,rgb_observed,231116_보스구간별생산.png
231116,boss_tier_lines,easy_cygnus_to_chaos_bellum,1343,799.0,6.4031242374328485,rgb_observed,231116_보스구간별생산.png
231116,boss_tier_lines,easy_cygnus_to_chaos_bellum,1347,772.0,19.44222209522358,rgb_observed,231116_보스구간별생산.png
231116,boss_tier_lines,easy_cygnus_to_chaos_bellum,1351,801.0,1.7320508075688772,rgb_observed,231116_보스구간별생산.png
231116,boss_tier_lines,easy_cygnus_to_chaos_bellum,1355,804.0,3.4641016151377544,rgb_observed,231116_보스구간별생산.png
231116,boss_tier_lines,easy_cygnus_to_chaos_bellum,1359,773.0,6.0,rgb_observed,231116_보스구간별생산.png
231116,boss_tier_lines,easy_cygnus_to_chaos_bellum,1363,805.0,4.69041575982343,rgb_observed,231116_보스구간별생산.png
231116,boss_tier_lines,easy_cygnus_to_chaos_bellum,1367,802.0,2.449489742783178,rgb_observed,231116_보스구간별생산.png
231116,boss_tier_lines,easy_cygnus_to_chaos_bellum,1371,802.0,8.774964387392123,rgb_observed,231116_보스구간별생산.png
231116,boss_tier_lines,easy_cygnus_to_chaos_bellum,1375,806.0,8.246211251235321,rgb_observed,231116_보스구간별생산.png
231116,boss_tier_lines,easy_cygnus_to_chaos_bellum,1379,807.0,2.0,rgb_observed,231116_보스구간별생산.png
231116,boss_tier_lines,easy_cygnus_to_chaos_bellum,1383,805.0,9.9498743710662,rgb_observed,231116_보스구간별생산.png
231116,boss_tier_lines,easy_cygnus_to_chaos_bellum,1387,810.0,2.23606797749979,rgb_observed,231116_보스구간별생산.png
231116,boss_tier_lines,easy_cygnus_to_chaos_bellum,1391,808.0,12.206555615733702,rgb_observed,231116_보스구간별생산.png
231116,boss_tier_lines,easy_cygnus_to_chaos_bellum,1395,809.0,3.3166247903554,rgb_observed,231116_보스구간별생산.png
231116,boss_tier_lines,easy_cygnus_to_chaos_bellum,1399,810.0,2.8284271247461903,rgb_observed,231116_보스구간별생산.png
231116,boss_tier_lines,easy_cygnus_to_chaos_bellum,1403,811.0,7.483314773547883,rgb_observed,231116_보스구간별생산.png
231116,boss_tier_lines,easy_cygnus_to_chaos_bellum,1407,816.0,5.0990195135927845,rgb_observed,231116_보스구간별생산.png
231116,boss_tier_lines,easy_cygnus_to_chaos_bellum,1411,817.0,3.605551275463989,rgb_observed,231116_보스구간별생산.png
231116,boss_tier_lines,easy_cygnus_to_chaos_bellum,1415,818.0,4.898979485566356,rgb_observed,231116_보스구간별생산.png
231116,boss_tier_lines,easy_cygnus_to_chaos_bellum,1419,820.0,6.0,rgb_observed,231116_보스구간별생산.png
231116,boss_tier_lines,easy_cygnus_to_chaos_bellum,1423,821.0,5.196152422706632,rgb_observed,231116_보스구간별생산.png
231116,boss_tier_lines,easy_cygnus_to_chaos_bellum,1427,822.0,4.123105625617661,rgb_observed,231116_보스구간별생산.png
231116,boss_tier_lines,easy_cygnus_to_chaos_bellum,1431,823.0,3.605551275463989,rgb_observed,231116_보스구간별생산.png
231116,boss_tier_lines,easy_cygnus_to_chaos_bellum,1435,825.0,9.1104335791443,rgb_observed,231116_보스구간별생산.png
231116,boss_tier_lines,easy_cygnus_to_chaos_bellum,1439,823.0,11.045361017187261,rgb_observed,231116_보스구간별생산.png
231116,boss_tier_lines,easy_cygnus_to_chaos_bellum,1443,828.0,4.242640687119285,rgb_observed,231116_보스구간별생산.png
231116,boss_tier_lines,easy_cygnus_to_chaos_bellum,1447,829.0,5.477225575051661,rgb_observed,231116_보스구간별생산.png
231116,boss_tier_lines,easy_cygnus_to_chaos_bellum,1451,803.0,2.0,rgb_observed,231116_보스구간별생산.png
231116,boss_tier_lines,easy_cygnus_to_chaos_bellum,1455,832.0,5.0,rgb_observed,231116_보스구간별생산.png
231116,boss_tier_lines,easy_cygnus_to_chaos_bellum,1459,830.0,5.744562646538029,rgb_observed,231116_보스구간별생산.png
231116,boss_tier_lines,easy_cygnus_to_chaos_bellum,1463,832.0,9.899494936611665,rgb_observed,231116_보스구간별생산.png
231116,boss_tier_lines,easy_cygnus_to_chaos_bellum,1467,837.0,7.3484692283495345,rgb_observed,231116_보스구간별생산.png
231116,boss_tier_lines,easy_cygnus_to_chaos_bellum,1471,835.0,4.123105625617661,rgb_observed,231116_보스구간별생산.png
231116,boss_tier_lines,easy_cygnus_to_chaos_bellum,1475,836.0,4.58257569495584,rgb_observed,231116_보스구간별생산.png
231116,boss_tier_lines,easy_cygnus_to_chaos_bellum,1479,841.0,4.58257569495584,rgb_observed,231116_보스구간별생산.png
231116,boss_tier_lines,easy_cygnus_to_chaos_bellum,1483,839.0,5.477225575051661,rgb_observed,231116_보스구간별생산.png
231116,boss_tier_lines,easy_cygnus_to_chaos_bellum,1487,844.0,3.0,rgb_observed,231116_보스구간별생산.png
231116,boss_tier_lines,easy_cygnus_to_chaos_bellum,1491,812.0,4.47213595499958,rgb_observed,231116_보스구간별생산.png
231116,boss_tier_lines,easy_cygnus_to_chaos_bellum,1495,812.0,4.898979485566356,rgb_observed,231116_보스구간별생산.png
231116,boss_tier_lines,easy_cygnus_to_chaos_bellum,1499,811.0,22.825424421026653,rgb_observed,231116_보스구간별생산.png
231116,boss_tier_lines,easy_cygnus_to_chaos_bellum,1503,811.0,10.198039027185569,rgb_observed,231116_보스구간별생산.png
231116,boss_tier_lines,easy_cygnus_to_chaos_bellum,1507,843.0,28.30194339616981,rgb_observed,231116_보스구간별생산.png
231116,boss_tier_lines,easy_cygnus_to_chaos_bellum,1511,843.0,15.652475842498529,rgb_observed,231116_보스구간별생산.png
231116,boss_tier_lines,easy_cygnus_to_chaos_bellum,1515,843.0,1.0,rgb_observed,231116_보스구간별생산.png
231116,boss_tier_lines,easy_cygnus_to_chaos_bellum,1519,844.0,15.0996688705415,rgb_observed,231116_보스구간별생산.png
231116,boss_tier_lines,easy_cygnus_to_chaos_bellum,1523,847.0,1.7320508075688772,rgb_observed,231116_보스구간별생산.png
231116,boss_tier_lines,easy_cygnus_to_chaos_bellum,1527,847.0,4.123105625617661,rgb_observed,231116_보스구간별생산.png
231116,boss_tier_lines,easy_cygnus_to_chaos_bellum,1531,845.0,15.7797338380595,rgb_observed,231116_보스구간별생산.png
231116,boss_tier_lines,easy_cygnus_to_chaos_bellum,1535,848.0,3.4641016151377544,rgb_observed,231116_보스구간별생산.png
231116,boss_tier_lines,easy_cygnus_to_chaos_bellum,1539,845.0,3.1622776601683795,rgb_observed,231116_보스구간별생산.png
231116,boss_tier_lines,easy_cygnus_to_chaos_bellum,1543,845.0,27.748873851023216,rgb_observed,231116_보스구간별생산.png
231116,boss_tier_lines,easy_cygnus_to_chaos_bellum,1547,846.0,8.12403840463596,rgb_observed,231116_보스구간별생산.png
231116,boss_tier_lines,easy_cygnus_to_chaos_bellum,1551,849.0,1.7320508075688772,rgb_observed,231116_보스구간별생산.png
231116,boss_tier_lines,easy_cygnus_to_chaos_bellum,1555,849.0,15.033296378372908,rgb_observed,231116_보스구간별생산.png
231116,boss_tier_lines,easy_cygnus_to_chaos_bellum,1559,847.0,1.4142135623730951,rgb_observed,231116_보스구간별생산.png
231116,boss_tier_lines,easy_cygnus_to_chaos_bellum,1563,847.0,1.4142135623730951,rgb_observed,231116_보스구간별생산.png
231116,boss_tier_lines,easy_cygnus_to_chaos_bellum,1567,847.0,20.273134932713294,rgb_observed,231116_보스구간별생산.png
231116,boss_tier_lines,easy_cygnus_to_chaos_bellum,1571,847.0,22.0,rgb_observed,231116_보스구간별생산.png
231116,boss_tier_lines,easy_cygnus_to_chaos_bellum,1575,848.0,2.0,rgb_observed,231116_보스구간별생산.png
231116,boss_tier_lines,easy_cygnus_to_chaos_bellum,1579,851.0,5.0990195135927845,rgb_observed,231116_보스구간별생산.png
231116,boss_tier_lines,easy_cygnus_to_chaos_bellum,1583,849.0,27.712812921102035,rgb_observed,231116_보스구간별생산.png
231116,boss_tier_lines,easy_cygnus_to_chaos_bellum,1587,849.0,1.7320508075688772,rgb_observed,231116_보스구간별생산.png
231116,boss_tier_lines,easy_cygnus_to_chaos_bellum,1591,852.0,12.449899597988733,rgb_observed,231116_보스구간별생산.png
231116,boss_tier_lines,easy_cygnus_to_chaos_bellum,1595,853.0,29.189039038652847,rgb_observed,231116_보스구간별생산.png
231116,boss_tier_lines,easy_cygnus_to_chaos_bellum,1599,853.0,18.193405398660254,rgb_observed,231116_보스구간별생산.png
231116,boss_tier_lines,easy_cygnus_to_chaos_bellum,1603,850.0,3.0,rgb_observed,231116_보스구간별생산.png
231116,boss_tier_lines,easy_cygnus_to_chaos_bellum,1607,850.0,1.0,rgb_observed,231116_보스구간별생산.png
231116,boss_tier_lines,easy_cygnus_to_chaos_bellum,1611,850.0,5.830951894845301,rgb_observed,231116_보스구간별생산.png
231116,boss_tier_lines,easy_cygnus_to_chaos_bellum,1615,851.0,9.848857801796104,rgb_observed,231116_보스구간별생산.png
231116,boss_tier_lines,easy_cygnus_to_chaos_bellum,1619,851.0,4.123105625617661,rgb_observed,231116_보스구간별생산.png
231116,boss_tier_lines,easy_cygnus_to_chaos_bellum,1623,851.0,3.4641016151377544,rgb_observed,231116_보스구간별생산.png
231116,boss_tier_lines,easy_cygnus_to_chaos_bellum,1627,851.0,1.0,rgb_observed,231116_보스구간별생산.png
231116,boss_tier_lines,easy_cygnus_to_chaos_bellum,1631,854.0,2.0,rgb_observed,231116_보스구간별생산.png
231116,boss_tier_lines,easy_cygnus_to_chaos_bellum,1635,854.0,15.0996688705415,rgb_observed,231116_보스구간별생산.png
231116,boss_tier_lines,easy_cygnus_to_chaos_bellum,1639,854.0,22.516660498395403,rgb_observed,231116_보스구간별생산.png
231116,boss_tier_lines,easy_cygnus_to_chaos_bellum,1643,855.0,15.165750888103101,rgb_observed,231116_보스구간별생산.png
231116,boss_tier_lines,easy_cygnus_to_chaos_bellum,1647,855.0,5.830951894845301,rgb_observed,231116_보스구간별생산.png
231116,boss_tier_lines,easy_cygnus_to_chaos_bellum,1651,855.0,9.848857801796104,rgb_observed,231116_보스구간별생산.png
231116,boss_tier_lines,easy_cygnus_to_chaos_bellum,1655,855.0,17.0,rgb_observed,231116_보스구간별생산.png
231116,boss_tier_lines,easy_cygnus_to_chaos_bellum,1659,854.0,3.605551275463989,rgb_observed,231116_보스구간별생산.png
231116,boss_tier_lines,daily_boss,75,1305.0,26.324893162176366,rgb_observed,231116_보스구간별생산.png
231116,boss_tier_lines,daily_boss,79,1305.0,35.482389998420345,rgb_observed,231116_보스구간별생산.png
231116,boss_tier_lines,daily_boss,83,1305.0,22.15851980616034,rgb_observed,231116_보스구간별생산.png
231116,boss_tier_lines,daily_boss,87,1305.0,28.705400188814647,rgb_observed,231116_보스구간별생산.png
231116,boss_tier_lines,daily_boss,91,1305.0,30.380915061926625,rgb_observed,231116_보스구간별생산.png
231116,boss_tier_lines,daily_boss,95,1305.0,29.206163733020468,rgb_observed,231116_보스구간별생산.png
231116,boss_tier_lines,daily_boss,99,1305.0,28.705400188814647,rgb_observed,231116_보스구간별생산.png
231116,boss_tier_lines,daily_boss,103,1305.0,27.53179979587241,rgb_observed,231116_보스구간별생산.png
231116,boss_tier_lines,daily_boss,107,1305.0,27.730849247724095,rgb_observed,231116_보스구간별생산.png
231116,boss_tier_lines,daily_boss,111,1305.0,29.206163733020468,rgb_observed,231116_보스구간별생산.png
231116,boss_tier_lines,daily_boss,115,1305.0,22.93468988235943,rgb_observed,231116_보스구간별생산.png
231116,boss_tier_lines,daily_boss,119,1305.0,24.596747752497688,rgb_observed,231116_보스구간별생산.png
231116,boss_tier_lines,daily_boss,123,1305.0,24.124676163629637,rgb_observed,231116_보스구간별생산.png
231116,boss_tier_lines,daily_boss,127,1305.0,22.47220505424423,rgb_observed,231116_보스구간별생산.png
231116,boss_tier_lines,daily_boss,131,1305.0,22.93468988235943,rgb_observed,231116_보스구간별생산.png
231116,boss_tier_lines,daily_boss,135,1305.0,27.03701166919155,rgb_observed,231116_보스구간별생산.png
231116,boss_tier_lines,daily_boss,139,1305.0,28.460498941515414,rgb_observed,231116_보스구간별생산.png
231116,boss_tier_lines,daily_boss,143,1305.0,26.90724809414742,rgb_observed,231116_보스구간별생산.png
231116,boss_tier_lines,daily_boss,147,1305.0,31.272991542223778,rgb_observed,231116_보스구간별생산.png
231116,boss_tier_lines,daily_boss,151,1305.0,29.189039038652847,rgb_observed,231116_보스구간별생산.png
231116,boss_tier_lines,daily_boss,155,1305.0,27.586228448267445,rgb_observed,231116_보스구간별생산.png
231116,boss_tier_lines,daily_boss,159,1304.0,12.24744871391589,rgb_observed,231116_보스구간별생산.png
231116,boss_tier_lines,daily_boss,163,1304.0,7.0,rgb_observed,231116_보스구간별생산.png
231116,boss_tier_lines,daily_boss,167,1304.0,7.3484692283495345,rgb_observed,231116_보스구간별생산.png
231116,boss_tier_lines,daily_boss,171,1304.0,4.69041575982343,rgb_observed,231116_보스구간별생산.png
231116,boss_tier_lines,daily_boss,175,1304.0,7.874007874011811,rgb_observed,231116_보스구간별생산.png
231116,boss_tier_lines,daily_boss,179,1304.0,16.55294535724685,rgb_observed,231116_보스구간별생산.png
231116,boss_tier_lines,daily_boss,183,1304.0,17.291616465790582,rgb_observed,231116_보스구간별생산.png
231116,boss_tier_lines,daily_boss,187,1304.0,17.291616465790582,rgb_observed,231116_보스구간별생산.png
231116,boss_tier_lines,daily_boss,191,1304.0,15.620499351813308,rgb_observed,231116_보스구간별생산.png
231116,boss_tier_lines,daily_boss,195,1304.0,13.74772708486752,rgb_observed,231116_보스구간별생산.png
231116,boss_tier_lines,daily_boss,199,1304.0,11.916375287812984,rgb_observed,231116_보스구간별생산.png
231116,boss_tier_lines,daily_boss,203,1304.0,8.366600265340756,rgb_observed,231116_보스구간별생산.png
231116,boss_tier_lines,daily_boss,207,1304.0,11.789826122551595,rgb_observed,231116_보스구간별생산.png
231116,boss_tier_lines,daily_boss,211,1304.0,9.486832980505138,rgb_observed,231116_보스구간별생산.png
231116,boss_tier_lines,daily_boss,215,1304.0,23.323807579381203,rgb_observed,231116_보스구간별생산.png
231116,boss_tier_lines,daily_boss,219,1305.0,27.27636339397171,rgb_observed,231116_보스구간별생산.png
231116,boss_tier_lines,daily_boss,223,1305.0,31.76476034853718,rgb_observed,231116_보스구간별생산.png
231116,boss_tier_lines,daily_boss,227,1305.0,34.84250278036869,rgb_observed,231116_보스구간별생산.png
231116,boss_tier_lines,daily_boss,231,1305.0,30.822070014844883,rgb_observed,231116_보스구간별생산.png
231116,boss_tier_lines,daily_boss,235,1305.0,27.85677655436824,rgb_observed,231116_보스구간별생산.png
231116,boss_tier_lines,daily_boss,239,1305.0,21.2602916254693,rgb_observed,231116_보스구간별생산.png
231116,boss_tier_lines,daily_boss,243,1305.0,20.024984394500787,rgb_observed,231116_보스구간별생산.png
231116,boss_tier_lines,daily_boss,247,1305.0,20.92844953645635,rgb_observed,231116_보스구간별생산.png
231116,boss_tier_lines,daily_boss,251,1305.0,24.596747752497688,rgb_observed,231116_보스구간별생산.png
231116,boss_tier_lines,daily_boss,255,1305.0,24.596747752497688,rgb_observed,231116_보스구간별생산.png
231116,boss_tier_lines,daily_boss,259,1305.0,19.339079605813716,rgb_observed,231116_보스구간별생산.png
231116,boss_tier_lines,daily_boss,263,1305.0,21.400934559032695,rgb_observed,231116_보스구간별생산.png
231116,boss_tier_lines,daily_boss,267,1305.0,24.596747752497688,rgb_observed,231116_보스구간별생산.png
231116,boss_tier_lines,daily_boss,271,1305.0,24.596747752497688,rgb_observed,231116_보스구간별생산.png
231116,boss_tier_lines,daily_boss,275,1305.0,22.93468988235943,rgb_observed,231116_보스구간별생산.png
231116,boss_tier_lines,daily_boss,279,1305.0,22.93468988235943,rgb_observed,231116_보스구간별생산.png
231116,boss_tier_lines,daily_boss,283,1305.0,24.596747752497688,rgb_observed,231116_보스구간별생산.png
231116,boss_tier_lines,daily_boss,287,1305.0,20.493901531919196,rgb_observed,231116_보스구간별생산.png
231116,boss_tier_lines,daily_boss,291,1305.0,20.024984394500787,rgb_observed,231116_보스구간별생산.png
231116,boss_tier_lines,daily_boss,295,1305.0,24.596747752497688,rgb_observed,231116_보스구간별생산.png
231116,boss_tier_lines,daily_boss,299,1305.0,22.15851980616034,rgb_observed,231116_보스구간별생산.png
231116,boss_tier_lines,daily_boss,303,1305.0,20.639767440550294,rgb_observed,231116_보스구간별생산.png
231116,boss_tier_lines,daily_boss,307,1305.0,22.93468988235943,rgb_observed,231116_보스구간별생산.png
231116,boss_tier_lines,daily_boss,311,1305.0,22.93468988235943,rgb_observed,231116_보스구간별생산.png
231116,boss_tier_lines,daily_boss,315,1305.0,20.83266665599966,rgb_observed,231116_보스구간별생산.png
231116,boss_tier_lines,daily_boss,319,1305.0,17.97220075561143,rgb_observed,231116_보스구간별생산.png
231116,boss_tier_lines,daily_boss,323,1305.0,20.42057785666214,rgb_observed,231116_보스구간별생산.png
231116,boss_tier_lines,daily_boss,327,1305.0,23.68543856465402,rgb_observed,231116_보스구간별생산.png
231116,boss_tier_lines,daily_boss,331,1305.0,23.68543856465402,rgb_observed,231116_보스구간별생산.png
231116,boss_tier_lines,daily_boss,335,1305.0,22.47220505424423,rgb_observed,231116_보스구간별생산.png
231116,boss_tier_lines,daily_boss,339,1305.0,26.267851073127396,rgb_observed,231116_보스구간별생산.png
231116,boss_tier_lines,daily_boss,343,1305.0,22.93468988235943,rgb_observed,231116_보스구간별생산.png
231116,boss_tier_lines,daily_boss,347,1305.0,21.42428528562855,rgb_observed,231116_보스구간별생산.png
231116,boss_tier_lines,daily_boss,351,1305.0,23.600847442411894,rgb_observed,231116_보스구간별생산.png
231116,boss_tier_lines,daily_boss,355,1305.0,26.92582403567252,rgb_observed,231116_보스구간별생산.png
231116,boss_tier_lines,daily_boss,359,1305.0,25.25866188063018,rgb_observed,231116_보스구간별생산.png
231116,boss_tier_lines,daily_boss,363,1305.0,25.25866188063018,rgb_observed,231116_보스구간별생산.png
231116,boss_tier_lines,daily_boss,367,1305.0,26.92582403567252,rgb_observed,231116_보스구간별생산.png
231116,boss_tier_lines,daily_boss,371,1305.0,26.92582403567252,rgb_observed,231116_보스구간별생산.png
231116,boss_tier_lines,daily_boss,375,1305.0,21.18962010041709,rgb_observed,231116_보스구간별생산.png
231116,boss_tier_lines,daily_boss,379,1305.0,22.11334438749598,rgb_observed,231116_보스구간별생산.png
231116,boss_tier_lines,daily_boss,383,1305.0,25.25866188063018,rgb_observed,231116_보스구간별생산.png
231116,boss_tier_lines,daily_boss,387,1305.0,23.600847442411894,rgb_observed,231116_보스구간별생산.png
231116,boss_tier_lines,daily_boss,391,1305.0,23.600847442411894,rgb_observed,231116_보스구간별생산.png
231116,boss_tier_lines,daily_boss,395,1305.0,25.25866188063018,rgb_observed,231116_보스구간별생산.png
231116,boss_tier_lines,daily_boss,399,1305.0,26.92582403567252,rgb_observed,231116_보스구간별생산.png
231116,boss_tier_lines,daily_boss,403,1305.0,23.600847442411894,rgb_observed,231116_보스구간별생산.png
231116,boss_tier_lines,daily_boss,407,1305.0,21.95449840010015,rgb_observed,231116_보스구간별생산.png
231116,boss_tier_lines,daily_boss,411,1305.0,29.732137494637012,rgb_observed,231116_보스구간별생산.png
231116,boss_tier_lines,daily_boss,415,1305.0,25.88435821108957,rgb_observed,231116_보스구간별생산.png
231116,boss_tier_lines,daily_boss,419,1305.0,23.62202362203543,rgb_observed,231116_보스구간별생산.png
231116,boss_tier_lines,daily_boss,423,1305.0,24.535688292770594,rgb_observed,231116_보스구간별생산.png
231116,boss_tier_lines,daily_boss,427,1304.0,20.248456731316587,rgb_observed,231116_보스구간별생산.png
231116,boss_tier_lines,daily_boss,431,1304.0,8.54400374531753,rgb_observed,231116_보스구간별생산.png
231116,boss_tier_lines,daily_boss,435,1304.0,7.681145747868608,rgb_observed,231116_보스구간별생산.png
231116,boss_tier_lines,daily_boss,439,1303.0,6.082762530298219,rgb_observed,231116_보스구간별생산.png
231116,boss_tier_lines,daily_boss,443,1303.0,20.71231517720798,rgb_observed,231116_보스구간별생산.png
231116,boss_tier_lines,daily_boss,447,1303.0,30.14962686336267,rgb_observed,231116_보스구간별생산.png
231116,boss_tier_lines,daily_boss,451,1302.0,20.663978319771825,rgb_observed,231116_보스구간별생산.png
231116,boss_tier_lines,daily_boss,455,1302.0,11.532562594670797,rgb_observed,231116_보스구간별생산.png
231116,boss_tier_lines,daily_boss,459,1302.0,7.0710678118654755,rgb_observed,231116_보스구간별생산.png
231116,boss_tier_lines,daily_boss,463,1302.0,10.488088481701515,rgb_observed,231116_보스구간별생산.png
231116,boss_tier_lines,daily_boss,467,1301.0,5.916079783099616,rgb_observed,231116_보스구간별생산.png
231116,boss_tier_lines,daily_boss,471,1300.0,8.54400374531753,rgb_observed,231116_보스구간별생산.png
231116,boss_tier_lines,daily_boss,475,1297.0,19.0,rgb_observed,231116_보스구간별생산.png
231116,boss_tier_lines,daily_boss,479,1295.0,12.36931687685298,rgb_observed,231116_보스구간별생산.png
231116,boss_tier_lines,daily_boss,483,1293.0,18.894443627691185,rgb_observed,231116_보스구간별생산.png
231116,boss_tier_lines,daily_boss,487,1291.0,11.045361017187261,rgb_observed,231116_보스구간별생산.png
231116,boss_tier_lines,daily_boss,491,1289.0,9.643650760992955,rgb_observed,231116_보스구간별생산.png
231116,boss_tier_lines,daily_boss,495,1287.0,7.615773105863909,rgb_observed,231116_보스구간별생산.png
231116,boss_tier_lines,daily_boss,499,1285.0,11.575836902790225,rgb_observed,231116_보스구간별생산.png
231116,boss_tier_lines,daily_boss,503,1283.0,6.782329983125268,rgb_observed,231116_보스구간별생산.png
231116,boss_tier_lines,daily_boss,507,1280.0,10.099504938362077,rgb_observed,231116_보스구간별생산.png
231116,boss_tier_lines,daily_boss,511,1278.0,9.1104335791443,rgb_observed,231116_보스구간별생산.png
231116,boss_tier_lines,daily_boss,515,1276.0,11.224972160321824,rgb_observed,231116_보스구간별생산.png
231116,boss_tier_lines,daily_boss,519,1274.0,8.06225774829855,rgb_observed,231116_보스구간별생산.png
231116,boss_tier_lines,daily_boss,523,1272.0,7.681145747868608,rgb_observed,231116_보스구간별생산.png
231116,boss_tier_lines,daily_boss,527,1271.0,11.224972160321824,rgb_observed,231116_보스구간별생산.png
231116,boss_tier_lines,daily_boss,531,1269.0,8.660254037844387,rgb_observed,231116_보스구간별생산.png
231116,boss_tier_lines,daily_boss,535,1268.0,8.306623862918075,rgb_observed,231116_보스구간별생산.png
231116,boss_tier_lines,daily_boss,539,1266.0,7.0710678118654755,rgb_observed,231116_보스구간별생산.png
231116,boss_tier_lines,daily_boss,543,1264.0,7.681145747868608,rgb_observed,231116_보스구간별생산.png
231116,boss_tier_lines,daily_boss,547,1263.0,5.0990195135927845,rgb_observed,231116_보스구간별생산.png
231116,boss_tier_lines,daily_boss,551,1261.0,7.3484692283495345,rgb_observed,231116_보스구간별생산.png
231116,boss_tier_lines,daily_boss,555,1260.0,5.0990195135927845,rgb_observed,231116_보스구간별생산.png
231116,boss_tier_lines,daily_boss,559,1258.0,12.529964086141668,rgb_observed,231116_보스구간별생산.png
231116,boss_tier_lines,daily_boss,563,1257.0,9.9498743710662,rgb_observed,231116_보스구간별생산.png
231116,boss_tier_lines,daily_boss,567,1255.0,6.48074069840786,rgb_observed,231116_보스구간별생산.png
231116,boss_tier_lines,daily_boss,571,1254.0,11.224972160321824,rgb_observed,231116_보스구간별생산.png
231116,boss_tier_lines,daily_boss,575,1252.0,10.44030650891055,rgb_observed,231116_보스구간별생산.png
231116,boss_tier_lines,daily_boss,579,1251.0,10.246950765959598,rgb_observed,231116_보스구간별생산.png
231116,boss_tier_lines,daily_boss,583,1249.0,9.433981132056603,rgb_observed,231116_보스구간별생산.png
231116,boss_tier_lines,daily_boss,587,1249.0,20.322401432901575,rgb_observed,231116_보스구간별생산.png
231116,boss_tier_lines,daily_boss,591,1248.0,8.54400374531753,rgb_observed,231116_보스구간별생산.png
231116,boss_tier_lines,daily_boss,595,1247.0,8.774964387392123,rgb_observed,231116_보스구간별생산.png
231116,boss_tier_lines,daily_boss,599,1246.0,4.69041575982343,rgb_observed,231116_보스구간별생산.png
231116,boss_tier_lines,daily_boss,603,1245.0,23.49468024894146,rgb_observed,231116_보스구간별생산.png
231116,boss_tier_lines,daily_boss,607,1244.0,6.324555320336759,rgb_observed,231116_보스구간별생산.png
231116,boss_tier_lines,daily_boss,611,1243.0,9.486832980505138,rgb_observed,231116_보스구간별생산.png
231116,boss_tier_lines,daily_boss,615,1242.0,5.196152422706632,rgb_observed,231116_보스구간별생산.png
231116,boss_tier_lines,daily_boss,619,1241.0,13.038404810405298,rgb_observed,231116_보스구간별생산.png
231116,boss_tier_lines,daily_boss,623,1240.0,5.0990195135927845,rgb_observed,231116_보스구간별생산.png
231116,boss_tier_lines,daily_boss,627,1238.0,5.385164807134504,rgb_observed,231116_보스구간별생산.png
231116,boss_tier_lines,daily_boss,631,1237.0,8.06225774829855,rgb_observed,231116_보스구간별생산.png
231116,boss_tier_lines,daily_boss,635,1237.0,12.727922061357855,rgb_observed,231116_보스구간별생산.png
231116,boss_tier_lines,daily_boss,639,1236.0,7.874007874011811,rgb_observed,231116_보스구간별생산.png
231116,boss_tier_lines,daily_boss,643,1236.0,16.15549442140351,rgb_observed,231116_보스구간별생산.png
231116,boss_tier_lines,daily_boss,647,1235.0,7.615773105863909,rgb_observed,231116_보스구간별생산.png
231116,boss_tier_lines,daily_boss,651,1234.0,7.483314773547883,rgb_observed,231116_보스구간별생산.png
231116,boss_tier_lines,daily_boss,655,1234.0,23.021728866442675,rgb_observed,231116_보스구간별생산.png
231116,boss_tier_lines,daily_boss,659,1233.0,10.44030650891055,rgb_observed,231116_보스구간별생산.png
231116,boss_tier_lines,daily_boss,663,1232.0,10.344080432788601,rgb_observed,231116_보스구간별생산.png
231116,boss_tier_lines,daily_boss,667,1231.0,12.449899597988733,rgb_observed,231116_보스구간별생산.png
231116,boss_tier_lines,daily_boss,671,1230.0,9.899494936611665,rgb_observed,231116_보스구간별생산.png
231116,boss_tier_lines,daily_boss,675,1230.0,18.384776310850235,rgb_observed,231116_보스구간별생산.png
231116,boss_tier_lines,daily_boss,679,1229.0,7.280109889280518,rgb_observed,231116_보스구간별생산.png
231116,boss_tier_lines,daily_boss,683,1228.0,11.224972160321824,rgb_observed,231116_보스구간별생산.png
231116,boss_tier_lines,daily_boss,687,1227.0,23.065125189341593,rgb_observed,231116_보스구간별생산.png
231116,boss_tier_lines,daily_boss,691,1227.0,4.242640687119285,rgb_observed,231116_보스구간별생산.png
231116,boss_tier_lines,daily_boss,695,1226.0,3.0,rgb_observed,231116_보스구간별생산.png
231116,boss_tier_lines,daily_boss,699,1225.0,25.709920264364882,rgb_observed,231116_보스구간별생산.png
231116,boss_tier_lines,daily_boss,703,1225.0,7.54983443527075,rgb_observed,231116_보스구간별생산.png
231116,boss_tier_lines,daily_boss,707,1225.0,5.385164807134504,rgb_observed,231116_보스구간별생산.png
231116,boss_tier_lines,daily_boss,711,1224.0,10.723805294763608,rgb_observed,231116_보스구간별생산.png
231116,boss_tier_lines,daily_boss,715,1224.0,11.575836902790225,rgb_observed,231116_보스구간별생산.png
231116,boss_tier_lines,daily_boss,719,1223.0,3.7416573867739413,rgb_observed,231116_보스구간별생산.png
231116,boss_tier_lines,daily_boss,723,1223.0,5.196152422706632,rgb_observed,231116_보스구간별생산.png
231116,boss_tier_lines,daily_boss,727,1223.0,18.384776310850235,rgb_observed,231116_보스구간별생산.png
231116,boss_tier_lines,daily_boss,731,1222.0,5.744562646538029,rgb_observed,231116_보스구간별생산.png
231116,boss_tier_lines,daily_boss,735,1221.0,5.385164807134504,rgb_observed,231116_보스구간별생산.png
231116,boss_tier_lines,daily_boss,739,1221.0,12.84523257866513,rgb_observed,231116_보스구간별생산.png
231116,boss_tier_lines,daily_boss,743,1221.0,14.798648586948742,rgb_observed,231116_보스구간별생산.png
231116,boss_tier_lines,daily_boss,747,1220.0,5.916079783099616,rgb_observed,231116_보스구간별생산.png
231116,boss_tier_lines,daily_boss,751,1220.0,10.246950765959598,rgb_observed,231116_보스구간별생산.png
231116,boss_tier_lines,daily_boss,755,1220.0,12.206555615733702,rgb_observed,231116_보스구간별생산.png
231116,boss_tier_lines,daily_boss,759,1220.0,13.341664064126334,rgb_observed,231116_보스구간별생산.png
231116,boss_tier_lines,daily_boss,763,1220.0,14.89966442575134,rgb_observed,231116_보스구간별생산.png
231116,boss_tier_lines,daily_boss,767,1220.0,14.89966442575134,rgb_observed,231116_보스구간별생산.png
231116,boss_tier_lines,daily_boss,771,1220.0,12.806248474865697,rgb_observed,231116_보스구간별생산.png
231116,boss_tier_lines,daily_boss,775,1220.0,13.96424004376894,rgb_observed,231116_보스구간별생산.png
231116,boss_tier_lines,daily_boss,779,1220.0,13.0,rgb_observed,231116_보스구간별생산.png
231116,boss_tier_lines,daily_boss,783,1220.0,14.247806848775006,rgb_observed,231116_보스구간별생산.png
231116,boss_tier_lines,daily_boss,787,1220.0,15.524174696260024,rgb_observed,231116_보스구간별생산.png
231116,boss_tier_lines,daily_boss,791,1220.0,15.394804318340652,rgb_observed,231116_보스구간별생산.png
231116,boss_tier_lines,daily_boss,795,1220.0,13.601470508735444,rgb_observed,231116_보스구간별생산.png
231116,boss_tier_lines,daily_boss,799,1220.0,14.491376746189438,rgb_observed,231116_보스구간별생산.png
231116,boss_tier_lines,daily_boss,803,1220.0,12.68857754044952,rgb_observed,231116_보스구간별생산.png
231116,boss_tier_lines,daily_boss,807,1220.0,9.486832980505138,rgb_observed,231116_보스구간별생산.png
231116,boss_tier_lines,daily_boss,811,1220.0,3.7416573867739413,rgb_observed,231116_보스구간별생산.png
231116,boss_tier_lines,daily_boss,815,1220.0,20.97617696340303,rgb_observed,231116_보스구간별생산.png
231116,boss_tier_lines,daily_boss,819,1221.0,13.74772708486752,rgb_observed,231116_보스구간별생산.png
231116,boss_tier_lines,daily_boss,823,1221.0,2.23606797749979,rgb_observed,231116_보스구간별생산.png
231116,boss_tier_lines,daily_boss,827,1222.0,15.033296378372908,rgb_observed,231116_보스구간별생산.png
231116,boss_tier_lines,daily_boss,831,1222.0,4.123105625617661,rgb_observed,231116_보스구간별생산.png
231116,boss_tier_lines,daily_boss,835,1223.0,19.4164878389476,rgb_observed,231116_보스구간별생산.png
231116,boss_tier_lines,daily_boss,839,1223.0,9.899494936611665,rgb_observed,231116_보스구간별생산.png
231116,boss_tier_lines,daily_boss,843,1223.0,9.433981132056603,rgb_observed,231116_보스구간별생산.png
231116,boss_tier_lines,daily_boss,847,1224.0,5.0,rgb_observed,231116_보스구간별생산.png
231116,boss_tier_lines,daily_boss,851,1224.0,18.384776310850235,rgb_observed,231116_보스구간별생산.png
231116,boss_tier_lines,daily_boss,855,1225.0,3.3166247903554,rgb_observed,231116_보스구간별생산.png
231116,boss_tier_lines,daily_boss,859,1225.0,7.211102550927978,rgb_observed,231116_보스구간별생산.png
231116,boss_tier_lines,daily_boss,863,1226.0,21.118712081942874,rgb_observed,231116_보스구간별생산.png
231116,boss_tier_lines,daily_boss,867,1226.0,1.4142135623730951,rgb_observed,231116_보스구간별생산.png
231116,boss_tier_lines,daily_boss,871,1226.0,5.916079783099616,rgb_observed,231116_보스구간별생산.png
231116,boss_tier_lines,daily_boss,875,1226.0,12.36931687685298,rgb_observed,231116_보스구간별생산.png
231116,boss_tier_lines,daily_boss,879,1227.0,14.798648586948742,rgb_observed,231116_보스구간별생산.png
231116,boss_tier_lines,daily_boss,883,1227.0,11.704699910719626,rgb_observed,231116_보스구간별생산.png
231116,boss_tier_lines,daily_boss,887,1227.0,7.54983443527075,rgb_observed,231116_보스구간별생산.png
231116,boss_tier_lines,daily_boss,891,1227.0,2.23606797749979,rgb_observed,231116_보스구간별생산.png
231116,boss_tier_lines,daily_boss,895,1227.0,7.3484692283495345,rgb_observed,231116_보스구간별생산.png
231116,boss_tier_lines,daily_boss,899,1227.0,7.874007874011811,rgb_observed,231116_보스구간별생산.png
231116,boss_tier_lines,daily_boss,903,1227.0,11.357816691600547,rgb_observed,231116_보스구간별생산.png
231116,boss_tier_lines,daily_boss,907,1227.0,21.307275752662516,rgb_observed,231116_보스구간별생산.png
231116,boss_tier_lines,daily_boss,911,1227.0,36.742346141747674,rgb_observed,231116_보스구간별생산.png
231116,boss_tier_lines,daily_boss,915,1228.0,37.12142238654117,rgb_observed,231116_보스구간별생산.png
231116,boss_tier_lines,daily_boss,919,1228.0,33.301651610693426,rgb_observed,231116_보스구간별생산.png
231116,boss_tier_lines,daily_boss,923,1228.0,10.816653826391969,rgb_observed,231116_보스구간별생산.png
231116,boss_tier_lines,daily_boss,927,1229.0,12.884098726725126,rgb_observed,231116_보스구간별생산.png
231116,boss_tier_lines,daily_boss,931,1229.0,4.58257569495584,rgb_observed,231116_보스구간별생산.png
231116,boss_tier_lines,daily_boss,935,1229.0,29.223278392404914,rgb_observed,231116_보스구간별생산.png
231116,boss_tier_lines,daily_boss,939,1230.0,8.602325267042627,rgb_observed,231116_보스구간별생산.png
231116,boss_tier_lines,daily_boss,943,1231.0,17.46424919657298,rgb_observed,231116_보스구간별생산.png
231116,boss_tier_lines,daily_boss,947,1231.0,5.0,rgb_observed,231116_보스구간별생산.png
231116,boss_tier_lines,daily_boss,951,1232.0,22.15851980616034,rgb_observed,231116_보스구간별생산.png
231116,boss_tier_lines,daily_boss,955,1232.0,20.024984394500787,rgb_observed,231116_보스구간별생산.png
231116,boss_tier_lines,daily_boss,959,1232.0,7.0710678118654755,rgb_observed,231116_보스구간별생산.png
231116,boss_tier_lines,daily_boss,963,1233.0,8.48528137423857,rgb_observed,231116_보스구간별생산.png
231116,boss_tier_lines,daily_boss,967,1233.0,11.532562594670797,rgb_observed,231116_보스구간별생산.png
231116,boss_tier_lines,daily_boss,971,1234.0,23.043437243605826,rgb_observed,231116_보스구간별생산.png
231116,boss_tier_lines,daily_boss,975,1234.0,12.206555615733702,rgb_observed,231116_보스구간별생산.png
231116,boss_tier_lines,daily_boss,979,1234.0,8.12403840463596,rgb_observed,231116_보스구간별생산.png
231116,boss_tier_lines,daily_boss,983,1235.0,9.486832980505138,rgb_observed,231116_보스구간별생산.png
231116,boss_tier_lines,daily_boss,987,1236.0,7.681145747868608,rgb_observed,231116_보스구간별생산.png
231116,boss_tier_lines,daily_boss,991,1236.0,7.3484692283495345,rgb_observed,231116_보스구간별생산.png
231116,boss_tier_lines,daily_boss,995,1237.0,5.0990195135927845,rgb_observed,231116_보스구간별생산.png
231116,boss_tier_lines,daily_boss,999,1237.0,8.306623862918075,rgb_observed,231116_보스구간별생산.png
231116,boss_tier_lines,daily_boss,1003,1239.0,5.196152422706632,rgb_observed,231116_보스구간별생산.png
231116,boss_tier_lines,daily_boss,1007,1240.0,4.242640687119285,rgb_observed,231116_보스구간별생산.png
231116,boss_tier_lines,daily_boss,1011,1241.0,19.949937343260004,rgb_observed,231116_보스구간별생산.png
231116,boss_tier_lines,daily_boss,1015,1241.0,8.774964387392123,rgb_observed,231116_보스구간별생산.png
231116,boss_tier_lines,daily_boss,1019,1242.0,7.54983443527075,rgb_observed,231116_보스구간별생산.png
231116,boss_tier_lines,daily_boss,1023,1243.0,7.3484692283495345,rgb_observed,231116_보스구간별생산.png
231116,boss_tier_lines,daily_boss,1027,1244.0,8.306623862918075,rgb_observed,231116_보스구간별생산.png
231116,boss_tier_lines,daily_boss,1031,1244.0,25.099800796022265,rgb_observed,231116_보스구간별생산.png
231116,boss_tier_lines,daily_boss,1035,1245.0,9.16515138991168,rgb_observed,231116_보스구간별생산.png
231116,boss_tier_lines,daily_boss,1039,1246.0,6.164414002968976,rgb_observed,231116_보스구간별생산.png
231116,boss_tier_lines,daily_boss,1043,1247.0,16.73320053068151,rgb_observed,231116_보스구간별생산.png
231116,boss_tier_lines,daily_boss,1047,1247.0,6.4031242374328485,rgb_observed,231116_보스구간별생산.png
231116,boss_tier_lines,daily_boss,1051,1248.0,15.7797338380595,rgb_observed,231116_보스구간별생산.png
231116,boss_tier_lines,daily_boss,1055,1249.0,6.708203932499369,rgb_observed,231116_보스구간별생산.png
231116,boss_tier_lines,daily_boss,1059,1250.0,5.0990195135927845,rgb_observed,231116_보스구간별생산.png
231116,boss_tier_lines,daily_boss,1063,1251.0,16.06237840420901,rgb_observed,231116_보스구간별생산.png
231116,boss_tier_lines,daily_boss,1067,1251.0,6.164414002968976,rgb_observed,231116_보스구간별생산.png
231116,boss_tier_lines,daily_boss,1071,1252.0,7.681145747868608,rgb_observed,231116_보스구간별생산.png
231116,boss_tier_lines,daily_boss,1075,1253.0,7.0,rgb_observed,231116_보스구간별생산.png
231116,boss_tier_lines,daily_boss,1079,1254.0,15.7797338380595,rgb_observed,231116_보스구간별생산.png
231116,boss_tier_lines,daily_boss,1083,1255.0,11.874342087037917,rgb_observed,231116_보스구간별생산.png
231116,boss_tier_lines,daily_boss,1087,1255.0,14.866068747318506,rgb_observed,231116_보스구간별생산.png
231116,boss_tier_lines,daily_boss,1091,1256.0,12.206555615733702,rgb_observed,231116_보스구간별생산.png
231116,boss_tier_lines,daily_boss,1095,1256.0,6.4031242374328485,rgb_observed,231116_보스구간별생산.png
231116,boss_tier_lines,daily_boss,1099,1256.0,6.082762530298219,rgb_observed,231116_보스구간별생산.png
231116,boss_tier_lines,daily_boss,1103,1256.0,9.273618495495704,rgb_observed,231116_보스구간별생산.png
231116,boss_tier_lines,daily_boss,1107,1257.0,12.409673645990857,rgb_observed,231116_보스구간별생산.png
231116,boss_tier_lines,daily_boss,1111,1257.0,10.099504938362077,rgb_observed,231116_보스구간별생산.png
231116,boss_tier_lines,daily_boss,1115,1257.0,8.06225774829855,rgb_observed,231116_보스구간별생산.png
231116,boss_tier_lines,daily_boss,1119,1257.0,7.615773105863909,rgb_observed,231116_보스구간별생산.png
231116,boss_tier_lines,daily_boss,1123,1257.0,15.066519173319364,rgb_observed,231116_보스구간별생산.png
231116,boss_tier_lines,daily_boss,1127,1257.0,12.449899597988733,rgb_observed,231116_보스구간별생산.png
231116,boss_tier_lines,daily_boss,1131,1257.0,13.2664991614216,rgb_observed,231116_보스구간별생산.png
231116,boss_tier_lines,daily_boss,1135,1257.0,21.118712081942874,rgb_observed,231116_보스구간별생산.png
231116,boss_tier_lines,daily_boss,1139,1258.0,33.12099032335839,rgb_observed,231116_보스구간별생산.png
231116,boss_tier_lines,daily_boss,1143,1258.0,26.645825188948457,rgb_observed,231116_보스구간별생산.png
231116,boss_tier_lines,daily_boss,1147,1258.0,15.811388300841896,rgb_observed,231116_보스구간별생산.png
231116,boss_tier_lines,daily_boss,1151,1258.0,6.164414002968976,rgb_observed,231116_보스구간별생산.png
231116,boss_tier_lines,daily_boss,1155,1259.0,7.280109889280518,rgb_observed,231116_보스구간별생산.png
231116,boss_tier_lines,daily_boss,1159,1259.0,15.7797338380595,rgb_observed,231116_보스구간별생산.png
231116,boss_tier_lines,daily_boss,1163,1260.0,26.70205984563738,rgb_observed,231116_보스구간별생산.png
231116,boss_tier_lines,daily_boss,1167,1260.0,7.3484692283495345,rgb_observed,231116_보스구간별생산.png
231116,boss_tier_lines,daily_boss,1171,1261.0,17.578395831246947,rgb_observed,231116_보스구간별생산.png
231116,boss_tier_lines,daily_boss,1175,1261.0,4.358898943540674,rgb_observed,231116_보스구간별생산.png
231116,boss_tier_lines,daily_boss,1179,1262.0,27.964262908219126,rgb_observed,231116_보스구간별생산.png
231116,boss_tier_lines,daily_boss,1183,1262.0,11.74734012447073,rgb_observed,231116_보스구간별생산.png
231116,boss_tier_lines,daily_boss,1187,1263.0,18.841443681416774,rgb_observed,231116_보스구간별생산.png
231116,boss_tier_lines,daily_boss,1191,1263.0,4.0,rgb_observed,231116_보스구간별생산.png
231116,boss_tier_lines,daily_boss,1195,1264.0,21.470910553583888,rgb_observed,231116_보스구간별생산.png
231116,boss_tier_lines,daily_boss,1199,1264.0,9.643650760992955,rgb_observed,231116_보스구간별생산.png
231116,boss_tier_lines,daily_boss,1203,1264.0,8.246211251235321,rgb_observed,231116_보스구간별생산.png
231116,boss_tier_lines,daily_boss,1207,1265.0,12.041594578792296,rgb_observed,231116_보스구간별생산.png
231116,boss_tier_lines,daily_boss,1211,1265.0,8.660254037844387,rgb_observed,231116_보스구간별생산.png
231116,boss_tier_lines,daily_boss,1215,1266.0,25.553864678361276,rgb_observed,231116_보스구간별생산.png
231116,boss_tier_lines,daily_boss,1219,1266.0,8.12403840463596,rgb_observed,231116_보스구간별생산.png
231116,boss_tier_lines,daily_boss,1223,1266.0,5.385164807134504,rgb_observed,231116_보스구간별생산.png
231116,boss_tier_lines,daily_boss,1227,1266.0,6.782329983125268,rgb_observed,231116_보스구간별생산.png
231116,boss_tier_lines,daily_boss,1231,1266.0,15.620499351813308,rgb_observed,231116_보스구간별생산.png
231116,boss_tier_lines,daily_boss,1235,1267.0,5.477225575051661,rgb_observed,231116_보스구간별생산.png
231116,boss_tier_lines,daily_boss,1239,1267.0,21.563858652847824,rgb_observed,231116_보스구간별생산.png
231116,boss_tier_lines,daily_boss,1243,1268.0,23.40939982143925,rgb_observed,231116_보스구간별생산.png
231116,boss_tier_lines,daily_boss,1247,1268.0,6.324555320336759,rgb_observed,231116_보스구간별생산.png
231116,boss_tier_lines,daily_boss,1251,1268.0,5.0990195135927845,rgb_observed,231116_보스구간별생산.png
231116,boss_tier_lines,daily_boss,1255,1268.0,12.884098726725126,rgb_observed,231116_보스구간별생산.png
231116,boss_tier_lines,daily_boss,1259,1269.0,25.495097567963924,rgb_observed,231116_보스구간별생산.png
231116,boss_tier_lines,daily_boss,1263,1269.0,7.0710678118654755,rgb_observed,231116_보스구간별생산.png
231116,boss_tier_lines,daily_boss,1267,1269.0,2.8284271247461903,rgb_observed,231116_보스구간별생산.png
231116,boss_tier_lines,daily_boss,1271,1269.0,5.0990195135927845,rgb_observed,231116_보스구간별생산.png
231116,boss_tier_lines,daily_boss,1275,1269.0,3.1622776601683795,rgb_observed,231116_보스구간별생산.png
231116,boss_tier_lines,daily_boss,1279,1269.0,3.1622776601683795,rgb_observed,231116_보스구간별생산.png
231116,boss_tier_lines,daily_boss,1283,1269.0,2.449489742783178,rgb_observed,231116_보스구간별생산.png
231116,boss_tier_lines,daily_boss,1287,1269.0,3.7416573867739413,rgb_observed,231116_보스구간별생산.png
231116,boss_tier_lines,daily_boss,1291,1269.0,5.0,rgb_observed,231116_보스구간별생산.png
231116,boss_tier_lines,daily_boss,1295,1269.0,5.0990195135927845,rgb_observed,231116_보스구간별생산.png
231116,boss_tier_lines,daily_boss,1299,1269.0,3.605551275463989,rgb_observed,231116_보스구간별생산.png
231116,boss_tier_lines,daily_boss,1303,1269.0,3.605551275463989,rgb_observed,231116_보스구간별생산.png
231116,boss_tier_lines,daily_boss,1307,1269.0,5.656854249492381,rgb_observed,231116_보스구간별생산.png
231116,boss_tier_lines,daily_boss,1311,1269.0,6.708203932499369,rgb_observed,231116_보스구간별생산.png
231116,boss_tier_lines,daily_boss,1315,1269.0,2.23606797749979,rgb_observed,231116_보스구간별생산.png
231116,boss_tier_lines,daily_boss,1319,1269.0,1.4142135623730951,rgb_observed,231116_보스구간별생산.png
231116,boss_tier_lines,daily_boss,1323,1269.0,4.123105625617661,rgb_observed,231116_보스구간별생산.png
231116,boss_tier_lines,daily_boss,1327,1269.0,2.0,rgb_observed,231116_보스구간별생산.png
231116,boss_tier_lines,daily_boss,1331,1269.0,14.594519519326424,rgb_observed,231116_보스구간별생산.png
231116,boss_tier_lines,daily_boss,1335,1270.0,18.894443627691185,rgb_observed,231116_보스구간별생산.png
231116,boss_tier_lines,daily_boss,1339,1270.0,18.894443627691185,rgb_observed,231116_보스구간별생산.png
231116,boss_tier_lines,daily_boss,1343,1270.0,11.445523142259598,rgb_observed,231116_보스구간별생산.png
231116,boss_tier_lines,daily_boss,1347,1270.0,5.830951894845301,rgb_observed,231116_보스구간별생산.png
231116,boss_tier_lines,daily_boss,1351,1270.0,19.131126469708992,rgb_observed,231116_보스구간별생산.png
231116,boss_tier_lines,daily_boss,1355,1270.0,16.0312195418814,rgb_observed,231116_보스구간별생산.png
231116,boss_tier_lines,daily_boss,1359,1270.0,17.72004514666935,rgb_observed,231116_보스구간별생산.png
231116,boss_tier_lines,daily_boss,1363,1270.0,27.386127875258307,rgb_observed,231116_보스구간별생산.png
231116,boss_tier_lines,daily_boss,1367,1270.0,40.01249804748511,rgb_observed,231116_보스구간별생산.png
231116,boss_tier_lines,daily_boss,1371,1271.0,36.45545226711637,rgb_observed,231116_보스구간별생산.png
231116,boss_tier_lines,daily_boss,1375,1271.0,2.8284271247461903,rgb_observed,231116_보스구간별생산.png
231116,boss_tier_lines,daily_boss,1379,1271.0,12.449899597988733,rgb_observed,231116_보스구간별생산.png
231116,boss_tier_lines,daily_boss,1383,1271.0,14.730919862656235,rgb_observed,231116_보스구간별생산.png
231116,boss_tier_lines,daily_boss,1387,1271.0,19.4164878389476,rgb_observed,231116_보스구간별생산.png
231116,boss_tier_lines,daily_boss,1391,1272.0,10.488088481701515,rgb_observed,231116_보스구간별생산.png
231116,boss_tier_lines,daily_boss,1395,1272.0,9.695359714832659,rgb_observed,231116_보스구간별생산.png
231116,boss_tier_lines,daily_boss,1399,1272.0,10.770329614269007,rgb_observed,231116_보스구간별생산.png
231116,boss_tier_lines,daily_boss,1403,1272.0,4.123105625617661,rgb_observed,231116_보스구간별생산.png
231116,boss_tier_lines,daily_boss,1407,1272.0,16.55294535724685,rgb_observed,231116_보스구간별생산.png
231116,boss_tier_lines,daily_boss,1411,1272.0,27.03701166919155,rgb_observed,231116_보스구간별생산.png
231116,boss_tier_lines,daily_boss,1415,1272.0,27.0,rgb_observed,231116_보스구간별생산.png
231116,boss_tier_lines,daily_boss,1419,1273.0,35.91656999213594,rgb_observed,231116_보스구간별생산.png
231116,boss_tier_lines,daily_boss,1423,1273.0,34.66987164671943,rgb_observed,231116_보스구간별생산.png
231116,boss_tier_lines,daily_boss,1427,1273.0,27.294688127912362,rgb_observed,231116_보스구간별생산.png
231116,boss_tier_lines,daily_boss,1431,1273.0,4.358898943540674,rgb_observed,231116_보스구간별생산.png
231116,boss_tier_lines,daily_boss,1435,1273.0,18.05547008526779,rgb_observed,231116_보스구간별생산.png
231116,boss_tier_lines,daily_boss,1439,1274.0,3.1622776601683795,rgb_observed,231116_보스구간별생산.png
231116,boss_tier_lines,daily_boss,1443,1274.0,9.433981132056603,rgb_observed,231116_보스구간별생산.png
231116,boss_tier_lines,daily_boss,1447,1275.0,23.2163735324878,rgb_observed,231116_보스구간별생산.png
231116,boss_tier_lines,daily_boss,1451,1275.0,26.758176320519304,rgb_observed,231116_보스구간별생산.png
231116,boss_tier_lines,daily_boss,1455,1275.0,19.339079605813716,rgb_observed,231116_보스구간별생산.png
231116,boss_tier_lines,daily_boss,1459,1275.0,6.324555320336759,rgb_observed,231116_보스구간별생산.png
231116,boss_tier_lines,daily_boss,1463,1276.0,11.224972160321824,rgb_observed,231116_보스구간별생산.png
231116,boss_tier_lines,daily_boss,1467,1276.0,5.0990195135927845,rgb_observed,231116_보스구간별생산.png
231116,boss_tier_lines,daily_boss,1471,1276.0,12.206555615733702,rgb_observed,231116_보스구간별생산.png
231116,boss_tier_lines,daily_boss,1475,1277.0,21.656407827707714,rgb_observed,231116_보스구간별생산.png
231116,boss_tier_lines,daily_boss,1479,1277.0,19.1049731745428,rgb_observed,231116_보스구간별생산.png
231116,boss_tier_lines,daily_boss,1483,1277.0,18.05547008526779,rgb_observed,231116_보스구간별생산.png
231116,boss_tier_lines,daily_boss,1487,1277.0,9.273618495495704,rgb_observed,231116_보스구간별생산.png
231116,boss_tier_lines,daily_boss,1491,1278.0,13.601470508735444,rgb_observed,231116_보스구간별생산.png
231116,boss_tier_lines,daily_boss,1495,1278.0,14.491376746189438,rgb_observed,231116_보스구간별생산.png
231116,boss_tier_lines,daily_boss,1499,1278.0,1.0,rgb_observed,231116_보스구간별생산.png
231116,boss_tier_lines,daily_boss,1503,1278.0,13.379088160259652,rgb_observed,231116_보스구간별생산.png
231116,boss_tier_lines,daily_boss,1507,1279.0,24.351591323771842,rgb_observed,231116_보스구간별생산.png
231116,boss_tier_lines,daily_boss,1511,1278.0,21.77154105707724,rgb_observed,231116_보스구간별생산.png
231116,boss_tier_lines,daily_boss,1515,1279.0,18.788294228055936,rgb_observed,231116_보스구간별생산.png
231116,boss_tier_lines,daily_boss,1519,1279.0,17.578395831246947,rgb_observed,231116_보스구간별생산.png
231116,boss_tier_lines,daily_boss,1523,1279.0,19.949937343260004,rgb_observed,231116_보스구간별생산.png
231116,boss_tier_lines,daily_boss,1527,1279.0,21.748563170931547,rgb_observed,231116_보스구간별생산.png
231116,boss_tier_lines,daily_boss,1531,1279.0,15.588457268119896,rgb_observed,231116_보스구간별생산.png
231116,boss_tier_lines,daily_boss,1535,1279.0,10.099504938362077,rgb_observed,231116_보스구간별생산.png
231116,boss_tier_lines,daily_boss,1539,1279.0,17.029386365926403,rgb_observed,231116_보스구간별생산.png
231116,boss_tier_lines,daily_boss,1543,1279.0,17.72004514666935,rgb_observed,231116_보스구간별생산.png
231116,boss_tier_lines,daily_boss,1547,1279.0,17.146428199482248,rgb_observed,231116_보스구간별생산.png
231116,boss_tier_lines,daily_boss,1551,1279.0,15.264337522473747,rgb_observed,231116_보스구간별생산.png
231116,boss_tier_lines,daily_boss,1555,1279.0,16.76305461424021,rgb_observed,231116_보스구간별생산.png
231116,boss_tier_lines,daily_boss,1559,1279.0,19.1049731745428,rgb_observed,231116_보스구간별생산.png
231116,boss_tier_lines,daily_boss,1563,1279.0,16.76305461424021,rgb_observed,231116_보스구간별생산.png
231116,boss_tier_lines,daily_boss,1567,1279.0,20.54263858417414,rgb_observed,231116_보스구간별생산.png
231116,boss_tier_lines,daily_boss,1571,1279.0,20.049937655763422,rgb_observed,231116_보스구간별생산.png
231116,boss_tier_lines,daily_boss,1575,1279.0,15.427248620541512,rgb_observed,231116_보스구간별생산.png
231116,boss_tier_lines,daily_boss,1579,1279.0,18.16590212458495,rgb_observed,231116_보스구간별생산.png
231116,boss_tier_lines,daily_boss,1583,1279.0,19.1049731745428,rgb_observed,231116_보스구간별생산.png
231116,boss_tier_lines,daily_boss,1587,1279.0,17.72004514666935,rgb_observed,231116_보스구간별생산.png
231116,boss_tier_lines,daily_boss,1591,1279.0,15.811388300841896,rgb_observed,231116_보스구간별생산.png
231116,boss_tier_lines,daily_boss,1595,1279.0,15.427248620541512,rgb_observed,231116_보스구간별생산.png
231116,boss_tier_lines,daily_boss,1599,1279.0,17.72004514666935,rgb_observed,231116_보스구간별생산.png
231116,boss_tier_lines,daily_boss,1603,1279.0,15.329709716755891,rgb_observed,231116_보스구간별생산.png
231116,boss_tier_lines,daily_boss,1607,1279.0,15.329709716755891,rgb_observed,231116_보스구간별생산.png
231116,boss_tier_lines,daily_boss,1611,1279.0,18.16590212458495,rgb_observed,231116_보스구간별생산.png
231116,boss_tier_lines,daily_boss,1615,1279.0,18.708286933869708,rgb_observed,231116_보스구간별생산.png
231116,boss_tier_lines,daily_boss,1619,1279.0,18.708286933869708,rgb_observed,231116_보스구간별생산.png
231116,boss_tier_lines,daily_boss,1623,1279.0,20.591260281974,rgb_observed,231116_보스구간별생산.png
231116,boss_tier_lines,daily_boss,1627,1279.0,20.223748416156685,rgb_observed,231116_보스구간별생산.png
231116,boss_tier_lines,daily_boss,1631,1279.0,22.978250586152114,rgb_observed,231116_보스구간별생산.png
231116,boss_tier_lines,daily_boss,1635,1279.0,20.223748416156685,rgb_observed,231116_보스구간별생산.png
231116,boss_tier_lines,daily_boss,1639,1279.0,18.708286933869708,rgb_observed,231116_보스구간별생산.png
231116,boss_tier_lines,daily_boss,1643,1279.0,21.118712081942874,rgb_observed,231116_보스구간별생산.png
231116,boss_tier_lines,daily_boss,1647,1279.0,19.1049731745428,rgb_observed,231116_보스구간별생산.png
231116,boss_tier_lines,daily_boss,1651,1279.0,21.470910553583888,rgb_observed,231116_보스구간별생산.png
231116,boss_tier_lines,daily_boss,1655,1279.0,17.97220075561143,rgb_observed,231116_보스구간별생산.png
231116,boss_tier_lines,daily_boss,1659,1280.0,15.7797338380595,rgb_observed,231116_보스구간별생산.png
231116,boss_tier_lines,normal_seren_to_extreme_kalos,75,1338.0,3.0,rgb_observed,231116_보스구간별생산.png
231116,boss_tier_lines,normal_seren_to_extreme_kalos,79,1339.0,4.69041575982343,rgb_observed,231116_보스구간별생산.png
231116,boss_tier_lines,normal_seren_to_extreme_kalos,83,1338.0,3.7416573867739413,rgb_observed,231116_보스구간별생산.png
231116,boss_tier_lines,normal_seren_to_extreme_kalos,87,1338.0,2.449489742783178,rgb_observed,231116_보스구간별생산.png
231116,boss_tier_lines,normal_seren_to_extreme_kalos,91,1338.0,3.7416573867739413,rgb_observed,231116_보스구간별생산.png
231116,boss_tier_lines,normal_seren_to_extreme_kalos,95,1338.0,6.164414002968976,rgb_observed,231116_보스구간별생산.png
231116,boss_tier_lines,normal_seren_to_extreme_kalos,99,1338.0,3.7416573867739413,rgb_observed,231116_보스구간별생산.png
231116,boss_tier_lines,normal_seren_to_extreme_kalos,103,1339.0,5.385164807134504,rgb_observed,231116_보스구간별생산.png
231116,boss_tier_lines,normal_seren_to_extreme_kalos,107,1338.0,3.1622776601683795,rgb_observed,231116_보스구간별생산.png
231116,boss_tier_lines,normal_seren_to_extreme_kalos,111,1338.0,4.58257569495584,rgb_observed,231116_보스구간별생산.png
231116,boss_tier_lines,normal_seren_to_extreme_kalos,115,1338.0,4.58257569495584,rgb_observed,231116_보스구간별생산.png
231116,boss_tier_lines,normal_seren_to_extreme_kalos,119,1338.0,4.58257569495584,rgb_observed,231116_보스구간별생산.png
231116,boss_tier_lines,normal_seren_to_extreme_kalos,123,1338.0,3.1622776601683795,rgb_observed,231116_보스구간별생산.png
231116,boss_tier_lines,normal_seren_to_extreme_kalos,127,1338.0,3.7416573867739413,rgb_observed,231116_보스구간별생산.png
231116,boss_tier_lines,normal_seren_to_extreme_kalos,131,1338.0,4.58257569495584,rgb_observed,231116_보스구간별생산.png
231116,boss_tier_lines,normal_seren_to_extreme_kalos,135,1338.0,8.246211251235321,rgb_observed,231116_보스구간별생산.png
231116,boss_tier_lines,normal_seren_to_extreme_kalos,139,1338.0,6.557438524302,rgb_observed,231116_보스구간별생산.png
231116,boss_tier_lines,normal_seren_to_extreme_kalos,143,1338.0,3.3166247903554,rgb_observed,231116_보스구간별생산.png
231116,boss_tier_lines,normal_seren_to_extreme_kalos,147,1338.0,4.898979485566356,rgb_observed,231116_보스구간별생산.png
231116,boss_tier_lines,normal_seren_to_extreme_kalos,151,1338.0,4.69041575982343,rgb_observed,231116_보스구간별생산.png
231116,boss_tier_lines,normal_seren_to_extreme_kalos,155,1338.0,5.385164807134504,rgb_observed,231116_보스구간별생산.png
231116,boss_tier_lines,normal_seren_to_extreme_kalos,159,1338.0,1.4142135623730951,rgb_observed,231116_보스구간별생산.png
231116,boss_tier_lines,normal_seren_to_extreme_kalos,163,1338.0,6.4031242374328485,rgb_observed,231116_보스구간별생산.png
231116,boss_tier_lines,normal_seren_to_extreme_kalos,167,1338.0,4.123105625617661,rgb_observed,231116_보스구간별생산.png
231116,boss_tier_lines,normal_seren_to_extreme_kalos,171,1338.0,2.23606797749979,rgb_observed,231116_보스구간별생산.png
231116,boss_tier_lines,normal_seren_to_extreme_kalos,175,1338.0,2.23606797749979,rgb_observed,231116_보스구간별생산.png
231116,boss_tier_lines,normal_seren_to_extreme_kalos,179,1338.0,3.7416573867739413,rgb_observed,231116_보스구간별생산.png
231116,boss_tier_lines,normal_seren_to_extreme_kalos,183,1338.0,4.69041575982343,rgb_observed,231116_보스구간별생산.png
231116,boss_tier_lines,normal_seren_to_extreme_kalos,187,1338.0,1.4142135623730951,rgb_observed,231116_보스구간별생산.png
231116,boss_tier_lines,normal_seren_to_extreme_kalos,191,1339.0,5.385164807134504,rgb_observed,231116_보스구간별생산.png
231116,boss_tier_lines,normal_seren_to_extreme_kalos,195,1338.0,5.385164807134504,rgb_observed,231116_보스구간별생산.png
231116,boss_tier_lines,normal_seren_to_extreme_kalos,199,1346.0,2.23606797749979,rgb_observed,231116_보스구간별생산.png
231116,boss_tier_lines,normal_seren_to_extreme_kalos,203,1338.0,6.164414002968976,rgb_observed,231116_보스구간별생산.png
231116,boss_tier_lines,normal_seren_to_extreme_kalos,207,1339.0,3.3166247903554,rgb_observed,231116_보스구간별생산.png
231116,boss_tier_lines,normal_seren_to_extreme_kalos,211,1338.0,4.58257569495584,rgb_observed,231116_보스구간별생산.png
231116,boss_tier_lines,normal_seren_to_extreme_kalos,215,1346.0,2.449489742783178,rgb_observed,231116_보스구간별생산.png
231116,boss_tier_lines,normal_seren_to_extreme_kalos,219,1338.0,3.3166247903554,rgb_observed,231116_보스구간별생산.png
231116,boss_tier_lines,normal_seren_to_extreme_kalos,223,1338.0,4.58257569495584,rgb_observed,231116_보스구간별생산.png
231116,boss_tier_lines,normal_seren_to_extreme_kalos,227,1338.0,3.7416573867739413,rgb_observed,231116_보스구간별생산.png
231116,boss_tier_lines,normal_seren_to_extreme_kalos,231,1338.0,3.7416573867739413,rgb_observed,231116_보스구간별생산.png
231116,boss_tier_lines,normal_seren_to_extreme_kalos,235,1338.0,4.58257569495584,rgb_observed,231116_보스구간별생산.png
231116,boss_tier_lines,normal_seren_to_extreme_kalos,239,1338.0,5.385164807134504,rgb_observed,231116_보스구간별생산.png
231116,boss_tier_lines,normal_seren_to_extreme_kalos,243,1338.0,1.4142135623730951,rgb_observed,231116_보스구간별생산.png
231116,boss_tier_lines,normal_seren_to_extreme_kalos,247,1338.0,2.23606797749979,rgb_observed,231116_보스구간별생산.png
231116,boss_tier_lines,normal_seren_to_extreme_kalos,251,1338.0,2.449489742783178,rgb_observed,231116_보스구간별생산.png
231116,boss_tier_lines,normal_seren_to_extreme_kalos,255,1338.0,2.23606797749979,rgb_observed,231116_보스구간별생산.png
231116,boss_tier_lines,normal_seren_to_extreme_kalos,259,1338.0,5.385164807134504,rgb_observed,231116_보스구간별생산.png
231116,boss_tier_lines,normal_seren_to_extreme_kalos,263,1338.0,6.4031242374328485,rgb_observed,231116_보스구간별생산.png
231116,boss_tier_lines,normal_seren_to_extreme_kalos,267,1338.0,4.69041575982343,rgb_observed,231116_보스구간별생산.png
231116,boss_tier_lines,normal_seren_to_extreme_kalos,271,1338.0,6.4031242374328485,rgb_observed,231116_보스구간별생산.png
231116,boss_tier_lines,normal_seren_to_extreme_kalos,275,1338.0,2.449489742783178,rgb_observed,231116_보스구간별생산.png
231116,boss_tier_lines,normal_seren_to_extreme_kalos,279,1338.0,3.7416573867739413,rgb_observed,231116_보스구간별생산.png
231116,boss_tier_lines,normal_seren_to_extreme_kalos,283,1338.0,4.123105625617661,rgb_observed,231116_보스구간별생산.png
231116,boss_tier_lines,normal_seren_to_extreme_kalos,287,1338.0,2.23606797749979,rgb_observed,231116_보스구간별생산.png
231116,boss_tier_lines,normal_seren_to_extreme_kalos,291,1338.0,4.58257569495584,rgb_observed,231116_보스구간별생산.png
231116,boss_tier_lines,normal_seren_to_extreme_kalos,295,1338.0,4.69041575982343,rgb_observed,231116_보스구간별생산.png
231116,boss_tier_lines,normal_seren_to_extreme_kalos,299,1338.0,3.3166247903554,rgb_observed,231116_보스구간별생산.png
231116,boss_tier_lines,normal_seren_to_extreme_kalos,303,1338.0,2.23606797749979,rgb_observed,231116_보스구간별생산.png
231116,boss_tier_lines,normal_seren_to_extreme_kalos,307,1338.0,3.7416573867739413,rgb_observed,231116_보스구간별생산.png
231116,boss_tier_lines,normal_seren_to_extreme_kalos,311,1338.0,2.449489742783178,rgb_observed,231116_보스구간별생산.png
231116,boss_tier_lines,normal_seren_to_extreme_kalos,315,1338.0,5.916079783099616,rgb_observed,231116_보스구간별생산.png
231116,boss_tier_lines,normal_seren_to_extreme_kalos,319,1338.0,6.708203932499369,rgb_observed,231116_보스구간별생산.png
231116,boss_tier_lines,normal_seren_to_extreme_kalos,323,1338.0,7.3484692283495345,rgb_observed,231116_보스구간별생산.png
231116,boss_tier_lines,normal_seren_to_extreme_kalos,327,1338.0,7.681145747868608,rgb_observed,231116_보스구간별생산.png
231116,boss_tier_lines,normal_seren_to_extreme_kalos,331,1337.0,3.605551275463989,rgb_observed,231116_보스구간별생산.png
231116,boss_tier_lines,normal_seren_to_extreme_kalos,335,1337.0,5.0990195135927845,rgb_observed,231116_보스구간별생산.png
231116,boss_tier_lines,normal_seren_to_extreme_kalos,339,1337.0,3.0,rgb_observed,231116_보스구간별생산.png
231116,boss_tier_lines,normal_seren_to_extreme_kalos,343,1337.0,3.0,rgb_observed,231116_보스구간별생산.png
231116,boss_tier_lines,normal_seren_to_extreme_kalos,347,1337.0,1.0,rgb_observed,231116_보스구간별생산.png
231116,boss_tier_lines,normal_seren_to_extreme_kalos,351,1337.0,2.449489742783178,rgb_observed,231116_보스구간별생산.png
231116,boss_tier_lines,normal_seren_to_extreme_kalos,355,1337.0,2.23606797749979,rgb_observed,231116_보스구간별생산.png
231116,boss_tier_lines,normal_seren_to_extreme_kalos,359,1337.0,1.7320508075688772,rgb_observed,231116_보스구간별생산.png
231116,boss_tier_lines,normal_seren_to_extreme_kalos,363,1337.0,1.7320508075688772,rgb_observed,231116_보스구간별생산.png
231116,boss_tier_lines,normal_seren_to_extreme_kalos,367,1337.0,3.3166247903554,rgb_observed,231116_보스구간별생산.png
231116,boss_tier_lines,normal_seren_to_extreme_kalos,371,1337.0,0.0,rgb_observed,231116_보스구간별생산.png
231116,boss_tier_lines,normal_seren_to_extreme_kalos,375,1337.0,1.7320508075688772,rgb_observed,231116_보스구간별생산.png
231116,boss_tier_lines,normal_seren_to_extreme_kalos,379,1337.0,0.0,rgb_observed,231116_보스구간별생산.png
231116,boss_tier_lines,normal_seren_to_extreme_kalos,383,1337.0,1.7320508075688772,rgb_observed,231116_보스구간별생산.png
231116,boss_tier_lines,normal_seren_to_extreme_kalos,387,1337.0,0.0,rgb_observed,231116_보스구간별생산.png
231116,boss_tier_lines,normal_seren_to_extreme_kalos,391,1337.0,4.123105625617661,rgb_observed,231116_보스구간별생산.png
231116,boss_tier_lines,normal_seren_to_extreme_kalos,395,1337.0,6.4031242374328485,rgb_observed,231116_보스구간별생산.png
231116,boss_tier_lines,normal_seren_to_extreme_kalos,399,1337.0,3.0,rgb_observed,231116_보스구간별생산.png
231116,boss_tier_lines,normal_seren_to_extreme_kalos,403,1337.0,4.123105625617661,rgb_observed,231116_보스구간별생산.png
231116,boss_tier_lines,normal_seren_to_extreme_kalos,407,1337.0,4.123105625617661,rgb_observed,231116_보스구간별생산.png
231116,boss_tier_lines,normal_seren_to_extreme_kalos,411,1337.0,4.123105625617661,rgb_observed,231116_보스구간별생산.png
231116,boss_tier_lines,normal_seren_to_extreme_kalos,415,1337.0,4.123105625617661,rgb_observed,231116_보스구간별생산.png
231116,boss_tier_lines,normal_seren_to_extreme_kalos,419,1337.0,1.0,rgb_observed,231116_보스구간별생산.png
231116,boss_tier_lines,normal_seren_to_extreme_kalos,423,1337.0,1.7320508075688772,rgb_observed,231116_보스구간별생산.png
231116,boss_tier_lines,normal_seren_to_extreme_kalos,427,1337.0,4.123105625617661,rgb_observed,231116_보스구간별생산.png
231116,boss_tier_lines,normal_seren_to_extreme_kalos,431,1337.0,0.0,rgb_observed,231116_보스구간별생산.png
231116,boss_tier_lines,normal_seren_to_extreme_kalos,435,1337.0,3.0,rgb_observed,231116_보스구간별생산.png
231116,boss_tier_lines,normal_seren_to_extreme_kalos,439,1336.0,5.196152422706632,rgb_observed,231116_보스구간별생산.png
231116,boss_tier_lines,normal_seren_to_extreme_kalos,443,1336.0,5.830951894845301,rgb_observed,231116_보스구간별생산.png
231116,boss_tier_lines,normal_seren_to_extreme_kalos,447,1337.0,3.4641016151377544,rgb_observed,231116_보스구간별생산.png
231116,boss_tier_lines,normal_seren_to_extreme_kalos,451,1336.0,1.7320508075688772,rgb_observed,231116_보스구간별생산.png
231116,boss_tier_lines,normal_seren_to_extreme_kalos,455,1336.0,5.830951894845301,rgb_observed,231116_보스구간별생산.png
231116,boss_tier_lines,normal_seren_to_extreme_kalos,459,1336.0,4.123105625617661,rgb_observed,231116_보스구간별생산.png
231116,boss_tier_lines,normal_seren_to_extreme_kalos,463,1336.0,4.69041575982343,rgb_observed,231116_보스구간별생산.png
231116,boss_tier_lines,normal_seren_to_extreme_kalos,467,1337.0,2.449489742783178,rgb_observed,231116_보스구간별생산.png
231116,boss_tier_lines,normal_seren_to_extreme_kalos,471,1337.0,4.123105625617661,rgb_observed,231116_보스구간별생산.png
231116,boss_tier_lines,normal_seren_to_extreme_kalos,475,1337.0,3.0,rgb_observed,231116_보스구간별생산.png
231116,boss_tier_lines,normal_seren_to_extreme_kalos,479,1337.0,6.4031242374328485,rgb_observed,231116_보스구간별생산.png
231116,boss_tier_lines,normal_seren_to_extreme_kalos,483,1337.0,6.4031242374328485,rgb_observed,231116_보스구간별생산.png
231116,boss_tier_lines,normal_seren_to_extreme_kalos,487,1337.0,6.4031242374328485,rgb_observed,231116_보스구간별생산.png
231116,boss_tier_lines,normal_seren_to_extreme_kalos,491,1336.0,6.4031242374328485,rgb_observed,231116_보스구간별생산.png
231116,boss_tier_lines,normal_seren_to_extreme_kalos,495,1336.0,5.830951894845301,rgb_observed,231116_보스구간별생산.png
231116,boss_tier_lines,normal_seren_to_extreme_kalos,499,1336.0,4.69041575982343,rgb_observed,231116_보스구간별생산.png
231116,boss_tier_lines,normal_seren_to_extreme_kalos,503,1337.0,6.4031242374328485,rgb_observed,231116_보스구간별생산.png
231116,boss_tier_lines,normal_seren_to_extreme_kalos,507,1336.0,7.54983443527075,rgb_observed,231116_보스구간별생산.png
231116,boss_tier_lines,normal_seren_to_extreme_kalos,511,1337.0,6.4031242374328485,rgb_observed,231116_보스구간별생산.png
231116,boss_tier_lines,normal_seren_to_extreme_kalos,515,1337.0,6.0,rgb_observed,231116_보스구간별생산.png
231116,boss_tier_lines,normal_seren_to_extreme_kalos,519,1337.0,7.810249675906654,rgb_observed,231116_보스구간별생산.png
231116,boss_tier_lines,normal_seren_to_extreme_kalos,523,1337.0,8.12403840463596,rgb_observed,231116_보스구간별생산.png
231116,boss_tier_lines,normal_seren_to_extreme_kalos,527,1337.0,7.0710678118654755,rgb_observed,231116_보스구간별생산.png
231116,boss_tier_lines,normal_seren_to_extreme_kalos,531,1336.0,4.58257569495584,rgb_observed,231116_보스구간별생산.png
231116,boss_tier_lines,normal_seren_to_extreme_kalos,535,1337.0,4.898979485566356,rgb_observed,231116_보스구간별생산.png
231116,boss_tier_lines,normal_seren_to_extreme_kalos,539,1336.0,6.0,rgb_observed,231116_보스구간별생산.png
231116,boss_tier_lines,normal_seren_to_extreme_kalos,543,1337.0,4.123105625617661,rgb_observed,231116_보스구간별생산.png
231116,boss_tier_lines,normal_seren_to_extreme_kalos,547,1336.0,7.0710678118654755,rgb_observed,231116_보스구간별생산.png
231116,boss_tier_lines,normal_seren_to_extreme_kalos,551,1336.0,3.7416573867739413,rgb_observed,231116_보스구간별생산.png
231116,boss_tier_lines,normal_seren_to_extreme_kalos,555,1337.0,6.164414002968976,rgb_observed,231116_보스구간별생산.png
231116,boss_tier_lines,normal_seren_to_extreme_kalos,559,1346.0,6.48074069840786,rgb_observed,231116_보스구간별생산.png
231116,boss_tier_lines,normal_seren_to_extreme_kalos,563,1337.0,7.810249675906654,rgb_observed,231116_보스구간별생산.png
231116,boss_tier_lines,normal_seren_to_extreme_kalos,567,1337.0,7.54983443527075,rgb_observed,231116_보스구간별생산.png
231116,boss_tier_lines,normal_seren_to_extreme_kalos,571,1337.0,7.681145747868608,rgb_observed,231116_보스구간별생산.png
231116,boss_tier_lines,normal_seren_to_extreme_kalos,575,1337.0,5.385164807134504,rgb_observed,231116_보스구간별생산.png
231116,boss_tier_lines,normal_seren_to_extreme_kalos,579,1337.0,6.0,rgb_observed,231116_보스구간별생산.png
231116,boss_tier_lines,normal_seren_to_extreme_kalos,583,1336.0,6.164414002968976,rgb_observed,231116_보스구간별생산.png
231116,boss_tier_lines,normal_seren_to_extreme_kalos,587,1336.0,7.810249675906654,rgb_observed,231116_보스구간별생산.png
231116,boss_tier_lines,normal_seren_to_extreme_kalos,591,1336.0,4.69041575982343,rgb_observed,231116_보스구간별생산.png
231116,boss_tier_lines,normal_seren_to_extreme_kalos,595,1336.0,6.164414002968976,rgb_observed,231116_보스구간별생산.png
231116,boss_tier_lines,normal_seren_to_extreme_kalos,599,1336.0,6.164414002968976,rgb_observed,231116_보스구간별생산.png
231116,boss_tier_lines,normal_seren_to_extreme_kalos,603,1337.0,6.0,rgb_observed,231116_보스구간별생산.png
231116,boss_tier_lines,normal_seren_to_extreme_kalos,607,1336.0,3.7416573867739413,rgb_observed,231116_보스구간별생산.png
231116,boss_tier_lines,normal_seren_to_extreme_kalos,611,1336.0,3.0,rgb_observed,231116_보스구간별생산.png
231116,boss_tier_lines,normal_seren_to_extreme_kalos,615,1336.0,5.385164807134504,rgb_observed,231116_보스구간별생산.png
231116,boss_tier_lines,normal_seren_to_extreme_kalos,619,1336.0,2.23606797749979,rgb_observed,231116_보스구간별생산.png
231116,boss_tier_lines,normal_seren_to_extreme_kalos,623,1336.0,3.0,rgb_observed,231116_보스구간별생산.png
231116,boss_tier_lines,normal_seren_to_extreme_kalos,627,1336.0,2.449489742783178,rgb_observed,231116_보스구간별생산.png
231116,boss_tier_lines,normal_seren_to_extreme_kalos,631,1336.0,0.0,rgb_observed,231116_보스구간별생산.png
231116,boss_tier_lines,normal_seren_to_extreme_kalos,635,1336.0,3.0,rgb_observed,231116_보스구간별생산.png
231116,boss_tier_lines,normal_seren_to_extreme_kalos,639,1336.0,2.23606797749979,rgb_observed,231116_보스구간별생산.png
231116,boss_tier_lines,normal_seren_to_extreme_kalos,643,1336.0,1.7320508075688772,rgb_observed,231116_보스구간별생산.png
231116,boss_tier_lines,normal_seren_to_extreme_kalos,647,1337.0,1.0,rgb_observed,231116_보스구간별생산.png
231116,boss_tier_lines,normal_seren_to_extreme_kalos,651,1337.0,1.4142135623730951,rgb_observed,231116_보스구간별생산.png
231116,boss_tier_lines,normal_seren_to_extreme_kalos,655,1336.0,5.830951894845301,rgb_observed,231116_보스구간별생산.png
231116,boss_tier_lines,normal_seren_to_extreme_kalos,659,1336.0,6.928203230275509,rgb_observed,231116_보스구간별생산.png
231116,boss_tier_lines,normal_seren_to_extreme_kalos,663,1336.0,4.898979485566356,rgb_observed,231116_보스구간별생산.png
231116,boss_tier_lines,normal_seren_to_extreme_kalos,667,1335.0,6.708203932499369,rgb_observed,231116_보스구간별생산.png
231116,boss_tier_lines,normal_seren_to_extreme_kalos,671,1335.0,1.7320508075688772,rgb_observed,231116_보스구간별생산.png
231116,boss_tier_lines,normal_seren_to_extreme_kalos,675,1335.0,1.4142135623730951,rgb_observed,231116_보스구간별생산.png
231116,boss_tier_lines,normal_seren_to_extreme_kalos,679,1335.0,2.449489742783178,rgb_observed,231116_보스구간별생산.png
231116,boss_tier_lines,normal_seren_to_extreme_kalos,683,1335.0,1.4142135623730951,rgb_observed,231116_보스구간별생산.png
231116,boss_tier_lines,normal_seren_to_extreme_kalos,687,1335.0,2.23606797749979,rgb_observed,231116_보스구간별생산.png
231116,boss_tier_lines,normal_seren_to_extreme_kalos,691,1335.0,3.3166247903554,rgb_observed,231116_보스구간별생산.png
231116,boss_tier_lines,normal_seren_to_extreme_kalos,695,1334.0,3.0,rgb_observed,231116_보스구간별생산.png
231116,boss_tier_lines,normal_seren_to_extreme_kalos,699,1334.0,4.58257569495584,rgb_observed,231116_보스구간별생산.png
231116,boss_tier_lines,normal_seren_to_extreme_kalos,703,1335.0,4.58257569495584,rgb_observed,231116_보스구간별생산.png
231116,boss_tier_lines,normal_seren_to_extreme_kalos,707,1335.0,1.7320508075688772,rgb_observed,231116_보스구간별생산.png
231116,boss_tier_lines,normal_seren_to_extreme_kalos,711,1334.0,2.8284271247461903,rgb_observed,231116_보스구간별생산.png
231116,boss_tier_lines,normal_seren_to_extreme_kalos,715,1334.0,2.23606797749979,rgb_observed,231116_보스구간별생산.png
231116,boss_tier_lines,normal_seren_to_extreme_kalos,719,1334.0,5.0990195135927845,rgb_observed,231116_보스구간별생산.png
231116,boss_tier_lines,normal_seren_to_extreme_kalos,723,1334.0,6.708203932499369,rgb_observed,231116_보스구간별생산.png
231116,boss_tier_lines,normal_seren_to_extreme_kalos,727,1333.0,7.54983443527075,rgb_observed,231116_보스구간별생산.png
231116,boss_tier_lines,normal_seren_to_extreme_kalos,731,1333.0,8.774964387392123,rgb_observed,231116_보스구간별생산.png
231116,boss_tier_lines,normal_seren_to_extreme_kalos,735,1333.0,5.0990195135927845,rgb_observed,231116_보스구간별생산.png
231116,boss_tier_lines,normal_seren_to_extreme_kalos,739,1333.0,2.449489742783178,rgb_observed,231116_보스구간별생산.png
231116,boss_tier_lines,normal_seren_to_extreme_kalos,743,1333.0,1.0,rgb_observed,231116_보스구간별생산.png
231116,boss_tier_lines,normal_seren_to_extreme_kalos,747,1332.0,1.4142135623730951,rgb_observed,231116_보스구간별생산.png
231116,boss_tier_lines,normal_seren_to_extreme_kalos,751,1332.0,2.0,rgb_observed,231116_보스구간별생산.png
231116,boss_tier_lines,normal_seren_to_extreme_kalos,755,1333.0,1.0,rgb_observed,231116_보스구간별생산.png
231116,boss_tier_lines,normal_seren_to_extreme_kalos,759,1333.0,1.4142135623730951,rgb_observed,231116_보스구간별생산.png
231116,boss_tier_lines,normal_seren_to_extreme_kalos,763,1331.0,2.23606797749979,rgb_observed,231116_보스구간별생산.png
231116,boss_tier_lines,normal_seren_to_extreme_kalos,767,1332.0,3.7416573867739413,rgb_observed,231116_보스구간별생산.png
231116,boss_tier_lines,normal_seren_to_extreme_kalos,771,1331.0,6.4031242374328485,rgb_observed,231116_보스구간별생산.png
231116,boss_tier_lines,normal_seren_to_extreme_kalos,775,1331.0,2.449489742783178,rgb_observed,231116_보스구간별생산.png
231116,boss_tier_lines,normal_seren_to_extreme_kalos,779,1331.0,1.0,rgb_observed,231116_보스구간별생산.png
231116,boss_tier_lines,normal_seren_to_extreme_kalos,783,1331.0,1.4142135623730951,rgb_observed,231116_보스구간별생산.png
231116,boss_tier_lines,normal_seren_to_extreme_kalos,787,1331.0,2.23606797749979,rgb_observed,231116_보스구간별생산.png
231116,boss_tier_lines,normal_seren_to_extreme_kalos,791,1331.0,1.0,rgb_observed,231116_보스구간별생산.png
231116,boss_tier_lines,normal_seren_to_extreme_kalos,795,1331.0,6.0,rgb_observed,231116_보스구간별생산.png
231116,boss_tier_lines,normal_seren_to_extreme_kalos,799,1331.0,2.0,rgb_observed,231116_보스구간별생산.png
231116,boss_tier_lines,normal_seren_to_extreme_kalos,803,1331.0,3.7416573867739413,rgb_observed,231116_보스구간별생산.png
231116,boss_tier_lines,normal_seren_to_extreme_kalos,807,1330.0,3.0,rgb_observed,231116_보스구간별생산.png
231116,boss_tier_lines,normal_seren_to_extreme_kalos,811,1331.0,0.0,rgb_observed,231116_보스구간별생산.png
231116,boss_tier_lines,normal_seren_to_extreme_kalos,815,1329.0,1.0,rgb_observed,231116_보스구간별생산.png
231116,boss_tier_lines,normal_seren_to_extreme_kalos,819,1329.0,2.23606797749979,rgb_observed,231116_보스구간별생산.png
231116,boss_tier_lines,normal_seren_to_extreme_kalos,823,1329.0,2.23606797749979,rgb_observed,231116_보스구간별생산.png
231116,boss_tier_lines,normal_seren_to_extreme_kalos,827,1329.0,1.0,rgb_observed,231116_보스구간별생산.png
231116,boss_tier_lines,normal_seren_to_extreme_kalos,831,1329.0,1.4142135623730951,rgb_observed,231116_보스구간별생산.png
231116,boss_tier_lines,normal_seren_to_extreme_kalos,835,1329.0,2.8284271247461903,rgb_observed,231116_보스구간별생산.png
231116,boss_tier_lines,normal_seren_to_extreme_kalos,839,1329.0,5.0990195135927845,rgb_observed,231116_보스구간별생산.png
231116,boss_tier_lines,normal_seren_to_extreme_kalos,843,1331.0,2.23606797749979,rgb_observed,231116_보스구간별생산.png
231116,boss_tier_lines,normal_seren_to_extreme_kalos,847,1331.0,3.7416573867739413,rgb_observed,231116_보스구간별생산.png
231116,boss_tier_lines,normal_seren_to_extreme_kalos,851,1331.0,4.358898943540674,rgb_observed,231116_보스구간별생산.png
231116,boss_tier_lines,normal_seren_to_extreme_kalos,855,1331.0,2.23606797749979,rgb_observed,231116_보스구간별생산.png
231116,boss_tier_lines,normal_seren_to_extreme_kalos,859,1331.0,1.7320508075688772,rgb_observed,231116_보스구간별생산.png
231116,boss_tier_lines,normal_seren_to_extreme_kalos,863,1329.0,1.7320508075688772,rgb_observed,231116_보스구간별생산.png
231116,boss_tier_lines,normal_seren_to_extreme_kalos,867,1331.0,1.4142135623730951,rgb_observed,231116_보스구간별생산.png
231116,boss_tier_lines,normal_seren_to_extreme_kalos,871,1329.0,2.23606797749979,rgb_observed,231116_보스구간별생산.png
231116,boss_tier_lines,normal_seren_to_extreme_kalos,875,1329.0,2.23606797749979,rgb_observed,231116_보스구간별생산.png
231116,boss_tier_lines,normal_seren_to_extreme_kalos,879,1330.0,1.4142135623730951,rgb_observed,231116_보스구간별생산.png
231116,boss_tier_lines,normal_seren_to_extreme_kalos,883,1330.0,3.0,rgb_observed,231116_보스구간별생산.png
231116,boss_tier_lines,normal_seren_to_extreme_kalos,887,1329.0,6.4031242374328485,rgb_observed,231116_보스구간별생산.png
231116,boss_tier_lines,normal_seren_to_extreme_kalos,891,1329.0,2.8284271247461903,rgb_observed,231116_보스구간별생산.png
231116,boss_tier_lines,normal_seren_to_extreme_kalos,895,1329.0,6.708203932499369,rgb_observed,231116_보스구간별생산.png
231116,boss_tier_lines,normal_seren_to_extreme_kalos,899,1329.0,8.774964387392123,rgb_observed,231116_보스구간별생산.png
231116,boss_tier_lines,normal_seren_to_extreme_kalos,903,1329.0,6.708203932499369,rgb_observed,231116_보스구간별생산.png
231116,boss_tier_lines,normal_seren_to_extreme_kalos,907,1329.0,8.774964387392123,rgb_observed,231116_보스구간별생산.png
231116,boss_tier_lines,normal_seren_to_extreme_kalos,911,1328.0,5.196152422706632,rgb_observed,231116_보스구간별생산.png
231116,boss_tier_lines,normal_seren_to_extreme_kalos,915,1328.0,4.123105625617661,rgb_observed,231116_보스구간별생산.png
231116,boss_tier_lines,normal_seren_to_extreme_kalos,919,1328.0,4.123105625617661,rgb_observed,231116_보스구간별생산.png
231116,boss_tier_lines,normal_seren_to_extreme_kalos,923,1327.0,2.449489742783178,rgb_observed,231116_보스구간별생산.png
231116,boss_tier_lines,normal_seren_to_extreme_kalos,927,1328.0,1.4142135623730951,rgb_observed,231116_보스구간별생산.png
231116,boss_tier_lines,normal_seren_to_extreme_kalos,931,1327.0,7.54983443527075,rgb_observed,231116_보스구간별생산.png
231116,boss_tier_lines,normal_seren_to_extreme_kalos,935,1326.0,9.273618495495704,rgb_observed,231116_보스구간별생산.png
231116,boss_tier_lines,normal_seren_to_extreme_kalos,939,1326.0,0.0,rgb_observed,231116_보스구간별생산.png
231116,boss_tier_lines,normal_seren_to_extreme_kalos,943,1326.0,1.0,rgb_observed,231116_보스구간별생산.png
231116,boss_tier_lines,normal_seren_to_extreme_kalos,947,1325.0,2.23606797749979,rgb_observed,231116_보스구간별생산.png
231116,boss_tier_lines,normal_seren_to_extreme_kalos,951,1325.0,8.366600265340756,rgb_observed,231116_보스구간별생산.png
231116,boss_tier_lines,normal_seren_to_extreme_kalos,955,1324.0,7.0710678118654755,rgb_observed,231116_보스구간별생산.png
231116,boss_tier_lines,normal_seren_to_extreme_kalos,959,1324.0,2.23606797749979,rgb_observed,231116_보스구간별생산.png
231116,boss_tier_lines,normal_seren_to_extreme_kalos,963,1323.0,1.7320508075688772,rgb_observed,231116_보스구간별생산.png
231116,boss_tier_lines,normal_seren_to_extreme_kalos,967,1323.0,3.4641016151377544,rgb_observed,231116_보스구간별생산.png
231116,boss_tier_lines,normal_seren_to_extreme_kalos,971,1322.0,3.7416573867739413,rgb_observed,231116_보스구간별생산.png
231116,boss_tier_lines,normal_seren_to_extreme_kalos,975,1322.0,2.0,rgb_observed,231116_보스구간별생산.png
231116,boss_tier_lines,normal_seren_to_extreme_kalos,979,1322.0,1.4142135623730951,rgb_observed,231116_보스구간별생산.png
231116,boss_tier_lines,normal_seren_to_extreme_kalos,983,1322.0,2.23606797749979,rgb_observed,231116_보스구간별생산.png
231116,boss_tier_lines,normal_seren_to_extreme_kalos,987,1321.0,2.23606797749979,rgb_observed,231116_보스구간별생산.png
231116,boss_tier_lines,normal_seren_to_extreme_kalos,991,1321.0,5.0990195135927845,rgb_observed,231116_보스구간별생산.png
231116,boss_tier_lines,normal_seren_to_extreme_kalos,995,1320.0,8.774964387392123,rgb_observed,231116_보스구간별생산.png
231116,boss_tier_lines,normal_seren_to_extreme_kalos,999,1320.0,6.708203932499369,rgb_observed,231116_보스구간별생산.png
231116,boss_tier_lines,normal_seren_to_extreme_kalos,1003,1320.0,9.38083151964686,rgb_observed,231116_보스구간별생산.png
231116,boss_tier_lines,normal_seren_to_extreme_kalos,1007,1320.0,7.483314773547883,rgb_observed,231116_보스구간별생산.png
231116,boss_tier_lines,normal_seren_to_extreme_kalos,1011,1319.0,3.0,rgb_observed,231116_보스구간별생산.png
231116,boss_tier_lines,normal_seren_to_extreme_kalos,1015,1319.0,1.0,rgb_observed,231116_보스구간별생산.png
231116,boss_tier_lines,normal_seren_to_extreme_kalos,1019,1318.0,3.605551275463989,rgb_observed,231116_보스구간별생산.png
231116,boss_tier_lines,normal_seren_to_extreme_kalos,1023,1318.0,6.0,rgb_observed,231116_보스구간별생산.png
231116,boss_tier_lines,normal_seren_to_extreme_kalos,1027,1318.0,4.358898943540674,rgb_observed,231116_보스구간별생산.png
231116,boss_tier_lines,normal_seren_to_extreme_kalos,1031,1318.0,2.23606797749979,rgb_observed,231116_보스구간별생산.png
231116,boss_tier_lines,normal_seren_to_extreme_kalos,1035,1318.0,3.3166247903554,rgb_observed,231116_보스구간별생산.png
231116,boss_tier_lines,normal_seren_to_extreme_kalos,1039,1318.0,1.7320508075688772,rgb_observed,231116_보스구간별생산.png
231116,boss_tier_lines,normal_seren_to_extreme_kalos,1043,1318.0,2.23606797749979,rgb_observed,231116_보스구간별생산.png
231116,boss_tier_lines,normal_seren_to_extreme_kalos,1047,1317.0,4.58257569495584,rgb_observed,231116_보스구간별생산.png
231116,boss_tier_lines,normal_seren_to_extreme_kalos,1051,1317.0,1.4142135623730951,rgb_observed,231116_보스구간별생산.png
231116,boss_tier_lines,normal_seren_to_extreme_kalos,1055,1317.0,8.366600265340756,rgb_observed,231116_보스구간별생산.png
231116,boss_tier_lines,normal_seren_to_extreme_kalos,1059,1317.0,6.708203932499369,rgb_observed,231116_보스구간별생산.png
231116,boss_tier_lines,normal_seren_to_extreme_kalos,1063,1316.0,1.0,rgb_observed,231116_보스구간별생산.png
231116,boss_tier_lines,normal_seren_to_extreme_kalos,1067,1316.0,7.0710678118654755,rgb_observed,231116_보스구간별생산.png
231116,boss_tier_lines,normal_seren_to_extreme_kalos,1071,1316.0,7.0710678118654755,rgb_observed,231116_보스구간별생산.png
231116,boss_tier_lines,normal_seren_to_extreme_kalos,1075,1316.0,5.385164807134504,rgb_observed,231116_보스구간별생산.png
231116,boss_tier_lines,normal_seren_to_extreme_kalos,1079,1315.0,4.123105625617661,rgb_observed,231116_보스구간별생산.png
231116,boss_tier_lines,normal_seren_to_extreme_kalos,1083,1316.0,3.7416573867739413,rgb_observed,231116_보스구간별생산.png
231116,boss_tier_lines,normal_seren_to_extreme_kalos,1087,1316.0,2.23606797749979,rgb_observed,231116_보스구간별생산.png
231116,boss_tier_lines,normal_seren_to_extreme_kalos,1091,1315.0,1.4142135623730951,rgb_observed,231116_보스구간별생산.png
231116,boss_tier_lines,normal_seren_to_extreme_kalos,1095,1315.0,5.385164807134504,rgb_observed,231116_보스구간별생산.png
231116,boss_tier_lines,normal_seren_to_extreme_kalos,1099,1314.0,3.0,rgb_observed,231116_보스구간별생산.png
231116,boss_tier_lines,normal_seren_to_extreme_kalos,1103,1314.0,1.0,rgb_observed,231116_보스구간별생산.png
231116,boss_tier_lines,normal_seren_to_extreme_kalos,1107,1315.0,1.0,rgb_observed,231116_보스구간별생산.png
231116,boss_tier_lines,normal_seren_to_extreme_kalos,1111,1314.0,2.449489742783178,rgb_observed,231116_보스구간별생산.png
231116,boss_tier_lines,normal_seren_to_extreme_kalos,1115,1314.0,1.4142135623730951,rgb_observed,231116_보스구간별생산.png
231116,boss_tier_lines,normal_seren_to_extreme_kalos,1119,1314.0,1.0,rgb_observed,231116_보스구간별생산.png
231116,boss_tier_lines,normal_seren_to_extreme_kalos,1123,1314.0,2.449489742783178,rgb_observed,231116_보스구간별생산.png
231116,boss_tier_lines,normal_seren_to_extreme_kalos,1127,1314.0,1.0,rgb_observed,231116_보스구간별생산.png
231116,boss_tier_lines,normal_seren_to_extreme_kalos,1131,1314.0,3.7416573867739413,rgb_observed,231116_보스구간별생산.png
231116,boss_tier_lines,normal_seren_to_extreme_kalos,1135,1313.0,1.4142135623730951,rgb_observed,231116_보스구간별생산.png
231116,boss_tier_lines,normal_seren_to_extreme_kalos,1139,1313.0,5.385164807134504,rgb_observed,231116_보스구간별생산.png
231116,boss_tier_lines,normal_seren_to_extreme_kalos,1143,1313.0,1.7320508075688772,rgb_observed,231116_보스구간별생산.png
231116,boss_tier_lines,normal_seren_to_extreme_kalos,1147,1313.0,3.0,rgb_observed,231116_보스구간별생산.png
231116,boss_tier_lines,normal_seren_to_extreme_kalos,1151,1312.0,1.4142135623730951,rgb_observed,231116_보스구간별생산.png
231116,boss_tier_lines,normal_seren_to_extreme_kalos,1155,1312.0,1.7320508075688772,rgb_observed,231116_보스구간별생산.png
231116,boss_tier_lines,normal_seren_to_extreme_kalos,1159,1312.0,2.23606797749979,rgb_observed,231116_보스구간별생산.png
231116,boss_tier_lines,normal_seren_to_extreme_kalos,1163,1312.0,1.4142135623730951,rgb_observed,231116_보스구간별생산.png
231116,boss_tier_lines,normal_seren_to_extreme_kalos,1167,1312.0,6.4031242374328485,rgb_observed,231116_보스구간별생산.png
231116,boss_tier_lines,normal_seren_to_extreme_kalos,1171,1312.0,3.7416573867739413,rgb_observed,231116_보스구간별생산.png
231116,boss_tier_lines,normal_seren_to_extreme_kalos,1175,1312.0,3.7416573867739413,rgb_observed,231116_보스구간별생산.png
231116,boss_tier_lines,normal_seren_to_extreme_kalos,1179,1312.0,8.12403840463596,rgb_observed,231116_보스구간별생산.png
231116,boss_tier_lines,normal_seren_to_extreme_kalos,1183,1312.0,7.0710678118654755,rgb_observed,231116_보스구간별생산.png
231116,boss_tier_lines,normal_seren_to_extreme_kalos,1187,1311.0,5.385164807134504,rgb_observed,231116_보스구간별생산.png
231116,boss_tier_lines,normal_seren_to_extreme_kalos,1191,1311.0,7.54983443527075,rgb_observed,231116_보스구간별생산.png
231116,boss_tier_lines,normal_seren_to_extreme_kalos,1195,1311.0,1.4142135623730951,rgb_observed,231116_보스구간별생산.png
231116,boss_tier_lines,normal_seren_to_extreme_kalos,1199,1311.0,5.385164807134504,rgb_observed,231116_보스구간별생산.png
231116,boss_tier_lines,normal_seren_to_extreme_kalos,1203,1311.0,5.196152422706632,rgb_observed,231116_보스구간별생산.png
231116,boss_tier_lines,normal_seren_to_extreme_kalos,1207,1310.0,3.0,rgb_observed,231116_보스구간별생산.png
231116,boss_tier_lines,normal_seren_to_extreme_kalos,1211,1310.0,3.7416573867739413,rgb_observed,231116_보스구간별생산.png
231116,boss_tier_lines,normal_seren_to_extreme_kalos,1215,1310.0,3.0,rgb_observed,231116_보스구간별생산.png
231116,boss_tier_lines,normal_seren_to_extreme_kalos,1219,1310.0,1.7320508075688772,rgb_observed,231116_보스구간별생산.png
231116,boss_tier_lines,normal_seren_to_extreme_kalos,1223,1310.0,2.449489742783178,rgb_observed,231116_보스구간별생산.png
231116,boss_tier_lines,normal_seren_to_extreme_kalos,1227,1310.0,4.69041575982343,rgb_observed,231116_보스구간별생산.png
231116,boss_tier_lines,normal_seren_to_extreme_kalos,1231,1310.0,7.0710678118654755,rgb_observed,231116_보스구간별생산.png
231116,boss_tier_lines,normal_seren_to_extreme_kalos,1235,1309.0,7.54983443527075,rgb_observed,231116_보스구간별생산.png
231116,boss_tier_lines,normal_seren_to_extreme_kalos,1239,1309.0,12.206555615733702,rgb_observed,231116_보스구간별생산.png
231116,boss_tier_lines,normal_seren_to_extreme_kalos,1243,1309.0,15.652475842498529,rgb_observed,231116_보스구간별생산.png
231116,boss_tier_lines,normal_seren_to_extreme_kalos,1247,1309.0,5.385164807134504,rgb_observed,231116_보스구간별생산.png
231116,boss_tier_lines,normal_seren_to_extreme_kalos,1251,1309.0,1.7320508075688772,rgb_observed,231116_보스구간별생산.png
231116,boss_tier_lines,normal_seren_to_extreme_kalos,1255,1309.0,1.7320508075688772,rgb_observed,231116_보스구간별생산.png
231116,boss_tier_lines,normal_seren_to_extreme_kalos,1259,1309.0,1.7320508075688772,rgb_observed,231116_보스구간별생산.png
231116,boss_tier_lines,normal_seren_to_extreme_kalos,1263,1309.0,2.23606797749979,rgb_observed,231116_보스구간별생산.png
231116,boss_tier_lines,normal_seren_to_extreme_kalos,1267,1309.0,4.58257569495584,rgb_observed,231116_보스구간별생산.png
231116,boss_tier_lines,normal_seren_to_extreme_kalos,1271,1308.0,6.557438524302,rgb_observed,231116_보스구간별생산.png
231116,boss_tier_lines,normal_seren_to_extreme_kalos,1275,1308.0,2.0,rgb_observed,231116_보스구간별생산.png
231116,boss_tier_lines,normal_seren_to_extreme_kalos,1279,1308.0,5.385164807134504,rgb_observed,231116_보스구간별생산.png
231116,boss_tier_lines,normal_seren_to_extreme_kalos,1283,1308.0,8.774964387392123,rgb_observed,231116_보스구간별생산.png
231116,boss_tier_lines,normal_seren_to_extreme_kalos,1287,1308.0,8.774964387392123,rgb_observed,231116_보스구간별생산.png
231116,boss_tier_lines,normal_seren_to_extreme_kalos,1291,1307.0,5.385164807134504,rgb_observed,231116_보스구간별생산.png
231116,boss_tier_lines,normal_seren_to_extreme_kalos,1295,1307.0,1.7320508075688772,rgb_observed,231116_보스구간별생산.png
231116,boss_tier_lines,normal_seren_to_extreme_kalos,1299,1307.0,2.0,rgb_observed,231116_보스구간별생산.png
231116,boss_tier_lines,normal_seren_to_extreme_kalos,1303,1307.0,2.23606797749979,rgb_observed,231116_보스구간별생산.png
231116,boss_tier_lines,normal_seren_to_extreme_kalos,1307,1307.0,6.164414002968976,rgb_observed,231116_보스구간별생산.png
231116,boss_tier_lines,normal_seren_to_extreme_kalos,1311,1307.0,2.8284271247461903,rgb_observed,231116_보스구간별생산.png
231116,boss_tier_lines,normal_seren_to_extreme_kalos,1315,1307.0,2.23606797749979,rgb_observed,231116_보스구간별생산.png
231116,boss_tier_lines,normal_seren_to_extreme_kalos,1319,1307.0,1.0,rgb_observed,231116_보스구간별생산.png
231116,boss_tier_lines,normal_seren_to_extreme_kalos,1323,1307.0,1.0,rgb_observed,231116_보스구간별생산.png
231116,boss_tier_lines,normal_seren_to_extreme_kalos,1327,1306.0,5.385164807134504,rgb_observed,231116_보스구간별생산.png
231116,boss_tier_lines,normal_seren_to_extreme_kalos,1331,1306.0,2.23606797749979,rgb_observed,231116_보스구간별생산.png
231116,boss_tier_lines,normal_seren_to_extreme_kalos,1335,1306.0,6.928203230275509,rgb_observed,231116_보스구간별생산.png
231116,boss_tier_lines,normal_seren_to_extreme_kalos,1339,1305.0,5.385164807134504,rgb_observed,231116_보스구간별생산.png
231116,boss_tier_lines,normal_seren_to_extreme_kalos,1343,1305.0,3.7416573867739413,rgb_observed,231116_보스구간별생산.png
231116,boss_tier_lines,normal_seren_to_extreme_kalos,1347,1305.0,3.7416573867739413,rgb_observed,231116_보스구간별생산.png
231116,boss_tier_lines,normal_seren_to_extreme_kalos,1351,1305.0,5.385164807134504,rgb_observed,231116_보스구간별생산.png
231116,boss_tier_lines,normal_seren_to_extreme_kalos,1355,1305.0,2.0,rgb_observed,231116_보스구간별생산.png
231116,boss_tier_lines,normal_seren_to_extreme_kalos,1359,1305.0,2.8284271247461903,rgb_observed,231116_보스구간별생산.png
231116,boss_tier_lines,normal_seren_to_extreme_kalos,1363,1305.0,2.449489742783178,rgb_observed,231116_보스구간별생산.png
231116,boss_tier_lines,normal_seren_to_extreme_kalos,1367,1305.0,4.47213595499958,rgb_observed,231116_보스구간별생산.png
231116,boss_tier_lines,normal_seren_to_extreme_kalos,1371,1305.0,3.3166247903554,rgb_observed,231116_보스구간별생산.png
231116,boss_tier_lines,normal_seren_to_extreme_kalos,1375,1304.0,2.23606797749979,rgb_observed,231116_보스구간별생산.png
231116,boss_tier_lines,normal_seren_to_extreme_kalos,1379,1305.0,1.4142135623730951,rgb_observed,231116_보스구간별생산.png
231116,boss_tier_lines,normal_seren_to_extreme_kalos,1383,1305.0,1.4142135623730951,rgb_observed,231116_보스구간별생산.png
231116,boss_tier_lines,normal_seren_to_extreme_kalos,1387,1305.0,1.4142135623730951,rgb_observed,231116_보스구간별생산.png
231116,boss_tier_lines,normal_seren_to_extreme_kalos,1391,1305.0,2.23606797749979,rgb_observed,231116_보스구간별생산.png
231116,boss_tier_lines,normal_seren_to_extreme_kalos,1395,1305.0,2.23606797749979,rgb_observed,231116_보스구간별생산.png
231116,boss_tier_lines,normal_seren_to_extreme_kalos,1399,1305.0,3.7416573867739413,rgb_observed,231116_보스구간별생산.png
231116,boss_tier_lines,normal_seren_to_extreme_kalos,1403,1305.0,1.4142135623730951,rgb_observed,231116_보스구간별생산.png
231116,boss_tier_lines,normal_seren_to_extreme_kalos,1407,1303.0,2.23606797749979,rgb_observed,231116_보스구간별생산.png
231116,boss_tier_lines,normal_seren_to_extreme_kalos,1411,1305.0,2.0,rgb_observed,231116_보스구간별생산.png
231116,boss_tier_lines,normal_seren_to_extreme_kalos,1415,1305.0,1.4142135623730951,rgb_observed,231116_보스구간별생산.png
231116,boss_tier_lines,normal_seren_to_extreme_kalos,1419,1305.0,1.7320508075688772,rgb_observed,231116_보스구간별생산.png
231116,boss_tier_lines,normal_seren_to_extreme_kalos,1423,1305.0,2.0,rgb_observed,231116_보스구간별생산.png
231116,boss_tier_lines,normal_seren_to_extreme_kalos,1427,1305.0,1.4142135623730951,rgb_observed,231116_보스구간별생산.png
231116,boss_tier_lines,normal_seren_to_extreme_kalos,1431,1305.0,1.4142135623730951,rgb_observed,231116_보스구간별생산.png
231116,boss_tier_lines,normal_seren_to_extreme_kalos,1435,1305.0,1.4142135623730951,rgb_observed,231116_보스구간별생산.png
231116,boss_tier_lines,normal_seren_to_extreme_kalos,1439,1305.0,2.23606797749979,rgb_observed,231116_보스구간별생산.png
231116,boss_tier_lines,normal_seren_to_extreme_kalos,1443,1305.0,3.605551275463989,rgb_observed,231116_보스구간별생산.png
231116,boss_tier_lines,normal_seren_to_extreme_kalos,1447,1304.0,3.7416573867739413,rgb_observed,231116_보스구간별생산.png
231116,boss_tier_lines,normal_seren_to_extreme_kalos,1451,1304.0,6.708203932499369,rgb_observed,231116_보스구간별생산.png
231116,boss_tier_lines,normal_seren_to_extreme_kalos,1455,1304.0,11.090536506409418,rgb_observed,231116_보스구간별생산.png
231116,boss_tier_lines,normal_seren_to_extreme_kalos,1459,1303.0,12.206555615733702,rgb_observed,231116_보스구간별생산.png
231116,boss_tier_lines,normal_seren_to_extreme_kalos,1463,1303.0,8.774964387392123,rgb_observed,231116_보스구간별생산.png
231116,boss_tier_lines,normal_seren_to_extreme_kalos,1467,1303.0,2.23606797749979,rgb_observed,231116_보스구간별생산.png
231116,boss_tier_lines,normal_seren_to_extreme_kalos,1471,1303.0,1.4142135623730951,rgb_observed,231116_보스구간별생산.png
231116,boss_tier_lines,normal_seren_to_extreme_kalos,1475,1303.0,1.7320508075688772,rgb_observed,231116_보스구간별생산.png
231116,boss_tier_lines,normal_seren_to_extreme_kalos,1479,1303.0,6.0,rgb_observed,231116_보스구간별생산.png
231116,boss_tier_lines,normal_seren_to_extreme_kalos,1483,1302.0,3.4641016151377544,rgb_observed,231116_보스구간별생산.png
231116,boss_tier_lines,normal_seren_to_extreme_kalos,1487,1302.0,1.4142135623730951,rgb_observed,231116_보스구간별생산.png
231116,boss_tier_lines,normal_seren_to_extreme_kalos,1491,1302.0,3.4641016151377544,rgb_observed,231116_보스구간별생산.png
231116,boss_tier_lines,normal_seren_to_extreme_kalos,1495,1302.0,3.4641016151377544,rgb_observed,231116_보스구간별생산.png
231116,boss_tier_lines,normal_seren_to_extreme_kalos,1499,1301.0,0.0,rgb_observed,231116_보스구간별생산.png
231116,boss_tier_lines,normal_seren_to_extreme_kalos,1503,1301.0,1.0,rgb_observed,231116_보스구간별생산.png
231116,boss_tier_lines,normal_seren_to_extreme_kalos,1507,1301.0,5.830951894845301,rgb_observed,231116_보스구간별생산.png
231116,boss_tier_lines,normal_seren_to_extreme_kalos,1511,1301.0,5.830951894845301,rgb_observed,231116_보스구간별생산.png
231116,boss_tier_lines,normal_seren_to_extreme_kalos,1515,1301.0,1.4142135623730951,rgb_observed,231116_보스구간별생산.png
231116,boss_tier_lines,normal_seren_to_extreme_kalos,1519,1301.0,5.385164807134504,rgb_observed,231116_보스구간별생산.png
231116,boss_tier_lines,normal_seren_to_extreme_kalos,1523,1301.0,2.23606797749979,rgb_observed,231116_보스구간별생산.png
231116,boss_tier_lines,normal_seren_to_extreme_kalos,1527,1301.0,1.4142135623730951,rgb_observed,231116_보스구간별생산.png
231116,boss_tier_lines,normal_seren_to_extreme_kalos,1531,1301.0,2.0,rgb_observed,231116_보스구간별생산.png
231116,boss_tier_lines,normal_seren_to_extreme_kalos,1535,1301.0,1.4142135623730951,rgb_observed,231116_보스구간별생산.png
231116,boss_tier_lines,normal_seren_to_extreme_kalos,1539,1301.0,3.7416573867739413,rgb_observed,231116_보스구간별생산.png
231116,boss_tier_lines,normal_seren_to_extreme_kalos,1543,1300.0,3.3166247903554,rgb_observed,231116_보스구간별생산.png
231116,boss_tier_lines,normal_seren_to_extreme_kalos,1547,1299.0,2.23606797749979,rgb_observed,231116_보스구간별생산.png
231116,boss_tier_lines,normal_seren_to_extreme_kalos,1551,1299.0,2.23606797749979,rgb_observed,231116_보스구간별생산.png
231116,boss_tier_lines,normal_seren_to_extreme_kalos,1555,1299.0,2.23606797749979,rgb_observed,231116_보스구간별생산.png
231116,boss_tier_lines,normal_seren_to_extreme_kalos,1559,1299.0,1.0,rgb_observed,231116_보스구간별생산.png
231116,boss_tier_lines,normal_seren_to_extreme_kalos,1563,1299.0,1.0,rgb_observed,231116_보스구간별생산.png
231116,boss_tier_lines,normal_seren_to_extreme_kalos,1567,1299.0,1.0,rgb_observed,231116_보스구간별생산.png
231116,boss_tier_lines,normal_seren_to_extreme_kalos,1571,1299.0,0.0,rgb_observed,231116_보스구간별생산.png
231116,boss_tier_lines,normal_seren_to_extreme_kalos,1575,1299.0,2.449489742783178,rgb_observed,231116_보스구간별생산.png
231116,boss_tier_lines,normal_seren_to_extreme_kalos,1579,1299.0,1.7320508075688772,rgb_observed,231116_보스구간별생산.png
231116,boss_tier_lines,normal_seren_to_extreme_kalos,1583,1299.0,1.7320508075688772,rgb_observed,231116_보스구간별생산.png
231116,boss_tier_lines,normal_seren_to_extreme_kalos,1587,1299.0,1.7320508075688772,rgb_observed,231116_보스구간별생산.png
231116,boss_tier_lines,normal_seren_to_extreme_kalos,1591,1299.0,2.449489742783178,rgb_observed,231116_보스구간별생산.png
231116,boss_tier_lines,normal_seren_to_extreme_kalos,1595,1299.0,0.0,rgb_observed,231116_보스구간별생산.png
231116,boss_tier_lines,normal_seren_to_extreme_kalos,1599,1299.0,0.0,rgb_observed,231116_보스구간별생산.png
231116,boss_tier_lines,normal_seren_to_extreme_kalos,1603,1299.0,0.0,rgb_observed,231116_보스구간별생산.png
231116,boss_tier_lines,normal_seren_to_extreme_kalos,1607,1299.0,1.0,rgb_observed,231116_보스구간별생산.png
231116,boss_tier_lines,normal_seren_to_extreme_kalos,1611,1299.0,2.23606797749979,rgb_observed,231116_보스구간별생산.png
231116,boss_tier_lines,normal_seren_to_extreme_kalos,1615,1299.0,1.7320508075688772,rgb_observed,231116_보스구간별생산.png
231116,boss_tier_lines,normal_seren_to_extreme_kalos,1619,1299.0,8.366600265340756,rgb_observed,231116_보스구간별생산.png
231116,boss_tier_lines,normal_seren_to_extreme_kalos,1623,1299.0,6.708203932499369,rgb_observed,231116_보스구간별생산.png
231116,boss_tier_lines,normal_seren_to_extreme_kalos,1627,1299.0,4.358898943540674,rgb_observed,231116_보스구간별생산.png
231116,boss_tier_lines,normal_seren_to_extreme_kalos,1631,1299.0,3.7416573867739413,rgb_observed,231116_보스구간별생산.png
231116,boss_tier_lines,normal_seren_to_extreme_kalos,1635,1299.0,5.830951894845301,rgb_observed,231116_보스구간별생산.png
231116,boss_tier_lines,normal_seren_to_extreme_kalos,1639,1299.0,0.0,rgb_observed,231116_보스구간별생산.png
231116,boss_tier_lines,normal_seren_to_extreme_kalos,1643,1298.0,1.0,rgb_observed,231116_보스구간별생산.png
231116,boss_tier_lines,normal_seren_to_extreme_kalos,1647,1298.0,1.0,rgb_observed,231116_보스구간별생산.png
231116,boss_tier_lines,normal_seren_to_extreme_kalos,1651,1298.0,0.0,rgb_observed,231116_보스구간별생산.png
231116,boss_tier_lines,normal_seren_to_extreme_kalos,1655,1298.0,1.4142135623730951,rgb_observed,231116_보스구간별생산.png
231116,boss_tier_lines,normal_seren_to_extreme_kalos,1659,1299.0,14.730919862656235,rgb_observed,231116_보스구간별생산.png
250410,production_sources,boss,368,701.0,8.717797887081348,rgb_observed,250410_생산처별장기추이.jpg
250410,production_sources,boss,371,697.0,18.027756377319946,rgb_observed,250410_생산처별장기추이.jpg
250410,production_sources,boss,374,694.0,14.177446878757825,rgb_observed,250410_생산처별장기추이.jpg
250410,production_sources,boss,377,693.0,12.96148139681572,rgb_observed,250410_생산처별장기추이.jpg
250410,production_sources,boss,380,693.0,15.84297951775486,rgb_observed,250410_생산처별장기추이.jpg
250410,production_sources,boss,383,692.0,12.96148139681572,rgb_observed,250410_생산처별장기추이.jpg
250410,production_sources,boss,386,690.0,8.06225774829855,rgb_observed,250410_생산처별장기추이.jpg
250410,production_sources,boss,389,689.0,5.385164807134504,rgb_observed,250410_생산처별장기추이.jpg
250410,production_sources,boss,392,690.0,17.204650534085253,rgb_observed,250410_생산처별장기추이.jpg
250410,production_sources,boss,395,692.0,13.038404810405298,rgb_observed,250410_생산처별장기추이.jpg
250410,production_sources,boss,398,691.0,8.774964387392123,rgb_observed,250410_생산처별장기추이.jpg
250410,production_sources,boss,401,690.0,9.9498743710662,rgb_observed,250410_생산처별장기추이.jpg
250410,production_sources,boss,404,690.0,10.392304845413264,rgb_observed,250410_생산처별장기추이.jpg
250410,production_sources,boss,407,689.0,4.242640687119285,rgb_observed,250410_생산처별장기추이.jpg
250410,production_sources,boss,410,689.0,7.3484692283495345,rgb_observed,250410_생산처별장기추이.jpg
250410,production_sources,boss,413,690.0,9.695359714832659,rgb_observed,250410_생산처별장기추이.jpg
250410,production_sources,boss,416,693.0,5.196152422706632,rgb_observed,250410_생산처별장기추이.jpg
250410,production_sources,boss,419,694.0,10.04987562112089,rgb_observed,250410_생산처별장기추이.jpg
250410,production_sources,boss,422,697.0,9.273618495495704,rgb_observed,250410_생산처별장기추이.jpg
250410,production_sources,boss,425,700.0,10.770329614269007,rgb_observed,250410_생산처별장기추이.jpg
250410,production_sources,boss,428,701.0,15.620499351813308,rgb_observed,250410_생산처별장기추이.jpg
250410,production_sources,boss,431,700.0,4.242640687119285,rgb_observed,250410_생산처별장기추이.jpg
250410,production_sources,boss,434,700.0,7.14142842854285,rgb_observed,250410_생산처별장기추이.jpg
250410,production_sources,boss,437,701.0,11.74734012447073,rgb_observed,250410_생산처별장기추이.jpg
250410,production_sources,boss,440,705.0,19.261360284258224,rgb_observed,250410_생산처별장기추이.jpg
250410,production_sources,boss,443,705.0,16.0312195418814,rgb_observed,250410_생산처별장기추이.jpg
250410,production_sources,boss,446,711.0,21.42428528562855,rgb_observed,250410_생산처별장기추이.jpg
250410,production_sources,boss,449,712.0,17.204650534085253,rgb_observed,250410_생산처별장기추이.jpg
250410,production_sources,boss,452,715.0,22.315913604421397,rgb_observed,250410_생산처별장기추이.jpg
250410,production_sources,boss,455,719.0,11.357816691600547,rgb_observed,250410_생산처별장기추이.jpg
250410,production_sources,boss,458,720.0,1.4142135623730951,rgb_observed,250410_생산처별장기추이.jpg
250410,production_sources,boss,461,722.0,14.422205101855956,rgb_observed,250410_생산처별장기추이.jpg
250410,production_sources,boss,464,725.0,10.488088481701515,rgb_observed,250410_생산처별장기추이.jpg
250410,production_sources,boss,467,725.0,8.18535277187245,rgb_observed,250410_생산처별장기추이.jpg
250410,production_sources,boss,470,726.0,3.7416573867739413,rgb_observed,250410_생산처별장기추이.jpg
250410,production_sources,boss,473,726.0,4.58257569495584,rgb_observed,250410_생산처별장기추이.jpg
250410,production_sources,boss,476,727.0,6.0,rgb_observed,250410_생산처별장기추이.jpg
250410,production_sources,boss,479,728.0,6.782329983125268,rgb_observed,250410_생산처별장기추이.jpg
250410,production_sources,boss,482,727.0,9.9498743710662,rgb_observed,250410_생산처별장기추이.jpg
250410,production_sources,boss,485,727.0,8.306623862918075,rgb_observed,250410_생산처별장기추이.jpg
250410,production_sources,boss,488,725.0,12.68857754044952,rgb_observed,250410_생산처별장기추이.jpg
250410,production_sources,boss,491,724.0,18.49324200890693,rgb_observed,250410_생산처별장기추이.jpg
250410,production_sources,boss,494,721.0,24.839484696748443,rgb_observed,250410_생산처별장기추이.jpg
250410,production_sources,boss,497,717.0,19.339079605813716,rgb_observed,250410_생산처별장기추이.jpg
250410,production_sources,boss,500,714.0,14.035668847618199,rgb_observed,250410_생산처별장기추이.jpg
250410,production_sources,boss,503,713.0,13.341664064126334,rgb_observed,250410_생산처별장기추이.jpg
250410,production_sources,boss,506,712.0,10.816653826391969,rgb_observed,250410_생산처별장기추이.jpg
250410,production_sources,boss,509,712.0,4.898979485566356,rgb_observed,250410_생산처별장기추이.jpg
250410,production_sources,boss,512,712.0,7.615773105863909,rgb_observed,250410_생산처별장기추이.jpg
250410,production_sources,boss,515,712.0,8.94427190999916,rgb_observed,250410_생산처별장기추이.jpg
250410,production_sources,boss,518,713.0,7.874007874011811,rgb_observed,250410_생산처별장기추이.jpg
250410,production_sources,boss,521,713.0,8.774964387392123,rgb_observed,250410_생산처별장기추이.jpg
250410,production_sources,boss,524,712.0,9.899494936611665,rgb_observed,250410_생산처별장기추이.jpg
250410,production_sources,boss,527,712.0,9.273618495495704,rgb_observed,250410_생산처별장기추이.jpg
250410,production_sources,boss,530,710.0,16.792855623746664,rgb_observed,250410_생산처별장기추이.jpg
250410,production_sources,boss,533,710.0,7.3484692283495345,rgb_observed,250410_생산처별장기추이.jpg
250410,production_sources,boss,536,707.0,15.684387141358123,rgb_observed,250410_생산처별장기추이.jpg
250410,production_sources,boss,539,706.0,14.628738838327793,rgb_observed,250410_생산처별장기추이.jpg
250410,production_sources,boss,542,,,unresolved,250410_생산처별장기추이.jpg
250410,production_sources,boss,545,,,unresolved,250410_생산처별장기추이.jpg
250410,production_sources,boss,548,694.0,24.779023386727733,rgb_observed,250410_생산처별장기추이.jpg
250410,production_sources,boss,551,688.0,19.6468827043885,rgb_observed,250410_생산처별장기추이.jpg
250410,production_sources,boss,554,686.0,22.44994432064365,rgb_observed,250410_생산처별장기추이.jpg
250410,production_sources,boss,557,673.0,18.627936010197157,rgb_observed,250410_생산처별장기추이.jpg
250410,production_sources,boss,560,670.0,12.884098726725126,rgb_observed,250410_생산처별장기추이.jpg
250410,production_sources,boss,563,663.0,16.431676725154983,rgb_observed,250410_생산처별장기추이.jpg
250410,production_sources,boss,566,656.0,20.024984394500787,rgb_observed,250410_생산처별장기추이.jpg
250410,production_sources,boss,569,651.0,20.46948949045872,rgb_observed,250410_생산처별장기추이.jpg
250410,production_sources,boss,572,645.0,25.88435821108957,rgb_observed,250410_생산처별장기추이.jpg
250410,production_sources,boss,575,641.0,16.401219466856727,rgb_observed,250410_생산처별장기추이.jpg
250410,production_sources,boss,578,635.0,20.322401432901575,rgb_observed,250410_생산처별장기추이.jpg
250410,production_sources,boss,581,629.0,15.0996688705415,rgb_observed,250410_생산처별장기추이.jpg
250410,production_sources,boss,584,628.0,23.08679276123039,rgb_observed,250410_생산처별장기추이.jpg
250410,production_sources,boss,587,622.0,17.05872210923198,rgb_observed,250410_생산처별장기추이.jpg
250410,production_sources,boss,590,617.0,18.384776310850235,rgb_observed,250410_생산처별장기추이.jpg
250410,production_sources,boss,593,616.0,15.7797338380595,rgb_observed,250410_생산처별장기추이.jpg
250410,production_sources,boss,596,612.0,14.730919862656235,rgb_observed,250410_생산처별장기추이.jpg
250410,production_sources,boss,599,608.0,12.569805089976535,rgb_observed,250410_생산처별장기추이.jpg
250410,production_sources,boss,602,607.0,18.788294228055936,rgb_observed,250410_생산처별장기추이.jpg
250410,production_sources,boss,605,602.0,22.561028345356956,rgb_observed,250410_생산처별장기추이.jpg
250410,production_sources,boss,608,601.0,15.165750888103101,rgb_observed,250410_생산처별장기추이.jpg
250410,production_sources,boss,611,600.0,11.704699910719626,rgb_observed,250410_생산처별장기추이.jpg
250410,production_sources,boss,614,599.0,12.24744871391589,rgb_observed,250410_생산처별장기추이.jpg
250410,production_sources,boss,617,599.0,12.884098726725126,rgb_observed,250410_생산처별장기추이.jpg
250410,production_sources,boss,620,600.0,10.392304845413264,rgb_observed,250410_생산처별장기추이.jpg
250410,production_sources,boss,623,603.0,10.198039027185569,rgb_observed,250410_생산처별장기추이.jpg
250410,production_sources,boss,626,604.0,10.344080432788601,rgb_observed,250410_생산처별장기추이.jpg
250410,production_sources,boss,629,603.0,9.848857801796104,rgb_observed,250410_생산처별장기추이.jpg
250410,production_sources,boss,632,602.0,9.486832980505138,rgb_observed,250410_생산처별장기추이.jpg
250410,production_sources,boss,635,600.0,12.24744871391589,rgb_observed,250410_생산처별장기추이.jpg
250410,production_sources,boss,638,599.0,7.874007874011811,rgb_observed,250410_생산처별장기추이.jpg
250410,production_sources,boss,641,599.0,6.6332495807108,rgb_observed,250410_생산처별장기추이.jpg
250410,production_sources,boss,644,603.0,13.30413469565007,rgb_observed,250410_생산처별장기추이.jpg
250410,production_sources,boss,647,604.0,17.74823934929885,rgb_observed,250410_생산처별장기추이.jpg
250410,production_sources,boss,650,606.0,12.36931687685298,rgb_observed,250410_생산처별장기추이.jpg
250410,production_sources,boss,653,606.0,11.313708498984761,rgb_observed,250410_생산처별장기추이.jpg
250410,production_sources,boss,656,607.0,11.045361017187261,rgb_observed,250410_생산처별장기추이.jpg
250410,production_sources,boss,659,603.0,18.05547008526779,rgb_observed,250410_생산처별장기추이.jpg
250410,production_sources,boss,662,599.0,15.329709716755891,rgb_observed,250410_생산처별장기추이.jpg
250410,production_sources,boss,665,598.0,16.55294535724685,rgb_observed,250410_생산처별장기추이.jpg
250410,production_sources,boss,668,589.0,17.05872210923198,rgb_observed,250410_생산처별장기추이.jpg
250410,production_sources,boss,671,591.0,11.789826122551595,rgb_observed,250410_생산처별장기추이.jpg
250410,production_sources,boss,674,597.0,16.1245154965971,rgb_observed,250410_생산처별장기추이.jpg
250410,production_sources,boss,677,603.0,15.684387141358123,rgb_observed,250410_생산처별장기추이.jpg
250410,production_sources,boss,680,606.0,23.345235059857504,rgb_observed,250410_생산처별장기추이.jpg
250410,production_sources,boss,683,607.0,18.411952639521967,rgb_observed,250410_생산처별장기추이.jpg
250410,production_sources,boss,686,609.0,16.522711641858304,rgb_observed,250410_생산처별장기추이.jpg
250410,production_sources,boss,689,609.0,9.539392014169456,rgb_observed,250410_생산처별장기추이.jpg
250410,production_sources,boss,692,609.0,12.767145334803704,rgb_observed,250410_생산처별장기추이.jpg
250410,production_sources,boss,695,607.0,16.881943016134134,rgb_observed,250410_생산처별장기추이.jpg
250410,production_sources,boss,698,603.0,16.76305461424021,rgb_observed,250410_생산처별장기추이.jpg
250410,production_sources,boss,701,602.0,16.583123951777,rgb_observed,250410_생산처별장기추이.jpg
250410,production_sources,boss,704,600.0,5.196152422706632,rgb_observed,250410_생산처별장기추이.jpg
250410,production_sources,boss,707,598.0,7.0,rgb_observed,250410_생산처별장기추이.jpg
250410,production_sources,boss,710,598.0,14.45683229480096,rgb_observed,250410_생산처별장기추이.jpg
250410,production_sources,boss,713,603.0,23.345235059857504,rgb_observed,250410_생산처별장기추이.jpg
250410,production_sources,boss,716,607.0,17.378147196982766,rgb_observed,250410_생산처별장기추이.jpg
250410,production_sources,boss,719,607.0,9.9498743710662,rgb_observed,250410_생산처별장기추이.jpg
250410,production_sources,boss,722,609.0,6.708203932499369,rgb_observed,250410_생산처별장기추이.jpg
250410,production_sources,boss,725,610.0,10.816653826391969,rgb_observed,250410_생산처별장기추이.jpg
250410,production_sources,boss,728,612.0,8.660254037844387,rgb_observed,250410_생산처별장기추이.jpg
250410,production_sources,boss,731,614.0,5.744562646538029,rgb_observed,250410_생산처별장기추이.jpg
250410,production_sources,boss,734,613.0,14.52583904633395,rgb_observed,250410_생산처별장기추이.jpg
250410,production_sources,boss,737,609.0,9.9498743710662,rgb_observed,250410_생산처별장기추이.jpg
250410,production_sources,boss,740,611.0,12.806248474865697,rgb_observed,250410_생산처별장기추이.jpg
250410,production_sources,boss,743,614.0,23.021728866442675,rgb_observed,250410_생산처별장기추이.jpg
250410,production_sources,boss,746,621.0,3.7416573867739413,rgb_observed,250410_생산처별장기추이.jpg
250410,production_sources,boss,749,619.0,5.385164807134504,rgb_observed,250410_생산처별장기추이.jpg
250410,production_sources,boss,752,619.0,9.055385138137417,rgb_observed,250410_생산처별장기추이.jpg
250410,production_sources,boss,755,614.0,13.19090595827292,rgb_observed,250410_생산처별장기추이.jpg
250410,production_sources,boss,758,604.0,22.561028345356956,rgb_observed,250410_생산처별장기추이.jpg
250410,production_sources,boss,761,593.0,16.881943016134134,rgb_observed,250410_생산처별장기추이.jpg
250410,production_sources,boss,764,592.0,18.439088914585774,rgb_observed,250410_생산처별장기추이.jpg
250410,production_sources,boss,767,584.0,17.69180601295413,rgb_observed,250410_생산처별장기추이.jpg
250410,production_sources,boss,770,584.0,4.69041575982343,rgb_observed,250410_생산처별장기추이.jpg
250410,production_sources,boss,773,584.0,7.14142842854285,rgb_observed,250410_생산처별장기추이.jpg
250410,production_sources,boss,776,586.0,8.602325267042627,rgb_observed,250410_생산처별장기추이.jpg
250410,production_sources,boss,779,586.0,4.58257569495584,rgb_observed,250410_생산처별장기추이.jpg
250410,production_sources,boss,782,586.0,9.433981132056603,rgb_observed,250410_생산처별장기추이.jpg
250410,production_sources,boss,785,585.0,5.477225575051661,rgb_observed,250410_생산처별장기추이.jpg
250410,production_sources,boss,788,582.0,17.916472867168917,rgb_observed,250410_생산처별장기추이.jpg
250410,production_sources,boss,791,580.0,1.7320508075688772,rgb_observed,250410_생산처별장기추이.jpg
250410,production_sources,boss,794,580.0,3.1622776601683795,rgb_observed,250410_생산처별장기추이.jpg
250410,production_sources,boss,797,581.0,10.677078252031311,rgb_observed,250410_생산처별장기추이.jpg
250410,production_sources,boss,800,580.0,4.123105625617661,rgb_observed,250410_생산처별장기추이.jpg
250410,production_sources,boss,803,576.0,19.72308292331602,rgb_observed,250410_생산처별장기추이.jpg
250410,production_sources,boss,806,570.0,9.055385138137417,rgb_observed,250410_생산처별장기추이.jpg
250410,production_sources,boss,809,573.0,9.433981132056603,rgb_observed,250410_생산처별장기추이.jpg
250410,production_sources,boss,812,580.0,18.466185312619388,rgb_observed,250410_생산처별장기추이.jpg
250410,production_sources,boss,815,586.0,10.344080432788601,rgb_observed,250410_생산처별장기추이.jpg
250410,production_sources,boss,818,586.0,8.12403840463596,rgb_observed,250410_생산처별장기추이.jpg
250410,production_sources,boss,821,587.0,5.477225575051661,rgb_observed,250410_생산처별장기추이.jpg
250410,production_sources,boss,824,587.0,4.898979485566356,rgb_observed,250410_생산처별장기추이.jpg
250410,production_sources,boss,827,587.0,15.0996688705415,rgb_observed,250410_생산처별장기추이.jpg
250410,production_sources,boss,830,587.0,8.246211251235321,rgb_observed,250410_생산처별장기추이.jpg
250410,production_sources,boss,833,576.0,21.354156504062622,rgb_observed,250410_생산처별장기추이.jpg
250410,production_sources,boss,836,570.0,14.866068747318506,rgb_observed,250410_생산처별장기추이.jpg
250410,production_sources,boss,839,573.0,8.774964387392123,rgb_observed,250410_생산처별장기추이.jpg
250410,production_sources,boss,842,574.0,9.9498743710662,rgb_observed,250410_생산처별장기추이.jpg
250410,production_sources,boss,845,584.0,24.61706725018234,rgb_observed,250410_생산처별장기추이.jpg
250410,production_sources,boss,848,584.0,10.723805294763608,rgb_observed,250410_생산처별장기추이.jpg
250410,production_sources,boss,851,585.0,11.40175425099138,rgb_observed,250410_생산처별장기추이.jpg
250410,production_sources,boss,854,586.0,10.954451150103322,rgb_observed,250410_생산처별장기추이.jpg
250410,production_sources,boss,857,591.0,15.0,rgb_observed,250410_생산처별장기추이.jpg
250410,production_sources,boss,860,598.0,9.16515138991168,rgb_observed,250410_생산처별장기추이.jpg
250410,production_sources,boss,863,596.0,14.317821063276353,rgb_observed,250410_생산처별장기추이.jpg
250410,production_sources,boss,866,590.0,20.445048300260872,rgb_observed,250410_생산처별장기추이.jpg
250410,production_sources,boss,869,591.0,4.123105625617661,rgb_observed,250410_생산처별장기추이.jpg
250410,production_sources,boss,872,591.0,9.055385138137417,rgb_observed,250410_생산처별장기추이.jpg
250410,production_sources,boss,875,593.0,12.529964086141668,rgb_observed,250410_생산처별장기추이.jpg
250410,production_sources,boss,878,597.0,22.693611435820433,rgb_observed,250410_생산처별장기추이.jpg
250410,production_sources,boss,881,599.0,13.74772708486752,rgb_observed,250410_생산처별장기추이.jpg
250410,production_sources,boss,884,599.0,6.4031242374328485,rgb_observed,250410_생산처별장기추이.jpg
250410,production_sources,boss,887,598.0,10.63014581273465,rgb_observed,250410_생산처별장기추이.jpg
250410,production_sources,boss,890,596.0,17.204650534085253,rgb_observed,250410_생산처별장기추이.jpg
250410,production_sources,boss,893,592.0,25.37715508089904,rgb_observed,250410_생산처별장기추이.jpg
250410,production_sources,boss,896,580.0,19.6468827043885,rgb_observed,250410_생산처별장기추이.jpg
250410,production_sources,boss,899,577.0,12.328828005937952,rgb_observed,250410_생산처별장기추이.jpg
250410,production_sources,boss,902,575.0,11.180339887498949,rgb_observed,250410_생산처별장기추이.jpg
250410,production_sources,boss,905,575.0,7.0710678118654755,rgb_observed,250410_생산처별장기추이.jpg
250410,production_sources,boss,908,576.0,14.142135623730951,rgb_observed,250410_생산처별장기추이.jpg
250410,production_sources,boss,911,584.0,8.774964387392123,rgb_observed,250410_생산처별장기추이.jpg
250410,production_sources,boss,914,585.0,9.899494936611665,rgb_observed,250410_생산처별장기추이.jpg
250410,production_sources,boss,917,587.0,9.643650760992955,rgb_observed,250410_생산처별장기추이.jpg
250410,production_sources,boss,920,589.0,4.123105625617661,rgb_observed,250410_생산처별장기추이.jpg
250410,production_sources,boss,923,589.0,10.770329614269007,rgb_observed,250410_생산처별장기추이.jpg
250410,production_sources,boss,926,587.0,17.72004514666935,rgb_observed,250410_생산처별장기추이.jpg
250410,production_sources,boss,929,583.0,23.958297101421877,rgb_observed,250410_생산처별장기추이.jpg
250410,production_sources,boss,932,575.0,8.306623862918075,rgb_observed,250410_생산처별장기추이.jpg
250410,production_sources,boss,935,562.0,19.8997487421324,rgb_observed,250410_생산처별장기추이.jpg
250410,production_sources,boss,938,564.0,5.196152422706632,rgb_observed,250410_생산처별장기추이.jpg
250410,production_sources,boss,941,567.0,8.366600265340756,rgb_observed,250410_생산처별장기추이.jpg
250410,production_sources,boss,944,569.0,6.928203230275509,rgb_observed,250410_생산처별장기추이.jpg
250410,production_sources,boss,947,569.0,9.539392014169456,rgb_observed,250410_생산처별장기추이.jpg
250410,production_sources,boss,950,569.0,5.196152422706632,rgb_observed,250410_생산처별장기추이.jpg
250410,production_sources,boss,953,569.0,6.48074069840786,rgb_observed,250410_생산처별장기추이.jpg
250410,production_sources,boss,956,565.0,19.748417658131498,rgb_observed,250410_생산처별장기추이.jpg
250410,production_sources,boss,959,561.0,12.649110640673518,rgb_observed,250410_생산처별장기추이.jpg
250410,production_sources,boss,962,546.0,14.177446878757825,rgb_observed,250410_생산처별장기추이.jpg
250410,production_sources,boss,965,529.0,17.74823934929885,rgb_observed,250410_생산처별장기추이.jpg
250410,production_sources,boss,968,526.0,11.789826122551595,rgb_observed,250410_생산처별장기추이.jpg
250410,production_sources,boss,971,528.0,10.770329614269007,rgb_observed,250410_생산처별장기추이.jpg
250410,production_sources,boss,974,529.0,9.0,rgb_observed,250410_생산처별장기추이.jpg
250410,production_sources,boss,977,532.0,4.242640687119285,rgb_observed,250410_생산처별장기추이.jpg
250410,production_sources,boss,980,535.0,7.483314773547883,rgb_observed,250410_생산처별장기추이.jpg
250410,production_sources,boss,983,534.0,10.816653826391969,rgb_observed,250410_생산처별장기추이.jpg
250410,production_sources,boss,986,534.0,14.0,rgb_observed,250410_생산처별장기추이.jpg
250410,production_sources,boss,989,530.0,13.416407864998739,rgb_observed,250410_생산처별장기추이.jpg
250410,production_sources,boss,992,529.0,6.48074069840786,rgb_observed,250410_생산처별장기추이.jpg
250410,production_sources,boss,995,526.0,11.575836902790225,rgb_observed,250410_생산처별장기추이.jpg
250410,production_sources,boss,998,526.0,9.848857801796104,rgb_observed,250410_생산처별장기추이.jpg
250410,production_sources,boss,1001,515.0,24.55605831561735,rgb_observed,250410_생산처별장기추이.jpg
250410,production_sources,boss,1004,503.0,18.466185312619388,rgb_observed,250410_생산처별장기추이.jpg
250410,production_sources,boss,1007,506.0,7.0,rgb_observed,250410_생산처별장기추이.jpg
250410,production_sources,boss,1010,515.0,15.684387141358123,rgb_observed,250410_생산처별장기추이.jpg
250410,production_sources,boss,1013,523.0,12.206555615733702,rgb_observed,250410_생산처별장기추이.jpg
250410,production_sources,boss,1016,524.0,6.557438524302,rgb_observed,250410_생산처별장기추이.jpg
250410,production_sources,boss,1019,525.0,12.0,rgb_observed,250410_생산처별장기추이.jpg
250410,production_sources,boss,1022,525.0,10.488088481701515,rgb_observed,250410_생산처별장기추이.jpg
250410,production_sources,boss,1025,524.0,19.44222209522358,rgb_observed,250410_생산처별장기추이.jpg
250410,production_sources,boss,1028,522.0,11.224972160321824,rgb_observed,250410_생산처별장기추이.jpg
250410,production_sources,boss,1031,513.0,12.727922061357855,rgb_observed,250410_생산처별장기추이.jpg
250410,production_sources,boss,1034,501.0,18.05547008526779,rgb_observed,250410_생산처별장기추이.jpg
250410,production_sources,boss,1037,501.0,9.695359714832659,rgb_observed,250410_생산처별장기추이.jpg
250410,production_sources,boss,1040,505.0,23.345235059857504,rgb_observed,250410_생산처별장기추이.jpg
250410,production_sources,boss,1043,505.0,7.0710678118654755,rgb_observed,250410_생산처별장기추이.jpg
250410,production_sources,boss,1046,504.0,6.4031242374328485,rgb_observed,250410_생산처별장기추이.jpg
250410,production_sources,boss,1049,500.0,10.392304845413264,rgb_observed,250410_생산처별장기추이.jpg
250410,production_sources,boss,1052,497.0,8.602325267042627,rgb_observed,250410_생산처별장기추이.jpg
250410,production_sources,boss,1055,493.0,14.352700094407323,rgb_observed,250410_생산처별장기추이.jpg
250410,production_sources,boss,1058,488.0,14.352700094407323,rgb_observed,250410_생산처별장기추이.jpg
250410,production_sources,boss,1061,485.0,22.045407685048602,rgb_observed,250410_생산처별장기추이.jpg
250410,production_sources,boss,1064,465.0,15.556349186104045,rgb_observed,250410_생산처별장기추이.jpg
250410,production_sources,boss,1067,464.0,15.165750888103101,rgb_observed,250410_생산처별장기추이.jpg
250410,production_sources,boss,1070,462.0,4.898979485566356,rgb_observed,250410_생산처별장기추이.jpg
250410,production_sources,boss,1073,462.0,9.9498743710662,rgb_observed,250410_생산처별장기추이.jpg
250410,production_sources,boss,1076,469.0,14.142135623730951,rgb_observed,250410_생산처별장기추이.jpg
250410,production_sources,boss,1079,470.0,16.1245154965971,rgb_observed,250410_생산처별장기추이.jpg
250410,production_sources,boss,1082,476.0,15.394804318340652,rgb_observed,250410_생산처별장기추이.jpg
250410,production_sources,boss,1085,488.0,16.522711641858304,rgb_observed,250410_생산처별장기추이.jpg
250410,production_sources,boss,1088,504.0,8.774964387392123,rgb_observed,250410_생산처별장기추이.jpg
250410,production_sources,boss,1091,504.0,11.532562594670797,rgb_observed,250410_생산처별장기추이.jpg
250410,production_sources,boss,1094,504.0,9.16515138991168,rgb_observed,250410_생산처별장기추이.jpg
250410,production_sources,boss,1097,504.0,17.378147196982766,rgb_observed,250410_생산처별장기추이.jpg
250410,production_sources,boss,1100,497.0,16.0312195418814,rgb_observed,250410_생산처별장기추이.jpg
250410,production_sources,boss,1103,496.0,13.076696830622021,rgb_observed,250410_생산처별장기추이.jpg
250410,production_sources,boss,1106,497.0,9.486832980505138,rgb_observed,250410_생산처별장기추이.jpg
250410,production_sources,boss,1109,505.0,16.0312195418814,rgb_observed,250410_생산처별장기추이.jpg
250410,production_sources,boss,1112,517.0,7.211102550927978,rgb_observed,250410_생산처별장기추이.jpg
250410,production_sources,boss,1115,517.0,2.23606797749979,rgb_observed,250410_생산처별장기추이.jpg
250410,production_sources,boss,1118,518.0,7.0710678118654755,rgb_observed,250410_생산처별장기추이.jpg
250410,production_sources,boss,1121,520.0,15.524174696260024,rgb_observed,250410_생산처별장기추이.jpg
250410,production_sources,boss,1124,520.0,15.329709716755891,rgb_observed,250410_생산처별장기추이.jpg
250410,production_sources,boss,1127,518.0,9.9498743710662,rgb_observed,250410_생산처별장기추이.jpg
250410,production_sources,boss,1130,507.0,17.549928774784245,rgb_observed,250410_생산처별장기추이.jpg
250410,production_sources,boss,1133,501.0,30.805843601498726,rgb_observed,250410_생산처별장기추이.jpg
250410,production_sources,boss,1136,,,unresolved,250410_생산처별장기추이.jpg
250410,production_sources,boss,1139,494.0,53.04714883949938,rgb_observed,250410_생산처별장기추이.jpg
250410,production_sources,boss,1142,494.0,15.297058540778355,rgb_observed,250410_생산처별장기추이.jpg
250410,production_sources,boss,1145,489.0,15.7797338380595,rgb_observed,250410_생산처별장기추이.jpg
250410,production_sources,boss,1148,482.0,15.0,rgb_observed,250410_생산처별장기추이.jpg
250410,production_sources,boss,1151,472.0,16.881943016134134,rgb_observed,250410_생산처별장기추이.jpg
250410,production_sources,boss,1154,451.0,12.206555615733702,rgb_observed,250410_생산처별장기추이.jpg
250410,production_sources,boss,1157,426.0,20.09975124224178,rgb_observed,250410_생산처별장기추이.jpg
250410,production_sources,boss,1160,403.0,17.97220075561143,rgb_observed,250410_생산처별장기추이.jpg
250410,production_sources,boss,1163,382.0,8.06225774829855,rgb_observed,250410_생산처별장기추이.jpg
250410,production_sources,boss,1166,360.0,16.55294535724685,rgb_observed,250410_생산처별장기추이.jpg
250410,production_sources,boss,1169,355.0,14.866068747318506,rgb_observed,250410_생산처별장기추이.jpg
250410,production_sources,boss,1172,354.0,12.727922061357855,rgb_observed,250410_생산처별장기추이.jpg
250410,production_sources,boss,1175,359.0,15.132745950421556,rgb_observed,250410_생산처별장기추이.jpg
250410,production_sources,boss,1178,363.0,3.7416573867739413,rgb_observed,250410_생산처별장기추이.jpg
250410,production_sources,boss,1181,363.0,7.0710678118654755,rgb_observed,250410_생산처별장기추이.jpg
250410,production_sources,boss,1184,360.0,13.601470508735444,rgb_observed,250410_생산처별장기추이.jpg
250410,production_sources,boss,1187,356.0,12.24744871391589,rgb_observed,250410_생산처별장기추이.jpg
250410,production_sources,boss,1190,358.0,2.23606797749979,rgb_observed,250410_생산처별장기추이.jpg
250410,production_sources,boss,1193,361.0,14.0,rgb_observed,250410_생산처별장기추이.jpg
250410,production_sources,boss,1196,364.0,3.605551275463989,rgb_observed,250410_생산처별장기추이.jpg
250410,production_sources,boss,1199,348.0,15.524174696260024,rgb_observed,250410_생산처별장기추이.jpg
250410,production_sources,boss,1202,325.0,7.874007874011811,rgb_observed,250410_생산처별장기추이.jpg
250410,production_sources,boss,1205,327.0,2.23606797749979,rgb_observed,250410_생산처별장기추이.jpg
250410,production_sources,boss,1208,338.0,18.973665961010276,rgb_observed,250410_생산처별장기추이.jpg
250410,production_sources,boss,1211,347.0,11.916375287812984,rgb_observed,250410_생산처별장기추이.jpg
250410,production_sources,boss,1214,350.0,15.0996688705415,rgb_observed,250410_생산처별장기추이.jpg
250410,production_sources,boss,1217,350.0,12.569805089976535,rgb_observed,250410_생산처별장기추이.jpg
250410,production_sources,boss,1220,345.0,10.816653826391969,rgb_observed,250410_생산처별장기추이.jpg
250410,production_sources,boss,1223,342.0,15.0996688705415,rgb_observed,250410_생산처별장기추이.jpg
250410,production_sources,boss,1226,336.0,13.30413469565007,rgb_observed,250410_생산처별장기추이.jpg
250410,production_sources,boss,1229,325.0,24.289915602982237,rgb_observed,250410_생산처별장기추이.jpg
250410,production_sources,boss,1232,322.0,10.488088481701515,rgb_observed,250410_생산처별장기추이.jpg
250410,production_sources,boss,1235,322.0,3.7416573867739413,rgb_observed,250410_생산처별장기추이.jpg
250410,production_sources,boss,1238,337.0,18.24828759089466,rgb_observed,250410_생산처별장기추이.jpg
250410,production_sources,boss,1241,360.0,15.165750888103101,rgb_observed,250410_생산처별장기추이.jpg
250410,production_sources,boss,1244,362.0,9.486832980505138,rgb_observed,250410_생산처별장기추이.jpg
250410,production_sources,boss,1247,363.0,3.605551275463989,rgb_observed,250410_생산처별장기추이.jpg
250410,production_sources,boss,1250,361.0,9.9498743710662,rgb_observed,250410_생산처별장기추이.jpg
250410,production_sources,boss,1253,359.0,15.394804318340652,rgb_observed,250410_생산처별장기추이.jpg
250410,production_sources,boss,1256,355.0,12.727922061357855,rgb_observed,250410_생산처별장기추이.jpg
250410,production_sources,boss,1259,347.0,16.61324772583615,rgb_observed,250410_생산처별장기추이.jpg
250410,production_sources,boss,1262,337.0,21.470910553583888,rgb_observed,250410_생산처별장기추이.jpg
250410,production_sources,field,368,770.0,24.454038521274967,rgb_observed,250410_생산처별장기추이.jpg
250410,production_sources,field,371,770.0,20.73644135332772,rgb_observed,250410_생산처별장기추이.jpg
250410,production_sources,field,374,770.0,18.708286933869708,rgb_observed,250410_생산처별장기추이.jpg
250410,production_sources,field,377,770.0,20.049937655763422,rgb_observed,250410_생산처별장기추이.jpg
250410,production_sources,field,380,770.0,24.779023386727733,rgb_observed,250410_생산처별장기추이.jpg
250410,production_sources,field,383,770.0,28.337254630609507,rgb_observed,250410_생산처별장기추이.jpg
250410,production_sources,field,386,769.0,23.108440016582687,rgb_observed,250410_생산처별장기추이.jpg
250410,production_sources,field,389,769.0,22.045407685048602,rgb_observed,250410_생산처별장기추이.jpg
250410,production_sources,field,392,768.0,21.307275752662516,rgb_observed,250410_생산처별장기추이.jpg
250410,production_sources,field,395,769.0,24.779023386727733,rgb_observed,250410_생산처별장기추이.jpg
250410,production_sources,field,398,767.0,27.459060435491963,rgb_observed,250410_생산처별장기추이.jpg
250410,production_sources,field,401,766.0,22.02271554554524,rgb_observed,250410_생산처별장기추이.jpg
250410,production_sources,field,404,762.0,31.51190251317746,rgb_observed,250410_생산처별장기추이.jpg
250410,production_sources,field,407,763.0,19.339079605813716,rgb_observed,250410_생산처별장기추이.jpg
250410,production_sources,field,410,762.0,18.708286933869708,rgb_observed,250410_생산처별장기추이.jpg
250410,production_sources,field,413,763.0,20.149441679609886,rgb_observed,250410_생산처별장기추이.jpg
250410,production_sources,field,416,769.0,26.570660511172846,rgb_observed,250410_생산처별장기추이.jpg
250410,production_sources,field,419,,,unresolved,250410_생산처별장기추이.jpg
250410,production_sources,field,422,775.0,25.298221281347036,rgb_observed,250410_생산처별장기추이.jpg
250410,production_sources,field,425,774.0,20.024984394500787,rgb_observed,250410_생산처별장기추이.jpg
250410,production_sources,field,428,775.0,20.83266665599966,rgb_observed,250410_생산처별장기추이.jpg
250410,production_sources,field,431,775.0,23.430749027719962,rgb_observed,250410_생산처별장기추이.jpg
250410,production_sources,field,434,776.0,21.18962010041709,rgb_observed,250410_생산처별장기추이.jpg
250410,production_sources,field,437,775.0,18.681541692269406,rgb_observed,250410_생산처별장기추이.jpg
250410,production_sources,field,440,775.0,17.97220075561143,rgb_observed,250410_생산처별장기추이.jpg
250410,production_sources,field,443,776.0,18.867962264113206,rgb_observed,250410_생산처별장기추이.jpg
250410,production_sources,field,446,776.0,18.05547008526779,rgb_observed,250410_생산처별장기추이.jpg
250410,production_sources,field,449,776.0,22.869193252058544,rgb_observed,250410_생산처별장기추이.jpg
250410,production_sources,field,452,781.0,32.202484376209235,rgb_observed,250410_생산처별장기추이.jpg
250410,production_sources,field,455,782.0,28.071337695236398,rgb_observed,250410_생산처별장기추이.jpg
250410,production_sources,field,458,786.0,22.67156809750927,rgb_observed,250410_생산처별장기추이.jpg
250410,production_sources,field,461,786.0,23.958297101421877,rgb_observed,250410_생산처별장기추이.jpg
250410,production_sources,field,464,786.0,25.45584412271571,rgb_observed,250410_생산처별장기추이.jpg
250410,production_sources,field,467,786.0,20.149441679609886,rgb_observed,250410_생산처별장기추이.jpg
250410,production_sources,field,470,786.0,20.346989949375804,rgb_observed,250410_생산처별장기추이.jpg
250410,production_sources,field,473,786.0,22.38302928559939,rgb_observed,250410_생산처별장기추이.jpg
250410,production_sources,field,476,785.0,22.58317958127243,rgb_observed,250410_생산처별장기추이.jpg
250410,production_sources,field,479,785.0,23.0,rgb_observed,250410_생산처별장기추이.jpg
250410,production_sources,field,482,783.0,20.42057785666214,rgb_observed,250410_생산처별장기추이.jpg
250410,production_sources,field,485,783.0,19.6468827043885,rgb_observed,250410_생산처별장기추이.jpg
250410,production_sources,field,488,782.0,23.108440016582687,rgb_observed,250410_생산처별장기추이.jpg
250410,production_sources,field,491,782.0,23.0,rgb_observed,250410_생산처별장기추이.jpg
250410,production_sources,field,494,781.0,19.697715603592208,rgb_observed,250410_생산처별장기추이.jpg
250410,production_sources,field,497,781.0,26.1725046566048,rgb_observed,250410_생산처별장기추이.jpg
250410,production_sources,field,500,780.0,28.879058156387302,rgb_observed,250410_생산처별장기추이.jpg
250410,production_sources,field,503,780.0,30.479501308256342,rgb_observed,250410_생산처별장기추이.jpg
250410,production_sources,field,506,779.0,27.459060435491963,rgb_observed,250410_생산처별장기추이.jpg
250410,production_sources,field,509,778.0,28.478061731796284,rgb_observed,250410_생산처별장기추이.jpg
250410,production_sources,field,512,777.0,26.19160170741759,rgb_observed,250410_생산처별장기추이.jpg
250410,production_sources,field,515,777.0,23.345235059857504,rgb_observed,250410_생산처별장기추이.jpg
250410,production_sources,field,518,777.0,19.924858845171276,rgb_observed,250410_생산처별장기추이.jpg
250410,production_sources,field,521,777.0,19.924858845171276,rgb_observed,250410_생산처별장기추이.jpg
250410,production_sources,field,524,778.0,17.378147196982766,rgb_observed,250410_생산처별장기추이.jpg
250410,production_sources,field,527,778.0,20.639767440550294,rgb_observed,250410_생산처별장기추이.jpg
250410,production_sources,field,530,777.0,23.194827009486403,rgb_observed,250410_생산처별장기추이.jpg
250410,production_sources,field,533,774.0,25.573423705088842,rgb_observed,250410_생산처별장기추이.jpg
250410,production_sources,field,536,774.0,24.839484696748443,rgb_observed,250410_생산처별장기추이.jpg
250410,production_sources,field,539,775.0,24.289915602982237,rgb_observed,250410_생산처별장기추이.jpg
250410,production_sources,field,542,775.0,24.919871588754223,rgb_observed,250410_생산처별장기추이.jpg
250410,production_sources,field,545,773.0,26.115129714401192,rgb_observed,250410_생산처별장기추이.jpg
250410,production_sources,field,548,769.0,29.274562336608895,rgb_observed,250410_생산처별장기추이.jpg
250410,production_sources,field,551,768.0,29.765752132274432,rgb_observed,250410_생산처별장기추이.jpg
250410,production_sources,field,554,761.0,31.016124838541646,rgb_observed,250410_생산처별장기추이.jpg
250410,production_sources,field,557,754.0,34.36568055487916,rgb_observed,250410_생산처별장기추이.jpg
250410,production_sources,field,560,753.0,29.698484809834994,rgb_observed,250410_생산처별장기추이.jpg
250410,production_sources,field,563,751.0,27.367864366808018,rgb_observed,250410_생산처별장기추이.jpg
250410,production_sources,field,566,750.0,24.289915602982237,rgb_observed,250410_생산처별장기추이.jpg
250410,production_sources,field,569,747.0,19.261360284258224,rgb_observed,250410_생산처별장기추이.jpg
250410,production_sources,field,572,747.0,28.160255680657446,rgb_observed,250410_생산처별장기추이.jpg
250410,production_sources,field,575,743.0,25.573423705088842,rgb_observed,250410_생산처별장기추이.jpg
250410,production_sources,field,578,741.0,26.115129714401192,rgb_observed,250410_생산처별장기추이.jpg
250410,production_sources,field,581,734.0,22.516660498395403,rgb_observed,250410_생산처별장기추이.jpg
250410,production_sources,field,584,712.0,32.01562118716424,rgb_observed,250410_생산처별장기추이.jpg
250410,production_sources,field,587,687.0,29.816103031751148,rgb_observed,250410_생산처별장기추이.jpg
250410,production_sources,field,590,678.0,21.840329667841555,rgb_observed,250410_생산처별장기추이.jpg
250410,production_sources,field,593,679.0,26.70205984563738,rgb_observed,250410_생산처별장기추이.jpg
250410,production_sources,field,596,682.0,32.155870381627054,rgb_observed,250410_생산처별장기추이.jpg
250410,production_sources,field,599,684.0,29.631064780058107,rgb_observed,250410_생산처별장기추이.jpg
250410,production_sources,field,602,686.0,21.93171219946131,rgb_observed,250410_생산처별장기추이.jpg
250410,production_sources,field,605,688.0,27.09243436828813,rgb_observed,250410_생산처별장기추이.jpg
250410,production_sources,field,608,687.0,23.280893453645632,rgb_observed,250410_생산처별장기추이.jpg
250410,production_sources,field,611,687.0,23.769728648009426,rgb_observed,250410_생산처별장기추이.jpg
250410,production_sources,field,614,683.0,27.85677655436824,rgb_observed,250410_생산처별장기추이.jpg
250410,production_sources,field,617,683.0,18.601075237738275,rgb_observed,250410_생산처별장기추이.jpg
250410,production_sources,field,620,682.0,24.454038521274967,rgb_observed,250410_생산처별장기추이.jpg
250410,production_sources,field,623,686.0,19.209372712298546,rgb_observed,250410_생산처별장기추이.jpg
250410,production_sources,field,626,690.0,22.11334438749598,rgb_observed,250410_생산처별장기추이.jpg
250410,production_sources,field,629,690.0,22.22611077089287,rgb_observed,250410_생산처별장기추이.jpg
250410,production_sources,field,632,692.0,19.6468827043885,rgb_observed,250410_생산처별장기추이.jpg
250410,production_sources,field,635,692.0,20.904544960366874,rgb_observed,250410_생산처별장기추이.jpg
250410,production_sources,field,638,693.0,14.89966442575134,rgb_observed,250410_생산처별장기추이.jpg
250410,production_sources,field,641,694.0,24.879710609249457,rgb_observed,250410_생산처별장기추이.jpg
250410,production_sources,field,644,699.0,19.519221295943137,rgb_observed,250410_생산처별장기추이.jpg
250410,production_sources,field,647,703.0,24.71841418861655,rgb_observed,250410_생산처별장기추이.jpg
250410,production_sources,field,650,703.0,23.769728648009426,rgb_observed,250410_생산처별장기추이.jpg
250410,production_sources,field,653,705.0,18.138357147217054,rgb_observed,250410_생산처별장기추이.jpg
250410,production_sources,field,656,704.0,21.863211109075447,rgb_observed,250410_생산처별장기추이.jpg
250410,production_sources,field,659,706.0,28.35489375751565,rgb_observed,250410_생산처별장기추이.jpg
250410,production_sources,field,662,708.0,24.55605831561735,rgb_observed,250410_생산처별장기추이.jpg
250410,production_sources,field,665,708.0,22.759613353482084,rgb_observed,250410_생산처별장기추이.jpg
250410,production_sources,field,668,707.0,19.519221295943137,rgb_observed,250410_생산처별장기추이.jpg
250410,production_sources,field,671,706.0,19.1049731745428,rgb_observed,250410_생산처별장기추이.jpg
250410,production_sources,field,674,711.0,29.086079144497972,rgb_observed,250410_생산처별장기추이.jpg
250410,production_sources,field,677,715.0,23.15167380558045,rgb_observed,250410_생산처별장기추이.jpg
250410,production_sources,field,680,715.0,18.867962264113206,rgb_observed,250410_생산처별장기추이.jpg
250410,production_sources,field,683,714.0,23.043437243605826,rgb_observed,250410_생산처별장기추이.jpg
250410,production_sources,field,686,713.0,27.459060435491963,rgb_observed,250410_생산처별장기추이.jpg
250410,production_sources,field,689,712.0,23.280893453645632,rgb_observed,250410_생산처별장기추이.jpg
250410,production_sources,field,692,711.0,23.108440016582687,rgb_observed,250410_생산처별장기추이.jpg
250410,production_sources,field,695,711.0,21.0,rgb_observed,250410_생산처별장기추이.jpg
250410,production_sources,field,698,711.0,22.11334438749598,rgb_observed,250410_생산처별장기추이.jpg
250410,production_sources,field,701,713.0,17.72004514666935,rgb_observed,250410_생산처별장기추이.jpg
250410,production_sources,field,704,713.0,23.62202362203543,rgb_observed,250410_생산처별장기추이.jpg
250410,production_sources,field,707,717.0,30.675723300355934,rgb_observed,250410_생산처별장기추이.jpg
250410,production_sources,field,710,718.0,21.118712081942874,rgb_observed,250410_생산처별장기추이.jpg
250410,production_sources,field,713,718.0,19.697715603592208,rgb_observed,250410_생산처별장기추이.jpg
250410,production_sources,field,716,718.0,29.34280150224242,rgb_observed,250410_생산처별장기추이.jpg
250410,production_sources,field,719,721.0,25.019992006393608,rgb_observed,250410_생산처별장기추이.jpg
250410,production_sources,field,722,721.0,20.92844953645635,rgb_observed,250410_생산처별장기추이.jpg
250410,production_sources,field,725,725.0,28.809720581775867,rgb_observed,250410_생산처별장기추이.jpg
250410,production_sources,field,728,727.0,33.481338085566414,rgb_observed,250410_생산처별장기추이.jpg
250410,production_sources,field,731,734.0,26.90724809414742,rgb_observed,250410_생산처별장기추이.jpg
250410,production_sources,field,734,734.0,26.589471600616662,rgb_observed,250410_생산처별장기추이.jpg
250410,production_sources,field,737,737.0,20.591260281974,rgb_observed,250410_생산처별장기추이.jpg
250410,production_sources,field,740,738.0,22.715633383201094,rgb_observed,250410_생산처별장기추이.jpg
250410,production_sources,field,743,740.0,23.0,rgb_observed,250410_생산처별장기추이.jpg
250410,production_sources,field,746,740.0,21.0,rgb_observed,250410_생산처별장기추이.jpg
250410,production_sources,field,749,741.0,24.779023386727733,rgb_observed,250410_생산처별장기추이.jpg
250410,production_sources,field,752,741.0,24.535688292770594,rgb_observed,250410_생산처별장기추이.jpg
250410,production_sources,field,755,734.0,30.870698080866262,rgb_observed,250410_생산처별장기추이.jpg
250410,production_sources,field,758,735.0,27.676705006196094,rgb_observed,250410_생산처별장기추이.jpg
250410,production_sources,field,761,726.0,30.347981810987037,rgb_observed,250410_생산처별장기추이.jpg
250410,production_sources,field,764,725.0,23.53720459187964,rgb_observed,250410_생산처별장기추이.jpg
250410,production_sources,field,767,723.0,18.49324200890693,rgb_observed,250410_생산처별장기추이.jpg
250410,production_sources,field,770,723.0,16.401219466856727,rgb_observed,250410_생산처별장기추이.jpg
250410,production_sources,field,773,722.0,22.516660498395403,rgb_observed,250410_생산처별장기추이.jpg
250410,production_sources,field,776,722.0,22.44994432064365,rgb_observed,250410_생산처별장기추이.jpg
250410,production_sources,field,779,718.0,21.97726097583591,rgb_observed,250410_생산처별장기추이.jpg
250410,production_sources,field,782,713.0,30.822070014844883,rgb_observed,250410_생산처별장기추이.jpg
250410,production_sources,field,785,711.0,31.796226191169293,rgb_observed,250410_생산처별장기추이.jpg
250410,production_sources,field,788,703.0,34.72751070837067,rgb_observed,250410_생산처별장기추이.jpg
250410,production_sources,field,791,702.0,15.165750888103101,rgb_observed,250410_생산처별장기추이.jpg
250410,production_sources,field,794,703.0,19.05255888325765,rgb_observed,250410_생산처별장기추이.jpg
250410,production_sources,field,797,712.0,22.58317958127243,rgb_observed,250410_생산처별장기추이.jpg
250410,production_sources,field,800,714.0,25.80697580112788,rgb_observed,250410_생산처별장기추이.jpg
250410,production_sources,field,803,718.0,22.715633383201094,rgb_observed,250410_생산처별장기추이.jpg
250410,production_sources,field,806,720.0,22.045407685048602,rgb_observed,250410_생산처별장기추이.jpg
250410,production_sources,field,809,720.0,24.677925358506133,rgb_observed,250410_생산처별장기추이.jpg
250410,production_sources,field,812,723.0,26.095976701399778,rgb_observed,250410_생산처별장기추이.jpg
250410,production_sources,field,815,723.0,18.867962264113206,rgb_observed,250410_생산처별장기추이.jpg
250410,production_sources,field,818,724.0,21.563858652847824,rgb_observed,250410_생산처별장기추이.jpg
250410,production_sources,field,821,724.0,28.106938645110393,rgb_observed,250410_생산처별장기추이.jpg
250410,production_sources,field,824,723.0,29.546573405388315,rgb_observed,250410_생산처별장기추이.jpg
250410,production_sources,field,827,721.0,28.478061731796284,rgb_observed,250410_생산처별장기추이.jpg
250410,production_sources,field,830,720.0,22.11334438749598,rgb_observed,250410_생산처별장기추이.jpg
250410,production_sources,field,833,719.0,19.05255888325765,rgb_observed,250410_생산처별장기추이.jpg
250410,production_sources,field,836,719.0,19.05255888325765,rgb_observed,250410_생산처별장기추이.jpg
250410,production_sources,field,839,719.0,21.095023109728988,rgb_observed,250410_생산처별장기추이.jpg
250410,production_sources,field,842,719.0,21.118712081942874,rgb_observed,250410_생산처별장기추이.jpg
250410,production_sources,field,845,719.0,20.71231517720798,rgb_observed,250410_생산처별장기추이.jpg
250410,production_sources,field,848,719.0,23.194827009486403,rgb_observed,250410_생산처별장기추이.jpg
250410,production_sources,field,851,719.0,18.138357147217054,rgb_observed,250410_생산처별장기추이.jpg
250410,production_sources,field,854,719.0,22.135943621178654,rgb_observed,250410_생산처별장기추이.jpg
250410,production_sources,field,857,721.0,24.24871130596428,rgb_observed,250410_생산처별장기추이.jpg
250410,production_sources,field,860,724.0,23.790754506740637,rgb_observed,250410_생산처별장기추이.jpg
250410,production_sources,field,863,724.0,24.06241883103193,rgb_observed,250410_생산처별장기추이.jpg
250410,production_sources,field,866,725.0,22.516660498395403,rgb_observed,250410_생산처별장기추이.jpg
250410,production_sources,field,869,725.0,26.570660511172846,rgb_observed,250410_생산처별장기추이.jpg
250410,production_sources,field,872,703.0,26.551836094703507,rgb_observed,250410_생산처별장기추이.jpg
250410,production_sources,field,875,691.0,18.466185312619388,rgb_observed,250410_생산처별장기추이.jpg
250410,production_sources,field,878,690.0,16.30950643030009,rgb_observed,250410_생산처별장기추이.jpg
250410,production_sources,field,881,692.0,33.85262175962151,rgb_observed,250410_생산처별장기추이.jpg
250410,production_sources,field,884,698.0,29.410882339705484,rgb_observed,250410_생산처별장기추이.jpg
250410,production_sources,field,887,704.0,18.384776310850235,rgb_observed,250410_생산처별장기추이.jpg
250410,production_sources,field,890,711.0,12.884098726725126,rgb_observed,250410_생산처별장기추이.jpg
250410,production_sources,field,893,711.0,15.165750888103101,rgb_observed,250410_생산처별장기추이.jpg
250410,production_sources,field,896,713.0,21.587033144922902,rgb_observed,250410_생산처별장기추이.jpg
250410,production_sources,field,899,712.0,22.40535650240808,rgb_observed,250410_생산처별장기추이.jpg
250410,production_sources,field,902,713.0,27.018512172212592,rgb_observed,250410_생산처별장기추이.jpg
250410,production_sources,field,905,714.0,27.367864366808018,rgb_observed,250410_생산처별장기추이.jpg
250410,production_sources,field,908,715.0,20.904544960366874,rgb_observed,250410_생산처별장기추이.jpg
250410,production_sources,field,911,714.0,19.0,rgb_observed,250410_생산처별장기추이.jpg
250410,production_sources,field,914,714.0,21.400934559032695,rgb_observed,250410_생산처별장기추이.jpg
250410,production_sources,field,917,716.0,22.135943621178654,rgb_observed,250410_생산처별장기추이.jpg
250410,production_sources,field,920,716.0,19.924858845171276,rgb_observed,250410_생산처별장기추이.jpg
250410,production_sources,field,923,715.0,26.645825188948457,rgb_observed,250410_생산처별장기추이.jpg
250410,production_sources,field,926,714.0,16.401219466856727,rgb_observed,250410_생산처별장기추이.jpg
250410,production_sources,field,929,713.0,23.62202362203543,rgb_observed,250410_생산처별장기추이.jpg
250410,production_sources,field,932,712.0,19.72308292331602,rgb_observed,250410_생산처별장기추이.jpg
250410,production_sources,field,935,714.0,24.535688292770594,rgb_observed,250410_생산처별장기추이.jpg
250410,production_sources,field,938,715.0,21.77154105707724,rgb_observed,250410_생산처별장기추이.jpg
250410,production_sources,field,941,708.0,23.430749027719962,rgb_observed,250410_생산처별장기추이.jpg
250410,production_sources,field,944,707.0,18.05547008526779,rgb_observed,250410_생산처별장기추이.jpg
250410,production_sources,field,947,707.0,19.544820285692065,rgb_observed,250410_생산처별장기추이.jpg
250410,production_sources,field,950,707.0,18.708286933869708,rgb_observed,250410_생산처별장기추이.jpg
250410,production_sources,field,953,707.0,24.73863375370596,rgb_observed,250410_생산처별장기추이.jpg
250410,production_sources,field,956,710.0,24.1039415863879,rgb_observed,250410_생산처별장기추이.jpg
250410,production_sources,field,959,711.0,14.798648586948742,rgb_observed,250410_생산처별장기추이.jpg
250410,production_sources,field,962,711.0,20.615528128088304,rgb_observed,250410_생산처별장기추이.jpg
250410,production_sources,field,965,710.0,19.72308292331602,rgb_observed,250410_생산처별장기추이.jpg
250410,production_sources,field,968,711.0,24.73863375370596,rgb_observed,250410_생산처별장기추이.jpg
250410,production_sources,field,971,710.0,24.596747752497688,rgb_observed,250410_생산처별장기추이.jpg
250410,production_sources,field,974,709.0,23.62202362203543,rgb_observed,250410_생산처별장기추이.jpg
250410,production_sources,field,977,709.0,22.58317958127243,rgb_observed,250410_생산처별장기추이.jpg
250410,production_sources,field,980,710.0,25.179356624028344,rgb_observed,250410_생산처별장기추이.jpg
250410,production_sources,field,983,710.0,20.615528128088304,rgb_observed,250410_생산처별장기추이.jpg
250410,production_sources,field,986,710.0,20.784609690826528,rgb_observed,250410_생산처별장기추이.jpg
250410,production_sources,field,989,711.0,18.05547008526779,rgb_observed,250410_생산처별장기추이.jpg
250410,production_sources,field,992,711.0,15.297058540778355,rgb_observed,250410_생산처별장기추이.jpg
250410,production_sources,field,995,710.0,18.16590212458495,rgb_observed,250410_생산처별장기추이.jpg
250410,production_sources,field,998,710.0,16.881943016134134,rgb_observed,250410_생산처별장기추이.jpg
250410,production_sources,field,1001,710.0,20.149441679609886,rgb_observed,250410_생산처별장기추이.jpg
250410,production_sources,field,1004,709.0,17.72004514666935,rgb_observed,250410_생산처별장기추이.jpg
250410,production_sources,field,1007,709.0,18.708286933869708,rgb_observed,250410_생산처별장기추이.jpg
250410,production_sources,field,1010,705.0,29.631064780058107,rgb_observed,250410_생산처별장기추이.jpg
250410,production_sources,field,1013,705.0,27.2213151776324,rgb_observed,250410_생산처별장기추이.jpg
250410,production_sources,field,1016,698.0,27.2213151776324,rgb_observed,250410_생산처별장기추이.jpg
250410,production_sources,field,1019,693.0,24.71841418861655,rgb_observed,250410_생산처별장기추이.jpg
250410,production_sources,field,1022,693.0,21.97726097583591,rgb_observed,250410_생산처별장기추이.jpg
250410,production_sources,field,1025,694.0,31.448370387032774,rgb_observed,250410_생산처별장기추이.jpg
250410,production_sources,field,1028,696.0,31.336879231984796,rgb_observed,250410_생산처별장기추이.jpg
250410,production_sources,field,1031,697.0,21.42428528562855,rgb_observed,250410_생산처별장기추이.jpg
250410,production_sources,field,1034,697.0,21.42428528562855,rgb_observed,250410_생산처별장기추이.jpg
250410,production_sources,field,1037,698.0,25.099800796022265,rgb_observed,250410_생산처별장기추이.jpg
250410,production_sources,field,1040,697.0,21.095023109728988,rgb_observed,250410_생산처별장기추이.jpg
250410,production_sources,field,1043,696.0,21.118712081942874,rgb_observed,250410_생산처별장기추이.jpg
250410,production_sources,field,1046,695.0,24.24871130596428,rgb_observed,250410_생산처별장기추이.jpg
250410,production_sources,field,1049,693.0,25.099800796022265,rgb_observed,250410_생산처별장기추이.jpg
250410,production_sources,field,1052,692.0,23.727621035409346,rgb_observed,250410_생산처별장기추이.jpg
250410,production_sources,field,1055,691.0,26.77685567799177,rgb_observed,250410_생산처별장기추이.jpg
250410,production_sources,field,1058,688.0,24.372115213907882,rgb_observed,250410_생산처별장기추이.jpg
250410,production_sources,field,1061,689.0,21.470910553583888,rgb_observed,250410_생산처별장기추이.jpg
250410,production_sources,field,1064,689.0,21.840329667841555,rgb_observed,250410_생산처별장기추이.jpg
250410,production_sources,field,1067,689.0,19.72308292331602,rgb_observed,250410_생산처별장기추이.jpg
250410,production_sources,field,1070,689.0,28.089143810376278,rgb_observed,250410_생산처별장기추이.jpg
250410,production_sources,field,1073,687.0,19.4164878389476,rgb_observed,250410_생산처별장기추이.jpg
250410,production_sources,field,1076,687.0,27.892651361962706,rgb_observed,250410_생산처별장기추이.jpg
250410,production_sources,field,1079,693.0,24.819347291981714,rgb_observed,250410_생산처별장기추이.jpg
250410,production_sources,field,1082,697.0,26.43860813280457,rgb_observed,250410_생산처별장기추이.jpg
250410,production_sources,field,1085,703.0,30.166206257996713,rgb_observed,250410_생산처별장기추이.jpg
250410,production_sources,field,1088,708.0,22.293496809607955,rgb_observed,250410_생산처별장기추이.jpg
250410,production_sources,field,1091,708.0,23.62202362203543,rgb_observed,250410_생산처별장기추이.jpg
250410,production_sources,field,1094,712.0,19.209372712298546,rgb_observed,250410_생산처별장기추이.jpg
250410,production_sources,field,1097,714.0,19.949937343260004,rgb_observed,250410_생산처별장기추이.jpg
250410,production_sources,field,1100,715.0,27.892651361962706,rgb_observed,250410_생산처별장기추이.jpg
250410,production_sources,field,1103,718.0,23.15167380558045,rgb_observed,250410_생산처별장기추이.jpg
250410,production_sources,field,1106,718.0,21.400934559032695,rgb_observed,250410_생산처별장기추이.jpg
250410,production_sources,field,1109,718.0,19.026297590440446,rgb_observed,250410_생산처별장기추이.jpg
250410,production_sources,field,1112,717.0,24.20743687382041,rgb_observed,250410_생산처별장기추이.jpg
250410,production_sources,field,1115,718.0,20.92844953645635,rgb_observed,250410_생산처별장기추이.jpg
250410,production_sources,field,1118,717.0,17.578395831246947,rgb_observed,250410_생산처별장기추이.jpg
250410,production_sources,field,1121,718.0,26.1725046566048,rgb_observed,250410_생산처별장기추이.jpg
250410,production_sources,field,1124,726.0,23.280893453645632,rgb_observed,250410_생산처별장기추이.jpg
250410,production_sources,field,1127,729.0,16.401219466856727,rgb_observed,250410_생산처별장기추이.jpg
250410,production_sources,field,1130,729.0,22.9128784747792,rgb_observed,250410_생산처별장기추이.jpg
250410,production_sources,field,1133,726.0,31.78049716414141,rgb_observed,250410_생산처별장기추이.jpg
250410,production_sources,field,1136,718.0,21.656407827707714,rgb_observed,250410_생산처별장기추이.jpg
250410,production_sources,field,1139,712.0,31.064449134018133,rgb_observed,250410_생산처별장기추이.jpg
250410,production_sources,field,1142,710.0,31.89043743820395,rgb_observed,250410_생산처별장기추이.jpg
250410,production_sources,field,1145,703.0,24.73863375370596,rgb_observed,250410_생산처별장기추이.jpg
250410,production_sources,field,1148,699.0,23.727621035409346,rgb_observed,250410_생산처별장기추이.jpg
250410,production_sources,field,1151,694.0,23.790754506740637,rgb_observed,250410_생산처별장기추이.jpg
250410,production_sources,field,1154,689.0,28.0178514522438,rgb_observed,250410_생산처별장기추이.jpg
250410,production_sources,field,1157,679.0,29.816103031751148,rgb_observed,250410_생산처별장기추이.jpg
250410,production_sources,field,1160,673.0,27.892651361962706,rgb_observed,250410_생산처별장기추이.jpg
250410,production_sources,field,1163,669.0,27.09243436828813,rgb_observed,250410_생산처별장기추이.jpg
250410,production_sources,field,1166,670.0,16.97056274847714,rgb_observed,250410_생산처별장기추이.jpg
250410,production_sources,field,1169,673.0,31.52776554086889,rgb_observed,250410_생산처별장기추이.jpg
250410,production_sources,field,1172,677.0,33.83784863137726,rgb_observed,250410_생산처별장기추이.jpg
250410,production_sources,field,1175,679.0,29.563490998188964,rgb_observed,250410_생산처별장기추이.jpg
250410,production_sources,field,1178,679.0,22.561028345356956,rgb_observed,250410_생산처별장기추이.jpg
250410,production_sources,field,1181,679.0,20.904544960366874,rgb_observed,250410_생산처별장기추이.jpg
250410,production_sources,field,1184,679.0,20.346989949375804,rgb_observed,250410_생산처별장기추이.jpg
250410,production_sources,field,1187,678.0,23.345235059857504,rgb_observed,250410_생산처별장기추이.jpg
250410,production_sources,field,1190,677.0,21.400934559032695,rgb_observed,250410_생산처별장기추이.jpg
250410,production_sources,field,1193,677.0,17.72004514666935,rgb_observed,250410_생산처별장기추이.jpg
250410,production_sources,field,1196,677.0,18.708286933869708,rgb_observed,250410_생산처별장기추이.jpg
250410,production_sources,field,1199,676.0,21.563858652847824,rgb_observed,250410_생산처별장기추이.jpg
250410,production_sources,field,1202,679.0,15.652475842498529,rgb_observed,250410_생산처별장기추이.jpg
250410,production_sources,field,1205,678.0,15.033296378372908,rgb_observed,250410_생산처별장기추이.jpg
250410,production_sources,field,1208,681.0,22.135943621178654,rgb_observed,250410_생산처별장기추이.jpg
250410,production_sources,field,1211,681.0,22.135943621178654,rgb_observed,250410_생산처별장기추이.jpg
250410,production_sources,field,1214,680.0,16.30950643030009,rgb_observed,250410_생산처별장기추이.jpg
250410,production_sources,field,1217,678.0,24.20743687382041,rgb_observed,250410_생산처별장기추이.jpg
250410,production_sources,field,1220,675.0,32.202484376209235,rgb_observed,250410_생산처별장기추이.jpg
250410,production_sources,field,1223,662.0,23.93741840717165,rgb_observed,250410_생산처별장기추이.jpg
250410,production_sources,field,1226,661.0,15.811388300841896,rgb_observed,250410_생산처별장기추이.jpg
250410,production_sources,field,1229,660.0,25.65151067676132,rgb_observed,250410_생산처별장기추이.jpg
250410,production_sources,field,1232,665.0,27.09243436828813,rgb_observed,250410_생산처별장기추이.jpg
250410,production_sources,field,1235,667.0,32.38826948140329,rgb_observed,250410_생산처별장기추이.jpg
250410,production_sources,field,1238,670.0,25.709920264364882,rgb_observed,250410_생산처별장기추이.jpg
250410,production_sources,field,1241,673.0,24.779023386727733,rgb_observed,250410_생산처별장기추이.jpg
250410,production_sources,field,1244,676.0,23.895606290697042,rgb_observed,250410_생산처별장기추이.jpg
250410,production_sources,field,1247,676.0,22.40535650240808,rgb_observed,250410_생산처별장기추이.jpg
250410,production_sources,field,1250,678.0,21.656407827707714,rgb_observed,250410_생산처별장기추이.jpg
250410,production_sources,field,1253,679.0,20.83266665599966,rgb_observed,250410_생산처별장기추이.jpg
250410,production_sources,field,1256,680.0,19.261360284258224,rgb_observed,250410_생산처별장기추이.jpg
250410,production_sources,field,1259,680.0,26.38181191654584,rgb_observed,250410_생산처별장기추이.jpg
250410,production_sources,field,1262,683.0,28.6705423736629,rgb_observed,250410_생산처별장기추이.jpg
250410,production_sources,azmoth,368,,,not_observable,250410_생산처별장기추이.jpg
250410,production_sources,azmoth,371,,,not_observable,250410_생산처별장기추이.jpg
250410,production_sources,azmoth,374,,,not_observable,250410_생산처별장기추이.jpg
250410,production_sources,azmoth,377,,,not_observable,250410_생산처별장기추이.jpg
250410,production_sources,azmoth,380,,,not_observable,250410_생산처별장기추이.jpg
250410,production_sources,azmoth,383,,,not_observable,250410_생산처별장기추이.jpg
250410,production_sources,azmoth,386,,,not_observable,250410_생산처별장기추이.jpg
250410,production_sources,azmoth,389,,,not_observable,250410_생산처별장기추이.jpg
250410,production_sources,azmoth,392,,,not_observable,250410_생산처별장기추이.jpg
250410,production_sources,azmoth,395,,,not_observable,250410_생산처별장기추이.jpg
250410,production_sources,azmoth,398,,,not_observable,250410_생산처별장기추이.jpg
250410,production_sources,azmoth,401,,,not_observable,250410_생산처별장기추이.jpg
250410,production_sources,azmoth,404,,,not_observable,250410_생산처별장기추이.jpg
250410,production_sources,azmoth,407,,,not_observable,250410_생산처별장기추이.jpg
250410,production_sources,azmoth,410,,,not_observable,250410_생산처별장기추이.jpg
250410,production_sources,azmoth,413,,,not_observable,250410_생산처별장기추이.jpg
250410,production_sources,azmoth,416,,,not_observable,250410_생산처별장기추이.jpg
250410,production_sources,azmoth,419,,,not_observable,250410_생산처별장기추이.jpg
250410,production_sources,azmoth,422,,,not_observable,250410_생산처별장기추이.jpg
250410,production_sources,azmoth,425,,,not_observable,250410_생산처별장기추이.jpg
250410,production_sources,azmoth,428,,,not_observable,250410_생산처별장기추이.jpg
250410,production_sources,azmoth,431,,,not_observable,250410_생산처별장기추이.jpg
250410,production_sources,azmoth,434,,,not_observable,250410_생산처별장기추이.jpg
250410,production_sources,azmoth,437,,,not_observable,250410_생산처별장기추이.jpg
250410,production_sources,azmoth,440,,,not_observable,250410_생산처별장기추이.jpg
250410,production_sources,azmoth,443,,,not_observable,250410_생산처별장기추이.jpg
250410,production_sources,azmoth,446,,,not_observable,250410_생산처별장기추이.jpg
250410,production_sources,azmoth,449,,,not_observable,250410_생산처별장기추이.jpg
250410,production_sources,azmoth,452,,,not_observable,250410_생산처별장기추이.jpg
250410,production_sources,azmoth,455,,,not_observable,250410_생산처별장기추이.jpg
250410,production_sources,azmoth,458,,,not_observable,250410_생산처별장기추이.jpg
250410,production_sources,azmoth,461,,,not_observable,250410_생산처별장기추이.jpg
250410,production_sources,azmoth,464,,,not_observable,250410_생산처별장기추이.jpg
250410,production_sources,azmoth,467,,,not_observable,250410_생산처별장기추이.jpg
250410,production_sources,azmoth,470,,,not_observable,250410_생산처별장기추이.jpg
250410,production_sources,azmoth,473,,,not_observable,250410_생산처별장기추이.jpg
250410,production_sources,azmoth,476,,,not_observable,250410_생산처별장기추이.jpg
250410,production_sources,azmoth,479,,,not_observable,250410_생산처별장기추이.jpg
250410,production_sources,azmoth,482,,,not_observable,250410_생산처별장기추이.jpg
250410,production_sources,azmoth,485,,,not_observable,250410_생산처별장기추이.jpg
250410,production_sources,azmoth,488,,,not_observable,250410_생산처별장기추이.jpg
250410,production_sources,azmoth,491,,,not_observable,250410_생산처별장기추이.jpg
250410,production_sources,azmoth,494,,,not_observable,250410_생산처별장기추이.jpg
250410,production_sources,azmoth,497,,,not_observable,250410_생산처별장기추이.jpg
250410,production_sources,azmoth,500,,,not_observable,250410_생산처별장기추이.jpg
250410,production_sources,azmoth,503,,,not_observable,250410_생산처별장기추이.jpg
250410,production_sources,azmoth,506,,,not_observable,250410_생산처별장기추이.jpg
250410,production_sources,azmoth,509,,,not_observable,250410_생산처별장기추이.jpg
250410,production_sources,azmoth,512,,,not_observable,250410_생산처별장기추이.jpg
250410,production_sources,azmoth,515,,,not_observable,250410_생산처별장기추이.jpg
250410,production_sources,azmoth,518,,,not_observable,250410_생산처별장기추이.jpg
250410,production_sources,azmoth,521,,,not_observable,250410_생산처별장기추이.jpg
250410,production_sources,azmoth,524,,,not_observable,250410_생산처별장기추이.jpg
250410,production_sources,azmoth,527,,,not_observable,250410_생산처별장기추이.jpg
250410,production_sources,azmoth,530,,,not_observable,250410_생산처별장기추이.jpg
250410,production_sources,azmoth,533,,,not_observable,250410_생산처별장기추이.jpg
250410,production_sources,azmoth,536,,,not_observable,250410_생산처별장기추이.jpg
250410,production_sources,azmoth,539,,,not_observable,250410_생산처별장기추이.jpg
250410,production_sources,azmoth,542,,,not_observable,250410_생산처별장기추이.jpg
250410,production_sources,azmoth,545,,,not_observable,250410_생산처별장기추이.jpg
250410,production_sources,azmoth,548,,,not_observable,250410_생산처별장기추이.jpg
250410,production_sources,azmoth,551,,,not_observable,250410_생산처별장기추이.jpg
250410,production_sources,azmoth,554,,,not_observable,250410_생산처별장기추이.jpg
250410,production_sources,azmoth,557,,,not_observable,250410_생산처별장기추이.jpg
250410,production_sources,azmoth,560,,,not_observable,250410_생산처별장기추이.jpg
250410,production_sources,azmoth,563,,,not_observable,250410_생산처별장기추이.jpg
250410,production_sources,azmoth,566,,,not_observable,250410_생산처별장기추이.jpg
250410,production_sources,azmoth,569,,,not_observable,250410_생산처별장기추이.jpg
250410,production_sources,azmoth,572,,,not_observable,250410_생산처별장기추이.jpg
250410,production_sources,azmoth,575,,,not_observable,250410_생산처별장기추이.jpg
250410,production_sources,azmoth,578,,,not_observable,250410_생산처별장기추이.jpg
250410,production_sources,azmoth,581,,,not_observable,250410_생산처별장기추이.jpg
250410,production_sources,azmoth,584,,,not_observable,250410_생산처별장기추이.jpg
250410,production_sources,azmoth,587,,,not_observable,250410_생산처별장기추이.jpg
250410,production_sources,azmoth,590,,,not_observable,250410_생산처별장기추이.jpg
250410,production_sources,azmoth,593,,,not_observable,250410_생산처별장기추이.jpg
250410,production_sources,azmoth,596,,,not_observable,250410_생산처별장기추이.jpg
250410,production_sources,azmoth,599,,,not_observable,250410_생산처별장기추이.jpg
250410,production_sources,azmoth,602,,,not_observable,250410_생산처별장기추이.jpg
250410,production_sources,azmoth,605,,,not_observable,250410_생산처별장기추이.jpg
250410,production_sources,azmoth,608,,,not_observable,250410_생산처별장기추이.jpg
250410,production_sources,azmoth,611,,,not_observable,250410_생산처별장기추이.jpg
250410,production_sources,azmoth,614,,,not_observable,250410_생산처별장기추이.jpg
250410,production_sources,azmoth,617,,,not_observable,250410_생산처별장기추이.jpg
250410,production_sources,azmoth,620,,,not_observable,250410_생산처별장기추이.jpg
250410,production_sources,azmoth,623,,,not_observable,250410_생산처별장기추이.jpg
250410,production_sources,azmoth,626,,,not_observable,250410_생산처별장기추이.jpg
250410,production_sources,azmoth,629,,,not_observable,250410_생산처별장기추이.jpg
250410,production_sources,azmoth,632,,,not_observable,250410_생산처별장기추이.jpg
250410,production_sources,azmoth,635,,,not_observable,250410_생산처별장기추이.jpg
250410,production_sources,azmoth,638,,,not_observable,250410_생산처별장기추이.jpg
250410,production_sources,azmoth,641,,,not_observable,250410_생산처별장기추이.jpg
250410,production_sources,azmoth,644,,,not_observable,250410_생산처별장기추이.jpg
250410,production_sources,azmoth,647,,,not_observable,250410_생산처별장기추이.jpg
250410,production_sources,azmoth,650,,,not_observable,250410_생산처별장기추이.jpg
250410,production_sources,azmoth,653,,,not_observable,250410_생산처별장기추이.jpg
250410,production_sources,azmoth,656,,,not_observable,250410_생산처별장기추이.jpg
250410,production_sources,azmoth,659,,,not_observable,250410_생산처별장기추이.jpg
250410,production_sources,azmoth,662,,,not_observable,250410_생산처별장기추이.jpg
250410,production_sources,azmoth,665,,,not_observable,250410_생산처별장기추이.jpg
250410,production_sources,azmoth,668,,,not_observable,250410_생산처별장기추이.jpg
250410,production_sources,azmoth,671,,,not_observable,250410_생산처별장기추이.jpg
250410,production_sources,azmoth,674,,,not_observable,250410_생산처별장기추이.jpg
250410,production_sources,azmoth,677,,,not_observable,250410_생산처별장기추이.jpg
250410,production_sources,azmoth,680,,,not_observable,250410_생산처별장기추이.jpg
250410,production_sources,azmoth,683,,,not_observable,250410_생산처별장기추이.jpg
250410,production_sources,azmoth,686,,,not_observable,250410_생산처별장기추이.jpg
250410,production_sources,azmoth,689,,,not_observable,250410_생산처별장기추이.jpg
250410,production_sources,azmoth,692,,,not_observable,250410_생산처별장기추이.jpg
250410,production_sources,azmoth,695,,,not_observable,250410_생산처별장기추이.jpg
250410,production_sources,azmoth,698,,,not_observable,250410_생산처별장기추이.jpg
250410,production_sources,azmoth,701,,,not_observable,250410_생산처별장기추이.jpg
250410,production_sources,azmoth,704,,,not_observable,250410_생산처별장기추이.jpg
250410,production_sources,azmoth,707,,,not_observable,250410_생산처별장기추이.jpg
250410,production_sources,azmoth,710,,,not_observable,250410_생산처별장기추이.jpg
250410,production_sources,azmoth,713,,,not_observable,250410_생산처별장기추이.jpg
250410,production_sources,azmoth,716,,,not_observable,250410_생산처별장기추이.jpg
250410,production_sources,azmoth,719,,,not_observable,250410_생산처별장기추이.jpg
250410,production_sources,azmoth,722,,,not_observable,250410_생산처별장기추이.jpg
250410,production_sources,azmoth,725,,,not_observable,250410_생산처별장기추이.jpg
250410,production_sources,azmoth,728,,,not_observable,250410_생산처별장기추이.jpg
250410,production_sources,azmoth,731,,,not_observable,250410_생산처별장기추이.jpg
250410,production_sources,azmoth,734,,,not_observable,250410_생산처별장기추이.jpg
250410,production_sources,azmoth,737,,,not_observable,250410_생산처별장기추이.jpg
250410,production_sources,azmoth,740,,,not_observable,250410_생산처별장기추이.jpg
250410,production_sources,azmoth,743,,,not_observable,250410_생산처별장기추이.jpg
250410,production_sources,azmoth,746,,,not_observable,250410_생산처별장기추이.jpg
250410,production_sources,azmoth,749,,,not_observable,250410_생산처별장기추이.jpg
250410,production_sources,azmoth,752,,,not_observable,250410_생산처별장기추이.jpg
250410,production_sources,azmoth,755,,,not_observable,250410_생산처별장기추이.jpg
250410,production_sources,azmoth,758,,,not_observable,250410_생산처별장기추이.jpg
250410,production_sources,azmoth,761,,,not_observable,250410_생산처별장기추이.jpg
250410,production_sources,azmoth,764,,,not_observable,250410_생산처별장기추이.jpg
250410,production_sources,azmoth,767,,,not_observable,250410_생산처별장기추이.jpg
250410,production_sources,azmoth,770,,,not_observable,250410_생산처별장기추이.jpg
250410,production_sources,azmoth,773,,,not_observable,250410_생산처별장기추이.jpg
250410,production_sources,azmoth,776,,,not_observable,250410_생산처별장기추이.jpg
250410,production_sources,azmoth,779,,,not_observable,250410_생산처별장기추이.jpg
250410,production_sources,azmoth,782,,,not_observable,250410_생산처별장기추이.jpg
250410,production_sources,azmoth,785,,,not_observable,250410_생산처별장기추이.jpg
250410,production_sources,azmoth,788,,,not_observable,250410_생산처별장기추이.jpg
250410,production_sources,azmoth,791,,,not_observable,250410_생산처별장기추이.jpg
250410,production_sources,azmoth,794,,,not_observable,250410_생산처별장기추이.jpg
250410,production_sources,azmoth,797,,,not_observable,250410_생산처별장기추이.jpg
250410,production_sources,azmoth,800,,,not_observable,250410_생산처별장기추이.jpg
250410,production_sources,azmoth,803,,,not_observable,250410_생산처별장기추이.jpg
250410,production_sources,azmoth,806,,,not_observable,250410_생산처별장기추이.jpg
250410,production_sources,azmoth,809,,,not_observable,250410_생산처별장기추이.jpg
250410,production_sources,azmoth,812,,,not_observable,250410_생산처별장기추이.jpg
250410,production_sources,azmoth,815,,,not_observable,250410_생산처별장기추이.jpg
250410,production_sources,azmoth,818,,,not_observable,250410_생산처별장기추이.jpg
250410,production_sources,azmoth,821,,,not_observable,250410_생산처별장기추이.jpg
250410,production_sources,azmoth,824,,,not_observable,250410_생산처별장기추이.jpg
250410,production_sources,azmoth,827,,,not_observable,250410_생산처별장기추이.jpg
250410,production_sources,azmoth,830,,,not_observable,250410_생산처별장기추이.jpg
250410,production_sources,azmoth,833,,,not_observable,250410_생산처별장기추이.jpg
250410,production_sources,azmoth,836,,,not_observable,250410_생산처별장기추이.jpg
250410,production_sources,azmoth,839,,,not_observable,250410_생산처별장기추이.jpg
250410,production_sources,azmoth,842,,,not_observable,250410_생산처별장기추이.jpg
250410,production_sources,azmoth,845,,,not_observable,250410_생산처별장기추이.jpg
250410,production_sources,azmoth,848,,,not_observable,250410_생산처별장기추이.jpg
250410,production_sources,azmoth,851,,,not_observable,250410_생산처별장기추이.jpg
250410,production_sources,azmoth,854,,,not_observable,250410_생산처별장기추이.jpg
250410,production_sources,azmoth,857,,,not_observable,250410_생산처별장기추이.jpg
250410,production_sources,azmoth,860,,,not_observable,250410_생산처별장기추이.jpg
250410,production_sources,azmoth,863,,,not_observable,250410_생산처별장기추이.jpg
250410,production_sources,azmoth,866,,,not_observable,250410_생산처별장기추이.jpg
250410,production_sources,azmoth,869,,,not_observable,250410_생산처별장기추이.jpg
250410,production_sources,azmoth,872,,,not_observable,250410_생산처별장기추이.jpg
250410,production_sources,azmoth,875,,,not_observable,250410_생산처별장기추이.jpg
250410,production_sources,azmoth,878,,,not_observable,250410_생산처별장기추이.jpg
250410,production_sources,azmoth,881,,,not_observable,250410_생산처별장기추이.jpg
250410,production_sources,azmoth,884,,,not_observable,250410_생산처별장기추이.jpg
250410,production_sources,azmoth,887,,,not_observable,250410_생산처별장기추이.jpg
250410,production_sources,azmoth,890,,,not_observable,250410_생산처별장기추이.jpg
250410,production_sources,azmoth,893,,,not_observable,250410_생산처별장기추이.jpg
250410,production_sources,azmoth,896,,,not_observable,250410_생산처별장기추이.jpg
250410,production_sources,azmoth,899,,,not_observable,250410_생산처별장기추이.jpg
250410,production_sources,azmoth,902,,,not_observable,250410_생산처별장기추이.jpg
250410,production_sources,azmoth,905,,,not_observable,250410_생산처별장기추이.jpg
250410,production_sources,azmoth,908,,,not_observable,250410_생산처별장기추이.jpg
250410,production_sources,azmoth,911,,,not_observable,250410_생산처별장기추이.jpg
250410,production_sources,azmoth,914,,,not_observable,250410_생산처별장기추이.jpg
250410,production_sources,azmoth,917,,,not_observable,250410_생산처별장기추이.jpg
250410,production_sources,azmoth,920,,,not_observable,250410_생산처별장기추이.jpg
250410,production_sources,azmoth,923,,,not_observable,250410_생산처별장기추이.jpg
250410,production_sources,azmoth,926,,,not_observable,250410_생산처별장기추이.jpg
250410,production_sources,azmoth,929,,,not_observable,250410_생산처별장기추이.jpg
250410,production_sources,azmoth,932,,,not_observable,250410_생산처별장기추이.jpg
250410,production_sources,azmoth,935,,,not_observable,250410_생산처별장기추이.jpg
250410,production_sources,azmoth,938,,,not_observable,250410_생산처별장기추이.jpg
250410,production_sources,azmoth,941,,,not_observable,250410_생산처별장기추이.jpg
250410,production_sources,azmoth,944,,,not_observable,250410_생산처별장기추이.jpg
250410,production_sources,azmoth,947,,,not_observable,250410_생산처별장기추이.jpg
250410,production_sources,azmoth,950,,,not_observable,250410_생산처별장기추이.jpg
250410,production_sources,azmoth,953,,,not_observable,250410_생산처별장기추이.jpg
250410,production_sources,azmoth,956,,,not_observable,250410_생산처별장기추이.jpg
250410,production_sources,azmoth,959,,,not_observable,250410_생산처별장기추이.jpg
250410,production_sources,azmoth,962,,,not_observable,250410_생산처별장기추이.jpg
250410,production_sources,azmoth,965,,,not_observable,250410_생산처별장기추이.jpg
250410,production_sources,azmoth,968,,,not_observable,250410_생산처별장기추이.jpg
250410,production_sources,azmoth,971,,,not_observable,250410_생산처별장기추이.jpg
250410,production_sources,azmoth,974,,,not_observable,250410_생산처별장기추이.jpg
250410,production_sources,azmoth,977,,,not_observable,250410_생산처별장기추이.jpg
250410,production_sources,azmoth,980,,,not_observable,250410_생산처별장기추이.jpg
250410,production_sources,azmoth,983,,,not_observable,250410_생산처별장기추이.jpg
250410,production_sources,azmoth,986,,,not_observable,250410_생산처별장기추이.jpg
250410,production_sources,azmoth,989,,,not_observable,250410_생산처별장기추이.jpg
250410,production_sources,azmoth,992,,,not_observable,250410_생산처별장기추이.jpg
250410,production_sources,azmoth,995,,,not_observable,250410_생산처별장기추이.jpg
250410,production_sources,azmoth,998,,,not_observable,250410_생산처별장기추이.jpg
250410,production_sources,azmoth,1001,,,not_observable,250410_생산처별장기추이.jpg
250410,production_sources,azmoth,1004,,,not_observable,250410_생산처별장기추이.jpg
250410,production_sources,azmoth,1007,,,not_observable,250410_생산처별장기추이.jpg
250410,production_sources,azmoth,1010,,,not_observable,250410_생산처별장기추이.jpg
250410,production_sources,azmoth,1013,,,not_observable,250410_생산처별장기추이.jpg
250410,production_sources,azmoth,1016,,,not_observable,250410_생산처별장기추이.jpg
250410,production_sources,azmoth,1019,,,not_observable,250410_생산처별장기추이.jpg
250410,production_sources,azmoth,1022,,,not_observable,250410_생산처별장기추이.jpg
250410,production_sources,azmoth,1025,,,not_observable,250410_생산처별장기추이.jpg
250410,production_sources,azmoth,1028,,,not_observable,250410_생산처별장기추이.jpg
250410,production_sources,azmoth,1031,,,not_observable,250410_생산처별장기추이.jpg
250410,production_sources,azmoth,1034,,,not_observable,250410_생산처별장기추이.jpg
250410,production_sources,azmoth,1037,,,not_observable,250410_생산처별장기추이.jpg
250410,production_sources,azmoth,1040,,,not_observable,250410_생산처별장기추이.jpg
250410,production_sources,azmoth,1043,,,not_observable,250410_생산처별장기추이.jpg
250410,production_sources,azmoth,1046,,,not_observable,250410_생산처별장기추이.jpg
250410,production_sources,azmoth,1049,,,not_observable,250410_생산처별장기추이.jpg
250410,production_sources,azmoth,1052,,,not_observable,250410_생산처별장기추이.jpg
250410,production_sources,azmoth,1055,,,not_observable,250410_생산처별장기추이.jpg
250410,production_sources,azmoth,1058,,,not_observable,250410_생산처별장기추이.jpg
250410,production_sources,azmoth,1061,,,not_observable,250410_생산처별장기추이.jpg
250410,production_sources,azmoth,1064,,,not_observable,250410_생산처별장기추이.jpg
250410,production_sources,azmoth,1067,,,not_observable,250410_생산처별장기추이.jpg
250410,production_sources,azmoth,1070,,,not_observable,250410_생산처별장기추이.jpg
250410,production_sources,azmoth,1073,,,not_observable,250410_생산처별장기추이.jpg
250410,production_sources,azmoth,1076,,,not_observable,250410_생산처별장기추이.jpg
250410,production_sources,azmoth,1079,,,not_observable,250410_생산처별장기추이.jpg
250410,production_sources,azmoth,1082,,,not_observable,250410_생산처별장기추이.jpg
250410,production_sources,azmoth,1085,,,unresolved,250410_생산처별장기추이.jpg
250410,production_sources,azmoth,1088,798.0,18.439088914585774,candidate_overlap_unverified,250410_생산처별장기추이.jpg
250410,production_sources,azmoth,1091,798.0,14.7648230602334,candidate_overlap_unverified,250410_생산처별장기추이.jpg
250410,production_sources,azmoth,1094,797.0,25.826343140289914,candidate_overlap_unverified,250410_생산처별장기추이.jpg
250410,production_sources,azmoth,1097,800.0,21.307275752662516,candidate_overlap_unverified,250410_생산처별장기추이.jpg
250410,production_sources,azmoth,1100,796.0,8.54400374531753,candidate_overlap_unverified,250410_생산처별장기추이.jpg
250410,production_sources,azmoth,1103,785.0,12.409673645990857,candidate_overlap_unverified,250410_생산처별장기추이.jpg
250410,production_sources,azmoth,1106,770.0,3.0,candidate_overlap_unverified,250410_생산처별장기추이.jpg
250410,production_sources,azmoth,1109,784.0,7.681145747868608,candidate_overlap_unverified,250410_생산처별장기추이.jpg
250410,production_sources,azmoth,1112,796.0,9.433981132056603,candidate_overlap_unverified,250410_생산처별장기추이.jpg
250410,production_sources,azmoth,1115,774.0,12.041594578792296,candidate_overlap_unverified,250410_생산처별장기추이.jpg
250410,production_sources,azmoth,1118,774.0,6.164414002968976,candidate_overlap_unverified,250410_생산처별장기추이.jpg
250410,production_sources,azmoth,1121,774.0,2.449489742783178,candidate_overlap_unverified,250410_생산처별장기추이.jpg
250410,production_sources,azmoth,1124,773.0,5.656854249492381,candidate_overlap_unverified,250410_생산처별장기추이.jpg
250410,production_sources,azmoth,1127,770.0,11.0,candidate_overlap_unverified,250410_생산처별장기추이.jpg
250410,production_sources,azmoth,1130,769.0,9.9498743710662,candidate_overlap_unverified,250410_생산처별장기추이.jpg
250410,production_sources,azmoth,1133,787.0,3.7416573867739413,candidate_overlap_unverified,250410_생산처별장기추이.jpg
250410,production_sources,azmoth,1136,779.0,7.54983443527075,candidate_overlap_unverified,250410_생산처별장기추이.jpg
250410,production_sources,azmoth,1139,761.0,10.770329614269007,candidate_overlap_unverified,250410_생산처별장기추이.jpg
250410,production_sources,azmoth,1142,760.0,11.445523142259598,candidate_overlap_unverified,250410_생산처별장기추이.jpg
250410,production_sources,azmoth,1145,759.0,13.490737563232042,candidate_overlap_unverified,250410_생산처별장기추이.jpg
250410,production_sources,azmoth,1148,757.0,15.165750888103101,candidate_overlap_unverified,250410_생산처별장기추이.jpg
250410,production_sources,azmoth,1151,756.0,15.652475842498529,candidate_overlap_unverified,250410_생산처별장기추이.jpg
250410,production_sources,azmoth,1154,754.0,2.8284271247461903,candidate_overlap_unverified,250410_생산처별장기추이.jpg
250410,production_sources,azmoth,1157,753.0,5.385164807134504,candidate_overlap_unverified,250410_생산처별장기추이.jpg
250410,production_sources,azmoth,1160,751.0,2.23606797749979,candidate_overlap_unverified,250410_생산처별장기추이.jpg
250410,production_sources,azmoth,1163,729.0,5.830951894845301,candidate_overlap_unverified,250410_생산처별장기추이.jpg
250410,production_sources,azmoth,1166,746.0,12.206555615733702,candidate_overlap_unverified,250410_생산처별장기추이.jpg
250410,production_sources,azmoth,1169,746.0,10.770329614269007,candidate_overlap_unverified,250410_생산처별장기추이.jpg
250410,production_sources,azmoth,1172,745.0,11.489125293076057,candidate_overlap_unverified,250410_생산처별장기추이.jpg
250410,production_sources,azmoth,1175,744.0,15.937377450509228,candidate_overlap_unverified,250410_생산처별장기추이.jpg
250410,production_sources,azmoth,1178,721.0,5.744562646538029,candidate_overlap_unverified,250410_생산처별장기추이.jpg
250410,production_sources,azmoth,1181,725.0,13.076696830622021,candidate_overlap_unverified,250410_생산처별장기추이.jpg
250410,production_sources,azmoth,1184,740.0,17.435595774162696,candidate_overlap_unverified,250410_생산처별장기추이.jpg
250410,production_sources,azmoth,1187,739.0,17.029386365926403,candidate_overlap_unverified,250410_생산처별장기추이.jpg
250410,production_sources,azmoth,1190,738.0,18.466185312619388,candidate_overlap_unverified,250410_생산처별장기추이.jpg
250410,production_sources,azmoth,1193,735.0,14.560219778561036,candidate_overlap_unverified,250410_생산처별장기추이.jpg
250410,production_sources,azmoth,1196,734.0,14.798648586948742,candidate_overlap_unverified,250410_생산처별장기추이.jpg
250410,production_sources,azmoth,1199,720.0,5.477225575051661,candidate_overlap_unverified,250410_생산처별장기추이.jpg
250410,production_sources,azmoth,1202,715.0,9.695359714832659,candidate_overlap_unverified,250410_생산처별장기추이.jpg
250410,production_sources,azmoth,1205,730.0,7.681145747868608,candidate_overlap_unverified,250410_생산처별장기추이.jpg
250410,production_sources,azmoth,1208,730.0,3.3166247903554,candidate_overlap_unverified,250410_생산처별장기추이.jpg
250410,production_sources,azmoth,1211,731.0,4.0,candidate_overlap_unverified,250410_생산처별장기추이.jpg
250410,production_sources,azmoth,1214,744.0,11.045361017187261,candidate_overlap_unverified,250410_생산처별장기추이.jpg
250410,production_sources,azmoth,1217,731.0,12.806248474865697,candidate_overlap_unverified,250410_생산처별장기추이.jpg
250410,production_sources,azmoth,1220,728.0,14.89966442575134,candidate_overlap_unverified,250410_생산처별장기추이.jpg
250410,production_sources,azmoth,1223,728.0,10.677078252031311,candidate_overlap_unverified,250410_생산처별장기추이.jpg
250410,production_sources,azmoth,1226,725.0,4.69041575982343,candidate_overlap_unverified,250410_생산처별장기추이.jpg
250410,production_sources,azmoth,1229,724.0,4.242640687119285,candidate_overlap_unverified,250410_생산처별장기추이.jpg
250410,production_sources,azmoth,1232,727.0,8.06225774829855,candidate_overlap_unverified,250410_생산처별장기추이.jpg
250410,production_sources,azmoth,1235,722.0,6.708203932499369,candidate_overlap_unverified,250410_생산처별장기추이.jpg
250410,production_sources,azmoth,1238,721.0,7.14142842854285,candidate_overlap_unverified,250410_생산처별장기추이.jpg
250410,production_sources,azmoth,1241,721.0,12.529964086141668,candidate_overlap_unverified,250410_생산처별장기추이.jpg
250410,production_sources,azmoth,1244,721.0,11.575836902790225,candidate_overlap_unverified,250410_생산처별장기추이.jpg
250410,production_sources,azmoth,1247,718.0,10.63014581273465,candidate_overlap_unverified,250410_생산처별장기추이.jpg
250410,production_sources,azmoth,1250,718.0,8.831760866327848,candidate_overlap_unverified,250410_생산처별장기추이.jpg
250410,production_sources,azmoth,1253,718.0,8.54400374531753,candidate_overlap_unverified,250410_생산처별장기추이.jpg
250410,production_sources,azmoth,1256,718.0,15.264337522473747,candidate_overlap_unverified,250410_생산처별장기추이.jpg
250410,production_sources,azmoth,1259,718.0,10.770329614269007,candidate_overlap_unverified,250410_생산처별장기추이.jpg
250410,production_sources,azmoth,1262,718.0,17.204650534085253,candidate_overlap_unverified,250410_생산처별장기추이.jpg
250410,production_sources,other_coin,368,,,not_observable,250410_생산처별장기추이.jpg
250410,production_sources,other_coin,371,,,not_observable,250410_생산처별장기추이.jpg
250410,production_sources,other_coin,374,,,not_observable,250410_생산처별장기추이.jpg
250410,production_sources,other_coin,377,,,not_observable,250410_생산처별장기추이.jpg
250410,production_sources,other_coin,380,,,not_observable,250410_생산처별장기추이.jpg
250410,production_sources,other_coin,383,,,not_observable,250410_생산처별장기추이.jpg
250410,production_sources,other_coin,386,,,not_observable,250410_생산처별장기추이.jpg
250410,production_sources,other_coin,389,,,not_observable,250410_생산처별장기추이.jpg
250410,production_sources,other_coin,392,,,not_observable,250410_생산처별장기추이.jpg
250410,production_sources,other_coin,395,,,not_observable,250410_생산처별장기추이.jpg
250410,production_sources,other_coin,398,,,not_observable,250410_생산처별장기추이.jpg
250410,production_sources,other_coin,401,,,not_observable,250410_생산처별장기추이.jpg
250410,production_sources,other_coin,404,,,not_observable,250410_생산처별장기추이.jpg
250410,production_sources,other_coin,407,,,not_observable,250410_생산처별장기추이.jpg
250410,production_sources,other_coin,410,,,not_observable,250410_생산처별장기추이.jpg
250410,production_sources,other_coin,413,,,not_observable,250410_생산처별장기추이.jpg
250410,production_sources,other_coin,416,,,not_observable,250410_생산처별장기추이.jpg
250410,production_sources,other_coin,419,,,not_observable,250410_생산처별장기추이.jpg
250410,production_sources,other_coin,422,,,not_observable,250410_생산처별장기추이.jpg
250410,production_sources,other_coin,425,,,not_observable,250410_생산처별장기추이.jpg
250410,production_sources,other_coin,428,,,not_observable,250410_생산처별장기추이.jpg
250410,production_sources,other_coin,431,,,not_observable,250410_생산처별장기추이.jpg
250410,production_sources,other_coin,434,,,not_observable,250410_생산처별장기추이.jpg
250410,production_sources,other_coin,437,,,not_observable,250410_생산처별장기추이.jpg
250410,production_sources,other_coin,440,,,not_observable,250410_생산처별장기추이.jpg
250410,production_sources,other_coin,443,,,not_observable,250410_생산처별장기추이.jpg
250410,production_sources,other_coin,446,,,not_observable,250410_생산처별장기추이.jpg
250410,production_sources,other_coin,449,,,not_observable,250410_생산처별장기추이.jpg
250410,production_sources,other_coin,452,,,not_observable,250410_생산처별장기추이.jpg
250410,production_sources,other_coin,455,,,not_observable,250410_생산처별장기추이.jpg
250410,production_sources,other_coin,458,,,not_observable,250410_생산처별장기추이.jpg
250410,production_sources,other_coin,461,,,not_observable,250410_생산처별장기추이.jpg
250410,production_sources,other_coin,464,,,not_observable,250410_생산처별장기추이.jpg
250410,production_sources,other_coin,467,,,not_observable,250410_생산처별장기추이.jpg
250410,production_sources,other_coin,470,,,not_observable,250410_생산처별장기추이.jpg
250410,production_sources,other_coin,473,,,not_observable,250410_생산처별장기추이.jpg
250410,production_sources,other_coin,476,,,not_observable,250410_생산처별장기추이.jpg
250410,production_sources,other_coin,479,,,not_observable,250410_생산처별장기추이.jpg
250410,production_sources,other_coin,482,,,not_observable,250410_생산처별장기추이.jpg
250410,production_sources,other_coin,485,,,not_observable,250410_생산처별장기추이.jpg
250410,production_sources,other_coin,488,,,not_observable,250410_생산처별장기추이.jpg
250410,production_sources,other_coin,491,,,not_observable,250410_생산처별장기추이.jpg
250410,production_sources,other_coin,494,,,not_observable,250410_생산처별장기추이.jpg
250410,production_sources,other_coin,497,,,not_observable,250410_생산처별장기추이.jpg
250410,production_sources,other_coin,500,,,not_observable,250410_생산처별장기추이.jpg
250410,production_sources,other_coin,503,,,not_observable,250410_생산처별장기추이.jpg
250410,production_sources,other_coin,506,,,not_observable,250410_생산처별장기추이.jpg
250410,production_sources,other_coin,509,,,not_observable,250410_생산처별장기추이.jpg
250410,production_sources,other_coin,512,,,not_observable,250410_생산처별장기추이.jpg
250410,production_sources,other_coin,515,,,not_observable,250410_생산처별장기추이.jpg
250410,production_sources,other_coin,518,,,not_observable,250410_생산처별장기추이.jpg
250410,production_sources,other_coin,521,,,not_observable,250410_생산처별장기추이.jpg
250410,production_sources,other_coin,524,,,not_observable,250410_생산처별장기추이.jpg
250410,production_sources,other_coin,527,,,not_observable,250410_생산처별장기추이.jpg
250410,production_sources,other_coin,530,,,not_observable,250410_생산처별장기추이.jpg
250410,production_sources,other_coin,533,,,not_observable,250410_생산처별장기추이.jpg
250410,production_sources,other_coin,536,,,not_observable,250410_생산처별장기추이.jpg
250410,production_sources,other_coin,539,,,not_observable,250410_생산처별장기추이.jpg
250410,production_sources,other_coin,542,,,not_observable,250410_생산처별장기추이.jpg
250410,production_sources,other_coin,545,,,not_observable,250410_생산처별장기추이.jpg
250410,production_sources,other_coin,548,,,not_observable,250410_생산처별장기추이.jpg
250410,production_sources,other_coin,551,,,not_observable,250410_생산처별장기추이.jpg
250410,production_sources,other_coin,554,,,not_observable,250410_생산처별장기추이.jpg
250410,production_sources,other_coin,557,,,not_observable,250410_생산처별장기추이.jpg
250410,production_sources,other_coin,560,,,not_observable,250410_생산처별장기추이.jpg
250410,production_sources,other_coin,563,,,not_observable,250410_생산처별장기추이.jpg
250410,production_sources,other_coin,566,,,not_observable,250410_생산처별장기추이.jpg
250410,production_sources,other_coin,569,,,not_observable,250410_생산처별장기추이.jpg
250410,production_sources,other_coin,572,,,not_observable,250410_생산처별장기추이.jpg
250410,production_sources,other_coin,575,,,not_observable,250410_생산처별장기추이.jpg
250410,production_sources,other_coin,578,,,not_observable,250410_생산처별장기추이.jpg
250410,production_sources,other_coin,581,,,not_observable,250410_생산처별장기추이.jpg
250410,production_sources,other_coin,584,,,not_observable,250410_생산처별장기추이.jpg
250410,production_sources,other_coin,587,,,not_observable,250410_생산처별장기추이.jpg
250410,production_sources,other_coin,590,,,not_observable,250410_생산처별장기추이.jpg
250410,production_sources,other_coin,593,,,not_observable,250410_생산처별장기추이.jpg
250410,production_sources,other_coin,596,,,not_observable,250410_생산처별장기추이.jpg
250410,production_sources,other_coin,599,,,not_observable,250410_생산처별장기추이.jpg
250410,production_sources,other_coin,602,,,not_observable,250410_생산처별장기추이.jpg
250410,production_sources,other_coin,605,,,not_observable,250410_생산처별장기추이.jpg
250410,production_sources,other_coin,608,,,not_observable,250410_생산처별장기추이.jpg
250410,production_sources,other_coin,611,,,not_observable,250410_생산처별장기추이.jpg
250410,production_sources,other_coin,614,,,not_observable,250410_생산처별장기추이.jpg
250410,production_sources,other_coin,617,,,not_observable,250410_생산처별장기추이.jpg
250410,production_sources,other_coin,620,,,not_observable,250410_생산처별장기추이.jpg
250410,production_sources,other_coin,623,,,not_observable,250410_생산처별장기추이.jpg
250410,production_sources,other_coin,626,,,not_observable,250410_생산처별장기추이.jpg
250410,production_sources,other_coin,629,,,not_observable,250410_생산처별장기추이.jpg
250410,production_sources,other_coin,632,,,not_observable,250410_생산처별장기추이.jpg
250410,production_sources,other_coin,635,,,not_observable,250410_생산처별장기추이.jpg
250410,production_sources,other_coin,638,,,not_observable,250410_생산처별장기추이.jpg
250410,production_sources,other_coin,641,,,not_observable,250410_생산처별장기추이.jpg
250410,production_sources,other_coin,644,,,not_observable,250410_생산처별장기추이.jpg
250410,production_sources,other_coin,647,,,not_observable,250410_생산처별장기추이.jpg
250410,production_sources,other_coin,650,,,not_observable,250410_생산처별장기추이.jpg
250410,production_sources,other_coin,653,,,not_observable,250410_생산처별장기추이.jpg
250410,production_sources,other_coin,656,,,not_observable,250410_생산처별장기추이.jpg
250410,production_sources,other_coin,659,,,not_observable,250410_생산처별장기추이.jpg
250410,production_sources,other_coin,662,,,not_observable,250410_생산처별장기추이.jpg
250410,production_sources,other_coin,665,,,not_observable,250410_생산처별장기추이.jpg
250410,production_sources,other_coin,668,,,not_observable,250410_생산처별장기추이.jpg
250410,production_sources,other_coin,671,,,not_observable,250410_생산처별장기추이.jpg
250410,production_sources,other_coin,674,,,not_observable,250410_생산처별장기추이.jpg
250410,production_sources,other_coin,677,,,not_observable,250410_생산처별장기추이.jpg
250410,production_sources,other_coin,680,,,not_observable,250410_생산처별장기추이.jpg
250410,production_sources,other_coin,683,,,not_observable,250410_생산처별장기추이.jpg
250410,production_sources,other_coin,686,,,not_observable,250410_생산처별장기추이.jpg
250410,production_sources,other_coin,689,,,not_observable,250410_생산처별장기추이.jpg
250410,production_sources,other_coin,692,,,not_observable,250410_생산처별장기추이.jpg
250410,production_sources,other_coin,695,,,not_observable,250410_생산처별장기추이.jpg
250410,production_sources,other_coin,698,,,not_observable,250410_생산처별장기추이.jpg
250410,production_sources,other_coin,701,,,not_observable,250410_생산처별장기추이.jpg
250410,production_sources,other_coin,704,,,not_observable,250410_생산처별장기추이.jpg
250410,production_sources,other_coin,707,,,not_observable,250410_생산처별장기추이.jpg
250410,production_sources,other_coin,710,,,not_observable,250410_생산처별장기추이.jpg
250410,production_sources,other_coin,713,,,not_observable,250410_생산처별장기추이.jpg
250410,production_sources,other_coin,716,,,not_observable,250410_생산처별장기추이.jpg
250410,production_sources,other_coin,719,,,not_observable,250410_생산처별장기추이.jpg
250410,production_sources,other_coin,722,,,not_observable,250410_생산처별장기추이.jpg
250410,production_sources,other_coin,725,,,not_observable,250410_생산처별장기추이.jpg
250410,production_sources,other_coin,728,,,not_observable,250410_생산처별장기추이.jpg
250410,production_sources,other_coin,731,,,not_observable,250410_생산처별장기추이.jpg
250410,production_sources,other_coin,734,,,not_observable,250410_생산처별장기추이.jpg
250410,production_sources,other_coin,737,,,not_observable,250410_생산처별장기추이.jpg
250410,production_sources,other_coin,740,,,not_observable,250410_생산처별장기추이.jpg
250410,production_sources,other_coin,743,,,not_observable,250410_생산처별장기추이.jpg
250410,production_sources,other_coin,746,,,not_observable,250410_생산처별장기추이.jpg
250410,production_sources,other_coin,749,,,not_observable,250410_생산처별장기추이.jpg
250410,production_sources,other_coin,752,,,not_observable,250410_생산처별장기추이.jpg
250410,production_sources,other_coin,755,,,not_observable,250410_생산처별장기추이.jpg
250410,production_sources,other_coin,758,,,not_observable,250410_생산처별장기추이.jpg
250410,production_sources,other_coin,761,,,not_observable,250410_생산처별장기추이.jpg
250410,production_sources,other_coin,764,,,not_observable,250410_생산처별장기추이.jpg
250410,production_sources,other_coin,767,,,not_observable,250410_생산처별장기추이.jpg
250410,production_sources,other_coin,770,,,not_observable,250410_생산처별장기추이.jpg
250410,production_sources,other_coin,773,,,not_observable,250410_생산처별장기추이.jpg
250410,production_sources,other_coin,776,,,not_observable,250410_생산처별장기추이.jpg
250410,production_sources,other_coin,779,,,not_observable,250410_생산처별장기추이.jpg
250410,production_sources,other_coin,782,,,not_observable,250410_생산처별장기추이.jpg
250410,production_sources,other_coin,785,,,not_observable,250410_생산처별장기추이.jpg
250410,production_sources,other_coin,788,,,not_observable,250410_생산처별장기추이.jpg
250410,production_sources,other_coin,791,,,unresolved,250410_생산처별장기추이.jpg
250410,production_sources,other_coin,794,,,unresolved,250410_생산처별장기추이.jpg
250410,production_sources,other_coin,797,,,unresolved,250410_생산처별장기추이.jpg
250410,production_sources,other_coin,800,,,unresolved,250410_생산처별장기추이.jpg
250410,production_sources,other_coin,803,,,unresolved,250410_생산처별장기추이.jpg
250410,production_sources,other_coin,806,,,unresolved,250410_생산처별장기추이.jpg
250410,production_sources,other_coin,809,,,unresolved,250410_생산처별장기추이.jpg
250410,production_sources,other_coin,812,,,unresolved,250410_생산처별장기추이.jpg
250410,production_sources,other_coin,815,,,unresolved,250410_생산처별장기추이.jpg
250410,production_sources,other_coin,818,,,unresolved,250410_생산처별장기추이.jpg
250410,production_sources,other_coin,821,,,unresolved,250410_생산처별장기추이.jpg
250410,production_sources,other_coin,824,,,unresolved,250410_생산처별장기추이.jpg
250410,production_sources,other_coin,827,,,unresolved,250410_생산처별장기추이.jpg
250410,production_sources,other_coin,830,,,unresolved,250410_생산처별장기추이.jpg
250410,production_sources,other_coin,833,773.0,21.42428528562855,rgb_observed,250410_생산처별장기추이.jpg
250410,production_sources,other_coin,836,773.0,23.853720883753127,rgb_observed,250410_생산처별장기추이.jpg
250410,production_sources,other_coin,839,774.0,20.83266665599966,rgb_observed,250410_생산처별장기추이.jpg
250410,production_sources,other_coin,842,780.0,26.0,rgb_observed,250410_생산처별장기추이.jpg
250410,production_sources,other_coin,845,784.0,25.553864678361276,rgb_observed,250410_생산처별장기추이.jpg
250410,production_sources,other_coin,848,787.0,20.54263858417414,rgb_observed,250410_생산처별장기추이.jpg
250410,production_sources,other_coin,851,785.0,20.346989949375804,rgb_observed,250410_생산처별장기추이.jpg
250410,production_sources,other_coin,854,787.0,21.494185260204677,rgb_observed,250410_생산처별장기추이.jpg
250410,production_sources,other_coin,857,789.0,18.05547008526779,rgb_observed,250410_생산처별장기추이.jpg
250410,production_sources,other_coin,860,789.0,12.36931687685298,rgb_observed,250410_생산처별장기추이.jpg
250410,production_sources,other_coin,863,788.0,18.547236990991408,rgb_observed,250410_생산처별장기추이.jpg
250410,production_sources,other_coin,866,785.0,19.672315572906,rgb_observed,250410_생산처별장기추이.jpg
250410,production_sources,other_coin,869,785.0,14.212670403551895,rgb_observed,250410_생산처별장기추이.jpg
250410,production_sources,other_coin,872,786.0,22.737634001804146,rgb_observed,250410_생산처별장기추이.jpg
250410,production_sources,other_coin,875,788.0,24.677925358506133,rgb_observed,250410_생산처별장기추이.jpg
250410,production_sources,other_coin,878,790.0,24.413111231467404,rgb_observed,250410_생산처별장기추이.jpg
250410,production_sources,other_coin,881,791.0,23.53720459187964,rgb_observed,250410_생산처별장기추이.jpg
250410,production_sources,other_coin,884,792.0,24.289915602982237,rgb_observed,250410_생산처별장기추이.jpg
250410,production_sources,other_coin,887,793.0,19.519221295943137,rgb_observed,250410_생산처별장기추이.jpg
250410,production_sources,other_coin,890,793.0,21.213203435596427,rgb_observed,250410_생산처별장기추이.jpg
250410,production_sources,other_coin,893,792.0,22.22611077089287,rgb_observed,250410_생산처별장기추이.jpg
250410,production_sources,other_coin,896,787.0,28.495613697550013,rgb_observed,250410_생산처별장기추이.jpg
250410,production_sources,other_coin,899,787.0,15.7797338380595,rgb_observed,250410_생산처별장기추이.jpg
250410,production_sources,other_coin,902,787.0,15.684387141358123,rgb_observed,250410_생산처별장기추이.jpg
250410,production_sources,other_coin,905,788.0,18.708286933869708,rgb_observed,250410_생산처별장기추이.jpg
250410,production_sources,other_coin,908,788.0,17.0,rgb_observed,250410_생산처별장기추이.jpg
250410,production_sources,other_coin,911,789.0,22.67156809750927,rgb_observed,250410_생산처별장기추이.jpg
250410,production_sources,other_coin,914,792.0,20.83266665599966,rgb_observed,250410_생산처별장기추이.jpg
250410,production_sources,other_coin,917,793.0,19.72308292331602,rgb_observed,250410_생산처별장기추이.jpg
250410,production_sources,other_coin,920,792.0,14.696938456699069,rgb_observed,250410_생산처별장기추이.jpg
250410,production_sources,other_coin,923,791.0,20.346989949375804,rgb_observed,250410_생산처별장기추이.jpg
250410,production_sources,other_coin,926,792.0,21.77154105707724,rgb_observed,250410_생산처별장기추이.jpg
250410,production_sources,other_coin,929,788.0,23.259406699226016,rgb_observed,250410_생산처별장기추이.jpg
250410,production_sources,other_coin,932,785.0,21.0,rgb_observed,250410_생산처별장기추이.jpg
250410,production_sources,other_coin,935,782.0,13.601470508735444,rgb_observed,250410_생산처별장기추이.jpg
250410,production_sources,other_coin,938,782.0,15.132745950421556,rgb_observed,250410_생산처별장기추이.jpg
250410,production_sources,other_coin,941,785.0,21.18962010041709,rgb_observed,250410_생산처별장기추이.jpg
250410,production_sources,other_coin,944,789.0,18.81488772222678,rgb_observed,250410_생산처별장기추이.jpg
250410,production_sources,other_coin,947,789.0,22.293496809607955,rgb_observed,250410_생산처별장기추이.jpg
250410,production_sources,other_coin,950,791.0,21.2602916254693,rgb_observed,250410_생산처별장기추이.jpg
250410,production_sources,other_coin,953,789.0,22.0,rgb_observed,250410_생산처별장기추이.jpg
250410,production_sources,other_coin,956,787.0,26.981475126464083,rgb_observed,250410_생산처별장기추이.jpg
250410,production_sources,other_coin,959,785.0,19.72308292331602,rgb_observed,250410_생산처별장기추이.jpg
250410,production_sources,other_coin,962,786.0,18.466185312619388,rgb_observed,250410_생산처별장기추이.jpg
250410,production_sources,other_coin,965,782.0,24.596747752497688,rgb_observed,250410_생산처별장기추이.jpg
250410,production_sources,other_coin,968,782.0,17.804493814764857,rgb_observed,250410_생산처별장기추이.jpg
250410,production_sources,other_coin,971,783.0,28.600699292150182,rgb_observed,250410_생산처별장기추이.jpg
250410,production_sources,other_coin,974,788.0,26.627053911388696,rgb_observed,250410_생산처별장기추이.jpg
250410,production_sources,other_coin,977,789.0,22.22611077089287,rgb_observed,250410_생산처별장기추이.jpg
250410,production_sources,other_coin,980,790.0,28.792360097775937,rgb_observed,250410_생산처별장기추이.jpg
250410,production_sources,other_coin,983,790.0,27.820855486487112,rgb_observed,250410_생산처별장기추이.jpg
250410,production_sources,other_coin,986,790.0,23.40939982143925,rgb_observed,250410_생산처별장기추이.jpg
250410,production_sources,other_coin,989,789.0,26.476404589747453,rgb_observed,250410_생산처별장기추이.jpg
250410,production_sources,other_coin,992,787.0,17.233687939614086,rgb_observed,250410_생산처별장기추이.jpg
250410,production_sources,other_coin,995,788.0,18.275666882497067,rgb_observed,250410_생산처별장기추이.jpg
250410,production_sources,other_coin,998,787.0,21.72556098240043,rgb_observed,250410_생산처별장기추이.jpg
250410,production_sources,other_coin,1001,785.0,19.672315572906,rgb_observed,250410_생산처별장기추이.jpg
250410,production_sources,other_coin,1004,783.0,14.866068747318506,rgb_observed,250410_생산처별장기추이.jpg
250410,production_sources,other_coin,1007,782.0,17.4928556845359,rgb_observed,250410_생산처별장기추이.jpg
250410,production_sources,other_coin,1010,785.0,13.416407864998739,rgb_observed,250410_생산처별장기추이.jpg
250410,production_sources,other_coin,1013,788.0,23.065125189341593,rgb_observed,250410_생산처별장기추이.jpg
250410,production_sources,other_coin,1016,792.0,18.708286933869708,rgb_observed,250410_생산처별장기추이.jpg
250410,production_sources,other_coin,1019,795.0,16.401219466856727,rgb_observed,250410_생산처별장기추이.jpg
250410,production_sources,other_coin,1022,795.0,14.247806848775006,rgb_observed,250410_생산처별장기추이.jpg
250410,production_sources,other_coin,1025,794.0,27.16615541441225,rgb_observed,250410_생산처별장기추이.jpg
250410,production_sources,other_coin,1028,785.0,23.769728648009426,rgb_observed,250410_생산처별장기추이.jpg
250410,production_sources,other_coin,1031,785.0,22.58317958127243,rgb_observed,250410_생산처별장기추이.jpg
250410,production_sources,other_coin,1034,781.0,15.937377450509228,rgb_observed,250410_생산처별장기추이.jpg
250410,production_sources,other_coin,1037,782.0,11.832159566199232,rgb_observed,250410_생산처별장기추이.jpg
250410,production_sources,other_coin,1040,790.0,20.396078054371138,rgb_observed,250410_생산처별장기추이.jpg
250410,production_sources,other_coin,1043,791.0,17.97220075561143,rgb_observed,250410_생산처별장기추이.jpg
250410,production_sources,other_coin,1046,791.0,20.049937655763422,rgb_observed,250410_생산처별장기추이.jpg
250410,production_sources,other_coin,1049,792.0,15.297058540778355,rgb_observed,250410_생산처별장기추이.jpg
250410,production_sources,other_coin,1052,791.0,22.293496809607955,rgb_observed,250410_생산처별장기추이.jpg
250410,production_sources,other_coin,1055,790.0,24.269322199023193,rgb_observed,250410_생산처별장기추이.jpg
250410,production_sources,other_coin,1058,786.0,28.930952282978865,rgb_observed,250410_생산처별장기추이.jpg
250410,production_sources,other_coin,1061,786.0,21.307275752662516,rgb_observed,250410_생산처별장기추이.jpg
250410,production_sources,other_coin,1064,781.0,19.44222209522358,rgb_observed,250410_생산처별장기추이.jpg
250410,production_sources,other_coin,1067,778.0,7.810249675906654,rgb_observed,250410_생산처별장기추이.jpg
250410,production_sources,other_coin,1070,783.0,17.46424919657298,rgb_observed,250410_생산처별장기추이.jpg
250410,production_sources,other_coin,1073,788.0,25.15949125081825,rgb_observed,250410_생산처별장기추이.jpg
250410,production_sources,other_coin,1076,791.0,19.519221295943137,rgb_observed,250410_생산처별장기추이.jpg
250410,production_sources,other_coin,1079,792.0,9.273618495495704,rgb_observed,250410_생산처별장기추이.jpg
250410,production_sources,other_coin,1082,794.0,14.696938456699069,rgb_observed,250410_생산처별장기추이.jpg
250410,production_sources,other_coin,1085,798.0,12.884098726725126,rgb_observed,250410_생산처별장기추이.jpg
250410,production_sources,other_coin,1088,799.0,13.92838827718412,rgb_observed,250410_생산처별장기추이.jpg
250410,production_sources,other_coin,1091,801.0,27.2213151776324,rgb_observed,250410_생산처별장기추이.jpg
250410,production_sources,other_coin,1094,801.0,20.71231517720798,rgb_observed,250410_생산처별장기추이.jpg
250410,production_sources,other_coin,1097,798.0,24.698178070456937,rgb_observed,250410_생산처별장기추이.jpg
250410,production_sources,other_coin,1100,788.0,28.337254630609507,rgb_observed,250410_생산처별장기추이.jpg
250410,production_sources,other_coin,1103,779.0,6.0,rgb_observed,250410_생산처별장기추이.jpg
250410,production_sources,other_coin,1106,775.0,12.96148139681572,rgb_observed,250410_생산처별장기추이.jpg
250410,production_sources,other_coin,1109,794.0,23.021728866442675,rgb_observed,250410_생산처별장기추이.jpg
250410,production_sources,other_coin,1112,798.0,14.45683229480096,rgb_observed,250410_생산처별장기추이.jpg
250410,production_sources,other_coin,1115,799.0,33.24154027718932,rgb_observed,250410_생산처별장기추이.jpg
250410,production_sources,other_coin,1118,799.0,24.372115213907882,rgb_observed,250410_생산처별장기추이.jpg
250410,production_sources,other_coin,1121,798.0,23.706539182259394,rgb_observed,250410_생산처별장기추이.jpg
250410,production_sources,other_coin,1124,798.0,17.663521732655695,rgb_observed,250410_생산처별장기추이.jpg
250410,production_sources,other_coin,1127,798.0,18.57417562100671,rgb_observed,250410_생산처별장기추이.jpg
250410,production_sources,other_coin,1130,786.0,22.715633383201094,rgb_observed,250410_생산처별장기추이.jpg
250410,production_sources,other_coin,1133,782.0,10.723805294763608,rgb_observed,250410_생산처별장기추이.jpg
250410,production_sources,other_coin,1136,782.0,9.539392014169456,rgb_observed,250410_생산처별장기추이.jpg
250410,production_sources,other_coin,1139,792.0,22.22611077089287,rgb_observed,250410_생산처별장기추이.jpg
250410,production_sources,other_coin,1142,795.0,16.64331697709324,rgb_observed,250410_생산처별장기추이.jpg
250410,production_sources,other_coin,1145,795.0,28.442925306655784,rgb_observed,250410_생산처별장기추이.jpg
250410,production_sources,other_coin,1148,796.0,29.478805945967352,rgb_observed,250410_생산처별장기추이.jpg
250410,production_sources,other_coin,1151,794.0,15.394804318340652,rgb_observed,250410_생산처별장기추이.jpg
250410,production_sources,other_coin,1154,778.0,20.71231517720798,rgb_observed,250410_생산처별장기추이.jpg
250410,production_sources,other_coin,1157,763.0,22.02271554554524,rgb_observed,250410_생산처별장기추이.jpg
250410,production_sources,other_coin,1160,744.0,18.384776310850235,rgb_observed,250410_생산처별장기추이.jpg
250410,production_sources,other_coin,1163,726.0,21.02379604162864,rgb_observed,250410_생산처별장기추이.jpg
250410,production_sources,other_coin,1166,711.0,13.152946437965905,rgb_observed,250410_생산처별장기추이.jpg
250410,production_sources,other_coin,1169,713.0,28.930952282978865,rgb_observed,250410_생산처별장기추이.jpg
250410,production_sources,other_coin,1172,713.0,22.38302928559939,rgb_observed,250410_생산처별장기추이.jpg
250410,production_sources,other_coin,1175,718.0,19.72308292331602,rgb_observed,250410_생산처별장기추이.jpg
250410,production_sources,other_coin,1178,724.0,20.615528128088304,rgb_observed,250410_생산처별장기추이.jpg
250410,production_sources,other_coin,1181,727.0,28.142494558940577,rgb_observed,250410_생산처별장기추이.jpg
250410,production_sources,other_coin,1184,727.0,31.78049716414141,rgb_observed,250410_생산처별장기추이.jpg
250410,production_sources,other_coin,1187,726.0,32.07802986469088,rgb_observed,250410_생산처별장기추이.jpg
250410,production_sources,other_coin,1190,726.0,14.177446878757825,rgb_observed,250410_생산처별장기추이.jpg
250410,production_sources,other_coin,1193,726.0,10.344080432788601,rgb_observed,250410_생산처별장기추이.jpg
250410,production_sources,other_coin,1196,721.0,20.808652046684813,rgb_observed,250410_생산처별장기추이.jpg
250410,production_sources,other_coin,1199,712.0,9.219544457292887,rgb_observed,250410_생산처별장기추이.jpg
250410,production_sources,other_coin,1202,710.0,6.708203932499369,rgb_observed,250410_생산처별장기추이.jpg
250410,production_sources,other_coin,1205,711.0,19.4164878389476,rgb_observed,250410_생산처별장기추이.jpg
250410,production_sources,other_coin,1208,735.0,26.30589287593181,rgb_observed,250410_생산처별장기추이.jpg
250410,production_sources,other_coin,1211,740.0,12.083045973594572,rgb_observed,250410_생산처별장기추이.jpg
250410,production_sources,other_coin,1214,741.0,19.44222209522358,rgb_observed,250410_생산처별장기추이.jpg
250410,production_sources,other_coin,1217,742.0,22.516660498395403,rgb_observed,250410_생산처별장기추이.jpg
250410,production_sources,other_coin,1220,741.0,29.017236257093817,rgb_observed,250410_생산처별장기추이.jpg
250410,production_sources,other_coin,1223,738.0,21.61018278497431,rgb_observed,250410_생산처별장기추이.jpg
250410,production_sources,other_coin,1226,736.0,23.558437978779494,rgb_observed,250410_생산처별장기추이.jpg
250410,production_sources,other_coin,1229,725.0,12.083045973594572,rgb_observed,250410_생산처별장기추이.jpg
250410,production_sources,other_coin,1232,725.0,18.81488772222678,rgb_observed,250410_생산처별장기추이.jpg
250410,production_sources,other_coin,1235,723.0,17.378147196982766,rgb_observed,250410_생산처별장기추이.jpg
250410,production_sources,other_coin,1238,747.0,22.58317958127243,rgb_observed,250410_생산처별장기추이.jpg
250410,production_sources,other_coin,1241,754.0,20.73644135332772,rgb_observed,250410_생산처별장기추이.jpg
250410,production_sources,other_coin,1244,762.0,26.419689627245813,rgb_observed,250410_생산처별장기추이.jpg
250410,production_sources,other_coin,1247,761.0,16.431676725154983,rgb_observed,250410_생산처별장기추이.jpg
250410,production_sources,other_coin,1250,763.0,22.847319317591726,rgb_observed,250410_생산처별장기추이.jpg
250410,production_sources,other_coin,1253,763.0,20.904544960366874,rgb_observed,250410_생산처별장기추이.jpg
250410,production_sources,other_coin,1256,760.0,19.849433241279208,rgb_observed,250410_생산처별장기추이.jpg
250410,production_sources,other_coin,1259,755.0,17.944358444926362,rgb_observed,250410_생산처별장기추이.jpg
250410,production_sources,other_coin,1262,748.0,20.688160865577203,rgb_observed,250410_생산처별장기추이.jpg
250410,production_sources,other,368,,,unresolved,250410_생산처별장기추이.jpg
250410,production_sources,other,371,,,unresolved,250410_생산처별장기추이.jpg
250410,production_sources,other,374,,,unresolved,250410_생산처별장기추이.jpg
250410,production_sources,other,377,,,unresolved,250410_생산처별장기추이.jpg
250410,production_sources,other,380,,,unresolved,250410_생산처별장기추이.jpg
250410,production_sources,other,383,,,unresolved,250410_생산처별장기추이.jpg
250410,production_sources,other,386,,,unresolved,250410_생산처별장기추이.jpg
250410,production_sources,other,389,,,unresolved,250410_생산처별장기추이.jpg
250410,production_sources,other,392,,,unresolved,250410_생산처별장기추이.jpg
250410,production_sources,other,395,,,unresolved,250410_생산처별장기추이.jpg
250410,production_sources,other,398,,,unresolved,250410_생산처별장기추이.jpg
250410,production_sources,other,401,,,unresolved,250410_생산처별장기추이.jpg
250410,production_sources,other,404,,,unresolved,250410_생산처별장기추이.jpg
250410,production_sources,other,407,,,unresolved,250410_생산처별장기추이.jpg
250410,production_sources,other,410,,,unresolved,250410_생산처별장기추이.jpg
250410,production_sources,other,413,,,unresolved,250410_생산처별장기추이.jpg
250410,production_sources,other,416,,,unresolved,250410_생산처별장기추이.jpg
250410,production_sources,other,419,,,unresolved,250410_생산처별장기추이.jpg
250410,production_sources,other,422,,,unresolved,250410_생산처별장기추이.jpg
250410,production_sources,other,425,,,unresolved,250410_생산처별장기추이.jpg
250410,production_sources,other,428,,,unresolved,250410_생산처별장기추이.jpg
250410,production_sources,other,431,,,unresolved,250410_생산처별장기추이.jpg
250410,production_sources,other,434,,,unresolved,250410_생산처별장기추이.jpg
250410,production_sources,other,437,,,unresolved,250410_생산처별장기추이.jpg
250410,production_sources,other,440,,,unresolved,250410_생산처별장기추이.jpg
250410,production_sources,other,443,,,unresolved,250410_생산처별장기추이.jpg
250410,production_sources,other,446,,,unresolved,250410_생산처별장기추이.jpg
250410,production_sources,other,449,,,unresolved,250410_생산처별장기추이.jpg
250410,production_sources,other,452,,,unresolved,250410_생산처별장기추이.jpg
250410,production_sources,other,455,,,unresolved,250410_생산처별장기추이.jpg
250410,production_sources,other,458,,,unresolved,250410_생산처별장기추이.jpg
250410,production_sources,other,461,,,unresolved,250410_생산처별장기추이.jpg
250410,production_sources,other,464,,,unresolved,250410_생산처별장기추이.jpg
250410,production_sources,other,467,,,unresolved,250410_생산처별장기추이.jpg
250410,production_sources,other,470,,,unresolved,250410_생산처별장기추이.jpg
250410,production_sources,other,473,,,unresolved,250410_생산처별장기추이.jpg
250410,production_sources,other,476,,,unresolved,250410_생산처별장기추이.jpg
250410,production_sources,other,479,,,unresolved,250410_생산처별장기추이.jpg
250410,production_sources,other,482,,,unresolved,250410_생산처별장기추이.jpg
250410,production_sources,other,485,,,unresolved,250410_생산처별장기추이.jpg
250410,production_sources,other,488,,,unresolved,250410_생산처별장기추이.jpg
250410,production_sources,other,491,,,unresolved,250410_생산처별장기추이.jpg
250410,production_sources,other,494,,,unresolved,250410_생산처별장기추이.jpg
250410,production_sources,other,497,,,unresolved,250410_생산처별장기추이.jpg
250410,production_sources,other,500,,,unresolved,250410_생산처별장기추이.jpg
250410,production_sources,other,503,,,unresolved,250410_생산처별장기추이.jpg
250410,production_sources,other,506,,,unresolved,250410_생산처별장기추이.jpg
250410,production_sources,other,509,,,unresolved,250410_생산처별장기추이.jpg
250410,production_sources,other,512,,,unresolved,250410_생산처별장기추이.jpg
250410,production_sources,other,515,,,unresolved,250410_생산처별장기추이.jpg
250410,production_sources,other,518,,,unresolved,250410_생산처별장기추이.jpg
250410,production_sources,other,521,,,unresolved,250410_생산처별장기추이.jpg
250410,production_sources,other,524,,,unresolved,250410_생산처별장기추이.jpg
250410,production_sources,other,527,,,unresolved,250410_생산처별장기추이.jpg
250410,production_sources,other,530,,,unresolved,250410_생산처별장기추이.jpg
250410,production_sources,other,533,,,unresolved,250410_생산처별장기추이.jpg
250410,production_sources,other,536,,,unresolved,250410_생산처별장기추이.jpg
250410,production_sources,other,539,,,unresolved,250410_생산처별장기추이.jpg
250410,production_sources,other,542,,,unresolved,250410_생산처별장기추이.jpg
250410,production_sources,other,545,,,unresolved,250410_생산처별장기추이.jpg
250410,production_sources,other,548,,,unresolved,250410_생산처별장기추이.jpg
250410,production_sources,other,551,,,unresolved,250410_생산처별장기추이.jpg
250410,production_sources,other,554,,,unresolved,250410_생산처별장기추이.jpg
250410,production_sources,other,557,,,unresolved,250410_생산처별장기추이.jpg
250410,production_sources,other,560,,,unresolved,250410_생산처별장기추이.jpg
250410,production_sources,other,563,,,unresolved,250410_생산처별장기추이.jpg
250410,production_sources,other,566,,,unresolved,250410_생산처별장기추이.jpg
250410,production_sources,other,569,,,unresolved,250410_생산처별장기추이.jpg
250410,production_sources,other,572,,,unresolved,250410_생산처별장기추이.jpg
250410,production_sources,other,575,,,unresolved,250410_생산처별장기추이.jpg
250410,production_sources,other,578,,,unresolved,250410_생산처별장기추이.jpg
250410,production_sources,other,581,,,unresolved,250410_생산처별장기추이.jpg
250410,production_sources,other,584,,,unresolved,250410_생산처별장기추이.jpg
250410,production_sources,other,587,,,unresolved,250410_생산처별장기추이.jpg
250410,production_sources,other,590,,,unresolved,250410_생산처별장기추이.jpg
250410,production_sources,other,593,,,unresolved,250410_생산처별장기추이.jpg
250410,production_sources,other,596,,,unresolved,250410_생산처별장기추이.jpg
250410,production_sources,other,599,,,unresolved,250410_생산처별장기추이.jpg
250410,production_sources,other,602,,,unresolved,250410_생산처별장기추이.jpg
250410,production_sources,other,605,,,unresolved,250410_생산처별장기추이.jpg
250410,production_sources,other,608,,,unresolved,250410_생산처별장기추이.jpg
250410,production_sources,other,611,,,unresolved,250410_생산처별장기추이.jpg
250410,production_sources,other,614,,,unresolved,250410_생산처별장기추이.jpg
250410,production_sources,other,617,,,unresolved,250410_생산처별장기추이.jpg
250410,production_sources,other,620,,,unresolved,250410_생산처별장기추이.jpg
250410,production_sources,other,623,,,unresolved,250410_생산처별장기추이.jpg
250410,production_sources,other,626,,,unresolved,250410_생산처별장기추이.jpg
250410,production_sources,other,629,,,unresolved,250410_생산처별장기추이.jpg
250410,production_sources,other,632,,,unresolved,250410_생산처별장기추이.jpg
250410,production_sources,other,635,,,unresolved,250410_생산처별장기추이.jpg
250410,production_sources,other,638,,,unresolved,250410_생산처별장기추이.jpg
250410,production_sources,other,641,,,unresolved,250410_생산처별장기추이.jpg
250410,production_sources,other,644,,,unresolved,250410_생산처별장기추이.jpg
250410,production_sources,other,647,,,unresolved,250410_생산처별장기추이.jpg
250410,production_sources,other,650,,,unresolved,250410_생산처별장기추이.jpg
250410,production_sources,other,653,,,unresolved,250410_생산처별장기추이.jpg
250410,production_sources,other,656,,,unresolved,250410_생산처별장기추이.jpg
250410,production_sources,other,659,,,unresolved,250410_생산처별장기추이.jpg
250410,production_sources,other,662,,,unresolved,250410_생산처별장기추이.jpg
250410,production_sources,other,665,,,unresolved,250410_생산처별장기추이.jpg
250410,production_sources,other,668,,,unresolved,250410_생산처별장기추이.jpg
250410,production_sources,other,671,,,unresolved,250410_생산처별장기추이.jpg
250410,production_sources,other,674,,,unresolved,250410_생산처별장기추이.jpg
250410,production_sources,other,677,,,unresolved,250410_생산처별장기추이.jpg
250410,production_sources,other,680,,,unresolved,250410_생산처별장기추이.jpg
250410,production_sources,other,683,,,unresolved,250410_생산처별장기추이.jpg
250410,production_sources,other,686,,,unresolved,250410_생산처별장기추이.jpg
250410,production_sources,other,689,,,unresolved,250410_생산처별장기추이.jpg
250410,production_sources,other,692,,,unresolved,250410_생산처별장기추이.jpg
250410,production_sources,other,695,,,unresolved,250410_생산처별장기추이.jpg
250410,production_sources,other,698,,,unresolved,250410_생산처별장기추이.jpg
250410,production_sources,other,701,,,unresolved,250410_생산처별장기추이.jpg
250410,production_sources,other,704,,,unresolved,250410_생산처별장기추이.jpg
250410,production_sources,other,707,,,unresolved,250410_생산처별장기추이.jpg
250410,production_sources,other,710,,,unresolved,250410_생산처별장기추이.jpg
250410,production_sources,other,713,,,unresolved,250410_생산처별장기추이.jpg
250410,production_sources,other,716,,,unresolved,250410_생산처별장기추이.jpg
250410,production_sources,other,719,,,unresolved,250410_생산처별장기추이.jpg
250410,production_sources,other,722,,,unresolved,250410_생산처별장기추이.jpg
250410,production_sources,other,725,,,unresolved,250410_생산처별장기추이.jpg
250410,production_sources,other,728,,,unresolved,250410_생산처별장기추이.jpg
250410,production_sources,other,731,,,unresolved,250410_생산처별장기추이.jpg
250410,production_sources,other,734,,,unresolved,250410_생산처별장기추이.jpg
250410,production_sources,other,737,,,unresolved,250410_생산처별장기추이.jpg
250410,production_sources,other,740,,,unresolved,250410_생산처별장기추이.jpg
250410,production_sources,other,743,,,unresolved,250410_생산처별장기추이.jpg
250410,production_sources,other,746,,,unresolved,250410_생산처별장기추이.jpg
250410,production_sources,other,749,,,unresolved,250410_생산처별장기추이.jpg
250410,production_sources,other,752,,,unresolved,250410_생산처별장기추이.jpg
250410,production_sources,other,755,,,unresolved,250410_생산처별장기추이.jpg
250410,production_sources,other,758,,,unresolved,250410_생산처별장기추이.jpg
250410,production_sources,other,761,,,unresolved,250410_생산처별장기추이.jpg
250410,production_sources,other,764,,,unresolved,250410_생산처별장기추이.jpg
250410,production_sources,other,767,,,unresolved,250410_생산처별장기추이.jpg
250410,production_sources,other,770,,,unresolved,250410_생산처별장기추이.jpg
250410,production_sources,other,773,,,unresolved,250410_생산처별장기추이.jpg
250410,production_sources,other,776,,,unresolved,250410_생산처별장기추이.jpg
250410,production_sources,other,779,,,unresolved,250410_생산처별장기추이.jpg
250410,production_sources,other,782,,,unresolved,250410_생산처별장기추이.jpg
250410,production_sources,other,785,,,unresolved,250410_생산처별장기추이.jpg
250410,production_sources,other,788,,,unresolved,250410_생산처별장기추이.jpg
250410,production_sources,other,791,,,unresolved,250410_생산처별장기추이.jpg
250410,production_sources,other,794,,,unresolved,250410_생산처별장기추이.jpg
250410,production_sources,other,797,,,unresolved,250410_생산처별장기추이.jpg
250410,production_sources,other,800,,,unresolved,250410_생산처별장기추이.jpg
250410,production_sources,other,803,,,unresolved,250410_생산처별장기추이.jpg
250410,production_sources,other,806,,,unresolved,250410_생산처별장기추이.jpg
250410,production_sources,other,809,,,unresolved,250410_생산처별장기추이.jpg
250410,production_sources,other,812,,,unresolved,250410_생산처별장기추이.jpg
250410,production_sources,other,815,,,unresolved,250410_생산처별장기추이.jpg
250410,production_sources,other,818,,,unresolved,250410_생산처별장기추이.jpg
250410,production_sources,other,821,,,unresolved,250410_생산처별장기추이.jpg
250410,production_sources,other,824,,,unresolved,250410_생산처별장기추이.jpg
250410,production_sources,other,827,,,unresolved,250410_생산처별장기추이.jpg
250410,production_sources,other,830,,,unresolved,250410_생산처별장기추이.jpg
250410,production_sources,other,833,,,unresolved,250410_생산처별장기추이.jpg
250410,production_sources,other,836,,,unresolved,250410_생산처별장기추이.jpg
250410,production_sources,other,839,,,unresolved,250410_생산처별장기추이.jpg
250410,production_sources,other,842,,,unresolved,250410_생산처별장기추이.jpg
250410,production_sources,other,845,,,unresolved,250410_생산처별장기추이.jpg
250410,production_sources,other,848,,,unresolved,250410_생산처별장기추이.jpg
250410,production_sources,other,851,,,unresolved,250410_생산처별장기추이.jpg
250410,production_sources,other,854,,,unresolved,250410_생산처별장기추이.jpg
250410,production_sources,other,857,,,unresolved,250410_생산처별장기추이.jpg
250410,production_sources,other,860,,,unresolved,250410_생산처별장기추이.jpg
250410,production_sources,other,863,,,unresolved,250410_생산처별장기추이.jpg
250410,production_sources,other,866,,,unresolved,250410_생산처별장기추이.jpg
250410,production_sources,other,869,,,unresolved,250410_생산처별장기추이.jpg
250410,production_sources,other,872,,,unresolved,250410_생산처별장기추이.jpg
250410,production_sources,other,875,,,unresolved,250410_생산처별장기추이.jpg
250410,production_sources,other,878,,,unresolved,250410_생산처별장기추이.jpg
250410,production_sources,other,881,,,unresolved,250410_생산처별장기추이.jpg
250410,production_sources,other,884,,,unresolved,250410_생산처별장기추이.jpg
250410,production_sources,other,887,,,unresolved,250410_생산처별장기추이.jpg
250410,production_sources,other,890,,,unresolved,250410_생산처별장기추이.jpg
250410,production_sources,other,893,,,unresolved,250410_생산처별장기추이.jpg
250410,production_sources,other,896,,,unresolved,250410_생산처별장기추이.jpg
250410,production_sources,other,899,,,unresolved,250410_생산처별장기추이.jpg
250410,production_sources,other,902,,,unresolved,250410_생산처별장기추이.jpg
250410,production_sources,other,905,,,unresolved,250410_생산처별장기추이.jpg
250410,production_sources,other,908,,,unresolved,250410_생산처별장기추이.jpg
250410,production_sources,other,911,,,unresolved,250410_생산처별장기추이.jpg
250410,production_sources,other,914,,,unresolved,250410_생산처별장기추이.jpg
250410,production_sources,other,917,,,unresolved,250410_생산처별장기추이.jpg
250410,production_sources,other,920,,,unresolved,250410_생산처별장기추이.jpg
250410,production_sources,other,923,,,unresolved,250410_생산처별장기추이.jpg
250410,production_sources,other,926,,,unresolved,250410_생산처별장기추이.jpg
250410,production_sources,other,929,,,unresolved,250410_생산처별장기추이.jpg
250410,production_sources,other,932,,,unresolved,250410_생산처별장기추이.jpg
250410,production_sources,other,935,,,unresolved,250410_생산처별장기추이.jpg
250410,production_sources,other,938,,,unresolved,250410_생산처별장기추이.jpg
250410,production_sources,other,941,,,unresolved,250410_생산처별장기추이.jpg
250410,production_sources,other,944,,,unresolved,250410_생산처별장기추이.jpg
250410,production_sources,other,947,,,unresolved,250410_생산처별장기추이.jpg
250410,production_sources,other,950,,,unresolved,250410_생산처별장기추이.jpg
250410,production_sources,other,953,,,unresolved,250410_생산처별장기추이.jpg
250410,production_sources,other,956,,,unresolved,250410_생산처별장기추이.jpg
250410,production_sources,other,959,,,unresolved,250410_생산처별장기추이.jpg
250410,production_sources,other,962,,,unresolved,250410_생산처별장기추이.jpg
250410,production_sources,other,965,,,unresolved,250410_생산처별장기추이.jpg
250410,production_sources,other,968,,,unresolved,250410_생산처별장기추이.jpg
250410,production_sources,other,971,,,unresolved,250410_생산처별장기추이.jpg
250410,production_sources,other,974,,,unresolved,250410_생산처별장기추이.jpg
250410,production_sources,other,977,,,unresolved,250410_생산처별장기추이.jpg
250410,production_sources,other,980,,,unresolved,250410_생산처별장기추이.jpg
250410,production_sources,other,983,,,unresolved,250410_생산처별장기추이.jpg
250410,production_sources,other,986,,,unresolved,250410_생산처별장기추이.jpg
250410,production_sources,other,989,,,unresolved,250410_생산처별장기추이.jpg
250410,production_sources,other,992,,,unresolved,250410_생산처별장기추이.jpg
250410,production_sources,other,995,,,unresolved,250410_생산처별장기추이.jpg
250410,production_sources,other,998,,,unresolved,250410_생산처별장기추이.jpg
250410,production_sources,other,1001,,,unresolved,250410_생산처별장기추이.jpg
250410,production_sources,other,1004,,,unresolved,250410_생산처별장기추이.jpg
250410,production_sources,other,1007,,,unresolved,250410_생산처별장기추이.jpg
250410,production_sources,other,1010,,,unresolved,250410_생산처별장기추이.jpg
250410,production_sources,other,1013,,,unresolved,250410_생산처별장기추이.jpg
250410,production_sources,other,1016,,,unresolved,250410_생산처별장기추이.jpg
250410,production_sources,other,1019,,,unresolved,250410_생산처별장기추이.jpg
250410,production_sources,other,1022,,,unresolved,250410_생산처별장기추이.jpg
250410,production_sources,other,1025,,,unresolved,250410_생산처별장기추이.jpg
250410,production_sources,other,1028,,,unresolved,250410_생산처별장기추이.jpg
250410,production_sources,other,1031,,,unresolved,250410_생산처별장기추이.jpg
250410,production_sources,other,1034,,,unresolved,250410_생산처별장기추이.jpg
250410,production_sources,other,1037,,,unresolved,250410_생산처별장기추이.jpg
250410,production_sources,other,1040,,,unresolved,250410_생산처별장기추이.jpg
250410,production_sources,other,1043,,,unresolved,250410_생산처별장기추이.jpg
250410,production_sources,other,1046,,,unresolved,250410_생산처별장기추이.jpg
250410,production_sources,other,1049,,,unresolved,250410_생산처별장기추이.jpg
250410,production_sources,other,1052,,,unresolved,250410_생산처별장기추이.jpg
250410,production_sources,other,1055,,,unresolved,250410_생산처별장기추이.jpg
250410,production_sources,other,1058,,,unresolved,250410_생산처별장기추이.jpg
250410,production_sources,other,1061,,,unresolved,250410_생산처별장기추이.jpg
250410,production_sources,other,1064,,,unresolved,250410_생산처별장기추이.jpg
250410,production_sources,other,1067,,,unresolved,250410_생산처별장기추이.jpg
250410,production_sources,other,1070,,,unresolved,250410_생산처별장기추이.jpg
250410,production_sources,other,1073,,,unresolved,250410_생산처별장기추이.jpg
250410,production_sources,other,1076,,,unresolved,250410_생산처별장기추이.jpg
250410,production_sources,other,1079,,,unresolved,250410_생산처별장기추이.jpg
250410,production_sources,other,1082,,,unresolved,250410_생산처별장기추이.jpg
250410,production_sources,other,1085,,,unresolved,250410_생산처별장기추이.jpg
250410,production_sources,other,1088,,,unresolved,250410_생산처별장기추이.jpg
250410,production_sources,other,1091,,,unresolved,250410_생산처별장기추이.jpg
250410,production_sources,other,1094,,,unresolved,250410_생산처별장기추이.jpg
250410,production_sources,other,1097,,,unresolved,250410_생산처별장기추이.jpg
250410,production_sources,other,1100,,,unresolved,250410_생산처별장기추이.jpg
250410,production_sources,other,1103,,,unresolved,250410_생산처별장기추이.jpg
250410,production_sources,other,1106,,,unresolved,250410_생산처별장기추이.jpg
250410,production_sources,other,1109,,,unresolved,250410_생산처별장기추이.jpg
250410,production_sources,other,1112,,,unresolved,250410_생산처별장기추이.jpg
250410,production_sources,other,1115,,,unresolved,250410_생산처별장기추이.jpg
250410,production_sources,other,1118,,,unresolved,250410_생산처별장기추이.jpg
250410,production_sources,other,1121,,,unresolved,250410_생산처별장기추이.jpg
250410,production_sources,other,1124,,,unresolved,250410_생산처별장기추이.jpg
250410,production_sources,other,1127,,,unresolved,250410_생산처별장기추이.jpg
250410,production_sources,other,1130,,,unresolved,250410_생산처별장기추이.jpg
250410,production_sources,other,1133,,,unresolved,250410_생산처별장기추이.jpg
250410,production_sources,other,1136,,,unresolved,250410_생산처별장기추이.jpg
250410,production_sources,other,1139,,,unresolved,250410_생산처별장기추이.jpg
250410,production_sources,other,1142,,,unresolved,250410_생산처별장기추이.jpg
250410,production_sources,other,1145,,,unresolved,250410_생산처별장기추이.jpg
250410,production_sources,other,1148,,,unresolved,250410_생산처별장기추이.jpg
250410,production_sources,other,1151,,,unresolved,250410_생산처별장기추이.jpg
250410,production_sources,other,1154,,,unresolved,250410_생산처별장기추이.jpg
250410,production_sources,other,1157,,,unresolved,250410_생산처별장기추이.jpg
250410,production_sources,other,1160,,,unresolved,250410_생산처별장기추이.jpg
250410,production_sources,other,1163,,,unresolved,250410_생산처별장기추이.jpg
250410,production_sources,other,1166,,,unresolved,250410_생산처별장기추이.jpg
250410,production_sources,other,1169,,,unresolved,250410_생산처별장기추이.jpg
250410,production_sources,other,1172,,,unresolved,250410_생산처별장기추이.jpg
250410,production_sources,other,1175,,,unresolved,250410_생산처별장기추이.jpg
250410,production_sources,other,1178,,,unresolved,250410_생산처별장기추이.jpg
250410,production_sources,other,1181,,,unresolved,250410_생산처별장기추이.jpg
250410,production_sources,other,1184,,,unresolved,250410_생산처별장기추이.jpg
250410,production_sources,other,1187,,,unresolved,250410_생산처별장기추이.jpg
250410,production_sources,other,1190,,,unresolved,250410_생산처별장기추이.jpg
250410,production_sources,other,1193,,,unresolved,250410_생산처별장기추이.jpg
250410,production_sources,other,1196,,,unresolved,250410_생산처별장기추이.jpg
250410,production_sources,other,1199,,,unresolved,250410_생산처별장기추이.jpg
250410,production_sources,other,1202,,,unresolved,250410_생산처별장기추이.jpg
250410,production_sources,other,1205,,,unresolved,250410_생산처별장기추이.jpg
250410,production_sources,other,1208,,,unresolved,250410_생산처별장기추이.jpg
250410,production_sources,other,1211,,,unresolved,250410_생산처별장기추이.jpg
250410,production_sources,other,1214,,,unresolved,250410_생산처별장기추이.jpg
250410,production_sources,other,1217,,,unresolved,250410_생산처별장기추이.jpg
250410,production_sources,other,1220,,,unresolved,250410_생산처별장기추이.jpg
250410,production_sources,other,1223,,,unresolved,250410_생산처별장기추이.jpg
250410,production_sources,other,1226,,,unresolved,250410_생산처별장기추이.jpg
250410,production_sources,other,1229,,,unresolved,250410_생산처별장기추이.jpg
250410,production_sources,other,1232,,,unresolved,250410_생산처별장기추이.jpg
250410,production_sources,other,1235,,,unresolved,250410_생산처별장기추이.jpg
250410,production_sources,other,1238,,,unresolved,250410_생산처별장기추이.jpg
250410,production_sources,other,1241,,,unresolved,250410_생산처별장기추이.jpg
250410,production_sources,other,1244,,,unresolved,250410_생산처별장기추이.jpg
250410,production_sources,other,1247,,,unresolved,250410_생산처별장기추이.jpg
250410,production_sources,other,1250,,,unresolved,250410_생산처별장기추이.jpg
250410,production_sources,other,1253,,,unresolved,250410_생산처별장기추이.jpg
250410,production_sources,other,1256,,,unresolved,250410_생산처별장기추이.jpg
250410,production_sources,other,1259,,,unresolved,250410_생산처별장기추이.jpg
250410,production_sources,other,1262,,,unresolved,250410_생산처별장기추이.jpg
251016,production_sources,boss,136,537.0,36.24913792078372,rgb_observed,251016_생산처별.png
251016,production_sources,boss,139,537.0,26.49528259898354,rgb_observed,251016_생산처별.png
251016,production_sources,boss,142,539.0,18.708286933869708,rgb_observed,251016_생산처별.png
251016,production_sources,boss,145,541.0,21.470910553583888,rgb_observed,251016_생산처별.png
251016,production_sources,boss,148,542.0,22.135943621178654,rgb_observed,251016_생산처별.png
251016,production_sources,boss,151,543.0,20.46948949045872,rgb_observed,251016_생산처별.png
251016,production_sources,boss,154,545.0,23.790754506740637,rgb_observed,251016_생산처별.png
251016,production_sources,boss,157,546.0,30.01666203960727,rgb_observed,251016_생산처별.png
251016,production_sources,boss,160,547.0,26.28687885618983,rgb_observed,251016_생산처별.png
251016,production_sources,boss,163,549.0,27.0,rgb_observed,251016_생산처별.png
251016,production_sources,boss,166,550.0,31.811947441173732,rgb_observed,251016_생산처별.png
251016,production_sources,boss,169,552.0,32.17141588429082,rgb_observed,251016_생산처별.png
251016,production_sources,boss,172,553.0,30.675723300355934,rgb_observed,251016_생산처별.png
251016,production_sources,boss,175,555.0,23.748684174075834,rgb_observed,251016_생산처별.png
251016,production_sources,boss,178,556.0,30.380915061926625,rgb_observed,251016_생산처별.png
251016,production_sources,boss,181,557.0,28.106938645110393,rgb_observed,251016_생산처별.png
251016,production_sources,boss,184,559.0,35.24202037341219,rgb_observed,251016_생산처별.png
251016,production_sources,boss,187,557.0,26.153393661244042,rgb_observed,251016_생산처별.png
251016,production_sources,boss,190,557.0,25.475478405713993,rgb_observed,251016_생산처별.png
251016,production_sources,boss,193,555.0,26.095976701399778,rgb_observed,251016_생산처별.png
251016,production_sources,boss,196,553.0,25.98076211353316,rgb_observed,251016_생산처별.png
251016,production_sources,boss,199,552.0,27.16615541441225,rgb_observed,251016_생산처별.png
251016,production_sources,boss,202,551.0,28.39013913315678,rgb_observed,251016_생산처별.png
251016,production_sources,boss,205,549.0,29.58039891549808,rgb_observed,251016_생산처별.png
251016,production_sources,boss,208,548.0,28.861739379323623,rgb_observed,251016_생산처별.png
251016,production_sources,boss,211,547.0,24.351591323771842,rgb_observed,251016_생산처별.png
251016,production_sources,boss,214,545.0,22.825424421026653,rgb_observed,251016_생산처별.png
251016,production_sources,boss,217,543.0,19.44222209522358,rgb_observed,251016_생산처별.png
251016,production_sources,boss,220,542.0,20.639767440550294,rgb_observed,251016_생산처별.png
251016,production_sources,boss,223,540.0,15.165750888103101,rgb_observed,251016_생산처별.png
251016,production_sources,boss,226,539.0,15.748015748023622,rgb_observed,251016_생산처별.png
251016,production_sources,boss,229,538.0,18.05547008526779,rgb_observed,251016_생산처별.png
251016,production_sources,boss,232,537.0,14.730919862656235,rgb_observed,251016_생산처별.png
251016,production_sources,boss,235,537.0,19.209372712298546,rgb_observed,251016_생산처별.png
251016,production_sources,boss,238,538.0,16.15549442140351,rgb_observed,251016_생산처별.png
251016,production_sources,boss,241,539.0,13.638181696985855,rgb_observed,251016_생산처별.png
251016,production_sources,boss,244,541.0,18.439088914585774,rgb_observed,251016_생산처별.png
251016,production_sources,boss,247,542.0,19.621416870348583,rgb_observed,251016_생산처별.png
251016,production_sources,boss,250,543.0,18.16590212458495,rgb_observed,251016_생산처별.png
251016,production_sources,boss,253,545.0,21.470910553583888,rgb_observed,251016_생산처별.png
251016,production_sources,boss,256,547.0,25.67099530598687,rgb_observed,251016_생산처별.png
251016,production_sources,boss,259,548.0,22.494443758403985,rgb_observed,251016_생산처별.png
251016,production_sources,boss,262,549.0,25.787593916455254,rgb_observed,251016_생산처별.png
251016,production_sources,boss,265,551.0,20.12461179749811,rgb_observed,251016_생산처별.png
251016,production_sources,boss,268,552.0,24.124676163629637,rgb_observed,251016_생산처별.png
251016,production_sources,boss,271,553.0,24.228082879171435,rgb_observed,251016_생산처별.png
251016,production_sources,boss,274,555.0,23.366642891095847,rgb_observed,251016_생산처별.png
251016,production_sources,boss,277,555.0,32.202484376209235,rgb_observed,251016_생산처별.png
251016,production_sources,boss,280,557.0,28.982753492378876,rgb_observed,251016_생산처별.png
251016,production_sources,boss,283,558.0,31.78049716414141,rgb_observed,251016_생산처별.png
251016,production_sources,boss,286,558.0,41.44876355212541,rgb_observed,251016_생산처별.png
251016,production_sources,boss,289,559.0,41.82104733265297,rgb_observed,251016_생산처별.png
251016,production_sources,boss,292,559.0,37.76241517699841,rgb_observed,251016_생산처별.png
251016,production_sources,boss,295,559.0,36.069377593742864,rgb_observed,251016_생산처별.png
251016,production_sources,boss,298,559.0,35.25620512760839,rgb_observed,251016_생산처별.png
251016,production_sources,boss,301,559.0,37.5632799419859,rgb_observed,251016_생산처별.png
251016,production_sources,boss,304,560.0,34.79942528261063,rgb_observed,251016_생산처별.png
251016,production_sources,boss,307,560.0,29.597297173897484,rgb_observed,251016_생산처별.png
251016,production_sources,boss,310,560.0,28.089143810376278,rgb_observed,251016_생산처별.png
251016,production_sources,boss,313,560.0,29.949958263743873,rgb_observed,251016_생산처별.png
251016,production_sources,boss,316,560.0,35.91656999213594,rgb_observed,251016_생산처별.png
251016,production_sources,boss,319,561.0,32.87856444554719,rgb_observed,251016_생산처별.png
251016,production_sources,boss,322,561.0,31.448370387032774,rgb_observed,251016_생산처별.png
251016,production_sources,boss,325,561.0,31.96873472629156,rgb_observed,251016_생산처별.png
251016,production_sources,boss,328,561.0,31.144823004794873,rgb_observed,251016_생산처별.png
251016,production_sources,boss,331,561.0,33.391615714128,rgb_observed,251016_생산처별.png
251016,production_sources,boss,334,561.0,35.014282800023196,rgb_observed,251016_생산처별.png
251016,production_sources,boss,337,561.0,31.654383582688826,rgb_observed,251016_생산처별.png
251016,production_sources,boss,340,561.0,28.178005607210743,rgb_observed,251016_생산처별.png
251016,production_sources,boss,343,561.0,28.231188426986208,rgb_observed,251016_생산처별.png
251016,production_sources,boss,346,561.0,27.313000567495326,rgb_observed,251016_생산처별.png
251016,production_sources,boss,349,561.0,26.267851073127396,rgb_observed,251016_생산처별.png
251016,production_sources,boss,352,561.0,26.70205984563738,rgb_observed,251016_생산처별.png
251016,production_sources,boss,355,561.0,25.96150997149434,rgb_observed,251016_생산처별.png
251016,production_sources,boss,358,561.0,25.317977802344327,rgb_observed,251016_생산처별.png
251016,production_sources,boss,361,561.0,25.317977802344327,rgb_observed,251016_생산처별.png
251016,production_sources,boss,364,561.0,25.317977802344327,rgb_observed,251016_생산처별.png
251016,production_sources,boss,367,561.0,26.90724809414742,rgb_observed,251016_생산처별.png
251016,production_sources,boss,370,561.0,28.142494558940577,rgb_observed,251016_생산처별.png
251016,production_sources,boss,373,561.0,27.51363298439521,rgb_observed,251016_생산처별.png
251016,production_sources,boss,376,561.0,27.51363298439521,rgb_observed,251016_생산처별.png
251016,production_sources,boss,379,561.0,28.39013913315678,rgb_observed,251016_생산처별.png
251016,production_sources,boss,382,559.0,19.339079605813716,rgb_observed,251016_생산처별.png
251016,production_sources,boss,385,559.0,23.0,rgb_observed,251016_생산처별.png
251016,production_sources,boss,388,557.0,22.737634001804146,rgb_observed,251016_생산처별.png
251016,production_sources,boss,391,555.0,25.573423705088842,rgb_observed,251016_생산처별.png
251016,production_sources,boss,394,555.0,25.67099530598687,rgb_observed,251016_생산처별.png
251016,production_sources,boss,397,553.0,25.67099530598687,rgb_observed,251016_생산처별.png
251016,production_sources,boss,400,551.0,24.779023386727733,rgb_observed,251016_생산처별.png
251016,production_sources,boss,403,550.0,29.017236257093817,rgb_observed,251016_생산처별.png
251016,production_sources,boss,406,549.0,24.49489742783178,rgb_observed,251016_생산처별.png
251016,production_sources,boss,409,547.0,20.73644135332772,rgb_observed,251016_생산처별.png
251016,production_sources,boss,412,546.0,23.790754506740637,rgb_observed,251016_생산처별.png
251016,production_sources,boss,415,545.0,23.15167380558045,rgb_observed,251016_생산처별.png
251016,production_sources,boss,418,543.0,21.42428528562855,rgb_observed,251016_생산처별.png
251016,production_sources,boss,421,542.0,24.20743687382041,rgb_observed,251016_생산처별.png
251016,production_sources,boss,424,541.0,15.748015748023622,rgb_observed,251016_생산처별.png
251016,production_sources,boss,427,539.0,11.661903789690601,rgb_observed,251016_생산처별.png
251016,production_sources,boss,430,538.0,15.652475842498529,rgb_observed,251016_생산처별.png
251016,production_sources,boss,433,537.0,28.19574435974337,rgb_observed,251016_생산처별.png
251016,production_sources,boss,436,537.0,22.494443758403985,rgb_observed,251016_생산처별.png
251016,production_sources,boss,439,537.0,27.03701166919155,rgb_observed,251016_생산처별.png
251016,production_sources,boss,442,536.0,22.40535650240808,rgb_observed,251016_생산처별.png
251016,production_sources,boss,445,536.0,25.337718918639855,rgb_observed,251016_생산처별.png
251016,production_sources,boss,448,536.0,32.41913015489465,rgb_observed,251016_생산처별.png
251016,production_sources,boss,451,535.0,28.792360097775937,rgb_observed,251016_생산처별.png
251016,production_sources,boss,454,535.0,32.17141588429082,rgb_observed,251016_생산처별.png
251016,production_sources,boss,457,534.0,31.38470965295043,rgb_observed,251016_생산처별.png
251016,production_sources,boss,460,534.0,26.589471600616662,rgb_observed,251016_생산처별.png
251016,production_sources,boss,463,534.0,32.07802986469088,rgb_observed,251016_생산처별.png
251016,production_sources,boss,466,533.0,26.720778431774775,rgb_observed,251016_생산처별.png
251016,production_sources,boss,469,533.0,34.9857113690718,rgb_observed,251016_생산처별.png
251016,production_sources,boss,472,532.0,39.74921382870358,rgb_observed,251016_생산처별.png
251016,production_sources,boss,475,532.0,33.36165463522455,rgb_observed,251016_생산처별.png
251016,production_sources,boss,478,532.0,37.815340802378074,rgb_observed,251016_생산처별.png
251016,production_sources,boss,481,531.0,28.861739379323623,rgb_observed,251016_생산처별.png
251016,production_sources,boss,484,531.0,25.199206336708304,rgb_observed,251016_생산처별.png
251016,production_sources,boss,487,531.0,24.06241883103193,rgb_observed,251016_생산처별.png
251016,production_sources,boss,490,531.0,24.61706725018234,rgb_observed,251016_생산처별.png
251016,production_sources,boss,493,531.0,27.331300737432898,rgb_observed,251016_생산처별.png
251016,production_sources,boss,496,531.0,31.796226191169293,rgb_observed,251016_생산처별.png
251016,production_sources,boss,499,531.0,38.43175770115127,rgb_observed,251016_생산처별.png
251016,production_sources,boss,502,530.0,34.249087579087416,rgb_observed,251016_생산처별.png
251016,production_sources,boss,505,530.0,32.155870381627054,rgb_observed,251016_생산처별.png
251016,production_sources,boss,508,530.0,33.13608305156178,rgb_observed,251016_생산처별.png
251016,production_sources,boss,511,530.0,36.91882988394946,rgb_observed,251016_생산처별.png
251016,production_sources,boss,514,530.0,40.099875311526844,rgb_observed,251016_생산처별.png
251016,production_sources,boss,517,530.0,40.3732584763727,rgb_observed,251016_생산처별.png
251016,production_sources,boss,520,529.0,39.319206502675,rgb_observed,251016_생산처별.png
251016,production_sources,boss,523,529.0,37.589892258425,rgb_observed,251016_생산처별.png
251016,production_sources,boss,526,529.0,31.160872901765767,rgb_observed,251016_생산처별.png
251016,production_sources,boss,529,528.0,22.978250586152114,rgb_observed,251016_생산처별.png
251016,production_sources,boss,532,525.0,20.615528128088304,rgb_observed,251016_생산처별.png
251016,production_sources,boss,535,520.0,26.038433132583073,rgb_observed,251016_생산처별.png
251016,production_sources,boss,538,517.0,15.84297951775486,rgb_observed,251016_생산처별.png
251016,production_sources,boss,541,515.0,14.89966442575134,rgb_observed,251016_생산처별.png
251016,production_sources,boss,544,513.0,13.74772708486752,rgb_observed,251016_생산처별.png
251016,production_sources,boss,547,509.0,21.118712081942874,rgb_observed,251016_생산처별.png
251016,production_sources,boss,550,507.0,22.38302928559939,rgb_observed,251016_생산처별.png
251016,production_sources,boss,553,503.0,24.49489742783178,rgb_observed,251016_생산처별.png
251016,production_sources,boss,556,499.0,24.186773244895647,rgb_observed,251016_생산처별.png
251016,production_sources,boss,559,495.0,18.466185312619388,rgb_observed,251016_생산처별.png
251016,production_sources,boss,562,494.0,13.038404810405298,rgb_observed,251016_생산처별.png
251016,production_sources,boss,565,490.0,11.357816691600547,rgb_observed,251016_생산처별.png
251016,production_sources,boss,568,488.0,9.9498743710662,rgb_observed,251016_생산처별.png
251016,production_sources,boss,571,483.0,18.16590212458495,rgb_observed,251016_생산처별.png
251016,production_sources,boss,574,482.0,23.53720459187964,rgb_observed,251016_생산처별.png
251016,production_sources,boss,577,,,unresolved,251016_생산처별.png
251016,production_sources,boss,580,473.0,36.52396473549935,rgb_observed,251016_생산처별.png
251016,production_sources,boss,583,469.0,25.709920264364882,rgb_observed,251016_생산처별.png
251016,production_sources,boss,586,467.0,21.236760581595302,rgb_observed,251016_생산처별.png
251016,production_sources,boss,589,463.0,19.339079605813716,rgb_observed,251016_생산처별.png
251016,production_sources,boss,592,461.0,20.024984394500787,rgb_observed,251016_생산처별.png
251016,production_sources,boss,595,457.0,22.045407685048602,rgb_observed,251016_생산처별.png
251016,production_sources,boss,598,451.0,25.787593916455254,rgb_observed,251016_생산처별.png
251016,production_sources,boss,601,450.0,23.366642891095847,rgb_observed,251016_생산처별.png
251016,production_sources,boss,604,444.0,19.026297590440446,rgb_observed,251016_생산처별.png
251016,production_sources,boss,607,443.0,23.280893453645632,rgb_observed,251016_생산처별.png
251016,production_sources,boss,610,437.0,24.413111231467404,rgb_observed,251016_생산처별.png
251016,production_sources,boss,613,434.0,18.466185312619388,rgb_observed,251016_생산처별.png
251016,production_sources,boss,616,429.0,18.33030277982336,rgb_observed,251016_생산처별.png
251016,production_sources,boss,619,427.0,9.695359714832659,rgb_observed,251016_생산처별.png
251016,production_sources,boss,622,425.0,14.89966442575134,rgb_observed,251016_생산처별.png
251016,production_sources,boss,625,421.0,18.81488772222678,rgb_observed,251016_생산처별.png
251016,production_sources,boss,628,419.0,21.470910553583888,rgb_observed,251016_생산처별.png
251016,production_sources,boss,631,417.0,31.52776554086889,rgb_observed,251016_생산처별.png
251016,production_sources,boss,634,416.0,28.600699292150182,rgb_observed,251016_생산처별.png
251016,production_sources,boss,637,415.0,23.748684174075834,rgb_observed,251016_생산처별.png
251016,production_sources,boss,640,413.0,23.043437243605826,rgb_observed,251016_생산처별.png
251016,production_sources,boss,643,413.0,16.24807680927192,rgb_observed,251016_생산처별.png
251016,production_sources,boss,646,411.0,11.224972160321824,rgb_observed,251016_생산처별.png
251016,production_sources,boss,649,410.0,17.11724276862369,rgb_observed,251016_생산처별.png
251016,production_sources,boss,652,409.0,17.233687939614086,rgb_observed,251016_생산처별.png
251016,production_sources,boss,655,408.0,24.454038521274967,rgb_observed,251016_생산처별.png
251016,production_sources,boss,658,407.0,20.09975124224178,rgb_observed,251016_생산처별.png
251016,production_sources,boss,661,406.0,26.343879744638983,rgb_observed,251016_생산처별.png
251016,production_sources,boss,664,404.0,27.53179979587241,rgb_observed,251016_생산처별.png
251016,production_sources,boss,667,403.0,27.331300737432898,rgb_observed,251016_생산처별.png
251016,production_sources,boss,670,402.0,34.45286635390443,rgb_observed,251016_생산처별.png
251016,production_sources,boss,673,401.0,35.6931365951495,rgb_observed,251016_생산처별.png
251016,production_sources,boss,676,400.0,33.25657829663178,rgb_observed,251016_생산처별.png
251016,production_sources,boss,679,400.0,31.575306807693888,rgb_observed,251016_생산처별.png
251016,production_sources,boss,682,400.0,31.670175244226233,rgb_observed,251016_생산처별.png
251016,production_sources,boss,685,399.0,26.981475126464083,rgb_observed,251016_생산처별.png
251016,production_sources,boss,688,399.0,26.248809496813376,rgb_observed,251016_생산처별.png
251016,production_sources,boss,691,399.0,31.20897306865447,rgb_observed,251016_생산처별.png
251016,production_sources,boss,694,399.0,39.11521443121589,rgb_observed,251016_생산처별.png
251016,production_sources,boss,697,398.0,35.888716889852724,rgb_observed,251016_생산처별.png
251016,production_sources,boss,700,398.0,36.89173349139343,rgb_observed,251016_생산처별.png
251016,production_sources,boss,703,398.0,36.851051545376556,rgb_observed,251016_생산처별.png
251016,production_sources,boss,706,397.0,39.0,rgb_observed,251016_생산처별.png
251016,production_sources,boss,709,397.0,26.851443164195103,rgb_observed,251016_생산처별.png
251016,production_sources,boss,712,397.0,27.367864366808018,rgb_observed,251016_생산처별.png
251016,production_sources,boss,715,397.0,37.067505985701274,rgb_observed,251016_생산처별.png
251016,production_sources,boss,718,396.0,40.024992192379,rgb_observed,251016_생산처별.png
251016,production_sources,boss,721,396.0,39.06404996924922,rgb_observed,251016_생산처별.png
251016,production_sources,boss,724,395.0,29.086079144497972,rgb_observed,251016_생산처별.png
251016,production_sources,boss,727,393.0,27.76688675382964,rgb_observed,251016_생산처별.png
251016,production_sources,boss,730,391.0,21.6794833886788,rgb_observed,251016_생산처별.png
251016,production_sources,boss,733,389.0,25.495097567963924,rgb_observed,251016_생산처별.png
251016,production_sources,boss,736,386.0,22.47220505424423,rgb_observed,251016_생산처별.png
251016,production_sources,boss,739,385.0,18.681541692269406,rgb_observed,251016_생산처별.png
251016,production_sources,boss,742,383.0,25.632011235952593,rgb_observed,251016_생산처별.png
251016,production_sources,boss,745,380.0,22.847319317591726,rgb_observed,251016_생산처별.png
251016,production_sources,boss,748,378.0,25.337718918639855,rgb_observed,251016_생산처별.png
251016,production_sources,boss,751,377.0,30.116440692751194,rgb_observed,251016_생산처별.png
251016,production_sources,boss,754,374.0,29.410882339705484,rgb_observed,251016_생산처별.png
251016,production_sources,boss,757,372.0,29.13760456866693,rgb_observed,251016_생산처별.png
251016,production_sources,boss,760,371.0,28.39013913315678,rgb_observed,251016_생산처별.png
251016,production_sources,boss,763,369.0,31.192947920964443,rgb_observed,251016_생산처별.png
251016,production_sources,boss,766,367.0,28.982753492378876,rgb_observed,251016_생산처별.png
251016,production_sources,boss,769,365.0,35.90264614203248,rgb_observed,251016_생산처별.png
251016,production_sources,boss,772,362.0,26.551836094703507,rgb_observed,251016_생산처별.png
251016,production_sources,boss,775,362.0,25.69046515733026,rgb_observed,251016_생산처별.png
251016,production_sources,boss,778,362.0,27.568097504180443,rgb_observed,251016_생산처별.png
251016,production_sources,boss,781,362.0,28.705400188814647,rgb_observed,251016_생산처별.png
251016,production_sources,boss,784,362.0,28.460498941515414,rgb_observed,251016_생산처별.png
251016,production_sources,boss,787,362.0,31.368774282716245,rgb_observed,251016_생산처별.png
251016,production_sources,boss,790,361.0,28.30194339616981,rgb_observed,251016_생산처별.png
251016,production_sources,boss,793,361.0,12.12435565298214,rgb_observed,251016_생산처별.png
251016,production_sources,boss,796,361.0,12.041594578792296,rgb_observed,251016_생산처별.png
251016,production_sources,boss,799,361.0,16.30950643030009,rgb_observed,251016_생산처별.png
251016,production_sources,boss,802,361.0,22.9128784747792,rgb_observed,251016_생산처별.png
251016,production_sources,boss,805,361.0,30.610455730027933,rgb_observed,251016_생산처별.png
251016,production_sources,boss,808,360.0,29.444863728670914,rgb_observed,251016_생산처별.png
251016,production_sources,boss,811,360.0,25.514701644346147,rgb_observed,251016_생산처별.png
251016,production_sources,boss,814,360.0,26.019223662515376,rgb_observed,251016_생산처별.png
251016,production_sources,boss,817,360.0,26.419689627245813,rgb_observed,251016_생산처별.png
251016,production_sources,boss,820,359.0,16.401219466856727,rgb_observed,251016_생산처별.png
251016,production_sources,boss,823,359.0,12.68857754044952,rgb_observed,251016_생산처별.png
251016,production_sources,boss,826,356.0,26.476404589747453,rgb_observed,251016_생산처별.png
251016,production_sources,boss,829,355.0,21.18962010041709,rgb_observed,251016_생산처별.png
251016,production_sources,boss,832,353.0,21.656407827707714,rgb_observed,251016_생산처별.png
251016,production_sources,boss,835,351.0,15.811388300841896,rgb_observed,251016_생산처별.png
251016,production_sources,boss,838,349.0,20.223748416156685,rgb_observed,251016_생산처별.png
251016,production_sources,boss,841,347.0,18.841443681416774,rgb_observed,251016_생산처별.png
251016,production_sources,boss,844,345.0,23.021728866442675,rgb_observed,251016_생산처별.png
251016,production_sources,boss,847,343.0,20.73644135332772,rgb_observed,251016_생산처별.png
251016,production_sources,boss,850,341.0,18.547236990991408,rgb_observed,251016_생산처별.png
251016,production_sources,boss,853,340.0,22.360679774997898,rgb_observed,251016_생산처별.png
251016,production_sources,boss,856,338.0,17.204650534085253,rgb_observed,251016_생산처별.png
251016,production_sources,boss,859,337.0,16.881943016134134,rgb_observed,251016_생산처별.png
251016,production_sources,boss,862,334.0,17.944358444926362,rgb_observed,251016_생산처별.png
251016,production_sources,boss,865,333.0,7.874007874011811,rgb_observed,251016_생산처별.png
251016,production_sources,boss,868,331.0,16.583123951777,rgb_observed,251016_생산처별.png
251016,production_sources,boss,871,330.0,10.04987562112089,rgb_observed,251016_생산처별.png
251016,production_sources,boss,874,332.0,18.49324200890693,rgb_observed,251016_생산처별.png
251016,production_sources,boss,877,333.0,20.273134932713294,rgb_observed,251016_생산처별.png
251016,production_sources,boss,880,335.0,15.811388300841896,rgb_observed,251016_생산처별.png
251016,production_sources,boss,883,336.0,19.026297590440446,rgb_observed,251016_생산처별.png
251016,production_sources,boss,886,337.0,18.0,rgb_observed,251016_생산처별.png
251016,production_sources,boss,889,339.0,18.384776310850235,rgb_observed,251016_생산처별.png
251016,production_sources,boss,892,341.0,22.847319317591726,rgb_observed,251016_생산처별.png
251016,production_sources,boss,895,342.0,27.03701166919155,rgb_observed,251016_생산처별.png
251016,production_sources,boss,898,343.0,24.49489742783178,rgb_observed,251016_생산처별.png
251016,production_sources,boss,901,345.0,24.758836806279895,rgb_observed,251016_생산처별.png
251016,production_sources,boss,904,347.0,23.0,rgb_observed,251016_생산처별.png
251016,production_sources,boss,907,348.0,26.795522013948524,rgb_observed,251016_생산처별.png
251016,production_sources,boss,910,349.0,27.676705006196094,rgb_observed,251016_생산처별.png
251016,production_sources,boss,913,351.0,28.583211855912904,rgb_observed,251016_생산처별.png
251016,production_sources,boss,916,353.0,21.6794833886788,rgb_observed,251016_생산처별.png
251016,production_sources,boss,919,354.0,31.11269837220809,rgb_observed,251016_생산처별.png
251016,production_sources,boss,922,354.0,41.352146256270665,rgb_observed,251016_생산처별.png
251016,production_sources,boss,925,354.0,41.48493702538308,rgb_observed,251016_생산처별.png
251016,production_sources,boss,928,354.0,41.48493702538308,rgb_observed,251016_생산처별.png
251016,production_sources,boss,931,355.0,41.701318923986086,rgb_observed,251016_생산처별.png
251016,production_sources,boss,934,355.0,40.024992192379,rgb_observed,251016_생산처별.png
251016,production_sources,boss,937,355.0,37.22902093797257,rgb_observed,251016_생산처별.png
251016,production_sources,boss,940,355.0,36.51027252705737,rgb_observed,251016_생산처별.png
251016,production_sources,boss,943,355.0,34.95711658589707,rgb_observed,251016_생산처별.png
251016,production_sources,boss,946,355.0,33.67491648096547,rgb_observed,251016_생산처별.png
251016,production_sources,boss,949,355.0,32.90896534380867,rgb_observed,251016_생산처별.png
251016,production_sources,boss,952,355.0,32.90896534380867,rgb_observed,251016_생산처별.png
251016,production_sources,boss,955,355.0,32.90896534380867,rgb_observed,251016_생산처별.png
251016,production_sources,boss,958,355.0,32.90896534380867,rgb_observed,251016_생산처별.png
251016,production_sources,boss,961,355.0,32.17141588429082,rgb_observed,251016_생산처별.png
251016,production_sources,boss,964,355.0,31.272991542223778,rgb_observed,251016_생산처별.png
251016,production_sources,boss,967,355.0,31.843366656181317,rgb_observed,251016_생산처별.png
251016,production_sources,boss,970,354.0,30.886890422961002,rgb_observed,251016_생산처별.png
251016,production_sources,boss,973,353.0,29.206163733020468,rgb_observed,251016_생산처별.png
251016,production_sources,boss,976,352.0,31.575306807693888,rgb_observed,251016_생산처별.png
251016,production_sources,boss,979,351.0,21.840329667841555,rgb_observed,251016_생산처별.png
251016,production_sources,boss,982,351.0,26.720778431774775,rgb_observed,251016_생산처별.png
251016,production_sources,boss,985,349.0,28.861739379323623,rgb_observed,251016_생산처별.png
251016,production_sources,boss,988,349.0,32.31098884280702,rgb_observed,251016_생산처별.png
251016,production_sources,boss,991,347.0,25.13961017995307,rgb_observed,251016_생산처별.png
251016,production_sources,boss,994,347.0,29.13760456866693,rgb_observed,251016_생산처별.png
251016,production_sources,boss,997,345.0,24.020824298928627,rgb_observed,251016_생산처별.png
251016,production_sources,boss,1000,345.0,26.324893162176366,rgb_observed,251016_생산처별.png
251016,production_sources,boss,1003,343.0,31.89043743820395,rgb_observed,251016_생산처별.png
251016,production_sources,boss,1006,343.0,31.160872901765767,rgb_observed,251016_생산처별.png
251016,production_sources,boss,1009,342.0,30.512292604784715,rgb_observed,251016_생산처별.png
251016,production_sources,boss,1012,340.0,29.949958263743873,rgb_observed,251016_생산처별.png
251016,production_sources,boss,1015,340.0,25.495097567963924,rgb_observed,251016_생산처별.png
251016,production_sources,boss,1018,,,unresolved,251016_생산처별.png
251016,production_sources,boss,1021,336.0,20.639767440550294,rgb_observed,251016_생산처별.png
251016,production_sources,boss,1024,335.0,17.916472867168917,rgb_observed,251016_생산처별.png
251016,production_sources,boss,1027,333.0,16.822603841260722,rgb_observed,251016_생산처별.png
251016,production_sources,boss,1030,331.0,21.213203435596427,rgb_observed,251016_생산처별.png
251016,production_sources,boss,1033,330.0,22.22611077089287,rgb_observed,251016_생산처별.png
251016,production_sources,boss,1036,327.0,26.019223662515376,rgb_observed,251016_생산처별.png
251016,production_sources,boss,1039,326.0,36.51027252705737,rgb_observed,251016_생산처별.png
251016,production_sources,boss,1042,324.0,26.38181191654584,rgb_observed,251016_생산처별.png
251016,production_sources,boss,1045,323.0,28.035691537752374,rgb_observed,251016_생산처별.png
251016,production_sources,boss,1048,320.0,26.476404589747453,rgb_observed,251016_생산처별.png
251016,production_sources,boss,1051,319.0,23.790754506740637,rgb_observed,251016_생산처별.png
251016,production_sources,boss,1054,317.0,25.25866188063018,rgb_observed,251016_생산처별.png
251016,production_sources,boss,1057,315.0,22.293496809607955,rgb_observed,251016_생산처별.png
251016,production_sources,boss,1060,313.0,21.656407827707714,rgb_observed,251016_생산처별.png
251016,production_sources,boss,1063,311.0,31.192947920964443,rgb_observed,251016_생산처별.png
251016,production_sources,boss,1066,310.0,27.386127875258307,rgb_observed,251016_생산처별.png
251016,production_sources,boss,1069,310.0,27.2213151776324,rgb_observed,251016_생산처별.png
251016,production_sources,boss,1072,311.0,20.92844953645635,rgb_observed,251016_생산처별.png
251016,production_sources,boss,1075,311.0,20.322401432901575,rgb_observed,251016_생산처별.png
251016,production_sources,boss,1078,312.0,35.62302626111375,rgb_observed,251016_생산처별.png
251016,production_sources,boss,1081,312.0,33.60059523282288,rgb_observed,251016_생산처별.png
251016,production_sources,boss,1084,313.0,28.178005607210743,rgb_observed,251016_생산처별.png
251016,production_sources,boss,1087,314.0,31.78049716414141,rgb_observed,251016_생산처별.png
251016,production_sources,boss,1090,314.0,28.39013913315678,rgb_observed,251016_생산처별.png
251016,production_sources,boss,1093,315.0,31.04834939252005,rgb_observed,251016_생산처별.png
251016,production_sources,boss,1096,315.0,28.39013913315678,rgb_observed,251016_생산처별.png
251016,production_sources,boss,1099,316.0,32.264531609803356,rgb_observed,251016_생산처별.png
251016,production_sources,boss,1102,316.0,32.69556544854363,rgb_observed,251016_생산처별.png
251016,production_sources,boss,1105,317.0,33.67491648096547,rgb_observed,251016_생산처별.png
251016,production_sources,boss,1108,317.0,35.22782990761707,rgb_observed,251016_생산처별.png
251016,production_sources,boss,1111,318.0,35.21363372331802,rgb_observed,251016_생산처별.png
251016,production_sources,boss,1114,319.0,30.28200785945344,rgb_observed,251016_생산처별.png
251016,production_sources,boss,1117,319.0,28.24889378365107,rgb_observed,251016_생산처별.png
251016,production_sources,boss,1120,321.0,24.06241883103193,rgb_observed,251016_생산처별.png
251016,production_sources,boss,1123,322.0,26.038433132583073,rgb_observed,251016_생산처별.png
251016,production_sources,boss,1126,323.0,19.544820285692065,rgb_observed,251016_생산처별.png
251016,production_sources,boss,1129,324.0,24.919871588754223,rgb_observed,251016_생산처별.png
251016,production_sources,boss,1132,325.0,20.904544960366874,rgb_observed,251016_생산처별.png
251016,production_sources,boss,1135,326.0,23.345235059857504,rgb_observed,251016_생산처별.png
251016,production_sources,boss,1138,327.0,21.42428528562855,rgb_observed,251016_생산처별.png
251016,production_sources,boss,1141,329.0,23.53720459187964,rgb_observed,251016_생산처별.png
251016,production_sources,boss,1144,330.0,20.615528128088304,rgb_observed,251016_생산처별.png
251016,production_sources,boss,1147,331.0,18.894443627691185,rgb_observed,251016_생산처별.png
251016,production_sources,boss,1150,332.0,19.235384061671343,rgb_observed,251016_생산처별.png
251016,production_sources,boss,1153,333.0,9.219544457292887,rgb_observed,251016_생산처별.png
251016,production_sources,boss,1156,334.0,12.529964086141668,rgb_observed,251016_생산처별.png
251016,production_sources,boss,1159,335.0,9.0,rgb_observed,251016_생산처별.png
251016,production_sources,boss,1162,337.0,16.76305461424021,rgb_observed,251016_생산처별.png
251016,production_sources,boss,1165,337.0,23.853720883753127,rgb_observed,251016_생산처별.png
251016,production_sources,boss,1168,337.0,29.154759474226502,rgb_observed,251016_생산처별.png
251016,production_sources,boss,1171,337.0,27.202941017470888,rgb_observed,251016_생산처별.png
251016,production_sources,boss,1174,337.0,24.899799195977465,rgb_observed,251016_생산처별.png
251016,production_sources,boss,1177,337.0,22.135943621178654,rgb_observed,251016_생산처별.png
251016,production_sources,boss,1180,337.0,22.9128784747792,rgb_observed,251016_생산처별.png
251016,production_sources,boss,1183,337.0,21.470910553583888,rgb_observed,251016_생산처별.png
251016,production_sources,boss,1186,337.0,20.149441679609886,rgb_observed,251016_생산처별.png
251016,production_sources,boss,1189,337.0,17.916472867168917,rgb_observed,251016_생산처별.png
251016,production_sources,boss,1192,337.0,17.233687939614086,rgb_observed,251016_생산처별.png
251016,production_sources,boss,1195,337.0,17.72004514666935,rgb_observed,251016_생산처별.png
251016,production_sources,boss,1198,337.0,18.57417562100671,rgb_observed,251016_생산처별.png
251016,production_sources,boss,1201,337.0,16.881943016134134,rgb_observed,251016_생산처별.png
251016,production_sources,boss,1204,337.0,17.378147196982766,rgb_observed,251016_생산처별.png
251016,production_sources,boss,1207,337.0,20.12461179749811,rgb_observed,251016_생산처별.png
251016,production_sources,boss,1210,337.0,23.430749027719962,rgb_observed,251016_생산처별.png
251016,production_sources,boss,1213,337.0,24.20743687382041,rgb_observed,251016_생산처별.png
251016,production_sources,boss,1216,337.0,23.93741840717165,rgb_observed,251016_생산처별.png
251016,production_sources,boss,1219,339.0,34.785054261852174,rgb_observed,251016_생산처별.png
251016,production_sources,boss,1222,340.0,32.01562118716424,rgb_observed,251016_생산처별.png
251016,production_sources,boss,1225,341.0,34.84250278036869,rgb_observed,251016_생산처별.png
251016,production_sources,boss,1228,342.0,28.24889378365107,rgb_observed,251016_생산처별.png
251016,production_sources,boss,1231,343.0,27.892651361962706,rgb_observed,251016_생산처별.png
251016,production_sources,boss,1234,345.0,29.171904291629644,rgb_observed,251016_생산처별.png
251016,production_sources,boss,1237,346.0,33.823069050575526,rgb_observed,251016_생산처별.png
251016,production_sources,boss,1240,347.0,30.59411708155671,rgb_observed,251016_생산처별.png
251016,production_sources,boss,1243,349.0,33.301651610693426,rgb_observed,251016_생산처별.png
251016,production_sources,boss,1246,349.0,36.89173349139343,rgb_observed,251016_생산처별.png
251016,production_sources,boss,1249,351.0,33.734255586866,rgb_observed,251016_생산처별.png
251016,production_sources,boss,1252,352.0,32.01562118716424,rgb_observed,251016_생산처별.png
251016,production_sources,boss,1255,354.0,34.79942528261063,rgb_observed,251016_생산처별.png
251016,production_sources,boss,1258,355.0,24.413111231467404,rgb_observed,251016_생산처별.png
251016,production_sources,boss,1261,356.0,24.535688292770594,rgb_observed,251016_생산처별.png
251016,production_sources,boss,1264,356.0,24.55605831561735,rgb_observed,251016_생산처별.png
251016,production_sources,boss,1267,356.0,27.51363298439521,rgb_observed,251016_생산처별.png
251016,production_sources,boss,1270,355.0,41.79712908801273,rgb_observed,251016_생산처별.png
251016,production_sources,boss,1273,355.0,40.33608806019741,rgb_observed,251016_생산처별.png
251016,production_sources,boss,1276,,,unresolved,251016_생산처별.png
251016,production_sources,boss,1279,354.0,34.36568055487916,rgb_observed,251016_생산처별.png
251016,production_sources,boss,1282,353.0,29.949958263743873,rgb_observed,251016_생산처별.png
251016,production_sources,boss,1285,353.0,30.033314835362415,rgb_observed,251016_생산처별.png
251016,production_sources,boss,1288,352.0,37.8021163428716,rgb_observed,251016_생산처별.png
251016,production_sources,boss,1291,352.0,33.436506994600975,rgb_observed,251016_생산처별.png
251016,production_sources,boss,1294,352.0,34.79942528261063,rgb_observed,251016_생산처별.png
251016,production_sources,boss,1297,351.0,25.0,rgb_observed,251016_생산처별.png
251016,production_sources,boss,1300,351.0,29.58039891549808,rgb_observed,251016_생산처별.png
251016,production_sources,boss,1303,350.0,34.23448553724738,rgb_observed,251016_생산처별.png
251016,production_sources,boss,1306,350.0,35.35533905932738,rgb_observed,251016_생산처별.png
251016,production_sources,boss,1309,349.0,36.345563690772494,rgb_observed,251016_생산처별.png
251016,production_sources,boss,1312,,,unresolved,251016_생산처별.png
251016,production_sources,field,136,677.0,33.12099032335839,rgb_observed,251016_생산처별.png
251016,production_sources,field,139,677.0,26.77685567799177,rgb_observed,251016_생산처별.png
251016,production_sources,field,142,677.0,27.85677655436824,rgb_observed,251016_생산처별.png
251016,production_sources,field,145,678.0,25.88435821108957,rgb_observed,251016_생산처별.png
251016,production_sources,field,148,678.0,24.535688292770594,rgb_observed,251016_생산처별.png
251016,production_sources,field,151,678.0,24.289915602982237,rgb_observed,251016_생산처별.png
251016,production_sources,field,154,678.0,23.68543856465402,rgb_observed,251016_생산처별.png
251016,production_sources,field,157,678.0,24.392621835300936,rgb_observed,251016_생산처별.png
251016,production_sources,field,160,679.0,21.18962010041709,rgb_observed,251016_생산처별.png
251016,production_sources,field,163,679.0,20.71231517720798,rgb_observed,251016_생산처별.png
251016,production_sources,field,166,679.0,22.135943621178654,rgb_observed,251016_생산처별.png
251016,production_sources,field,169,680.0,24.20743687382041,rgb_observed,251016_생산처별.png
251016,production_sources,field,172,680.0,20.83266665599966,rgb_observed,251016_생산처별.png
251016,production_sources,field,175,680.0,17.578395831246947,rgb_observed,251016_생산처별.png
251016,production_sources,field,178,680.0,17.97220075561143,rgb_observed,251016_생산처별.png
251016,production_sources,field,181,680.0,25.67099530598687,rgb_observed,251016_생산처별.png
251016,production_sources,field,184,681.0,24.919871588754223,rgb_observed,251016_생산처별.png
251016,production_sources,field,187,681.0,24.919871588754223,rgb_observed,251016_생산처별.png
251016,production_sources,field,190,680.0,20.73644135332772,rgb_observed,251016_생산처별.png
251016,production_sources,field,193,680.0,18.547236990991408,rgb_observed,251016_생산처별.png
251016,production_sources,field,196,680.0,17.69180601295413,rgb_observed,251016_생산처별.png
251016,production_sources,field,199,680.0,17.69180601295413,rgb_observed,251016_생산처별.png
251016,production_sources,field,202,680.0,20.46948949045872,rgb_observed,251016_생산처별.png
251016,production_sources,field,205,680.0,25.514701644346147,rgb_observed,251016_생산처별.png
251016,production_sources,field,208,679.0,23.68543856465402,rgb_observed,251016_생산처별.png
251016,production_sources,field,211,679.0,22.22611077089287,rgb_observed,251016_생산처별.png
251016,production_sources,field,214,679.0,22.693611435820433,rgb_observed,251016_생산처별.png
251016,production_sources,field,217,679.0,26.13426869074396,rgb_observed,251016_생산처별.png
251016,production_sources,field,220,678.0,27.313000567495326,rgb_observed,251016_생산처별.png
251016,production_sources,field,223,678.0,25.768197453450252,rgb_observed,251016_생산처별.png
251016,production_sources,field,226,678.0,22.516660498395403,rgb_observed,251016_생산처별.png
251016,production_sources,field,229,678.0,20.85665361461421,rgb_observed,251016_생산처별.png
251016,production_sources,field,232,678.0,20.049937655763422,rgb_observed,251016_생산처별.png
251016,production_sources,field,235,678.0,19.949937343260004,rgb_observed,251016_생산처별.png
251016,production_sources,field,238,678.0,20.149441679609886,rgb_observed,251016_생산처별.png
251016,production_sources,field,241,679.0,21.307275752662516,rgb_observed,251016_생산처별.png
251016,production_sources,field,244,679.0,19.6468827043885,rgb_observed,251016_생산처별.png
251016,production_sources,field,247,679.0,21.470910553583888,rgb_observed,251016_생산처별.png
251016,production_sources,field,250,680.0,25.787593916455254,rgb_observed,251016_생산처별.png
251016,production_sources,field,253,680.0,21.656407827707714,rgb_observed,251016_생산처별.png
251016,production_sources,field,256,680.0,21.42428528562855,rgb_observed,251016_생산처별.png
251016,production_sources,field,259,681.0,27.586228448267445,rgb_observed,251016_생산처별.png
251016,production_sources,field,262,681.0,23.2163735324878,rgb_observed,251016_생산처별.png
251016,production_sources,field,265,681.0,23.280893453645632,rgb_observed,251016_생산처별.png
251016,production_sources,field,268,682.0,23.430749027719962,rgb_observed,251016_생산처별.png
251016,production_sources,field,271,682.0,20.322401432901575,rgb_observed,251016_생산처별.png
251016,production_sources,field,274,682.0,20.73644135332772,rgb_observed,251016_생산처별.png
251016,production_sources,field,277,683.0,21.470910553583888,rgb_observed,251016_생산처별.png
251016,production_sources,field,280,683.0,21.470910553583888,rgb_observed,251016_생산처별.png
251016,production_sources,field,283,683.0,22.561028345356956,rgb_observed,251016_생산처별.png
251016,production_sources,field,286,683.0,24.289915602982237,rgb_observed,251016_생산처별.png
251016,production_sources,field,289,683.0,25.45584412271571,rgb_observed,251016_생산처별.png
251016,production_sources,field,292,683.0,25.45584412271571,rgb_observed,251016_생산처별.png
251016,production_sources,field,295,683.0,25.45584412271571,rgb_observed,251016_생산처별.png
251016,production_sources,field,298,683.0,25.45584412271571,rgb_observed,251016_생산처별.png
251016,production_sources,field,301,683.0,24.919871588754223,rgb_observed,251016_생산처별.png
251016,production_sources,field,304,683.0,22.693611435820433,rgb_observed,251016_생산처별.png
251016,production_sources,field,307,683.0,22.360679774997898,rgb_observed,251016_생산처별.png
251016,production_sources,field,310,683.0,22.360679774997898,rgb_observed,251016_생산처별.png
251016,production_sources,field,313,683.0,20.904544960366874,rgb_observed,251016_생산처별.png
251016,production_sources,field,316,683.0,20.615528128088304,rgb_observed,251016_생산처별.png
251016,production_sources,field,319,683.0,19.235384061671343,rgb_observed,251016_생산처별.png
251016,production_sources,field,322,683.0,19.235384061671343,rgb_observed,251016_생산처별.png
251016,production_sources,field,325,683.0,19.235384061671343,rgb_observed,251016_생산처별.png
251016,production_sources,field,328,683.0,19.235384061671343,rgb_observed,251016_생산처별.png
251016,production_sources,field,331,683.0,19.235384061671343,rgb_observed,251016_생산처별.png
251016,production_sources,field,334,683.0,19.235384061671343,rgb_observed,251016_생산처별.png
251016,production_sources,field,337,683.0,23.895606290697042,rgb_observed,251016_생산처별.png
251016,production_sources,field,340,683.0,30.0,rgb_observed,251016_생산처별.png
251016,production_sources,field,343,684.0,33.03028912982749,rgb_observed,251016_생산처별.png
251016,production_sources,field,346,685.0,29.732137494637012,rgb_observed,251016_생산처별.png
251016,production_sources,field,349,685.0,24.71841418861655,rgb_observed,251016_생산처별.png
251016,production_sources,field,352,685.0,23.280893453645632,rgb_observed,251016_생산처별.png
251016,production_sources,field,355,685.0,25.942243542145693,rgb_observed,251016_생산처별.png
251016,production_sources,field,358,686.0,29.8496231131986,rgb_observed,251016_생산처별.png
251016,production_sources,field,361,686.0,26.019223662515376,rgb_observed,251016_생산처별.png
251016,production_sources,field,364,686.0,26.019223662515376,rgb_observed,251016_생산처별.png
251016,production_sources,field,367,687.0,26.70205984563738,rgb_observed,251016_생산처별.png
251016,production_sources,field,370,687.0,24.677925358506133,rgb_observed,251016_생산처별.png
251016,production_sources,field,373,687.0,26.645825188948457,rgb_observed,251016_생산처별.png
251016,production_sources,field,376,687.0,28.337254630609507,rgb_observed,251016_생산처별.png
251016,production_sources,field,379,688.0,28.372521918222215,rgb_observed,251016_생산처별.png
251016,production_sources,field,382,688.0,23.895606290697042,rgb_observed,251016_생산처별.png
251016,production_sources,field,385,688.0,24.919871588754223,rgb_observed,251016_생산처별.png
251016,production_sources,field,388,687.0,21.470910553583888,rgb_observed,251016_생산처별.png
251016,production_sources,field,391,687.0,21.470910553583888,rgb_observed,251016_생산처별.png
251016,production_sources,field,394,687.0,20.73644135332772,rgb_observed,251016_생산처별.png
251016,production_sources,field,397,687.0,24.61706725018234,rgb_observed,251016_생산처별.png
251016,production_sources,field,400,686.0,25.337718918639855,rgb_observed,251016_생산처별.png
251016,production_sources,field,403,686.0,25.495097567963924,rgb_observed,251016_생산처별.png
251016,production_sources,field,406,686.0,26.019223662515376,rgb_observed,251016_생산처별.png
251016,production_sources,field,409,685.0,22.38302928559939,rgb_observed,251016_생산처별.png
251016,production_sources,field,412,685.0,18.601075237738275,rgb_observed,251016_생산처별.png
251016,production_sources,field,415,685.0,18.973665961010276,rgb_observed,251016_생산처별.png
251016,production_sources,field,418,685.0,23.68543856465402,rgb_observed,251016_생산처별.png
251016,production_sources,field,421,684.0,24.879710609249457,rgb_observed,251016_생산처별.png
251016,production_sources,field,424,684.0,26.248809496813376,rgb_observed,251016_생산처별.png
251016,production_sources,field,427,684.0,30.083217912982647,rgb_observed,251016_생산처별.png
251016,production_sources,field,430,683.0,26.570660511172846,rgb_observed,251016_생산처별.png
251016,production_sources,field,433,683.0,27.367864366808018,rgb_observed,251016_생산처별.png
251016,production_sources,field,436,682.0,26.645825188948457,rgb_observed,251016_생산처별.png
251016,production_sources,field,439,681.0,24.289915602982237,rgb_observed,251016_생산처별.png
251016,production_sources,field,442,681.0,23.62202362203543,rgb_observed,251016_생산처별.png
251016,production_sources,field,445,680.0,23.08679276123039,rgb_observed,251016_생산처별.png
251016,production_sources,field,448,680.0,22.0,rgb_observed,251016_생산처별.png
251016,production_sources,field,451,679.0,25.495097567963924,rgb_observed,251016_생산처별.png
251016,production_sources,field,454,679.0,25.317977802344327,rgb_observed,251016_생산처별.png
251016,production_sources,field,457,678.0,22.135943621178654,rgb_observed,251016_생산처별.png
251016,production_sources,field,460,678.0,21.42428528562855,rgb_observed,251016_생산처별.png
251016,production_sources,field,463,677.0,23.108440016582687,rgb_observed,251016_생산처별.png
251016,production_sources,field,466,677.0,22.360679774997898,rgb_observed,251016_생산처별.png
251016,production_sources,field,469,676.0,21.540659228538015,rgb_observed,251016_생산처별.png
251016,production_sources,field,472,676.0,21.93171219946131,rgb_observed,251016_생산처별.png
251016,production_sources,field,475,675.0,14.352700094407323,rgb_observed,251016_생산처별.png
251016,production_sources,field,478,675.0,13.45362404707371,rgb_observed,251016_생산처별.png
251016,production_sources,field,481,675.0,15.652475842498529,rgb_observed,251016_생산처별.png
251016,production_sources,field,484,675.0,15.652475842498529,rgb_observed,251016_생산처별.png
251016,production_sources,field,487,675.0,15.652475842498529,rgb_observed,251016_생산처별.png
251016,production_sources,field,490,675.0,15.652475842498529,rgb_observed,251016_생산처별.png
251016,production_sources,field,493,675.0,16.30950643030009,rgb_observed,251016_생산처별.png
251016,production_sources,field,496,675.0,18.24828759089466,rgb_observed,251016_생산처별.png
251016,production_sources,field,499,675.0,18.24828759089466,rgb_observed,251016_생산처별.png
251016,production_sources,field,502,675.0,18.24828759089466,rgb_observed,251016_생산처별.png
251016,production_sources,field,505,675.0,16.30950643030009,rgb_observed,251016_생산처별.png
251016,production_sources,field,508,675.0,16.30950643030009,rgb_observed,251016_생산처별.png
251016,production_sources,field,511,675.0,17.4928556845359,rgb_observed,251016_생산처별.png
251016,production_sources,field,514,675.0,19.8997487421324,rgb_observed,251016_생산처별.png
251016,production_sources,field,517,675.0,18.027756377319946,rgb_observed,251016_생산처별.png
251016,production_sources,field,520,675.0,18.601075237738275,rgb_observed,251016_생산처별.png
251016,production_sources,field,523,675.0,19.261360284258224,rgb_observed,251016_생산처별.png
251016,production_sources,field,526,674.0,19.44222209522358,rgb_observed,251016_생산처별.png
251016,production_sources,field,529,673.0,13.601470508735444,rgb_observed,251016_생산처별.png
251016,production_sources,field,532,671.0,15.7797338380595,rgb_observed,251016_생산처별.png
251016,production_sources,field,535,667.0,13.74772708486752,rgb_observed,251016_생산처별.png
251016,production_sources,field,538,665.0,13.638181696985855,rgb_observed,251016_생산처별.png
251016,production_sources,field,541,661.0,16.583123951777,rgb_observed,251016_생산처별.png
251016,production_sources,field,544,657.0,12.569805089976535,rgb_observed,251016_생산처별.png
251016,production_sources,field,547,655.0,14.594519519326424,rgb_observed,251016_생산처별.png
251016,production_sources,field,550,653.0,19.519221295943137,rgb_observed,251016_생산처별.png
251016,production_sources,field,553,650.0,20.09975124224178,rgb_observed,251016_생산처별.png
251016,production_sources,field,556,645.0,16.583123951777,rgb_observed,251016_생산처별.png
251016,production_sources,field,559,643.0,16.1245154965971,rgb_observed,251016_생산처별.png
251016,production_sources,field,562,639.0,12.36931687685298,rgb_observed,251016_생산처별.png
251016,production_sources,field,565,636.0,16.15549442140351,rgb_observed,251016_생산처별.png
251016,production_sources,field,568,633.0,12.449899597988733,rgb_observed,251016_생산처별.png
251016,production_sources,field,571,631.0,15.588457268119896,rgb_observed,251016_생산처별.png
251016,production_sources,field,574,629.0,20.71231517720798,rgb_observed,251016_생산처별.png
251016,production_sources,field,577,,,unresolved,251016_생산처별.png
251016,production_sources,field,580,626.0,29.546573405388315,rgb_observed,251016_생산처별.png
251016,production_sources,field,583,626.0,26.645825188948457,rgb_observed,251016_생산처별.png
251016,production_sources,field,586,626.0,27.16615541441225,rgb_observed,251016_생산처별.png
251016,production_sources,field,589,627.0,25.514701644346147,rgb_observed,251016_생산처별.png
251016,production_sources,field,592,627.0,24.596747752497688,rgb_observed,251016_생산처별.png
251016,production_sources,field,595,627.0,23.194827009486403,rgb_observed,251016_생산처별.png
251016,production_sources,field,598,627.0,22.494443758403985,rgb_observed,251016_생산처별.png
251016,production_sources,field,601,627.0,21.213203435596427,rgb_observed,251016_생산처별.png
251016,production_sources,field,604,627.0,24.413111231467404,rgb_observed,251016_생산처별.png
251016,production_sources,field,607,628.0,26.551836094703507,rgb_observed,251016_생산처별.png
251016,production_sources,field,610,628.0,24.55605831561735,rgb_observed,251016_생산처별.png
251016,production_sources,field,613,628.0,23.68543856465402,rgb_observed,251016_생산처별.png
251016,production_sources,field,616,628.0,24.73863375370596,rgb_observed,251016_생산처별.png
251016,production_sources,field,619,629.0,25.573423705088842,rgb_observed,251016_생산처별.png
251016,production_sources,field,622,629.0,22.58317958127243,rgb_observed,251016_생산처별.png
251016,production_sources,field,625,629.0,20.904544960366874,rgb_observed,251016_생산처별.png
251016,production_sources,field,628,629.0,21.0,rgb_observed,251016_생산처별.png
251016,production_sources,field,631,629.0,21.93171219946131,rgb_observed,251016_생산처별.png
251016,production_sources,field,634,629.0,21.93171219946131,rgb_observed,251016_생산처별.png
251016,production_sources,field,637,629.0,21.93171219946131,rgb_observed,251016_생산처별.png
251016,production_sources,field,640,629.0,22.045407685048602,rgb_observed,251016_생산처별.png
251016,production_sources,field,643,629.0,24.228082879171435,rgb_observed,251016_생산처별.png
251016,production_sources,field,646,629.0,24.228082879171435,rgb_observed,251016_생산처별.png
251016,production_sources,field,649,629.0,24.71841418861655,rgb_observed,251016_생산처별.png
251016,production_sources,field,652,629.0,24.186773244895647,rgb_observed,251016_생산처별.png
251016,production_sources,field,655,629.0,25.0,rgb_observed,251016_생산처별.png
251016,production_sources,field,658,628.0,24.372115213907882,rgb_observed,251016_생산처별.png
251016,production_sources,field,661,628.0,21.37755832643195,rgb_observed,251016_생산처별.png
251016,production_sources,field,664,628.0,19.849433241279208,rgb_observed,251016_생산처별.png
251016,production_sources,field,667,628.0,19.1049731745428,rgb_observed,251016_생산처별.png
251016,production_sources,field,670,628.0,20.42057785666214,rgb_observed,251016_생산처별.png
251016,production_sources,field,673,628.0,23.727621035409346,rgb_observed,251016_생산처별.png
251016,production_sources,field,676,628.0,27.910571473905726,rgb_observed,251016_생산처별.png
251016,production_sources,field,679,627.0,21.95449840010015,rgb_observed,251016_생산처별.png
251016,production_sources,field,682,627.0,24.372115213907882,rgb_observed,251016_생산처별.png
251016,production_sources,field,685,625.0,24.454038521274967,rgb_observed,251016_생산처별.png
251016,production_sources,field,688,625.0,15.7797338380595,rgb_observed,251016_생산처별.png
251016,production_sources,field,691,625.0,17.11724276862369,rgb_observed,251016_생산처별.png
251016,production_sources,field,694,624.0,24.839484696748443,rgb_observed,251016_생산처별.png
251016,production_sources,field,697,623.0,25.199206336708304,rgb_observed,251016_생산처별.png
251016,production_sources,field,700,623.0,23.769728648009426,rgb_observed,251016_생산처별.png
251016,production_sources,field,703,622.0,22.67156809750927,rgb_observed,251016_생산처별.png
251016,production_sources,field,706,621.0,26.43860813280457,rgb_observed,251016_생산처별.png
251016,production_sources,field,709,620.0,23.2163735324878,rgb_observed,251016_생산처별.png
251016,production_sources,field,712,620.0,18.24828759089466,rgb_observed,251016_생산처별.png
251016,production_sources,field,715,619.0,12.041594578792296,rgb_observed,251016_생산처별.png
251016,production_sources,field,718,619.0,13.19090595827292,rgb_observed,251016_생산처별.png
251016,production_sources,field,721,618.0,15.066519173319364,rgb_observed,251016_생산처별.png
251016,production_sources,field,724,617.0,10.63014581273465,rgb_observed,251016_생산처별.png
251016,production_sources,field,727,617.0,10.862780491200215,rgb_observed,251016_생산처별.png
251016,production_sources,field,730,616.0,13.490737563232042,rgb_observed,251016_생산처별.png
251016,production_sources,field,733,615.0,9.643650760992955,rgb_observed,251016_생산처별.png
251016,production_sources,field,736,615.0,11.180339887498949,rgb_observed,251016_생산처별.png
251016,production_sources,field,739,614.0,18.24828759089466,rgb_observed,251016_생산처별.png
251016,production_sources,field,742,613.0,21.354156504062622,rgb_observed,251016_생산처별.png
251016,production_sources,field,745,613.0,21.97726097583591,rgb_observed,251016_생산처별.png
251016,production_sources,field,748,612.0,26.720778431774775,rgb_observed,251016_생산처별.png
251016,production_sources,field,751,611.0,23.280893453645632,rgb_observed,251016_생산처별.png
251016,production_sources,field,754,611.0,21.656407827707714,rgb_observed,251016_생산처별.png
251016,production_sources,field,757,610.0,26.13426869074396,rgb_observed,251016_생산처별.png
251016,production_sources,field,760,609.0,27.748873851023216,rgb_observed,251016_생산처별.png
251016,production_sources,field,763,609.0,26.13426869074396,rgb_observed,251016_생산처별.png
251016,production_sources,field,766,608.0,25.495097567963924,rgb_observed,251016_생산처별.png
251016,production_sources,field,769,608.0,32.0624390837628,rgb_observed,251016_생산처별.png
251016,production_sources,field,772,607.0,28.178005607210743,rgb_observed,251016_생산처별.png
251016,production_sources,field,775,607.0,27.03701166919155,rgb_observed,251016_생산처별.png
251016,production_sources,field,778,606.0,26.645825188948457,rgb_observed,251016_생산처별.png
251016,production_sources,field,781,606.0,25.25866188063018,rgb_observed,251016_생산처별.png
251016,production_sources,field,784,606.0,21.0,rgb_observed,251016_생산처별.png
251016,production_sources,field,787,606.0,21.354156504062622,rgb_observed,251016_생산처별.png
251016,production_sources,field,790,606.0,19.748417658131498,rgb_observed,251016_생산처별.png
251016,production_sources,field,793,606.0,20.46948949045872,rgb_observed,251016_생산처별.png
251016,production_sources,field,796,606.0,20.639767440550294,rgb_observed,251016_생산처별.png
251016,production_sources,field,799,606.0,21.840329667841555,rgb_observed,251016_생산처별.png
251016,production_sources,field,802,606.0,21.840329667841555,rgb_observed,251016_생산처별.png
251016,production_sources,field,805,605.0,24.1039415863879,rgb_observed,251016_생산처별.png
251016,production_sources,field,808,605.0,21.633307652783937,rgb_observed,251016_생산처별.png
251016,production_sources,field,811,605.0,18.57417562100671,rgb_observed,251016_생산처별.png
251016,production_sources,field,814,605.0,17.0,rgb_observed,251016_생산처별.png
251016,production_sources,field,817,605.0,17.05872210923198,rgb_observed,251016_생산처별.png
251016,production_sources,field,820,605.0,16.15549442140351,rgb_observed,251016_생산처별.png
251016,production_sources,field,823,605.0,17.0,rgb_observed,251016_생산처별.png
251016,production_sources,field,826,605.0,24.839484696748443,rgb_observed,251016_생산처별.png
251016,production_sources,field,829,606.0,21.6794833886788,rgb_observed,251016_생산처별.png
251016,production_sources,field,832,607.0,26.570660511172846,rgb_observed,251016_생산처별.png
251016,production_sources,field,835,607.0,25.80697580112788,rgb_observed,251016_생산처별.png
251016,production_sources,field,838,608.0,25.41653005427767,rgb_observed,251016_생산처별.png
251016,production_sources,field,841,608.0,24.372115213907882,rgb_observed,251016_생산처별.png
251016,production_sources,field,844,609.0,24.289915602982237,rgb_observed,251016_생산처별.png
251016,production_sources,field,847,610.0,23.853720883753127,rgb_observed,251016_생산처별.png
251016,production_sources,field,850,611.0,21.470910553583888,rgb_observed,251016_생산처별.png
251016,production_sources,field,853,611.0,18.138357147217054,rgb_observed,251016_생산처별.png
251016,production_sources,field,856,611.0,20.904544960366874,rgb_observed,251016_생산처별.png
251016,production_sources,field,859,612.0,20.46948949045872,rgb_observed,251016_생산처별.png
251016,production_sources,field,862,613.0,20.83266665599966,rgb_observed,251016_생산처별.png
251016,production_sources,field,865,613.0,20.784609690826528,rgb_observed,251016_생산처별.png
251016,production_sources,field,868,614.0,24.20743687382041,rgb_observed,251016_생산처별.png
251016,production_sources,field,871,614.0,23.280893453645632,rgb_observed,251016_생산처별.png
251016,production_sources,field,874,614.0,22.516660498395403,rgb_observed,251016_생산처별.png
251016,production_sources,field,877,614.0,24.228082879171435,rgb_observed,251016_생산처별.png
251016,production_sources,field,880,615.0,21.840329667841555,rgb_observed,251016_생산처별.png
251016,production_sources,field,883,615.0,21.840329667841555,rgb_observed,251016_생산처별.png
251016,production_sources,field,886,615.0,23.08679276123039,rgb_observed,251016_생산처별.png
251016,production_sources,field,889,615.0,20.71231517720798,rgb_observed,251016_생산처별.png
251016,production_sources,field,892,615.0,19.235384061671343,rgb_observed,251016_생산처별.png
251016,production_sources,field,895,615.0,17.69180601295413,rgb_observed,251016_생산처별.png
251016,production_sources,field,898,615.0,17.69180601295413,rgb_observed,251016_생산처별.png
251016,production_sources,field,901,615.0,16.401219466856727,rgb_observed,251016_생산처별.png
251016,production_sources,field,904,615.0,15.811388300841896,rgb_observed,251016_생산처별.png
251016,production_sources,field,907,615.0,15.394804318340652,rgb_observed,251016_생산처별.png
251016,production_sources,field,910,615.0,14.52583904633395,rgb_observed,251016_생산처별.png
251016,production_sources,field,913,615.0,13.076696830622021,rgb_observed,251016_생산처별.png
251016,production_sources,field,916,615.0,13.076696830622021,rgb_observed,251016_생산처별.png
251016,production_sources,field,919,615.0,13.076696830622021,rgb_observed,251016_생산처별.png
251016,production_sources,field,922,615.0,16.34013463836819,rgb_observed,251016_생산처별.png
251016,production_sources,field,925,614.0,21.540659228538015,rgb_observed,251016_생산처별.png
251016,production_sources,field,928,614.0,20.808652046684813,rgb_observed,251016_생산처별.png
251016,production_sources,field,931,614.0,25.199206336708304,rgb_observed,251016_생산처별.png
251016,production_sources,field,934,613.0,22.135943621178654,rgb_observed,251016_생산처별.png
251016,production_sources,field,937,613.0,17.97220075561143,rgb_observed,251016_생산처별.png
251016,production_sources,field,940,613.0,18.708286933869708,rgb_observed,251016_생산처별.png
251016,production_sources,field,943,613.0,19.6468827043885,rgb_observed,251016_생산처별.png
251016,production_sources,field,946,612.0,20.248456731316587,rgb_observed,251016_생산처별.png
251016,production_sources,field,949,612.0,20.09975124224178,rgb_observed,251016_생산처별.png
251016,production_sources,field,952,612.0,23.68543856465402,rgb_observed,251016_생산처별.png
251016,production_sources,field,955,611.0,17.916472867168917,rgb_observed,251016_생산처별.png
251016,production_sources,field,958,611.0,17.97220075561143,rgb_observed,251016_생산처별.png
251016,production_sources,field,961,611.0,20.615528128088304,rgb_observed,251016_생산처별.png
251016,production_sources,field,964,610.0,21.470910553583888,rgb_observed,251016_생산처별.png
251016,production_sources,field,967,610.0,17.146428199482248,rgb_observed,251016_생산처별.png
251016,production_sources,field,970,610.0,18.24828759089466,rgb_observed,251016_생산처별.png
251016,production_sources,field,973,612.0,21.563858652847824,rgb_observed,251016_생산처별.png
251016,production_sources,field,976,613.0,20.71231517720798,rgb_observed,251016_생산처별.png
251016,production_sources,field,979,614.0,18.0,rgb_observed,251016_생산처별.png
251016,production_sources,field,982,615.0,16.15549442140351,rgb_observed,251016_생산처별.png
251016,production_sources,field,985,617.0,15.7797338380595,rgb_observed,251016_생산처별.png
251016,production_sources,field,988,618.0,18.027756377319946,rgb_observed,251016_생산처별.png
251016,production_sources,field,991,620.0,17.0,rgb_observed,251016_생산처별.png
251016,production_sources,field,994,621.0,17.204650534085253,rgb_observed,251016_생산처별.png
251016,production_sources,field,997,622.0,18.05547008526779,rgb_observed,251016_생산처별.png
251016,production_sources,field,1000,623.0,19.79898987322333,rgb_observed,251016_생산처별.png
251016,production_sources,field,1003,625.0,21.840329667841555,rgb_observed,251016_생산처별.png
251016,production_sources,field,1006,626.0,25.495097567963924,rgb_observed,251016_생산처별.png
251016,production_sources,field,1009,627.0,23.62202362203543,rgb_observed,251016_생산처별.png
251016,production_sources,field,1012,628.0,24.779023386727733,rgb_observed,251016_생산처별.png
251016,production_sources,field,1015,630.0,31.464265445104548,rgb_observed,251016_생산처별.png
251016,production_sources,field,1018,631.0,32.37282811247729,rgb_observed,251016_생산처별.png
251016,production_sources,field,1021,631.0,25.475478405713993,rgb_observed,251016_생산처별.png
251016,production_sources,field,1024,631.0,21.118712081942874,rgb_observed,251016_생산처별.png
251016,production_sources,field,1027,631.0,22.135943621178654,rgb_observed,251016_생산처별.png
251016,production_sources,field,1030,631.0,23.15167380558045,rgb_observed,251016_생산처별.png
251016,production_sources,field,1033,631.0,24.372115213907882,rgb_observed,251016_생산처별.png
251016,production_sources,field,1036,631.0,24.919871588754223,rgb_observed,251016_생산처별.png
251016,production_sources,field,1039,631.0,25.65151067676132,rgb_observed,251016_생산처별.png
251016,production_sources,field,1042,631.0,25.317977802344327,rgb_observed,251016_생산처별.png
251016,production_sources,field,1045,630.0,22.825424421026653,rgb_observed,251016_생산처별.png
251016,production_sources,field,1048,630.0,19.131126469708992,rgb_observed,251016_생산처별.png
251016,production_sources,field,1051,630.0,18.2208671582886,rgb_observed,251016_생산처별.png
251016,production_sources,field,1054,630.0,17.0,rgb_observed,251016_생산처별.png
251016,production_sources,field,1057,630.0,16.24807680927192,rgb_observed,251016_생산처별.png
251016,production_sources,field,1060,630.0,17.916472867168917,rgb_observed,251016_생산처별.png
251016,production_sources,field,1063,630.0,19.261360284258224,rgb_observed,251016_생산처별.png
251016,production_sources,field,1066,630.0,19.72308292331602,rgb_observed,251016_생산처별.png
251016,production_sources,field,1069,630.0,22.64950330581225,rgb_observed,251016_생산처별.png
251016,production_sources,field,1072,629.0,23.194827009486403,rgb_observed,251016_생산처별.png
251016,production_sources,field,1075,629.0,26.267851073127396,rgb_observed,251016_생산처별.png
251016,production_sources,field,1078,628.0,23.323807579381203,rgb_observed,251016_생산처별.png
251016,production_sources,field,1081,628.0,23.790754506740637,rgb_observed,251016_생산처별.png
251016,production_sources,field,1084,627.0,19.748417658131498,rgb_observed,251016_생산처별.png
251016,production_sources,field,1087,627.0,20.904544960366874,rgb_observed,251016_생산처별.png
251016,production_sources,field,1090,626.0,24.041630560342615,rgb_observed,251016_생산처별.png
251016,production_sources,field,1093,625.0,20.73644135332772,rgb_observed,251016_생산처별.png
251016,production_sources,field,1096,625.0,18.35755975068582,rgb_observed,251016_생산처별.png
251016,production_sources,field,1099,625.0,22.22611077089287,rgb_observed,251016_생산처별.png
251016,production_sources,field,1102,624.0,24.919871588754223,rgb_observed,251016_생산처별.png
251016,production_sources,field,1105,623.0,23.45207879911715,rgb_observed,251016_생산처별.png
251016,production_sources,field,1108,623.0,22.135943621178654,rgb_observed,251016_생산처별.png
251016,production_sources,field,1111,622.0,26.324893162176366,rgb_observed,251016_생산처별.png
251016,production_sources,field,1114,622.0,23.706539182259394,rgb_observed,251016_생산처별.png
251016,production_sources,field,1117,622.0,26.60826939130014,rgb_observed,251016_생산처별.png
251016,production_sources,field,1120,622.0,32.046840717924134,rgb_observed,251016_생산처별.png
251016,production_sources,field,1123,622.0,30.805843601498726,rgb_observed,251016_생산처별.png
251016,production_sources,field,1126,622.0,29.58039891549808,rgb_observed,251016_생산처별.png
251016,production_sources,field,1129,622.0,29.017236257093817,rgb_observed,251016_생산처별.png
251016,production_sources,field,1132,622.0,29.017236257093817,rgb_observed,251016_생산처별.png
251016,production_sources,field,1135,622.0,29.68164415931166,rgb_observed,251016_생산처별.png
251016,production_sources,field,1138,622.0,29.58039891549808,rgb_observed,251016_생산처별.png
251016,production_sources,field,1141,622.0,29.189039038652847,rgb_observed,251016_생산처별.png
251016,production_sources,field,1144,622.0,27.294688127912362,rgb_observed,251016_생산처별.png
251016,production_sources,field,1147,622.0,28.513154858766505,rgb_observed,251016_생산처별.png
251016,production_sources,field,1150,622.0,26.645825188948457,rgb_observed,251016_생산처별.png
251016,production_sources,field,1153,622.0,26.248809496813376,rgb_observed,251016_생산처별.png
251016,production_sources,field,1156,622.0,26.645825188948457,rgb_observed,251016_생산처별.png
251016,production_sources,field,1159,622.0,26.019223662515376,rgb_observed,251016_생산처별.png
251016,production_sources,field,1162,622.0,25.573423705088842,rgb_observed,251016_생산처별.png
251016,production_sources,field,1165,622.0,25.768197453450252,rgb_observed,251016_생산처별.png
251016,production_sources,field,1168,622.0,26.267851073127396,rgb_observed,251016_생산처별.png
251016,production_sources,field,1171,621.0,20.71231517720798,rgb_observed,251016_생산처별.png
251016,production_sources,field,1174,621.0,20.83266665599966,rgb_observed,251016_생산처별.png
251016,production_sources,field,1177,621.0,20.83266665599966,rgb_observed,251016_생산처별.png
251016,production_sources,field,1180,621.0,21.95449840010015,rgb_observed,251016_생산처별.png
251016,production_sources,field,1183,620.0,19.235384061671343,rgb_observed,251016_생산처별.png
251016,production_sources,field,1186,620.0,14.352700094407323,rgb_observed,251016_생산처별.png
251016,production_sources,field,1189,620.0,20.615528128088304,rgb_observed,251016_생산처별.png
251016,production_sources,field,1192,620.0,22.715633383201094,rgb_observed,251016_생산처별.png
251016,production_sources,field,1195,619.0,23.430749027719962,rgb_observed,251016_생산처별.png
251016,production_sources,field,1198,619.0,15.937377450509228,rgb_observed,251016_생산처별.png
251016,production_sources,field,1201,619.0,14.035668847618199,rgb_observed,251016_생산처별.png
251016,production_sources,field,1204,619.0,15.811388300841896,rgb_observed,251016_생산처별.png
251016,production_sources,field,1207,618.0,14.7648230602334,rgb_observed,251016_생산처별.png
251016,production_sources,field,1210,618.0,13.74772708486752,rgb_observed,251016_생산처별.png
251016,production_sources,field,1213,618.0,13.152946437965905,rgb_observed,251016_생산처별.png
251016,production_sources,field,1216,618.0,12.806248474865697,rgb_observed,251016_생산처별.png
251016,production_sources,field,1219,619.0,17.0,rgb_observed,251016_생산처별.png
251016,production_sources,field,1222,619.0,13.96424004376894,rgb_observed,251016_생산처별.png
251016,production_sources,field,1225,619.0,18.027756377319946,rgb_observed,251016_생산처별.png
251016,production_sources,field,1228,620.0,21.18962010041709,rgb_observed,251016_생산처별.png
251016,production_sources,field,1231,621.0,23.853720883753127,rgb_observed,251016_생산처별.png
251016,production_sources,field,1234,621.0,28.91366458960192,rgb_observed,251016_생산처별.png
251016,production_sources,field,1237,622.0,25.15949125081825,rgb_observed,251016_생산처별.png
251016,production_sources,field,1240,622.0,23.043437243605826,rgb_observed,251016_생산처별.png
251016,production_sources,field,1243,623.0,28.035691537752374,rgb_observed,251016_생산처별.png
251016,production_sources,field,1246,623.0,28.142494558940577,rgb_observed,251016_생산처별.png
251016,production_sources,field,1249,624.0,30.166206257996713,rgb_observed,251016_생산처별.png
251016,production_sources,field,1252,624.0,26.795522013948524,rgb_observed,251016_생산처별.png
251016,production_sources,field,1255,625.0,21.840329667841555,rgb_observed,251016_생산처별.png
251016,production_sources,field,1258,625.0,17.11724276862369,rgb_observed,251016_생산처별.png
251016,production_sources,field,1261,625.0,22.0,rgb_observed,251016_생산처별.png
251016,production_sources,field,1264,626.0,27.2213151776324,rgb_observed,251016_생산처별.png
251016,production_sources,field,1267,626.0,27.586228448267445,rgb_observed,251016_생산처별.png
251016,production_sources,field,1270,627.0,23.366642891095847,rgb_observed,251016_생산처별.png
251016,production_sources,field,1273,627.0,22.715633383201094,rgb_observed,251016_생산처별.png
251016,production_sources,field,1276,627.0,26.419689627245813,rgb_observed,251016_생산처별.png
251016,production_sources,field,1279,628.0,25.019992006393608,rgb_observed,251016_생산처별.png
251016,production_sources,field,1282,628.0,26.13426869074396,rgb_observed,251016_생산처별.png
251016,production_sources,field,1285,629.0,22.15851980616034,rgb_observed,251016_생산처별.png
251016,production_sources,field,1288,629.0,20.518284528683193,rgb_observed,251016_생산처별.png
251016,production_sources,field,1291,629.0,24.899799195977465,rgb_observed,251016_생산처별.png
251016,production_sources,field,1294,630.0,20.615528128088304,rgb_observed,251016_생산처별.png
251016,production_sources,field,1297,630.0,17.378147196982766,rgb_observed,251016_생산처별.png
251016,production_sources,field,1300,630.0,18.81488772222678,rgb_observed,251016_생산처별.png
251016,production_sources,field,1303,631.0,21.470910553583888,rgb_observed,251016_생산처별.png
251016,production_sources,field,1306,631.0,22.693611435820433,rgb_observed,251016_생산처별.png
251016,production_sources,field,1309,631.0,31.670175244226233,rgb_observed,251016_생산처별.png
251016,production_sources,field,1312,,,unresolved,251016_생산처별.png
251016,production_sources,azmoth_coin,136,,,unresolved,251016_생산처별.png
251016,production_sources,azmoth_coin,139,715.0,13.45362404707371,rgb_observed,251016_생산처별.png
251016,production_sources,azmoth_coin,142,715.0,17.08800749063506,rgb_observed,251016_생산처별.png
251016,production_sources,azmoth_coin,145,716.0,21.118712081942874,rgb_observed,251016_생산처별.png
251016,production_sources,azmoth_coin,148,716.0,14.317821063276353,rgb_observed,251016_생산처별.png
251016,production_sources,azmoth_coin,151,717.0,16.1245154965971,rgb_observed,251016_생산처별.png
251016,production_sources,azmoth_coin,154,717.0,16.61324772583615,rgb_observed,251016_생산처별.png
251016,production_sources,azmoth_coin,157,718.0,13.416407864998739,rgb_observed,251016_생산처별.png
251016,production_sources,azmoth_coin,160,718.0,4.242640687119285,rgb_observed,251016_생산처별.png
251016,production_sources,azmoth_coin,163,719.0,11.357816691600547,rgb_observed,251016_생산처별.png
251016,production_sources,azmoth_coin,166,719.0,3.3166247903554,rgb_observed,251016_생산처별.png
251016,production_sources,azmoth_coin,169,720.0,11.313708498984761,rgb_observed,251016_생산처별.png
251016,production_sources,azmoth_coin,172,720.0,10.099504938362077,rgb_observed,251016_생산처별.png
251016,production_sources,azmoth_coin,175,,,unresolved,251016_생산처별.png
251016,production_sources,azmoth_coin,178,,,unresolved,251016_생산처별.png
251016,production_sources,azmoth_coin,181,,,unresolved,251016_생산처별.png
251016,production_sources,azmoth_coin,184,,,unresolved,251016_생산처별.png
251016,production_sources,azmoth_coin,187,,,unresolved,251016_생산처별.png
251016,production_sources,azmoth_coin,190,,,unresolved,251016_생산처별.png
251016,production_sources,azmoth_coin,193,,,unresolved,251016_생산처별.png
251016,production_sources,azmoth_coin,196,,,unresolved,251016_생산처별.png
251016,production_sources,azmoth_coin,199,,,unresolved,251016_생산처별.png
251016,production_sources,azmoth_coin,202,,,unresolved,251016_생산처별.png
251016,production_sources,azmoth_coin,205,,,unresolved,251016_생산처별.png
251016,production_sources,azmoth_coin,208,722.0,26.248809496813376,rgb_observed,251016_생산처별.png
251016,production_sources,azmoth_coin,211,722.0,17.320508075688775,rgb_observed,251016_생산처별.png
251016,production_sources,azmoth_coin,214,722.0,18.05547008526779,rgb_observed,251016_생산처별.png
251016,production_sources,azmoth_coin,217,722.0,20.273134932713294,rgb_observed,251016_생산처별.png
251016,production_sources,azmoth_coin,220,722.0,20.223748416156685,rgb_observed,251016_생산처별.png
251016,production_sources,azmoth_coin,223,722.0,18.867962264113206,rgb_observed,251016_생산처별.png
251016,production_sources,azmoth_coin,226,722.0,18.681541692269406,rgb_observed,251016_생산처별.png
251016,production_sources,azmoth_coin,229,722.0,18.0,rgb_observed,251016_생산처별.png
251016,production_sources,azmoth_coin,232,722.0,17.663521732655695,rgb_observed,251016_생산처별.png
251016,production_sources,azmoth_coin,235,722.0,17.663521732655695,rgb_observed,251016_생산처별.png
251016,production_sources,azmoth_coin,238,722.0,20.346989949375804,rgb_observed,251016_생산처별.png
251016,production_sources,azmoth_coin,241,722.0,22.315913604421397,rgb_observed,251016_생산처별.png
251016,production_sources,azmoth_coin,244,,,unresolved,251016_생산처별.png
251016,production_sources,azmoth_coin,247,,,unresolved,251016_생산처별.png
251016,production_sources,azmoth_coin,250,,,unresolved,251016_생산처별.png
251016,production_sources,azmoth_coin,253,,,unresolved,251016_생산처별.png
251016,production_sources,azmoth_coin,256,,,unresolved,251016_생산처별.png
251016,production_sources,azmoth_coin,259,,,unresolved,251016_생산처별.png
251016,production_sources,azmoth_coin,262,722.0,8.660254037844387,rgb_observed,251016_생산처별.png
251016,production_sources,azmoth_coin,265,722.0,14.798648586948742,rgb_observed,251016_생산처별.png
251016,production_sources,azmoth_coin,268,722.0,12.24744871391589,rgb_observed,251016_생산처별.png
251016,production_sources,azmoth_coin,271,722.0,11.789826122551595,rgb_observed,251016_생산처별.png
251016,production_sources,azmoth_coin,274,722.0,13.490737563232042,rgb_observed,251016_생산처별.png
251016,production_sources,azmoth_coin,277,722.0,15.297058540778355,rgb_observed,251016_생산처별.png
251016,production_sources,azmoth_coin,280,722.0,14.7648230602334,rgb_observed,251016_생산처별.png
251016,production_sources,azmoth_coin,283,722.0,14.035668847618199,rgb_observed,251016_생산처별.png
251016,production_sources,azmoth_coin,286,722.0,14.491376746189438,rgb_observed,251016_생산처별.png
251016,production_sources,azmoth_coin,289,722.0,15.264337522473747,rgb_observed,251016_생산처별.png
251016,production_sources,azmoth_coin,292,722.0,13.92838827718412,rgb_observed,251016_생산처별.png
251016,production_sources,azmoth_coin,295,722.0,13.416407864998739,rgb_observed,251016_생산처별.png
251016,production_sources,azmoth_coin,298,722.0,12.12435565298214,rgb_observed,251016_생산처별.png
251016,production_sources,azmoth_coin,301,722.0,11.832159566199232,rgb_observed,251016_생산처별.png
251016,production_sources,azmoth_coin,304,722.0,11.357816691600547,rgb_observed,251016_생산처별.png
251016,production_sources,azmoth_coin,307,723.0,13.892443989449804,rgb_observed,251016_생산처별.png
251016,production_sources,azmoth_coin,310,723.0,14.89966442575134,rgb_observed,251016_생산처별.png
251016,production_sources,azmoth_coin,313,723.0,15.264337522473747,rgb_observed,251016_생산처별.png
251016,production_sources,azmoth_coin,316,723.0,11.224972160321824,rgb_observed,251016_생산처별.png
251016,production_sources,azmoth_coin,319,723.0,9.899494936611665,rgb_observed,251016_생산처별.png
251016,production_sources,azmoth_coin,322,723.0,9.899494936611665,rgb_observed,251016_생산처별.png
251016,production_sources,azmoth_coin,325,723.0,8.366600265340756,rgb_observed,251016_생산처별.png
251016,production_sources,azmoth_coin,328,723.0,7.874007874011811,rgb_observed,251016_생산처별.png
251016,production_sources,azmoth_coin,331,723.0,7.810249675906654,rgb_observed,251016_생산처별.png
251016,production_sources,azmoth_coin,334,723.0,7.810249675906654,rgb_observed,251016_생산처별.png
251016,production_sources,azmoth_coin,337,723.0,9.055385138137417,rgb_observed,251016_생산처별.png
251016,production_sources,azmoth_coin,340,722.0,9.219544457292887,rgb_observed,251016_생산처별.png
251016,production_sources,azmoth_coin,343,722.0,9.539392014169456,rgb_observed,251016_생산처별.png
251016,production_sources,azmoth_coin,346,722.0,12.36931687685298,rgb_observed,251016_생산처별.png
251016,production_sources,azmoth_coin,349,722.0,17.663521732655695,rgb_observed,251016_생산처별.png
251016,production_sources,azmoth_coin,352,722.0,22.561028345356956,rgb_observed,251016_생산처별.png
251016,production_sources,azmoth_coin,355,722.0,19.235384061671343,rgb_observed,251016_생산처별.png
251016,production_sources,azmoth_coin,358,722.0,18.384776310850235,rgb_observed,251016_생산처별.png
251016,production_sources,azmoth_coin,361,721.0,9.848857801796104,rgb_observed,251016_생산처별.png
251016,production_sources,azmoth_coin,364,721.0,15.0,rgb_observed,251016_생산처별.png
251016,production_sources,azmoth_coin,367,721.0,26.551836094703507,rgb_observed,251016_생산처별.png
251016,production_sources,azmoth_coin,370,721.0,26.419689627245813,rgb_observed,251016_생산처별.png
251016,production_sources,azmoth_coin,373,721.0,27.184554438136374,rgb_observed,251016_생산처별.png
251016,production_sources,azmoth_coin,376,721.0,28.861739379323623,rgb_observed,251016_생산처별.png
251016,production_sources,azmoth_coin,379,721.0,16.401219466856727,rgb_observed,251016_생산처별.png
251016,production_sources,azmoth_coin,382,721.0,13.152946437965905,rgb_observed,251016_생산처별.png
251016,production_sources,azmoth_coin,385,721.0,10.344080432788601,rgb_observed,251016_생산처별.png
251016,production_sources,azmoth_coin,388,720.0,10.198039027185569,rgb_observed,251016_생산처별.png
251016,production_sources,azmoth_coin,391,720.0,8.774964387392123,rgb_observed,251016_생산처별.png
251016,production_sources,azmoth_coin,394,720.0,7.0,rgb_observed,251016_생산처별.png
251016,production_sources,azmoth_coin,397,720.0,11.489125293076057,rgb_observed,251016_생산처별.png
251016,production_sources,azmoth_coin,400,720.0,10.723805294763608,rgb_observed,251016_생산처별.png
251016,production_sources,azmoth_coin,403,720.0,20.92844953645635,rgb_observed,251016_생산처별.png
251016,production_sources,azmoth_coin,406,720.0,29.58039891549808,rgb_observed,251016_생산처별.png
251016,production_sources,azmoth_coin,409,720.0,4.123105625617661,rgb_observed,251016_생산처별.png
251016,production_sources,azmoth_coin,412,720.0,21.748563170931547,rgb_observed,251016_생산처별.png
251016,production_sources,azmoth_coin,415,,,unresolved,251016_생산처별.png
251016,production_sources,azmoth_coin,418,,,unresolved,251016_생산처별.png
251016,production_sources,azmoth_coin,421,,,unresolved,251016_생산처별.png
251016,production_sources,azmoth_coin,424,,,unresolved,251016_생산처별.png
251016,production_sources,azmoth_coin,427,,,unresolved,251016_생산처별.png
251016,production_sources,azmoth_coin,430,,,unresolved,251016_생산처별.png
251016,production_sources,azmoth_coin,433,,,unresolved,251016_생산처별.png
251016,production_sources,azmoth_coin,436,,,unresolved,251016_생산처별.png
251016,production_sources,azmoth_coin,439,,,unresolved,251016_생산처별.png
251016,production_sources,azmoth_coin,442,,,unresolved,251016_생산처별.png
251016,production_sources,azmoth_coin,445,720.0,9.539392014169456,rgb_observed,251016_생산처별.png
251016,production_sources,azmoth_coin,448,720.0,13.74772708486752,rgb_observed,251016_생산처별.png
251016,production_sources,azmoth_coin,451,720.0,17.146428199482248,rgb_observed,251016_생산처별.png
251016,production_sources,azmoth_coin,454,720.0,19.595917942265423,rgb_observed,251016_생산처별.png
251016,production_sources,azmoth_coin,457,720.0,24.372115213907882,rgb_observed,251016_생산처별.png
251016,production_sources,azmoth_coin,460,720.0,23.790754506740637,rgb_observed,251016_생산처별.png
251016,production_sources,azmoth_coin,463,720.0,29.444863728670914,rgb_observed,251016_생산처별.png
251016,production_sources,azmoth_coin,466,720.0,23.874672772626646,rgb_observed,251016_생산처별.png
251016,production_sources,azmoth_coin,469,720.0,22.494443758403985,rgb_observed,251016_생산처별.png
251016,production_sources,azmoth_coin,472,720.0,27.0,rgb_observed,251016_생산처별.png
251016,production_sources,azmoth_coin,475,720.0,29.274562336608895,rgb_observed,251016_생산처별.png
251016,production_sources,azmoth_coin,478,720.0,29.274562336608895,rgb_observed,251016_생산처별.png
251016,production_sources,azmoth_coin,481,720.0,32.17141588429082,rgb_observed,251016_생산처별.png
251016,production_sources,azmoth_coin,484,720.0,33.76388603226827,rgb_observed,251016_생산처별.png
251016,production_sources,azmoth_coin,487,720.0,34.88552708502482,rgb_observed,251016_생산처별.png
251016,production_sources,azmoth_coin,490,720.0,19.949937343260004,rgb_observed,251016_생산처별.png
251016,production_sources,azmoth_coin,493,720.0,14.7648230602334,rgb_observed,251016_생산처별.png
251016,production_sources,azmoth_coin,496,720.0,11.532562594670797,rgb_observed,251016_생산처별.png
251016,production_sources,azmoth_coin,499,720.0,16.0312195418814,rgb_observed,251016_생산처별.png
251016,production_sources,azmoth_coin,502,721.0,19.87460691435179,rgb_observed,251016_생산처별.png
251016,production_sources,azmoth_coin,505,721.0,21.470910553583888,rgb_observed,251016_생산처별.png
251016,production_sources,azmoth_coin,508,721.0,25.92296279363144,rgb_observed,251016_생산처별.png
251016,production_sources,azmoth_coin,511,721.0,28.42534080710379,rgb_observed,251016_생산처별.png
251016,production_sources,azmoth_coin,514,721.0,25.98076211353316,rgb_observed,251016_생산처별.png
251016,production_sources,azmoth_coin,517,721.0,27.65863337187866,rgb_observed,251016_생산처별.png
251016,production_sources,azmoth_coin,520,721.0,26.115129714401192,rgb_observed,251016_생산처별.png
251016,production_sources,azmoth_coin,523,721.0,26.115129714401192,rgb_observed,251016_생산처별.png
251016,production_sources,azmoth_coin,526,722.0,22.293496809607955,rgb_observed,251016_생산처별.png
251016,production_sources,azmoth_coin,529,721.0,10.246950765959598,rgb_observed,251016_생산처별.png
251016,production_sources,azmoth_coin,532,,,unresolved,251016_생산처별.png
251016,production_sources,azmoth_coin,535,722.0,12.569805089976535,rgb_observed,251016_생산처별.png
251016,production_sources,azmoth_coin,538,723.0,17.029386365926403,rgb_observed,251016_생산처별.png
251016,production_sources,azmoth_coin,541,723.0,13.601470508735444,rgb_observed,251016_생산처별.png
251016,production_sources,azmoth_coin,544,723.0,13.74772708486752,rgb_observed,251016_생산처별.png
251016,production_sources,azmoth_coin,547,724.0,28.178005607210743,rgb_observed,251016_생산처별.png
251016,production_sources,azmoth_coin,550,724.0,24.166091947189145,rgb_observed,251016_생산처별.png
251016,production_sources,azmoth_coin,553,725.0,24.43358344574123,rgb_observed,251016_생산처별.png
251016,production_sources,azmoth_coin,556,725.0,16.278820596099706,rgb_observed,251016_생산처별.png
251016,production_sources,azmoth_coin,559,725.0,16.431676725154983,rgb_observed,251016_생산처별.png
251016,production_sources,azmoth_coin,562,726.0,22.045407685048602,rgb_observed,251016_생산처별.png
251016,production_sources,azmoth_coin,565,726.0,16.76305461424021,rgb_observed,251016_생산처별.png
251016,production_sources,azmoth_coin,568,726.0,15.264337522473747,rgb_observed,251016_생산처별.png
251016,production_sources,azmoth_coin,571,727.0,25.69046515733026,rgb_observed,251016_생산처별.png
251016,production_sources,azmoth_coin,574,727.0,19.519221295943137,rgb_observed,251016_생산처별.png
251016,production_sources,azmoth_coin,577,727.0,18.681541692269406,rgb_observed,251016_생산처별.png
251016,production_sources,azmoth_coin,580,727.0,12.569805089976535,rgb_observed,251016_생산처별.png
251016,production_sources,azmoth_coin,583,727.0,13.19090595827292,rgb_observed,251016_생산처별.png
251016,production_sources,azmoth_coin,586,727.0,19.82422760159901,rgb_observed,251016_생산처별.png
251016,production_sources,azmoth_coin,589,727.0,19.8997487421324,rgb_observed,251016_생산처별.png
251016,production_sources,azmoth_coin,592,726.0,16.76305461424021,rgb_observed,251016_생산처별.png
251016,production_sources,azmoth_coin,595,726.0,15.297058540778355,rgb_observed,251016_생산처별.png
251016,production_sources,azmoth_coin,598,726.0,15.297058540778355,rgb_observed,251016_생산처별.png
251016,production_sources,azmoth_coin,601,726.0,16.30950643030009,rgb_observed,251016_생산처별.png
251016,production_sources,azmoth_coin,604,726.0,23.53720459187964,rgb_observed,251016_생산처별.png
251016,production_sources,azmoth_coin,607,725.0,11.789826122551595,rgb_observed,251016_생산처별.png
251016,production_sources,azmoth_coin,610,725.0,16.431676725154983,rgb_observed,251016_생산처별.png
251016,production_sources,azmoth_coin,613,725.0,16.881943016134134,rgb_observed,251016_생산처별.png
251016,production_sources,azmoth_coin,616,725.0,18.49324200890693,rgb_observed,251016_생산처별.png
251016,production_sources,azmoth_coin,619,724.0,13.45362404707371,rgb_observed,251016_생산처별.png
251016,production_sources,azmoth_coin,622,724.0,13.379088160259652,rgb_observed,251016_생산처별.png
251016,production_sources,azmoth_coin,625,724.0,15.165750888103101,rgb_observed,251016_생산처별.png
251016,production_sources,azmoth_coin,628,724.0,16.0312195418814,rgb_observed,251016_생산처별.png
251016,production_sources,azmoth_coin,631,724.0,15.524174696260024,rgb_observed,251016_생산처별.png
251016,production_sources,azmoth_coin,634,724.0,15.524174696260024,rgb_observed,251016_생산처별.png
251016,production_sources,azmoth_coin,637,724.0,14.352700094407323,rgb_observed,251016_생산처별.png
251016,production_sources,azmoth_coin,640,724.0,13.601470508735444,rgb_observed,251016_생산처별.png
251016,production_sources,azmoth_coin,643,724.0,13.45362404707371,rgb_observed,251016_생산처별.png
251016,production_sources,azmoth_coin,646,724.0,18.05547008526779,rgb_observed,251016_생산처별.png
251016,production_sources,azmoth_coin,649,725.0,22.02271554554524,rgb_observed,251016_생산처별.png
251016,production_sources,azmoth_coin,652,725.0,22.02271554554524,rgb_observed,251016_생산처별.png
251016,production_sources,azmoth_coin,655,725.0,22.44994432064365,rgb_observed,251016_생산처별.png
251016,production_sources,azmoth_coin,658,725.0,17.204650534085253,rgb_observed,251016_생산처별.png
251016,production_sources,azmoth_coin,661,725.0,15.588457268119896,rgb_observed,251016_생산처별.png
251016,production_sources,azmoth_coin,664,725.0,16.401219466856727,rgb_observed,251016_생산처별.png
251016,production_sources,azmoth_coin,667,725.0,12.083045973594572,rgb_observed,251016_생산처별.png
251016,production_sources,azmoth_coin,670,725.0,12.24744871391589,rgb_observed,251016_생산처별.png
251016,production_sources,azmoth_coin,673,725.0,12.68857754044952,rgb_observed,251016_생산처별.png
251016,production_sources,azmoth_coin,676,725.0,22.02271554554524,rgb_observed,251016_생산처별.png
251016,production_sources,azmoth_coin,679,725.0,25.553864678361276,rgb_observed,251016_생산처별.png
251016,production_sources,azmoth_coin,682,726.0,23.62202362203543,rgb_observed,251016_생산처별.png
251016,production_sources,azmoth_coin,685,726.0,18.867962264113206,rgb_observed,251016_생산처별.png
251016,production_sources,azmoth_coin,688,726.0,19.1049731745428,rgb_observed,251016_생산처별.png
251016,production_sources,azmoth_coin,691,726.0,20.83266665599966,rgb_observed,251016_생산처별.png
251016,production_sources,azmoth_coin,694,726.0,20.83266665599966,rgb_observed,251016_생산처별.png
251016,production_sources,azmoth_coin,697,726.0,18.384776310850235,rgb_observed,251016_생산처별.png
251016,production_sources,azmoth_coin,700,726.0,18.57417562100671,rgb_observed,251016_생산처별.png
251016,production_sources,azmoth_coin,703,726.0,18.57417562100671,rgb_observed,251016_생산처별.png
251016,production_sources,azmoth_coin,706,726.0,17.832554500127006,rgb_observed,251016_생산처별.png
251016,production_sources,azmoth_coin,709,726.0,16.401219466856727,rgb_observed,251016_생산처별.png
251016,production_sources,azmoth_coin,712,726.0,16.30950643030009,rgb_observed,251016_생산처별.png
251016,production_sources,azmoth_coin,715,726.0,18.027756377319946,rgb_observed,251016_생산처별.png
251016,production_sources,azmoth_coin,718,726.0,21.840329667841555,rgb_observed,251016_생산처별.png
251016,production_sources,azmoth_coin,721,727.0,27.477263328068172,rgb_observed,251016_생산처별.png
251016,production_sources,azmoth_coin,724,727.0,26.419689627245813,rgb_observed,251016_생산처별.png
251016,production_sources,azmoth_coin,727,727.0,26.90724809414742,rgb_observed,251016_생산처별.png
251016,production_sources,azmoth_coin,730,727.0,26.90724809414742,rgb_observed,251016_생산처별.png
251016,production_sources,azmoth_coin,733,727.0,26.90724809414742,rgb_observed,251016_생산처별.png
251016,production_sources,azmoth_coin,736,726.0,27.09243436828813,rgb_observed,251016_생산처별.png
251016,production_sources,azmoth_coin,739,726.0,24.06241883103193,rgb_observed,251016_생산처별.png
251016,production_sources,azmoth_coin,742,726.0,24.06241883103193,rgb_observed,251016_생산처별.png
251016,production_sources,azmoth_coin,745,726.0,25.37715508089904,rgb_observed,251016_생산처별.png
251016,production_sources,azmoth_coin,748,726.0,25.475478405713993,rgb_observed,251016_생산처별.png
251016,production_sources,azmoth_coin,751,726.0,25.475478405713993,rgb_observed,251016_생산처별.png
251016,production_sources,azmoth_coin,754,726.0,25.37715508089904,rgb_observed,251016_생산처별.png
251016,production_sources,azmoth_coin,757,726.0,19.82422760159901,rgb_observed,251016_생산처별.png
251016,production_sources,azmoth_coin,760,726.0,17.233687939614086,rgb_observed,251016_생산처별.png
251016,production_sources,azmoth_coin,763,726.0,17.916472867168917,rgb_observed,251016_생산처별.png
251016,production_sources,azmoth_coin,766,726.0,15.297058540778355,rgb_observed,251016_생산처별.png
251016,production_sources,azmoth_coin,769,726.0,15.394804318340652,rgb_observed,251016_생산처별.png
251016,production_sources,azmoth_coin,772,726.0,17.349351572897472,rgb_observed,251016_생산처별.png
251016,production_sources,azmoth_coin,775,726.0,19.026297590440446,rgb_observed,251016_생산처별.png
251016,production_sources,azmoth_coin,778,725.0,15.524174696260024,rgb_observed,251016_생산처별.png
251016,production_sources,azmoth_coin,781,725.0,17.349351572897472,rgb_observed,251016_생산처별.png
251016,production_sources,azmoth_coin,784,724.0,19.1049731745428,rgb_observed,251016_생산처별.png
251016,production_sources,azmoth_coin,787,724.0,18.708286933869708,rgb_observed,251016_생산처별.png
251016,production_sources,azmoth_coin,790,723.0,12.24744871391589,rgb_observed,251016_생산처별.png
251016,production_sources,azmoth_coin,793,723.0,15.684387141358123,rgb_observed,251016_생산처별.png
251016,production_sources,azmoth_coin,796,722.0,15.811388300841896,rgb_observed,251016_생산처별.png
251016,production_sources,azmoth_coin,799,722.0,20.024984394500787,rgb_observed,251016_생산처별.png
251016,production_sources,azmoth_coin,802,721.0,16.278820596099706,rgb_observed,251016_생산처별.png
251016,production_sources,azmoth_coin,805,721.0,24.041630560342615,rgb_observed,251016_생산처별.png
251016,production_sources,azmoth_coin,808,720.0,14.317821063276353,rgb_observed,251016_생산처별.png
251016,production_sources,azmoth_coin,811,,,unresolved,251016_생산처별.png
251016,production_sources,azmoth_coin,814,719.0,8.602325267042627,rgb_observed,251016_생산처별.png
251016,production_sources,azmoth_coin,817,719.0,11.916375287812984,rgb_observed,251016_생산처별.png
251016,production_sources,azmoth_coin,820,718.0,11.445523142259598,rgb_observed,251016_생산처별.png
251016,production_sources,azmoth_coin,823,718.0,15.264337522473747,rgb_observed,251016_생산처별.png
251016,production_sources,azmoth_coin,826,718.0,16.76305461424021,rgb_observed,251016_생산처별.png
251016,production_sources,azmoth_coin,829,718.0,20.46948949045872,rgb_observed,251016_생산처별.png
251016,production_sources,azmoth_coin,832,717.0,11.224972160321824,rgb_observed,251016_생산처별.png
251016,production_sources,azmoth_coin,835,717.0,8.306623862918075,rgb_observed,251016_생산처별.png
251016,production_sources,azmoth_coin,838,717.0,9.643650760992955,rgb_observed,251016_생산처별.png
251016,production_sources,azmoth_coin,841,717.0,14.45683229480096,rgb_observed,251016_생산처별.png
251016,production_sources,azmoth_coin,844,717.0,14.696938456699069,rgb_observed,251016_생산처별.png
251016,production_sources,azmoth_coin,847,717.0,18.920887928424502,rgb_observed,251016_생산처별.png
251016,production_sources,azmoth_coin,850,716.0,21.748563170931547,rgb_observed,251016_생산처별.png
251016,production_sources,azmoth_coin,853,716.0,12.68857754044952,rgb_observed,251016_생산처별.png
251016,production_sources,azmoth_coin,856,716.0,16.401219466856727,rgb_observed,251016_생산처별.png
251016,production_sources,azmoth_coin,859,716.0,17.233687939614086,rgb_observed,251016_생산처별.png
251016,production_sources,azmoth_coin,862,716.0,17.72004514666935,rgb_observed,251016_생산처별.png
251016,production_sources,azmoth_coin,865,716.0,15.811388300841896,rgb_observed,251016_생산처별.png
251016,production_sources,azmoth_coin,868,716.0,15.165750888103101,rgb_observed,251016_생산처별.png
251016,production_sources,azmoth_coin,871,715.0,16.186414056238647,rgb_observed,251016_생산처별.png
251016,production_sources,azmoth_coin,874,715.0,17.578395831246947,rgb_observed,251016_생산처별.png
251016,production_sources,azmoth_coin,877,716.0,15.264337522473747,rgb_observed,251016_생산처별.png
251016,production_sources,azmoth_coin,880,716.0,15.264337522473747,rgb_observed,251016_생산처별.png
251016,production_sources,azmoth_coin,883,716.0,15.264337522473747,rgb_observed,251016_생산처별.png
251016,production_sources,azmoth_coin,886,716.0,14.45683229480096,rgb_observed,251016_생산처별.png
251016,production_sources,azmoth_coin,889,716.0,15.066519173319364,rgb_observed,251016_생산처별.png
251016,production_sources,azmoth_coin,892,716.0,19.519221295943137,rgb_observed,251016_생산처별.png
251016,production_sources,azmoth_coin,895,716.0,21.18962010041709,rgb_observed,251016_생산처별.png
251016,production_sources,azmoth_coin,898,716.0,23.2163735324878,rgb_observed,251016_생산처별.png
251016,production_sources,azmoth_coin,901,716.0,24.041630560342615,rgb_observed,251016_생산처별.png
251016,production_sources,azmoth_coin,904,716.0,24.041630560342615,rgb_observed,251016_생산처별.png
251016,production_sources,azmoth_coin,907,716.0,20.46948949045872,rgb_observed,251016_생산처별.png
251016,production_sources,azmoth_coin,910,716.0,22.15851980616034,rgb_observed,251016_생산처별.png
251016,production_sources,azmoth_coin,913,716.0,24.041630560342615,rgb_observed,251016_생산처별.png
251016,production_sources,azmoth_coin,916,716.0,24.919871588754223,rgb_observed,251016_생산처별.png
251016,production_sources,azmoth_coin,919,716.0,21.283796653792763,rgb_observed,251016_생산처별.png
251016,production_sources,azmoth_coin,922,716.0,21.656407827707714,rgb_observed,251016_생산처별.png
251016,production_sources,azmoth_coin,925,716.0,21.307275752662516,rgb_observed,251016_생산처별.png
251016,production_sources,azmoth_coin,928,716.0,21.307275752662516,rgb_observed,251016_생산처별.png
251016,production_sources,azmoth_coin,931,716.0,21.307275752662516,rgb_observed,251016_생산처별.png
251016,production_sources,azmoth_coin,934,716.0,20.42057785666214,rgb_observed,251016_생산처별.png
251016,production_sources,azmoth_coin,937,716.0,20.42057785666214,rgb_observed,251016_생산처별.png
251016,production_sources,azmoth_coin,940,716.0,20.42057785666214,rgb_observed,251016_생산처별.png
251016,production_sources,azmoth_coin,943,716.0,20.42057785666214,rgb_observed,251016_생산처별.png
251016,production_sources,azmoth_coin,946,716.0,21.307275752662516,rgb_observed,251016_생산처별.png
251016,production_sources,azmoth_coin,949,716.0,20.12461179749811,rgb_observed,251016_생산처별.png
251016,production_sources,azmoth_coin,952,716.0,18.05547008526779,rgb_observed,251016_생산처별.png
251016,production_sources,azmoth_coin,955,716.0,15.297058540778355,rgb_observed,251016_생산처별.png
251016,production_sources,azmoth_coin,958,716.0,14.071247279470288,rgb_observed,251016_생산처별.png
251016,production_sources,azmoth_coin,961,716.0,13.152946437965905,rgb_observed,251016_생산처별.png
251016,production_sources,azmoth_coin,964,716.0,17.291616465790582,rgb_observed,251016_생산처별.png
251016,production_sources,azmoth_coin,967,716.0,14.45683229480096,rgb_observed,251016_생산처별.png
251016,production_sources,azmoth_coin,970,716.0,15.066519173319364,rgb_observed,251016_생산처별.png
251016,production_sources,azmoth_coin,973,716.0,19.313207915827967,rgb_observed,251016_생산처별.png
251016,production_sources,azmoth_coin,976,716.0,19.748417658131498,rgb_observed,251016_생산처별.png
251016,production_sources,azmoth_coin,979,715.0,13.0,rgb_observed,251016_생산처별.png
251016,production_sources,azmoth_coin,982,715.0,12.36931687685298,rgb_observed,251016_생산처별.png
251016,production_sources,azmoth_coin,985,715.0,22.360679774997898,rgb_observed,251016_생산처별.png
251016,production_sources,azmoth_coin,988,715.0,24.698178070456937,rgb_observed,251016_생산처별.png
251016,production_sources,azmoth_coin,991,714.0,19.05255888325765,rgb_observed,251016_생산처별.png
251016,production_sources,azmoth_coin,994,714.0,19.235384061671343,rgb_observed,251016_생산처별.png
251016,production_sources,azmoth_coin,997,714.0,20.73644135332772,rgb_observed,251016_생산처별.png
251016,production_sources,azmoth_coin,1000,713.0,15.652475842498529,rgb_observed,251016_생산처별.png
251016,production_sources,azmoth_coin,1003,713.0,14.594519519326424,rgb_observed,251016_생산처별.png
251016,production_sources,azmoth_coin,1006,713.0,14.730919862656235,rgb_observed,251016_생산처별.png
251016,production_sources,azmoth_coin,1009,713.0,17.08800749063506,rgb_observed,251016_생산처별.png
251016,production_sources,azmoth_coin,1012,712.0,15.264337522473747,rgb_observed,251016_생산처별.png
251016,production_sources,azmoth_coin,1015,712.0,20.049937655763422,rgb_observed,251016_생산처별.png
251016,production_sources,azmoth_coin,1018,711.0,12.806248474865697,rgb_observed,251016_생산처별.png
251016,production_sources,azmoth_coin,1021,711.0,18.05547008526779,rgb_observed,251016_생산처별.png
251016,production_sources,azmoth_coin,1024,711.0,25.337718918639855,rgb_observed,251016_생산처별.png
251016,production_sources,azmoth_coin,1027,710.0,21.2602916254693,rgb_observed,251016_생산처별.png
251016,production_sources,azmoth_coin,1030,710.0,31.906112267087632,rgb_observed,251016_생산처별.png
251016,production_sources,azmoth_coin,1033,709.0,11.704699910719626,rgb_observed,251016_생산처별.png
251016,production_sources,azmoth_coin,1036,709.0,19.44222209522358,rgb_observed,251016_생산처별.png
251016,production_sources,azmoth_coin,1039,708.0,14.89966442575134,rgb_observed,251016_생산처별.png
251016,production_sources,azmoth_coin,1042,708.0,16.0312195418814,rgb_observed,251016_생산처별.png
251016,production_sources,azmoth_coin,1045,707.0,13.416407864998739,rgb_observed,251016_생산처별.png
251016,production_sources,azmoth_coin,1048,707.0,19.72308292331602,rgb_observed,251016_생산처별.png
251016,production_sources,azmoth_coin,1051,707.0,29.46183972531247,rgb_observed,251016_생산처별.png
251016,production_sources,azmoth_coin,1054,706.0,12.529964086141668,rgb_observed,251016_생산처별.png
251016,production_sources,azmoth_coin,1057,707.0,27.16615541441225,rgb_observed,251016_생산처별.png
251016,production_sources,azmoth_coin,1060,705.0,19.672315572906,rgb_observed,251016_생산처별.png
251016,production_sources,azmoth_coin,1063,705.0,15.524174696260024,rgb_observed,251016_생산처별.png
251016,production_sources,azmoth_coin,1066,705.0,27.0,rgb_observed,251016_생산처별.png
251016,production_sources,azmoth_coin,1069,705.0,27.0,rgb_observed,251016_생산처별.png
251016,production_sources,azmoth_coin,1072,705.0,33.63034344160047,rgb_observed,251016_생산처별.png
251016,production_sources,azmoth_coin,1075,705.0,28.809720581775867,rgb_observed,251016_생산처별.png
251016,production_sources,azmoth_coin,1078,704.0,22.293496809607955,rgb_observed,251016_생산처별.png
251016,production_sources,azmoth_coin,1081,704.0,19.339079605813716,rgb_observed,251016_생산처별.png
251016,production_sources,azmoth_coin,1084,704.0,19.339079605813716,rgb_observed,251016_생산처별.png
251016,production_sources,azmoth_coin,1087,704.0,22.02271554554524,rgb_observed,251016_생산처별.png
251016,production_sources,azmoth_coin,1090,704.0,19.467922333931785,rgb_observed,251016_생산처별.png
251016,production_sources,azmoth_coin,1093,704.0,17.88854381999832,rgb_observed,251016_생산처별.png
251016,production_sources,azmoth_coin,1096,704.0,17.4928556845359,rgb_observed,251016_생산처별.png
251016,production_sources,azmoth_coin,1099,704.0,17.578395831246947,rgb_observed,251016_생산처별.png
251016,production_sources,azmoth_coin,1102,704.0,16.186414056238647,rgb_observed,251016_생산처별.png
251016,production_sources,azmoth_coin,1105,704.0,14.45683229480096,rgb_observed,251016_생산처별.png
251016,production_sources,azmoth_coin,1108,704.0,10.816653826391969,rgb_observed,251016_생산처별.png
251016,production_sources,azmoth_coin,1111,704.0,13.0,rgb_observed,251016_생산처별.png
251016,production_sources,azmoth_coin,1114,704.0,12.68857754044952,rgb_observed,251016_생산처별.png
251016,production_sources,azmoth_coin,1117,704.0,11.74734012447073,rgb_observed,251016_생산처별.png
251016,production_sources,azmoth_coin,1120,704.0,10.954451150103322,rgb_observed,251016_생산처별.png
251016,production_sources,azmoth_coin,1123,704.0,12.206555615733702,rgb_observed,251016_생산처별.png
251016,production_sources,azmoth_coin,1126,704.0,14.177446878757825,rgb_observed,251016_생산처별.png
251016,production_sources,azmoth_coin,1129,704.0,14.89966442575134,rgb_observed,251016_생산처별.png
251016,production_sources,azmoth_coin,1132,704.0,14.89966442575134,rgb_observed,251016_생산처별.png
251016,production_sources,azmoth_coin,1135,704.0,14.89966442575134,rgb_observed,251016_생산처별.png
251016,production_sources,azmoth_coin,1138,704.0,14.89966442575134,rgb_observed,251016_생산처별.png
251016,production_sources,azmoth_coin,1141,704.0,14.89966442575134,rgb_observed,251016_생산처별.png
251016,production_sources,azmoth_coin,1144,704.0,15.0,rgb_observed,251016_생산처별.png
251016,production_sources,azmoth_coin,1147,704.0,13.892443989449804,rgb_observed,251016_생산처별.png
251016,production_sources,azmoth_coin,1150,704.0,13.416407864998739,rgb_observed,251016_생산처별.png
251016,production_sources,azmoth_coin,1153,704.0,14.560219778561036,rgb_observed,251016_생산처별.png
251016,production_sources,azmoth_coin,1156,704.0,14.89966442575134,rgb_observed,251016_생산처별.png
251016,production_sources,azmoth_coin,1159,704.0,14.560219778561036,rgb_observed,251016_생산처별.png
251016,production_sources,azmoth_coin,1162,704.0,15.748015748023622,rgb_observed,251016_생산처별.png
251016,production_sources,azmoth_coin,1165,704.0,16.76305461424021,rgb_observed,251016_생산처별.png
251016,production_sources,azmoth_coin,1168,704.0,18.681541692269406,rgb_observed,251016_생산처별.png
251016,production_sources,azmoth_coin,1171,704.0,20.024984394500787,rgb_observed,251016_생산처별.png
251016,production_sources,azmoth_coin,1174,704.0,20.024984394500787,rgb_observed,251016_생산처별.png
251016,production_sources,azmoth_coin,1177,704.0,20.074859899884732,rgb_observed,251016_생산처별.png
251016,production_sources,azmoth_coin,1180,704.0,19.44222209522358,rgb_observed,251016_생산처별.png
251016,production_sources,azmoth_coin,1183,704.0,19.44222209522358,rgb_observed,251016_생산처별.png
251016,production_sources,azmoth_coin,1186,704.0,19.519221295943137,rgb_observed,251016_생산처별.png
251016,production_sources,azmoth_coin,1189,704.0,18.708286933869708,rgb_observed,251016_생산처별.png
251016,production_sources,azmoth_coin,1192,704.0,17.291616465790582,rgb_observed,251016_생산처별.png
251016,production_sources,azmoth_coin,1195,704.0,16.522711641858304,rgb_observed,251016_생산처별.png
251016,production_sources,azmoth_coin,1198,704.0,14.352700094407323,rgb_observed,251016_생산처별.png
251016,production_sources,azmoth_coin,1201,704.0,12.884098726725126,rgb_observed,251016_생산처별.png
251016,production_sources,azmoth_coin,1204,704.0,13.076696830622021,rgb_observed,251016_생산처별.png
251016,production_sources,azmoth_coin,1207,704.0,12.409673645990857,rgb_observed,251016_생산처별.png
251016,production_sources,azmoth_coin,1210,704.0,11.445523142259598,rgb_observed,251016_생산처별.png
251016,production_sources,azmoth_coin,1213,704.0,11.661903789690601,rgb_observed,251016_생산처별.png
251016,production_sources,azmoth_coin,1216,704.0,11.661903789690601,rgb_observed,251016_생산처별.png
251016,production_sources,azmoth_coin,1219,704.0,12.529964086141668,rgb_observed,251016_생산처별.png
251016,production_sources,azmoth_coin,1222,704.0,13.74772708486752,rgb_observed,251016_생산처별.png
251016,production_sources,azmoth_coin,1225,704.0,15.297058540778355,rgb_observed,251016_생산처별.png
251016,production_sources,azmoth_coin,1228,704.0,16.24807680927192,rgb_observed,251016_생산처별.png
251016,production_sources,azmoth_coin,1231,704.0,17.4928556845359,rgb_observed,251016_생산처별.png
251016,production_sources,azmoth_coin,1234,704.0,17.4928556845359,rgb_observed,251016_생산처별.png
251016,production_sources,azmoth_coin,1237,704.0,16.583123951777,rgb_observed,251016_생산처별.png
251016,production_sources,azmoth_coin,1240,704.0,16.583123951777,rgb_observed,251016_생산처별.png
251016,production_sources,azmoth_coin,1243,704.0,17.26267650163207,rgb_observed,251016_생산처별.png
251016,production_sources,azmoth_coin,1246,704.0,17.663521732655695,rgb_observed,251016_생산처별.png
251016,production_sources,azmoth_coin,1249,704.0,16.673332000533065,rgb_observed,251016_생산처별.png
251016,production_sources,azmoth_coin,1252,704.0,15.905973720586866,rgb_observed,251016_생산처별.png
251016,production_sources,azmoth_coin,1255,704.0,15.394804318340652,rgb_observed,251016_생산처별.png
251016,production_sources,azmoth_coin,1258,704.0,16.30950643030009,rgb_observed,251016_생산처별.png
251016,production_sources,azmoth_coin,1261,704.0,16.30950643030009,rgb_observed,251016_생산처별.png
251016,production_sources,azmoth_coin,1264,704.0,13.379088160259652,rgb_observed,251016_생산처별.png
251016,production_sources,azmoth_coin,1267,704.0,13.379088160259652,rgb_observed,251016_생산처별.png
251016,production_sources,azmoth_coin,1270,704.0,11.789826122551595,rgb_observed,251016_생산처별.png
251016,production_sources,azmoth_coin,1273,704.0,10.099504938362077,rgb_observed,251016_생산처별.png
251016,production_sources,azmoth_coin,1276,704.0,10.099504938362077,rgb_observed,251016_생산처별.png
251016,production_sources,azmoth_coin,1279,704.0,11.661903789690601,rgb_observed,251016_생산처별.png
251016,production_sources,azmoth_coin,1282,704.0,13.45362404707371,rgb_observed,251016_생산처별.png
251016,production_sources,azmoth_coin,1285,704.0,13.45362404707371,rgb_observed,251016_생산처별.png
251016,production_sources,azmoth_coin,1288,704.0,13.45362404707371,rgb_observed,251016_생산처별.png
251016,production_sources,azmoth_coin,1291,704.0,13.96424004376894,rgb_observed,251016_생산처별.png
251016,production_sources,azmoth_coin,1294,704.0,11.045361017187261,rgb_observed,251016_생산처별.png
251016,production_sources,azmoth_coin,1297,704.0,11.357816691600547,rgb_observed,251016_생산처별.png
251016,production_sources,azmoth_coin,1300,705.0,32.89376840679705,rgb_observed,251016_생산처별.png
251016,production_sources,azmoth_coin,1303,,,unresolved,251016_생산처별.png
251016,production_sources,azmoth_coin,1306,,,unresolved,251016_생산처별.png
251016,production_sources,azmoth_coin,1309,,,unresolved,251016_생산처별.png
251016,production_sources,azmoth_coin,1312,,,unresolved,251016_생산처별.png
251016,production_sources,other_coin,136,721.0,26.832815729997478,rgb_observed,251016_생산처별.png
251016,production_sources,other_coin,139,721.0,19.390719429665317,rgb_observed,251016_생산처별.png
251016,production_sources,other_coin,142,721.0,21.0,rgb_observed,251016_생산처별.png
251016,production_sources,other_coin,145,714.0,15.588457268119896,rgb_observed,251016_생산처별.png
251016,production_sources,other_coin,148,,,unresolved,251016_생산처별.png
251016,production_sources,other_coin,151,715.0,17.804493814764857,rgb_observed,251016_생산처별.png
251016,production_sources,other_coin,154,720.0,19.621416870348583,rgb_observed,251016_생산처별.png
251016,production_sources,other_coin,157,720.0,8.717797887081348,rgb_observed,251016_생산처별.png
251016,production_sources,other_coin,160,722.0,28.071337695236398,rgb_observed,251016_생산처별.png
251016,production_sources,other_coin,163,721.0,13.30413469565007,rgb_observed,251016_생산처별.png
251016,production_sources,other_coin,166,722.0,20.199009876724155,rgb_observed,251016_생산처별.png
251016,production_sources,other_coin,169,718.0,10.246950765959598,rgb_observed,251016_생산처별.png
251016,production_sources,other_coin,172,722.0,18.275666882497067,rgb_observed,251016_생산처별.png
251016,production_sources,other_coin,175,722.0,15.132745950421556,rgb_observed,251016_생산처별.png
251016,production_sources,other_coin,178,722.0,14.594519519326424,rgb_observed,251016_생산처별.png
251016,production_sources,other_coin,181,722.0,15.937377450509228,rgb_observed,251016_생산처별.png
251016,production_sources,other_coin,184,720.0,6.708203932499369,rgb_observed,251016_생산처별.png
251016,production_sources,other_coin,187,721.0,13.152946437965905,rgb_observed,251016_생산처별.png
251016,production_sources,other_coin,190,721.0,6.6332495807108,rgb_observed,251016_생산처별.png
251016,production_sources,other_coin,193,721.0,5.744562646538029,rgb_observed,251016_생산처별.png
251016,production_sources,other_coin,196,721.0,7.280109889280518,rgb_observed,251016_생산처별.png
251016,production_sources,other_coin,199,721.0,11.357816691600547,rgb_observed,251016_생산처별.png
251016,production_sources,other_coin,202,721.0,5.477225575051661,rgb_observed,251016_생산처별.png
251016,production_sources,other_coin,205,720.0,25.019992006393608,rgb_observed,251016_생산처별.png
251016,production_sources,other_coin,208,720.0,26.68332812825267,rgb_observed,251016_생산처별.png
251016,production_sources,other_coin,211,720.0,14.866068747318506,rgb_observed,251016_생산처별.png
251016,production_sources,other_coin,214,720.0,12.041594578792296,rgb_observed,251016_생산처별.png
251016,production_sources,other_coin,217,719.0,17.11724276862369,rgb_observed,251016_생산처별.png
251016,production_sources,other_coin,220,719.0,18.0,rgb_observed,251016_생산처별.png
251016,production_sources,other_coin,223,718.0,24.06241883103193,rgb_observed,251016_생산처별.png
251016,production_sources,other_coin,226,717.0,20.0,rgb_observed,251016_생산처별.png
251016,production_sources,other_coin,229,717.0,17.378147196982766,rgb_observed,251016_생산처별.png
251016,production_sources,other_coin,232,717.0,18.35755975068582,rgb_observed,251016_생산처별.png
251016,production_sources,other_coin,235,717.0,19.131126469708992,rgb_observed,251016_생산처별.png
251016,production_sources,other_coin,238,717.0,22.293496809607955,rgb_observed,251016_생산처별.png
251016,production_sources,other_coin,241,720.0,15.264337522473747,rgb_observed,251016_생산처별.png
251016,production_sources,other_coin,244,720.0,15.132745950421556,rgb_observed,251016_생산처별.png
251016,production_sources,other_coin,247,721.0,16.61324772583615,rgb_observed,251016_생산처별.png
251016,production_sources,other_coin,250,721.0,14.035668847618199,rgb_observed,251016_생산처별.png
251016,production_sources,other_coin,253,720.0,14.2828568570857,rgb_observed,251016_생산처별.png
251016,production_sources,other_coin,256,720.0,13.638181696985855,rgb_observed,251016_생산처별.png
251016,production_sources,other_coin,259,724.0,20.83266665599966,rgb_observed,251016_생산처별.png
251016,production_sources,other_coin,262,724.0,20.322401432901575,rgb_observed,251016_생산처별.png
251016,production_sources,other_coin,265,,,unresolved,251016_생산처별.png
251016,production_sources,other_coin,268,,,unresolved,251016_생산처별.png
251016,production_sources,other_coin,271,728.0,25.317977802344327,rgb_observed,251016_생산처별.png
251016,production_sources,other_coin,274,728.0,23.043437243605826,rgb_observed,251016_생산처별.png
251016,production_sources,other_coin,277,729.0,19.44222209522358,rgb_observed,251016_생산처별.png
251016,production_sources,other_coin,280,729.0,20.493901531919196,rgb_observed,251016_생산처별.png
251016,production_sources,other_coin,283,730.0,24.124676163629637,rgb_observed,251016_생산처별.png
251016,production_sources,other_coin,286,730.0,20.83266665599966,rgb_observed,251016_생산처별.png
251016,production_sources,other_coin,289,730.0,20.83266665599966,rgb_observed,251016_생산처별.png
251016,production_sources,other_coin,292,730.0,20.83266665599966,rgb_observed,251016_생산처별.png
251016,production_sources,other_coin,295,730.0,22.44994432064365,rgb_observed,251016_생산처별.png
251016,production_sources,other_coin,298,730.0,22.44994432064365,rgb_observed,251016_생산처별.png
251016,production_sources,other_coin,301,730.0,22.9128784747792,rgb_observed,251016_생산처별.png
251016,production_sources,other_coin,304,730.0,22.40535650240808,rgb_observed,251016_생산처별.png
251016,production_sources,other_coin,307,730.0,22.40535650240808,rgb_observed,251016_생산처별.png
251016,production_sources,other_coin,310,730.0,20.639767440550294,rgb_observed,251016_생산처별.png
251016,production_sources,other_coin,313,730.0,21.908902300206645,rgb_observed,251016_생산처별.png
251016,production_sources,other_coin,316,730.0,20.97617696340303,rgb_observed,251016_생산처별.png
251016,production_sources,other_coin,319,721.0,19.026297590440446,rgb_observed,251016_생산처별.png
251016,production_sources,other_coin,322,721.0,19.467922333931785,rgb_observed,251016_생산처별.png
251016,production_sources,other_coin,325,721.0,17.916472867168917,rgb_observed,251016_생산처별.png
251016,production_sources,other_coin,328,721.0,14.212670403551895,rgb_observed,251016_생산처별.png
251016,production_sources,other_coin,331,721.0,14.212670403551895,rgb_observed,251016_생산처별.png
251016,production_sources,other_coin,334,721.0,14.177446878757825,rgb_observed,251016_생산처별.png
251016,production_sources,other_coin,337,729.0,24.43358344574123,rgb_observed,251016_생산처별.png
251016,production_sources,other_coin,340,729.0,25.942243542145693,rgb_observed,251016_생산처별.png
251016,production_sources,other_coin,343,729.0,23.600847442411894,rgb_observed,251016_생산처별.png
251016,production_sources,other_coin,346,729.0,22.293496809607955,rgb_observed,251016_생산처별.png
251016,production_sources,other_coin,349,729.0,21.400934559032695,rgb_observed,251016_생산처별.png
251016,production_sources,other_coin,352,720.0,13.076696830622021,rgb_observed,251016_생산처별.png
251016,production_sources,other_coin,355,720.0,16.0312195418814,rgb_observed,251016_생산처별.png
251016,production_sources,other_coin,358,728.0,20.024984394500787,rgb_observed,251016_생산처별.png
251016,production_sources,other_coin,361,728.0,18.49324200890693,rgb_observed,251016_생산처별.png
251016,production_sources,other_coin,364,728.0,21.18962010041709,rgb_observed,251016_생산처별.png
251016,production_sources,other_coin,367,728.0,22.44994432064365,rgb_observed,251016_생산처별.png
251016,production_sources,other_coin,370,728.0,21.2602916254693,rgb_observed,251016_생산처별.png
251016,production_sources,other_coin,373,719.0,15.748015748023622,rgb_observed,251016_생산처별.png
251016,production_sources,other_coin,376,719.0,16.911534525287763,rgb_observed,251016_생산처별.png
251016,production_sources,other_coin,379,727.0,20.83266665599966,rgb_observed,251016_생산처별.png
251016,production_sources,other_coin,382,727.0,23.430749027719962,rgb_observed,251016_생산처별.png
251016,production_sources,other_coin,385,726.0,24.372115213907882,rgb_observed,251016_생산처별.png
251016,production_sources,other_coin,388,726.0,23.874672772626646,rgb_observed,251016_생산처별.png
251016,production_sources,other_coin,391,726.0,27.65863337187866,rgb_observed,251016_생산처별.png
251016,production_sources,other_coin,394,725.0,28.053520278211074,rgb_observed,251016_생산처별.png
251016,production_sources,other_coin,397,,,unresolved,251016_생산처별.png
251016,production_sources,other_coin,400,723.0,27.53179979587241,rgb_observed,251016_생산처별.png
251016,production_sources,other_coin,403,722.0,25.495097567963924,rgb_observed,251016_생산처별.png
251016,production_sources,other_coin,406,722.0,13.74772708486752,rgb_observed,251016_생산처별.png
251016,production_sources,other_coin,409,722.0,12.36931687685298,rgb_observed,251016_생산처별.png
251016,production_sources,other_coin,412,722.0,13.92838827718412,rgb_observed,251016_생산처별.png
251016,production_sources,other_coin,415,721.0,11.224972160321824,rgb_observed,251016_생산처별.png
251016,production_sources,other_coin,418,721.0,16.431676725154983,rgb_observed,251016_생산처별.png
251016,production_sources,other_coin,421,718.0,15.556349186104045,rgb_observed,251016_생산처별.png
251016,production_sources,other_coin,424,718.0,14.798648586948742,rgb_observed,251016_생산처별.png
251016,production_sources,other_coin,427,719.0,12.68857754044952,rgb_observed,251016_생산처별.png
251016,production_sources,other_coin,430,719.0,10.677078252031311,rgb_observed,251016_생산처별.png
251016,production_sources,other_coin,433,719.0,11.180339887498949,rgb_observed,251016_생산처별.png
251016,production_sources,other_coin,436,720.0,13.416407864998739,rgb_observed,251016_생산처별.png
251016,production_sources,other_coin,439,721.0,19.467922333931785,rgb_observed,251016_생산처별.png
251016,production_sources,other_coin,442,721.0,13.92838827718412,rgb_observed,251016_생산처별.png
251016,production_sources,other_coin,445,722.0,23.08679276123039,rgb_observed,251016_생산처별.png
251016,production_sources,other_coin,448,722.0,14.798648586948742,rgb_observed,251016_생산처별.png
251016,production_sources,other_coin,451,722.0,14.866068747318506,rgb_observed,251016_생산처별.png
251016,production_sources,other_coin,454,722.0,18.466185312619388,rgb_observed,251016_생산처별.png
251016,production_sources,other_coin,457,718.0,18.2208671582886,rgb_observed,251016_생산처별.png
251016,production_sources,other_coin,460,718.0,19.467922333931785,rgb_observed,251016_생산처별.png
251016,production_sources,other_coin,463,718.0,20.223748416156685,rgb_observed,251016_생산처별.png
251016,production_sources,other_coin,466,718.0,18.110770276274835,rgb_observed,251016_생산처별.png
251016,production_sources,other_coin,469,718.0,18.027756377319946,rgb_observed,251016_생산처별.png
251016,production_sources,other_coin,472,718.0,19.44222209522358,rgb_observed,251016_생산처별.png
251016,production_sources,other_coin,475,718.0,19.672315572906,rgb_observed,251016_생산처별.png
251016,production_sources,other_coin,478,718.0,16.0,rgb_observed,251016_생산처별.png
251016,production_sources,other_coin,481,718.0,13.601470508735444,rgb_observed,251016_생산처별.png
251016,production_sources,other_coin,484,718.0,19.849433241279208,rgb_observed,251016_생산처별.png
251016,production_sources,other_coin,487,728.0,25.03996805109783,rgb_observed,251016_생산처별.png
251016,production_sources,other_coin,490,729.0,25.059928172283335,rgb_observed,251016_생산처별.png
251016,production_sources,other_coin,493,729.0,23.874672772626646,rgb_observed,251016_생산처별.png
251016,production_sources,other_coin,496,729.0,25.059928172283335,rgb_observed,251016_생산처별.png
251016,production_sources,other_coin,499,729.0,24.1039415863879,rgb_observed,251016_생산처별.png
251016,production_sources,other_coin,502,729.0,23.388031127053,rgb_observed,251016_생산처별.png
251016,production_sources,other_coin,505,729.0,24.20743687382041,rgb_observed,251016_생산처별.png
251016,production_sources,other_coin,508,729.0,25.25866188063018,rgb_observed,251016_생산처별.png
251016,production_sources,other_coin,511,719.0,16.73320053068151,rgb_observed,251016_생산처별.png
251016,production_sources,other_coin,514,719.0,16.911534525287763,rgb_observed,251016_생산처별.png
251016,production_sources,other_coin,517,719.0,21.6794833886788,rgb_observed,251016_생산처별.png
251016,production_sources,other_coin,520,729.0,26.1725046566048,rgb_observed,251016_생산처별.png
251016,production_sources,other_coin,523,729.0,26.267851073127396,rgb_observed,251016_생산처별.png
251016,production_sources,other_coin,526,729.0,25.709920264364882,rgb_observed,251016_생산처별.png
251016,production_sources,other_coin,529,728.0,28.089143810376278,rgb_observed,251016_생산처별.png
251016,production_sources,other_coin,532,720.0,11.224972160321824,rgb_observed,251016_생산처별.png
251016,production_sources,other_coin,535,718.0,24.351591323771842,rgb_observed,251016_생산처별.png
251016,production_sources,other_coin,538,711.0,18.027756377319946,rgb_observed,251016_생산처별.png
251016,production_sources,other_coin,541,705.0,14.7648230602334,rgb_observed,251016_생산처별.png
251016,production_sources,other_coin,544,704.0,12.96148139681572,rgb_observed,251016_생산처별.png
251016,production_sources,other_coin,547,699.0,12.36931687685298,rgb_observed,251016_생산처별.png
251016,production_sources,other_coin,550,694.0,21.97726097583591,rgb_observed,251016_생산처별.png
251016,production_sources,other_coin,553,688.0,23.345235059857504,rgb_observed,251016_생산처별.png
251016,production_sources,other_coin,556,680.0,26.019223662515376,rgb_observed,251016_생산처별.png
251016,production_sources,other_coin,559,675.0,18.16590212458495,rgb_observed,251016_생산처별.png
251016,production_sources,other_coin,562,674.0,17.029386365926403,rgb_observed,251016_생산처별.png
251016,production_sources,other_coin,565,670.0,17.029386365926403,rgb_observed,251016_생산처별.png
251016,production_sources,other_coin,568,661.0,13.2664991614216,rgb_observed,251016_생산처별.png
251016,production_sources,other_coin,571,660.0,20.97617696340303,rgb_observed,251016_생산처별.png
251016,production_sources,other_coin,574,653.0,17.05872210923198,rgb_observed,251016_생산처별.png
251016,production_sources,other_coin,577,,,unresolved,251016_생산처별.png
251016,production_sources,other_coin,580,649.0,21.840329667841555,rgb_observed,251016_생산처별.png
251016,production_sources,other_coin,583,648.0,26.589471600616662,rgb_observed,251016_생산처별.png
251016,production_sources,other_coin,586,647.0,24.596747752497688,rgb_observed,251016_생산처별.png
251016,production_sources,other_coin,589,646.0,23.600847442411894,rgb_observed,251016_생산처별.png
251016,production_sources,other_coin,592,646.0,22.38302928559939,rgb_observed,251016_생산처별.png
251016,production_sources,other_coin,595,646.0,28.809720581775867,rgb_observed,251016_생산처별.png
251016,production_sources,other_coin,598,,,unresolved,251016_생산처별.png
251016,production_sources,other_coin,601,,,unresolved,251016_생산처별.png
251016,production_sources,other_coin,604,643.0,28.142494558940577,rgb_observed,251016_생산처별.png
251016,production_sources,other_coin,607,642.0,25.079872407968907,rgb_observed,251016_생산처별.png
251016,production_sources,other_coin,610,642.0,24.677925358506133,rgb_observed,251016_생산처별.png
251016,production_sources,other_coin,613,641.0,22.67156809750927,rgb_observed,251016_생산처별.png
251016,production_sources,other_coin,616,641.0,23.043437243605826,rgb_observed,251016_생산처별.png
251016,production_sources,other_coin,619,640.0,24.06241883103193,rgb_observed,251016_생산처별.png
251016,production_sources,other_coin,622,639.0,20.8806130178211,rgb_observed,251016_생산처별.png
251016,production_sources,other_coin,625,639.0,19.339079605813716,rgb_observed,251016_생산처별.png
251016,production_sources,other_coin,628,639.0,22.47220505424423,rgb_observed,251016_생산처별.png
251016,production_sources,other_coin,631,642.0,20.615528128088304,rgb_observed,251016_생산처별.png
251016,production_sources,other_coin,634,642.0,17.029386365926403,rgb_observed,251016_생산처별.png
251016,production_sources,other_coin,637,644.0,21.97726097583591,rgb_observed,251016_생산처별.png
251016,production_sources,other_coin,640,645.0,23.727621035409346,rgb_observed,251016_생산처별.png
251016,production_sources,other_coin,643,648.0,26.28687885618983,rgb_observed,251016_생산처별.png
251016,production_sources,other_coin,646,649.0,23.895606290697042,rgb_observed,251016_생산처별.png
251016,production_sources,other_coin,649,650.0,23.895606290697042,rgb_observed,251016_생산처별.png
251016,production_sources,other_coin,652,651.0,28.160255680657446,rgb_observed,251016_생산처별.png
251016,production_sources,other_coin,655,654.0,25.199206336708304,rgb_observed,251016_생산처별.png
251016,production_sources,other_coin,658,655.0,22.20360331117452,rgb_observed,251016_생산처별.png
251016,production_sources,other_coin,661,656.0,23.895606290697042,rgb_observed,251016_생산처별.png
251016,production_sources,other_coin,664,658.0,25.317977802344327,rgb_observed,251016_생산처별.png
251016,production_sources,other_coin,667,659.0,22.825424421026653,rgb_observed,251016_생산처별.png
251016,production_sources,other_coin,670,661.0,24.596747752497688,rgb_observed,251016_생산처별.png
251016,production_sources,other_coin,673,663.0,21.118712081942874,rgb_observed,251016_생산처별.png
251016,production_sources,other_coin,676,663.0,21.400934559032695,rgb_observed,251016_생산처별.png
251016,production_sources,other_coin,679,664.0,23.430749027719962,rgb_observed,251016_생산처별.png
251016,production_sources,other_coin,682,665.0,24.06241883103193,rgb_observed,251016_생산처별.png
251016,production_sources,other_coin,685,,,unresolved,251016_생산처별.png
251016,production_sources,other_coin,688,,,unresolved,251016_생산처별.png
251016,production_sources,other_coin,691,,,unresolved,251016_생산처별.png
251016,production_sources,other_coin,694,,,unresolved,251016_생산처별.png
251016,production_sources,other_coin,697,671.0,26.92582403567252,rgb_observed,251016_생산처별.png
251016,production_sources,other_coin,700,671.0,24.351591323771842,rgb_observed,251016_생산처별.png
251016,production_sources,other_coin,703,672.0,24.372115213907882,rgb_observed,251016_생산처별.png
251016,production_sources,other_coin,706,673.0,27.892651361962706,rgb_observed,251016_생산처별.png
251016,production_sources,other_coin,709,674.0,27.0,rgb_observed,251016_생산처별.png
251016,production_sources,other_coin,712,675.0,28.160255680657446,rgb_observed,251016_생산처별.png
251016,production_sources,other_coin,715,676.0,28.635642126552707,rgb_observed,251016_생산처별.png
251016,production_sources,other_coin,718,677.0,25.37715508089904,rgb_observed,251016_생산처별.png
251016,production_sources,other_coin,721,677.0,24.535688292770594,rgb_observed,251016_생산처별.png
251016,production_sources,other_coin,724,678.0,24.879710609249457,rgb_observed,251016_생산처별.png
251016,production_sources,other_coin,727,678.0,25.98076211353316,rgb_observed,251016_생산처별.png
251016,production_sources,other_coin,730,679.0,28.948229652260256,rgb_observed,251016_생산처별.png
251016,production_sources,other_coin,733,679.0,27.60434748368452,rgb_observed,251016_생산처별.png
251016,production_sources,other_coin,736,679.0,27.60434748368452,rgb_observed,251016_생산처별.png
251016,production_sources,other_coin,739,679.0,26.870057685088806,rgb_observed,251016_생산처별.png
251016,production_sources,other_coin,742,679.0,27.367864366808018,rgb_observed,251016_생산처별.png
251016,production_sources,other_coin,745,679.0,28.460498941515414,rgb_observed,251016_생산처별.png
251016,production_sources,other_coin,748,680.0,28.495613697550013,rgb_observed,251016_생산처별.png
251016,production_sources,other_coin,751,680.0,23.043437243605826,rgb_observed,251016_생산처별.png
251016,production_sources,other_coin,754,680.0,19.72308292331602,rgb_observed,251016_생산처별.png
251016,production_sources,other_coin,757,680.0,19.313207915827967,rgb_observed,251016_생산처별.png
251016,production_sources,other_coin,760,680.0,20.639767440550294,rgb_observed,251016_생산처별.png
251016,production_sources,other_coin,763,680.0,25.495097567963924,rgb_observed,251016_생산처별.png
251016,production_sources,other_coin,766,681.0,28.231188426986208,rgb_observed,251016_생산처별.png
251016,production_sources,other_coin,769,,,unresolved,251016_생산처별.png
251016,production_sources,other_coin,772,,,unresolved,251016_생산처별.png
251016,production_sources,other_coin,775,,,unresolved,251016_생산처별.png
251016,production_sources,other_coin,778,,,unresolved,251016_생산처별.png
251016,production_sources,other_coin,781,680.0,28.460498941515414,rgb_observed,251016_생산처별.png
251016,production_sources,other_coin,784,680.0,26.038433132583073,rgb_observed,251016_생산처별.png
251016,production_sources,other_coin,787,680.0,25.942243542145693,rgb_observed,251016_생산처별.png
251016,production_sources,other_coin,790,680.0,26.739483914241877,rgb_observed,251016_생산처별.png
251016,production_sources,other_coin,793,680.0,26.758176320519304,rgb_observed,251016_생산처별.png
251016,production_sources,other_coin,796,679.0,22.891046284519195,rgb_observed,251016_생산처별.png
251016,production_sources,other_coin,799,679.0,21.908902300206645,rgb_observed,251016_생산처별.png
251016,production_sources,other_coin,802,679.0,22.293496809607955,rgb_observed,251016_생산처별.png
251016,production_sources,other_coin,805,679.0,25.199206336708304,rgb_observed,251016_생산처별.png
251016,production_sources,other_coin,808,678.0,24.08318915758459,rgb_observed,251016_생산처별.png
251016,production_sources,other_coin,811,678.0,19.1049731745428,rgb_observed,251016_생산처별.png
251016,production_sources,other_coin,814,678.0,19.6468827043885,rgb_observed,251016_생산처별.png
251016,production_sources,other_coin,817,678.0,19.6468827043885,rgb_observed,251016_생산처별.png
251016,production_sources,other_coin,820,678.0,23.280893453645632,rgb_observed,251016_생산처별.png
251016,production_sources,other_coin,823,677.0,23.558437978779494,rgb_observed,251016_생산처별.png
251016,production_sources,other_coin,826,677.0,24.124676163629637,rgb_observed,251016_생산처별.png
251016,production_sources,other_coin,829,677.0,24.124676163629637,rgb_observed,251016_생산처별.png
251016,production_sources,other_coin,832,676.0,25.337718918639855,rgb_observed,251016_생산처별.png
251016,production_sources,other_coin,835,676.0,25.317977802344327,rgb_observed,251016_생산처별.png
251016,production_sources,other_coin,838,675.0,21.047565179849187,rgb_observed,251016_생산처별.png
251016,production_sources,other_coin,841,675.0,16.401219466856727,rgb_observed,251016_생산처별.png
251016,production_sources,other_coin,844,675.0,14.491376746189438,rgb_observed,251016_생산처별.png
251016,production_sources,other_coin,847,675.0,16.97056274847714,rgb_observed,251016_생산처별.png
251016,production_sources,other_coin,850,674.0,23.108440016582687,rgb_observed,251016_생산처별.png
251016,production_sources,other_coin,853,674.0,23.108440016582687,rgb_observed,251016_생산처별.png
251016,production_sources,other_coin,856,674.0,25.059928172283335,rgb_observed,251016_생산처별.png
251016,production_sources,other_coin,859,673.0,22.02271554554524,rgb_observed,251016_생산처별.png
251016,production_sources,other_coin,862,673.0,21.118712081942874,rgb_observed,251016_생산처별.png
251016,production_sources,other_coin,865,672.0,20.0,rgb_observed,251016_생산처별.png
251016,production_sources,other_coin,868,672.0,18.466185312619388,rgb_observed,251016_생산처별.png
251016,production_sources,other_coin,871,673.0,16.822603841260722,rgb_observed,251016_생산처별.png
251016,production_sources,other_coin,874,673.0,17.204650534085253,rgb_observed,251016_생산처별.png
251016,production_sources,other_coin,877,675.0,22.47220505424423,rgb_observed,251016_생산처별.png
251016,production_sources,other_coin,880,677.0,25.019992006393608,rgb_observed,251016_생산처별.png
251016,production_sources,other_coin,883,678.0,25.019992006393608,rgb_observed,251016_생산처별.png
251016,production_sources,other_coin,886,679.0,23.08679276123039,rgb_observed,251016_생산처별.png
251016,production_sources,other_coin,889,680.0,23.08679276123039,rgb_observed,251016_생산처별.png
251016,production_sources,other_coin,892,682.0,28.178005607210743,rgb_observed,251016_생산처별.png
251016,production_sources,other_coin,895,684.0,24.43358344574123,rgb_observed,251016_생산처별.png
251016,production_sources,other_coin,898,685.0,23.45207879911715,rgb_observed,251016_생산처별.png
251016,production_sources,other_coin,901,,,unresolved,251016_생산처별.png
251016,production_sources,other_coin,904,688.0,27.53179979587241,rgb_observed,251016_생산처별.png
251016,production_sources,other_coin,907,690.0,28.653097563788805,rgb_observed,251016_생산처별.png
251016,production_sources,other_coin,910,691.0,28.653097563788805,rgb_observed,251016_생산처별.png
251016,production_sources,other_coin,913,,,unresolved,251016_생산처별.png
251016,production_sources,other_coin,916,,,unresolved,251016_생산처별.png
251016,production_sources,other_coin,919,695.0,26.70205984563738,rgb_observed,251016_생산처별.png
251016,production_sources,other_coin,922,714.0,16.76305461424021,rgb_observed,251016_생산처별.png
251016,production_sources,other_coin,925,714.0,20.615528128088304,rgb_observed,251016_생산처별.png
251016,production_sources,other_coin,928,714.0,20.0,rgb_observed,251016_생산처별.png
251016,production_sources,other_coin,931,714.0,20.0,rgb_observed,251016_생산처별.png
251016,production_sources,other_coin,934,696.0,20.54263858417414,rgb_observed,251016_생산처별.png
251016,production_sources,other_coin,937,696.0,19.82422760159901,rgb_observed,251016_생산처별.png
251016,production_sources,other_coin,940,696.0,19.467922333931785,rgb_observed,251016_생산처별.png
251016,production_sources,other_coin,943,696.0,19.131126469708992,rgb_observed,251016_생산처별.png
251016,production_sources,other_coin,946,696.0,22.02271554554524,rgb_observed,251016_생산처별.png
251016,production_sources,other_coin,949,696.0,21.18962010041709,rgb_observed,251016_생산처별.png
251016,production_sources,other_coin,952,697.0,19.87460691435179,rgb_observed,251016_생산처별.png
251016,production_sources,other_coin,955,697.0,19.390719429665317,rgb_observed,251016_생산처별.png
251016,production_sources,other_coin,958,697.0,19.390719429665317,rgb_observed,251016_생산처별.png
251016,production_sources,other_coin,961,697.0,19.1049731745428,rgb_observed,251016_생산처별.png
251016,production_sources,other_coin,964,697.0,19.1049731745428,rgb_observed,251016_생산처별.png
251016,production_sources,other_coin,967,697.0,19.1049731745428,rgb_observed,251016_생산처별.png
251016,production_sources,other_coin,970,697.0,19.1049731745428,rgb_observed,251016_생산처별.png
251016,production_sources,other_coin,973,714.0,16.1245154965971,rgb_observed,251016_생산처별.png
251016,production_sources,other_coin,976,714.0,17.291616465790582,rgb_observed,251016_생산처별.png
251016,production_sources,other_coin,979,696.0,16.09347693943108,rgb_observed,251016_생산처별.png
251016,production_sources,other_coin,982,696.0,18.81488772222678,rgb_observed,251016_생산처별.png
251016,production_sources,other_coin,985,713.0,11.489125293076057,rgb_observed,251016_생산처별.png
251016,production_sources,other_coin,988,695.0,19.621416870348583,rgb_observed,251016_생산처별.png
251016,production_sources,other_coin,991,695.0,19.748417658131498,rgb_observed,251016_생산처별.png
251016,production_sources,other_coin,994,694.0,13.638181696985855,rgb_observed,251016_생산처별.png
251016,production_sources,other_coin,997,694.0,14.352700094407323,rgb_observed,251016_생산처별.png
251016,production_sources,other_coin,1000,694.0,20.85665361461421,rgb_observed,251016_생산처별.png
251016,production_sources,other_coin,1003,711.0,16.15549442140351,rgb_observed,251016_생산처별.png
251016,production_sources,other_coin,1006,711.0,17.233687939614086,rgb_observed,251016_생산처별.png
251016,production_sources,other_coin,1009,693.0,27.09243436828813,rgb_observed,251016_생산처별.png
251016,production_sources,other_coin,1012,692.0,25.942243542145693,rgb_observed,251016_생산처별.png
251016,production_sources,other_coin,1015,710.0,18.138357147217054,rgb_observed,251016_생산처별.png
251016,production_sources,other_coin,1018,,,unresolved,251016_생산처별.png
251016,production_sources,other_coin,1021,,,unresolved,251016_생산처별.png
251016,production_sources,other_coin,1024,709.0,20.273134932713294,rgb_observed,251016_생산처별.png
251016,production_sources,other_coin,1027,,,unresolved,251016_생산처별.png
251016,production_sources,other_coin,1030,708.0,14.142135623730951,rgb_observed,251016_생산처별.png
251016,production_sources,other_coin,1033,686.0,26.90724809414742,rgb_observed,251016_생산처별.png
251016,production_sources,other_coin,1036,707.0,14.966629547095765,rgb_observed,251016_생산처별.png
251016,production_sources,other_coin,1039,707.0,16.76305461424021,rgb_observed,251016_생산처별.png
251016,production_sources,other_coin,1042,706.0,15.7797338380595,rgb_observed,251016_생산처별.png
251016,production_sources,other_coin,1045,706.0,18.49324200890693,rgb_observed,251016_생산처별.png
251016,production_sources,other_coin,1048,,,unresolved,251016_생산처별.png
251016,production_sources,other_coin,1051,705.0,14.177446878757825,rgb_observed,251016_생산처별.png
251016,production_sources,other_coin,1054,,,unresolved,251016_생산처별.png
251016,production_sources,other_coin,1057,704.0,15.297058540778355,rgb_observed,251016_생산처별.png
251016,production_sources,other_coin,1060,704.0,26.115129714401192,rgb_observed,251016_생산처별.png
251016,production_sources,other_coin,1063,703.0,23.0,rgb_observed,251016_생산처별.png
251016,production_sources,other_coin,1066,703.0,17.0,rgb_observed,251016_생산처별.png
251016,production_sources,other_coin,1069,,,unresolved,251016_생산처별.png
251016,production_sources,other_coin,1072,703.0,28.6705423736629,rgb_observed,251016_생산처별.png
251016,production_sources,other_coin,1075,,,unresolved,251016_생산처별.png
251016,production_sources,other_coin,1078,,,unresolved,251016_생산처별.png
251016,production_sources,other_coin,1081,681.0,27.367864366808018,rgb_observed,251016_생산처별.png
251016,production_sources,other_coin,1084,681.0,27.367864366808018,rgb_observed,251016_생산처별.png
251016,production_sources,other_coin,1087,682.0,24.351591323771842,rgb_observed,251016_생산처별.png
251016,production_sources,other_coin,1090,683.0,22.22611077089287,rgb_observed,251016_생산처별.png
251016,production_sources,other_coin,1093,684.0,28.460498941515414,rgb_observed,251016_생산처별.png
251016,production_sources,other_coin,1096,,,unresolved,251016_생산처별.png
251016,production_sources,other_coin,1099,,,unresolved,251016_생산처별.png
251016,production_sources,other_coin,1102,688.0,25.25866188063018,rgb_observed,251016_생산처별.png
251016,production_sources,other_coin,1105,688.0,20.46948949045872,rgb_observed,251016_생산처별.png
251016,production_sources,other_coin,1108,689.0,19.87460691435179,rgb_observed,251016_생산처별.png
251016,production_sources,other_coin,1111,690.0,27.60434748368452,rgb_observed,251016_생산처별.png
251016,production_sources,other_coin,1114,702.0,25.25866188063018,rgb_observed,251016_생산처별.png
251016,production_sources,other_coin,1117,692.0,21.213203435596427,rgb_observed,251016_생산처별.png
251016,production_sources,other_coin,1120,692.0,20.445048300260872,rgb_observed,251016_생산처별.png
251016,production_sources,other_coin,1123,693.0,19.949937343260004,rgb_observed,251016_생산처별.png
251016,production_sources,other_coin,1126,693.0,19.79898987322333,rgb_observed,251016_생산처별.png
251016,production_sources,other_coin,1129,702.0,24.372115213907882,rgb_observed,251016_생산처별.png
251016,production_sources,other_coin,1132,702.0,24.372115213907882,rgb_observed,251016_생산처별.png
251016,production_sources,other_coin,1135,702.0,24.372115213907882,rgb_observed,251016_생산처별.png
251016,production_sources,other_coin,1138,702.0,24.372115213907882,rgb_observed,251016_생산처별.png
251016,production_sources,other_coin,1141,702.0,24.372115213907882,rgb_observed,251016_생산처별.png
251016,production_sources,other_coin,1144,702.0,22.93468988235943,rgb_observed,251016_생산처별.png
251016,production_sources,other_coin,1147,697.0,20.83266665599966,rgb_observed,251016_생산처별.png
251016,production_sources,other_coin,1150,697.0,20.904544960366874,rgb_observed,251016_생산처별.png
251016,production_sources,other_coin,1153,697.0,23.173260452512935,rgb_observed,251016_생산처별.png
251016,production_sources,other_coin,1156,698.0,23.388031127053,rgb_observed,251016_생산처별.png
251016,production_sources,other_coin,1159,699.0,20.83266665599966,rgb_observed,251016_생산처별.png
251016,production_sources,other_coin,1162,699.0,18.138357147217054,rgb_observed,251016_생산처별.png
251016,production_sources,other_coin,1165,699.0,17.146428199482248,rgb_observed,251016_생산처별.png
251016,production_sources,other_coin,1168,699.0,19.026297590440446,rgb_observed,251016_생산처별.png
251016,production_sources,other_coin,1171,699.0,19.026297590440446,rgb_observed,251016_생산처별.png
251016,production_sources,other_coin,1174,699.0,19.0,rgb_observed,251016_생산처별.png
251016,production_sources,other_coin,1177,699.0,20.09975124224178,rgb_observed,251016_생산처별.png
251016,production_sources,other_coin,1180,699.0,21.236760581595302,rgb_observed,251016_생산처별.png
251016,production_sources,other_coin,1183,702.0,22.494443758403985,rgb_observed,251016_생산처별.png
251016,production_sources,other_coin,1186,702.0,21.563858652847824,rgb_observed,251016_생산처별.png
251016,production_sources,other_coin,1189,702.0,21.563858652847824,rgb_observed,251016_생산처별.png
251016,production_sources,other_coin,1192,702.0,22.293496809607955,rgb_observed,251016_생산처별.png
251016,production_sources,other_coin,1195,702.0,23.021728866442675,rgb_observed,251016_생산처별.png
251016,production_sources,other_coin,1198,702.0,22.825424421026653,rgb_observed,251016_생산처별.png
251016,production_sources,other_coin,1201,702.0,23.790754506740637,rgb_observed,251016_생산처별.png
251016,production_sources,other_coin,1204,702.0,23.790754506740637,rgb_observed,251016_생산처별.png
251016,production_sources,other_coin,1207,702.0,25.019992006393608,rgb_observed,251016_생산처별.png
251016,production_sources,other_coin,1210,702.0,19.209372712298546,rgb_observed,251016_생산처별.png
251016,production_sources,other_coin,1213,702.0,19.209372712298546,rgb_observed,251016_생산처별.png
251016,production_sources,other_coin,1216,699.0,19.339079605813716,rgb_observed,251016_생산처별.png
251016,production_sources,other_coin,1219,699.0,17.4928556845359,rgb_observed,251016_생산처별.png
251016,production_sources,other_coin,1222,699.0,19.209372712298546,rgb_observed,251016_생산처별.png
251016,production_sources,other_coin,1225,699.0,23.173260452512935,rgb_observed,251016_생산처별.png
251016,production_sources,other_coin,1228,698.0,26.019223662515376,rgb_observed,251016_생산처별.png
251016,production_sources,other_coin,1231,698.0,24.779023386727733,rgb_observed,251016_생산처별.png
251016,production_sources,other_coin,1234,697.0,23.0,rgb_observed,251016_생산처별.png
251016,production_sources,other_coin,1237,697.0,19.131126469708992,rgb_observed,251016_생산처별.png
251016,production_sources,other_coin,1240,697.0,20.12461179749811,rgb_observed,251016_생산처별.png
251016,production_sources,other_coin,1243,696.0,19.621416870348583,rgb_observed,251016_생산처별.png
251016,production_sources,other_coin,1246,696.0,19.339079605813716,rgb_observed,251016_생산처별.png
251016,production_sources,other_coin,1249,696.0,20.223748416156685,rgb_observed,251016_생산처별.png
251016,production_sources,other_coin,1252,695.0,20.71231517720798,rgb_observed,251016_생산처별.png
251016,production_sources,other_coin,1255,695.0,19.209372712298546,rgb_observed,251016_생산처별.png
251016,production_sources,other_coin,1258,694.0,14.628738838327793,rgb_observed,251016_생산처별.png
251016,production_sources,other_coin,1261,694.0,9.055385138137417,rgb_observed,251016_생산처별.png
251016,production_sources,other_coin,1264,694.0,11.224972160321824,rgb_observed,251016_생산처별.png
251016,production_sources,other_coin,1267,695.0,18.384776310850235,rgb_observed,251016_생산처별.png
251016,production_sources,other_coin,1270,695.0,19.595917942265423,rgb_observed,251016_생산처별.png
251016,production_sources,other_coin,1273,696.0,21.18962010041709,rgb_observed,251016_생산처별.png
251016,production_sources,other_coin,1276,697.0,23.62202362203543,rgb_observed,251016_생산처별.png
251016,production_sources,other_coin,1279,697.0,22.891046284519195,rgb_observed,251016_생산처별.png
251016,production_sources,other_coin,1282,698.0,24.919871588754223,rgb_observed,251016_생산처별.png
251016,production_sources,other_coin,1285,699.0,19.026297590440446,rgb_observed,251016_생산처별.png
251016,production_sources,other_coin,1288,699.0,17.4928556845359,rgb_observed,251016_생산처별.png
251016,production_sources,other_coin,1291,700.0,22.02271554554524,rgb_observed,251016_생산처별.png
251016,production_sources,other_coin,1294,702.0,13.038404810405298,rgb_observed,251016_생산처별.png
251016,production_sources,other_coin,1297,702.0,16.911534525287763,rgb_observed,251016_생산처별.png
251016,production_sources,other_coin,1300,702.0,17.029386365926403,rgb_observed,251016_생산처별.png
251016,production_sources,other_coin,1303,703.0,16.24807680927192,rgb_observed,251016_생산처별.png
251016,production_sources,other_coin,1306,703.0,12.84523257866513,rgb_observed,251016_생산처별.png
251016,production_sources,other_coin,1309,,,unresolved,251016_생산처별.png
251016,production_sources,other_coin,1312,,,unresolved,251016_생산처별.png
251016,production_sources,other,136,,,unresolved,251016_생산처별.png
251016,production_sources,other,139,,,unresolved,251016_생산처별.png
251016,production_sources,other,142,,,unresolved,251016_생산처별.png
251016,production_sources,other,145,,,unresolved,251016_생산처별.png
251016,production_sources,other,148,,,unresolved,251016_생산처별.png
251016,production_sources,other,151,,,unresolved,251016_생산처별.png
251016,production_sources,other,154,,,unresolved,251016_생산처별.png
251016,production_sources,other,157,,,unresolved,251016_생산처별.png
251016,production_sources,other,160,,,unresolved,251016_생산처별.png
251016,production_sources,other,163,,,unresolved,251016_생산처별.png
251016,production_sources,other,166,,,unresolved,251016_생산처별.png
251016,production_sources,other,169,,,unresolved,251016_생산처별.png
251016,production_sources,other,172,,,unresolved,251016_생산처별.png
251016,production_sources,other,175,,,unresolved,251016_생산처별.png
251016,production_sources,other,178,,,unresolved,251016_생산처별.png
251016,production_sources,other,181,,,unresolved,251016_생산처별.png
251016,production_sources,other,184,,,unresolved,251016_생산처별.png
251016,production_sources,other,187,,,unresolved,251016_생산처별.png
251016,production_sources,other,190,,,unresolved,251016_생산처별.png
251016,production_sources,other,193,,,unresolved,251016_생산처별.png
251016,production_sources,other,196,,,unresolved,251016_생산처별.png
251016,production_sources,other,199,,,unresolved,251016_생산처별.png
251016,production_sources,other,202,,,unresolved,251016_생산처별.png
251016,production_sources,other,205,,,unresolved,251016_생산처별.png
251016,production_sources,other,208,,,unresolved,251016_생산처별.png
251016,production_sources,other,211,,,unresolved,251016_생산처별.png
251016,production_sources,other,214,,,unresolved,251016_생산처별.png
251016,production_sources,other,217,,,unresolved,251016_생산처별.png
251016,production_sources,other,220,,,unresolved,251016_생산처별.png
251016,production_sources,other,223,,,unresolved,251016_생산처별.png
251016,production_sources,other,226,,,unresolved,251016_생산처별.png
251016,production_sources,other,229,,,unresolved,251016_생산처별.png
251016,production_sources,other,232,,,unresolved,251016_생산처별.png
251016,production_sources,other,235,,,unresolved,251016_생산처별.png
251016,production_sources,other,238,,,unresolved,251016_생산처별.png
251016,production_sources,other,241,,,unresolved,251016_생산처별.png
251016,production_sources,other,244,,,unresolved,251016_생산처별.png
251016,production_sources,other,247,,,unresolved,251016_생산처별.png
251016,production_sources,other,250,,,unresolved,251016_생산처별.png
251016,production_sources,other,253,,,unresolved,251016_생산처별.png
251016,production_sources,other,256,,,unresolved,251016_생산처별.png
251016,production_sources,other,259,,,unresolved,251016_생산처별.png
251016,production_sources,other,262,,,unresolved,251016_생산처별.png
251016,production_sources,other,265,,,unresolved,251016_생산처별.png
251016,production_sources,other,268,,,unresolved,251016_생산처별.png
251016,production_sources,other,271,,,unresolved,251016_생산처별.png
251016,production_sources,other,274,,,unresolved,251016_생산처별.png
251016,production_sources,other,277,,,unresolved,251016_생산처별.png
251016,production_sources,other,280,,,unresolved,251016_생산처별.png
251016,production_sources,other,283,,,unresolved,251016_생산처별.png
251016,production_sources,other,286,,,unresolved,251016_생산처별.png
251016,production_sources,other,289,,,unresolved,251016_생산처별.png
251016,production_sources,other,292,,,unresolved,251016_생산처별.png
251016,production_sources,other,295,,,unresolved,251016_생산처별.png
251016,production_sources,other,298,,,unresolved,251016_생산처별.png
251016,production_sources,other,301,,,unresolved,251016_생산처별.png
251016,production_sources,other,304,,,unresolved,251016_생산처별.png
251016,production_sources,other,307,,,unresolved,251016_생산처별.png
251016,production_sources,other,310,,,unresolved,251016_생산처별.png
251016,production_sources,other,313,,,unresolved,251016_생산처별.png
251016,production_sources,other,316,,,unresolved,251016_생산처별.png
251016,production_sources,other,319,,,unresolved,251016_생산처별.png
251016,production_sources,other,322,,,unresolved,251016_생산처별.png
251016,production_sources,other,325,,,unresolved,251016_생산처별.png
251016,production_sources,other,328,,,unresolved,251016_생산처별.png
251016,production_sources,other,331,,,unresolved,251016_생산처별.png
251016,production_sources,other,334,,,unresolved,251016_생산처별.png
251016,production_sources,other,337,,,unresolved,251016_생산처별.png
251016,production_sources,other,340,,,unresolved,251016_생산처별.png
251016,production_sources,other,343,,,unresolved,251016_생산처별.png
251016,production_sources,other,346,,,unresolved,251016_생산처별.png
251016,production_sources,other,349,,,unresolved,251016_생산처별.png
251016,production_sources,other,352,,,unresolved,251016_생산처별.png
251016,production_sources,other,355,,,unresolved,251016_생산처별.png
251016,production_sources,other,358,,,unresolved,251016_생산처별.png
251016,production_sources,other,361,,,unresolved,251016_생산처별.png
251016,production_sources,other,364,,,unresolved,251016_생산처별.png
251016,production_sources,other,367,,,unresolved,251016_생산처별.png
251016,production_sources,other,370,,,unresolved,251016_생산처별.png
251016,production_sources,other,373,,,unresolved,251016_생산처별.png
251016,production_sources,other,376,,,unresolved,251016_생산처별.png
251016,production_sources,other,379,,,unresolved,251016_생산처별.png
251016,production_sources,other,382,,,unresolved,251016_생산처별.png
251016,production_sources,other,385,,,unresolved,251016_생산처별.png
251016,production_sources,other,388,,,unresolved,251016_생산처별.png
251016,production_sources,other,391,,,unresolved,251016_생산처별.png
251016,production_sources,other,394,,,unresolved,251016_생산처별.png
251016,production_sources,other,397,,,unresolved,251016_생산처별.png
251016,production_sources,other,400,,,unresolved,251016_생산처별.png
251016,production_sources,other,403,,,unresolved,251016_생산처별.png
251016,production_sources,other,406,,,unresolved,251016_생산처별.png
251016,production_sources,other,409,,,unresolved,251016_생산처별.png
251016,production_sources,other,412,,,unresolved,251016_생산처별.png
251016,production_sources,other,415,,,unresolved,251016_생산처별.png
251016,production_sources,other,418,,,unresolved,251016_생산처별.png
251016,production_sources,other,421,,,unresolved,251016_생산처별.png
251016,production_sources,other,424,,,unresolved,251016_생산처별.png
251016,production_sources,other,427,,,unresolved,251016_생산처별.png
251016,production_sources,other,430,,,unresolved,251016_생산처별.png
251016,production_sources,other,433,,,unresolved,251016_생산처별.png
251016,production_sources,other,436,,,unresolved,251016_생산처별.png
251016,production_sources,other,439,,,unresolved,251016_생산처별.png
251016,production_sources,other,442,,,unresolved,251016_생산처별.png
251016,production_sources,other,445,,,unresolved,251016_생산처별.png
251016,production_sources,other,448,,,unresolved,251016_생산처별.png
251016,production_sources,other,451,,,unresolved,251016_생산처별.png
251016,production_sources,other,454,,,unresolved,251016_생산처별.png
251016,production_sources,other,457,,,unresolved,251016_생산처별.png
251016,production_sources,other,460,,,unresolved,251016_생산처별.png
251016,production_sources,other,463,,,unresolved,251016_생산처별.png
251016,production_sources,other,466,,,unresolved,251016_생산처별.png
251016,production_sources,other,469,,,unresolved,251016_생산처별.png
251016,production_sources,other,472,,,unresolved,251016_생산처별.png
251016,production_sources,other,475,,,unresolved,251016_생산처별.png
251016,production_sources,other,478,,,unresolved,251016_생산처별.png
251016,production_sources,other,481,,,unresolved,251016_생산처별.png
251016,production_sources,other,484,,,unresolved,251016_생산처별.png
251016,production_sources,other,487,,,unresolved,251016_생산처별.png
251016,production_sources,other,490,,,unresolved,251016_생산처별.png
251016,production_sources,other,493,,,unresolved,251016_생산처별.png
251016,production_sources,other,496,,,unresolved,251016_생산처별.png
251016,production_sources,other,499,,,unresolved,251016_생산처별.png
251016,production_sources,other,502,,,unresolved,251016_생산처별.png
251016,production_sources,other,505,,,unresolved,251016_생산처별.png
251016,production_sources,other,508,,,unresolved,251016_생산처별.png
251016,production_sources,other,511,,,unresolved,251016_생산처별.png
251016,production_sources,other,514,,,unresolved,251016_생산처별.png
251016,production_sources,other,517,,,unresolved,251016_생산처별.png
251016,production_sources,other,520,,,unresolved,251016_생산처별.png
251016,production_sources,other,523,,,unresolved,251016_생산처별.png
251016,production_sources,other,526,,,unresolved,251016_생산처별.png
251016,production_sources,other,529,,,unresolved,251016_생산처별.png
251016,production_sources,other,532,,,unresolved,251016_생산처별.png
251016,production_sources,other,535,,,unresolved,251016_생산처별.png
251016,production_sources,other,538,,,unresolved,251016_생산처별.png
251016,production_sources,other,541,,,unresolved,251016_생산처별.png
251016,production_sources,other,544,,,unresolved,251016_생산처별.png
251016,production_sources,other,547,,,unresolved,251016_생산처별.png
251016,production_sources,other,550,,,unresolved,251016_생산처별.png
251016,production_sources,other,553,,,unresolved,251016_생산처별.png
251016,production_sources,other,556,,,unresolved,251016_생산처별.png
251016,production_sources,other,559,,,unresolved,251016_생산처별.png
251016,production_sources,other,562,,,unresolved,251016_생산처별.png
251016,production_sources,other,565,,,unresolved,251016_생산처별.png
251016,production_sources,other,568,,,unresolved,251016_생산처별.png
251016,production_sources,other,571,,,unresolved,251016_생산처별.png
251016,production_sources,other,574,752.0,20.049937655763422,candidate_axis_unverified,251016_생산처별.png
251016,production_sources,other,577,,,unresolved,251016_생산처별.png
251016,production_sources,other,580,,,unresolved,251016_생산처별.png
251016,production_sources,other,583,,,unresolved,251016_생산처별.png
251016,production_sources,other,586,,,unresolved,251016_생산처별.png
251016,production_sources,other,589,,,unresolved,251016_생산처별.png
251016,production_sources,other,592,,,unresolved,251016_생산처별.png
251016,production_sources,other,595,,,unresolved,251016_생산처별.png
251016,production_sources,other,598,,,unresolved,251016_생산처별.png
251016,production_sources,other,601,,,unresolved,251016_생산처별.png
251016,production_sources,other,604,,,unresolved,251016_생산처별.png
251016,production_sources,other,607,,,unresolved,251016_생산처별.png
251016,production_sources,other,610,,,unresolved,251016_생산처별.png
251016,production_sources,other,613,,,unresolved,251016_생산처별.png
251016,production_sources,other,616,,,unresolved,251016_생산처별.png
251016,production_sources,other,619,,,unresolved,251016_생산처별.png
251016,production_sources,other,622,,,unresolved,251016_생산처별.png
251016,production_sources,other,625,,,unresolved,251016_생산처별.png
251016,production_sources,other,628,,,unresolved,251016_생산처별.png
251016,production_sources,other,631,,,unresolved,251016_생산처별.png
251016,production_sources,other,634,,,unresolved,251016_생산처별.png
251016,production_sources,other,637,,,unresolved,251016_생산처별.png
251016,production_sources,other,640,,,unresolved,251016_생산처별.png
251016,production_sources,other,643,,,unresolved,251016_생산처별.png
251016,production_sources,other,646,,,unresolved,251016_생산처별.png
251016,production_sources,other,649,,,unresolved,251016_생산처별.png
251016,production_sources,other,652,,,unresolved,251016_생산처별.png
251016,production_sources,other,655,,,unresolved,251016_생산처별.png
251016,production_sources,other,658,,,unresolved,251016_생산처별.png
251016,production_sources,other,661,,,unresolved,251016_생산처별.png
251016,production_sources,other,664,,,unresolved,251016_생산처별.png
251016,production_sources,other,667,,,unresolved,251016_생산처별.png
251016,production_sources,other,670,,,unresolved,251016_생산처별.png
251016,production_sources,other,673,,,unresolved,251016_생산처별.png
251016,production_sources,other,676,,,unresolved,251016_생산처별.png
251016,production_sources,other,679,,,unresolved,251016_생산처별.png
251016,production_sources,other,682,,,unresolved,251016_생산처별.png
251016,production_sources,other,685,,,unresolved,251016_생산처별.png
251016,production_sources,other,688,,,unresolved,251016_생산처별.png
251016,production_sources,other,691,,,unresolved,251016_생산처별.png
251016,production_sources,other,694,,,unresolved,251016_생산처별.png
251016,production_sources,other,697,,,unresolved,251016_생산처별.png
251016,production_sources,other,700,,,unresolved,251016_생산처별.png
251016,production_sources,other,703,,,unresolved,251016_생산처별.png
251016,production_sources,other,706,,,unresolved,251016_생산처별.png
251016,production_sources,other,709,,,unresolved,251016_생산처별.png
251016,production_sources,other,712,,,unresolved,251016_생산처별.png
251016,production_sources,other,715,,,unresolved,251016_생산처별.png
251016,production_sources,other,718,,,unresolved,251016_생산처별.png
251016,production_sources,other,721,,,unresolved,251016_생산처별.png
251016,production_sources,other,724,,,unresolved,251016_생산처별.png
251016,production_sources,other,727,,,unresolved,251016_생산처별.png
251016,production_sources,other,730,,,unresolved,251016_생산처별.png
251016,production_sources,other,733,,,unresolved,251016_생산처별.png
251016,production_sources,other,736,,,unresolved,251016_생산처별.png
251016,production_sources,other,739,,,unresolved,251016_생산처별.png
251016,production_sources,other,742,,,unresolved,251016_생산처별.png
251016,production_sources,other,745,,,unresolved,251016_생산처별.png
251016,production_sources,other,748,,,unresolved,251016_생산처별.png
251016,production_sources,other,751,,,unresolved,251016_생산처별.png
251016,production_sources,other,754,,,unresolved,251016_생산처별.png
251016,production_sources,other,757,,,unresolved,251016_생산처별.png
251016,production_sources,other,760,,,unresolved,251016_생산처별.png
251016,production_sources,other,763,,,unresolved,251016_생산처별.png
251016,production_sources,other,766,,,unresolved,251016_생산처별.png
251016,production_sources,other,769,,,unresolved,251016_생산처별.png
251016,production_sources,other,772,,,unresolved,251016_생산처별.png
251016,production_sources,other,775,,,unresolved,251016_생산처별.png
251016,production_sources,other,778,,,unresolved,251016_생산처별.png
251016,production_sources,other,781,,,unresolved,251016_생산처별.png
251016,production_sources,other,784,,,unresolved,251016_생산처별.png
251016,production_sources,other,787,,,unresolved,251016_생산처별.png
251016,production_sources,other,790,,,unresolved,251016_생산처별.png
251016,production_sources,other,793,,,unresolved,251016_생산처별.png
251016,production_sources,other,796,,,unresolved,251016_생산처별.png
251016,production_sources,other,799,,,unresolved,251016_생산처별.png
251016,production_sources,other,802,,,unresolved,251016_생산처별.png
251016,production_sources,other,805,,,unresolved,251016_생산처별.png
251016,production_sources,other,808,,,unresolved,251016_생산처별.png
251016,production_sources,other,811,,,unresolved,251016_생산처별.png
251016,production_sources,other,814,,,unresolved,251016_생산처별.png
251016,production_sources,other,817,,,unresolved,251016_생산처별.png
251016,production_sources,other,820,,,unresolved,251016_생산처별.png
251016,production_sources,other,823,,,unresolved,251016_생산처별.png
251016,production_sources,other,826,,,unresolved,251016_생산처별.png
251016,production_sources,other,829,,,unresolved,251016_생산처별.png
251016,production_sources,other,832,,,unresolved,251016_생산처별.png
251016,production_sources,other,835,,,unresolved,251016_생산처별.png
251016,production_sources,other,838,,,unresolved,251016_생산처별.png
251016,production_sources,other,841,,,unresolved,251016_생산처별.png
251016,production_sources,other,844,,,unresolved,251016_생산처별.png
251016,production_sources,other,847,,,unresolved,251016_생산처별.png
251016,production_sources,other,850,,,unresolved,251016_생산처별.png
251016,production_sources,other,853,,,unresolved,251016_생산처별.png
251016,production_sources,other,856,,,unresolved,251016_생산처별.png
251016,production_sources,other,859,,,unresolved,251016_생산처별.png
251016,production_sources,other,862,,,unresolved,251016_생산처별.png
251016,production_sources,other,865,,,unresolved,251016_생산처별.png
251016,production_sources,other,868,,,unresolved,251016_생산처별.png
251016,production_sources,other,871,,,unresolved,251016_생산처별.png
251016,production_sources,other,874,,,unresolved,251016_생산처별.png
251016,production_sources,other,877,,,unresolved,251016_생산처별.png
251016,production_sources,other,880,,,unresolved,251016_생산처별.png
251016,production_sources,other,883,,,unresolved,251016_생산처별.png
251016,production_sources,other,886,,,unresolved,251016_생산처별.png
251016,production_sources,other,889,,,unresolved,251016_생산처별.png
251016,production_sources,other,892,,,unresolved,251016_생산처별.png
251016,production_sources,other,895,,,unresolved,251016_생산처별.png
251016,production_sources,other,898,,,unresolved,251016_생산처별.png
251016,production_sources,other,901,,,unresolved,251016_생산처별.png
251016,production_sources,other,904,,,unresolved,251016_생산처별.png
251016,production_sources,other,907,,,unresolved,251016_생산처별.png
251016,production_sources,other,910,,,unresolved,251016_생산처별.png
251016,production_sources,other,913,,,unresolved,251016_생산처별.png
251016,production_sources,other,916,,,unresolved,251016_생산처별.png
251016,production_sources,other,919,,,unresolved,251016_생산처별.png
251016,production_sources,other,922,,,unresolved,251016_생산처별.png
251016,production_sources,other,925,,,unresolved,251016_생산처별.png
251016,production_sources,other,928,,,unresolved,251016_생산처별.png
251016,production_sources,other,931,,,unresolved,251016_생산처별.png
251016,production_sources,other,934,,,unresolved,251016_생산처별.png
251016,production_sources,other,937,,,unresolved,251016_생산처별.png
251016,production_sources,other,940,,,unresolved,251016_생산처별.png
251016,production_sources,other,943,,,unresolved,251016_생산처별.png
251016,production_sources,other,946,,,unresolved,251016_생산처별.png
251016,production_sources,other,949,,,unresolved,251016_생산처별.png
251016,production_sources,other,952,,,unresolved,251016_생산처별.png
251016,production_sources,other,955,,,unresolved,251016_생산처별.png
251016,production_sources,other,958,,,unresolved,251016_생산처별.png
251016,production_sources,other,961,,,unresolved,251016_생산처별.png
251016,production_sources,other,964,,,unresolved,251016_생산처별.png
251016,production_sources,other,967,,,unresolved,251016_생산처별.png
251016,production_sources,other,970,,,unresolved,251016_생산처별.png
251016,production_sources,other,973,,,unresolved,251016_생산처별.png
251016,production_sources,other,976,,,unresolved,251016_생산처별.png
251016,production_sources,other,979,,,unresolved,251016_생산처별.png
251016,production_sources,other,982,,,unresolved,251016_생산처별.png
251016,production_sources,other,985,,,unresolved,251016_생산처별.png
251016,production_sources,other,988,,,unresolved,251016_생산처별.png
251016,production_sources,other,991,,,unresolved,251016_생산처별.png
251016,production_sources,other,994,,,unresolved,251016_생산처별.png
251016,production_sources,other,997,,,unresolved,251016_생산처별.png
251016,production_sources,other,1000,,,unresolved,251016_생산처별.png
251016,production_sources,other,1003,,,unresolved,251016_생산처별.png
251016,production_sources,other,1006,,,unresolved,251016_생산처별.png
251016,production_sources,other,1009,,,unresolved,251016_생산처별.png
251016,production_sources,other,1012,,,unresolved,251016_생산처별.png
251016,production_sources,other,1015,,,unresolved,251016_생산처별.png
251016,production_sources,other,1018,,,unresolved,251016_생산처별.png
251016,production_sources,other,1021,,,unresolved,251016_생산처별.png
251016,production_sources,other,1024,,,unresolved,251016_생산처별.png
251016,production_sources,other,1027,,,unresolved,251016_생산처별.png
251016,production_sources,other,1030,,,unresolved,251016_생산처별.png
251016,production_sources,other,1033,,,unresolved,251016_생산처별.png
251016,production_sources,other,1036,,,unresolved,251016_생산처별.png
251016,production_sources,other,1039,,,unresolved,251016_생산처별.png
251016,production_sources,other,1042,,,unresolved,251016_생산처별.png
251016,production_sources,other,1045,,,unresolved,251016_생산처별.png
251016,production_sources,other,1048,,,unresolved,251016_생산처별.png
251016,production_sources,other,1051,,,unresolved,251016_생산처별.png
251016,production_sources,other,1054,,,unresolved,251016_생산처별.png
251016,production_sources,other,1057,,,unresolved,251016_생산처별.png
251016,production_sources,other,1060,,,unresolved,251016_생산처별.png
251016,production_sources,other,1063,,,unresolved,251016_생산처별.png
251016,production_sources,other,1066,,,unresolved,251016_생산처별.png
251016,production_sources,other,1069,,,unresolved,251016_생산처별.png
251016,production_sources,other,1072,,,unresolved,251016_생산처별.png
251016,production_sources,other,1075,,,unresolved,251016_생산처별.png
251016,production_sources,other,1078,,,unresolved,251016_생산처별.png
251016,production_sources,other,1081,,,unresolved,251016_생산처별.png
251016,production_sources,other,1084,,,unresolved,251016_생산처별.png
251016,production_sources,other,1087,,,unresolved,251016_생산처별.png
251016,production_sources,other,1090,,,unresolved,251016_생산처별.png
251016,production_sources,other,1093,,,unresolved,251016_생산처별.png
251016,production_sources,other,1096,,,unresolved,251016_생산처별.png
251016,production_sources,other,1099,,,unresolved,251016_생산처별.png
251016,production_sources,other,1102,,,unresolved,251016_생산처별.png
251016,production_sources,other,1105,,,unresolved,251016_생산처별.png
251016,production_sources,other,1108,,,unresolved,251016_생산처별.png
251016,production_sources,other,1111,,,unresolved,251016_생산처별.png
251016,production_sources,other,1114,,,unresolved,251016_생산처별.png
251016,production_sources,other,1117,,,unresolved,251016_생산처별.png
251016,production_sources,other,1120,,,unresolved,251016_생산처별.png
251016,production_sources,other,1123,,,unresolved,251016_생산처별.png
251016,production_sources,other,1126,,,unresolved,251016_생산처별.png
251016,production_sources,other,1129,,,unresolved,251016_생산처별.png
251016,production_sources,other,1132,,,unresolved,251016_생산처별.png
251016,production_sources,other,1135,,,unresolved,251016_생산처별.png
251016,production_sources,other,1138,,,unresolved,251016_생산처별.png
251016,production_sources,other,1141,,,unresolved,251016_생산처별.png
251016,production_sources,other,1144,,,unresolved,251016_생산처별.png
251016,production_sources,other,1147,,,unresolved,251016_생산처별.png
251016,production_sources,other,1150,,,unresolved,251016_생산처별.png
251016,production_sources,other,1153,,,unresolved,251016_생산처별.png
251016,production_sources,other,1156,,,unresolved,251016_생산처별.png
251016,production_sources,other,1159,,,unresolved,251016_생산처별.png
251016,production_sources,other,1162,,,unresolved,251016_생산처별.png
251016,production_sources,other,1165,,,unresolved,251016_생산처별.png
251016,production_sources,other,1168,,,unresolved,251016_생산처별.png
251016,production_sources,other,1171,,,unresolved,251016_생산처별.png
251016,production_sources,other,1174,,,unresolved,251016_생산처별.png
251016,production_sources,other,1177,,,unresolved,251016_생산처별.png
251016,production_sources,other,1180,,,unresolved,251016_생산처별.png
251016,production_sources,other,1183,,,unresolved,251016_생산처별.png
251016,production_sources,other,1186,,,unresolved,251016_생산처별.png
251016,production_sources,other,1189,,,unresolved,251016_생산처별.png
251016,production_sources,other,1192,,,unresolved,251016_생산처별.png
251016,production_sources,other,1195,,,unresolved,251016_생산처별.png
251016,production_sources,other,1198,,,unresolved,251016_생산처별.png
251016,production_sources,other,1201,,,unresolved,251016_생산처별.png
251016,production_sources,other,1204,,,unresolved,251016_생산처별.png
251016,production_sources,other,1207,,,unresolved,251016_생산처별.png
251016,production_sources,other,1210,,,unresolved,251016_생산처별.png
251016,production_sources,other,1213,,,unresolved,251016_생산처별.png
251016,production_sources,other,1216,,,unresolved,251016_생산처별.png
251016,production_sources,other,1219,,,unresolved,251016_생산처별.png
251016,production_sources,other,1222,,,unresolved,251016_생산처별.png
251016,production_sources,other,1225,,,unresolved,251016_생산처별.png
251016,production_sources,other,1228,,,unresolved,251016_생산처별.png
251016,production_sources,other,1231,,,unresolved,251016_생산처별.png
251016,production_sources,other,1234,,,unresolved,251016_생산처별.png
251016,production_sources,other,1237,,,unresolved,251016_생산처별.png
251016,production_sources,other,1240,,,unresolved,251016_생산처별.png
251016,production_sources,other,1243,,,unresolved,251016_생산처별.png
251016,production_sources,other,1246,,,unresolved,251016_생산처별.png
251016,production_sources,other,1249,,,unresolved,251016_생산처별.png
251016,production_sources,other,1252,,,unresolved,251016_생산처별.png
251016,production_sources,other,1255,,,unresolved,251016_생산처별.png
251016,production_sources,other,1258,,,unresolved,251016_생산처별.png
251016,production_sources,other,1261,,,unresolved,251016_생산처별.png
251016,production_sources,other,1264,,,unresolved,251016_생산처별.png
251016,production_sources,other,1267,,,unresolved,251016_생산처별.png
251016,production_sources,other,1270,,,unresolved,251016_생산처별.png
251016,production_sources,other,1273,,,unresolved,251016_생산처별.png
251016,production_sources,other,1276,,,unresolved,251016_생산처별.png
251016,production_sources,other,1279,,,unresolved,251016_생산처별.png
251016,production_sources,other,1282,,,unresolved,251016_생산처별.png
251016,production_sources,other,1285,,,unresolved,251016_생산처별.png
251016,production_sources,other,1288,,,unresolved,251016_생산처별.png
251016,production_sources,other,1291,,,unresolved,251016_생산처별.png
251016,production_sources,other,1294,,,unresolved,251016_생산처별.png
251016,production_sources,other,1297,,,unresolved,251016_생산처별.png
251016,production_sources,other,1300,,,unresolved,251016_생산처별.png
251016,production_sources,other,1303,,,unresolved,251016_생산처별.png
251016,production_sources,other,1306,,,unresolved,251016_생산처별.png
251016,production_sources,other,1309,,,unresolved,251016_생산처별.png
251016,production_sources,other,1312,,,unresolved,251016_생산처별.png
260910,production_sources,boss,192,577.0,42.74342054632502,rgb_observed,260910_생산처별.png
260910,production_sources,boss,195,576.0,31.12876483254676,rgb_observed,260910_생산처별.png
260910,production_sources,boss,198,574.0,35.4400902933387,rgb_observed,260910_생산처별.png
260910,production_sources,boss,201,573.0,36.138621999185304,rgb_observed,260910_생산처별.png
260910,production_sources,boss,204,572.0,33.27160951922825,rgb_observed,260910_생산처별.png
260910,production_sources,boss,207,570.0,37.815340802378074,rgb_observed,260910_생산처별.png
260910,production_sources,boss,210,569.0,39.698866482558415,rgb_observed,260910_생산처별.png
260910,production_sources,boss,213,,,unresolved,260910_생산처별.png
260910,production_sources,boss,216,570.0,34.07345007480164,rgb_observed,260910_생산처별.png
260910,production_sources,boss,219,570.0,32.32645975048923,rgb_observed,260910_생산처별.png
260910,production_sources,boss,222,571.0,42.532340636273474,rgb_observed,260910_생산처별.png
260910,production_sources,boss,225,571.0,42.720018726587654,rgb_observed,260910_생산처별.png
260910,production_sources,boss,228,572.0,38.8329756778952,rgb_observed,260910_생산처별.png
260910,production_sources,boss,231,,,unresolved,260910_생산처별.png
260910,production_sources,boss,234,574.0,42.80186911806539,rgb_observed,260910_생산처별.png
260910,production_sources,boss,237,,,unresolved,260910_생산처별.png
260910,production_sources,boss,240,576.0,31.0322412983658,rgb_observed,260910_생산처별.png
260910,production_sources,boss,243,577.0,33.301651610693426,rgb_observed,260910_생산처별.png
260910,production_sources,boss,246,578.0,30.099833886584822,rgb_observed,260910_생산처별.png
260910,production_sources,boss,249,578.0,30.116440692751194,rgb_observed,260910_생산처별.png
260910,production_sources,boss,252,578.0,33.481338085566414,rgb_observed,260910_생산처별.png
260910,production_sources,boss,255,578.0,34.058772731852805,rgb_observed,260910_생산처별.png
260910,production_sources,boss,258,578.0,34.336569426778794,rgb_observed,260910_생산처별.png
260910,production_sources,boss,261,578.0,33.481338085566414,rgb_observed,260910_생산처별.png
260910,production_sources,boss,264,578.0,24.43358344574123,rgb_observed,260910_생산처별.png
260910,production_sources,boss,267,579.0,30.331501776206203,rgb_observed,260910_생산처별.png
260910,production_sources,boss,270,580.0,31.796226191169293,rgb_observed,260910_생산처별.png
260910,production_sources,boss,273,581.0,32.07802986469088,rgb_observed,260910_생산처별.png
260910,production_sources,boss,276,582.0,11.789826122551595,rgb_observed,260910_생산처별.png
260910,production_sources,boss,279,583.0,27.2213151776324,rgb_observed,260910_생산처별.png
260910,production_sources,boss,282,584.0,28.460498941515414,rgb_observed,260910_생산처별.png
260910,production_sources,boss,285,584.0,34.08812109811862,rgb_observed,260910_생산처별.png
260910,production_sources,boss,288,583.0,26.720778431774775,rgb_observed,260910_생산처별.png
260910,production_sources,boss,291,583.0,36.61966684720111,rgb_observed,260910_생산처별.png
260910,production_sources,boss,294,582.0,23.853720883753127,rgb_observed,260910_생산처별.png
260910,production_sources,boss,297,582.0,21.6794833886788,rgb_observed,260910_생산처별.png
260910,production_sources,boss,300,582.0,16.431676725154983,rgb_observed,260910_생산처별.png
260910,production_sources,boss,303,583.0,21.93171219946131,rgb_observed,260910_생산처별.png
260910,production_sources,boss,306,584.0,29.393876913398138,rgb_observed,260910_생산처별.png
260910,production_sources,boss,309,585.0,36.45545226711637,rgb_observed,260910_생산처별.png
260910,production_sources,boss,312,586.0,33.1058907144937,rgb_observed,260910_생산처별.png
260910,production_sources,boss,315,587.0,37.05401462729781,rgb_observed,260910_생산처별.png
260910,production_sources,boss,318,588.0,36.51027252705737,rgb_observed,260910_생산처별.png
260910,production_sources,boss,321,589.0,35.70714214271425,rgb_observed,260910_생산처별.png
260910,production_sources,boss,324,589.0,40.91454509095757,rgb_observed,260910_생산처별.png
260910,production_sources,boss,327,590.0,38.65229618017538,rgb_observed,260910_생산처별.png
260910,production_sources,boss,330,590.0,41.7612260356422,rgb_observed,260910_생산처별.png
260910,production_sources,boss,333,591.0,35.185224171518364,rgb_observed,260910_생산처별.png
260910,production_sources,boss,336,592.0,34.77067730142742,rgb_observed,260910_생산처별.png
260910,production_sources,boss,339,594.0,36.124783736376884,rgb_observed,260910_생산처별.png
260910,production_sources,boss,342,598.0,39.761790704142086,rgb_observed,260910_생산처별.png
260910,production_sources,boss,345,602.0,34.19064199455752,rgb_observed,260910_생산처별.png
260910,production_sources,boss,348,604.0,34.68429039204925,rgb_observed,260910_생산처별.png
260910,production_sources,boss,351,605.0,38.27531841800928,rgb_observed,260910_생산처별.png
260910,production_sources,boss,354,609.0,39.06404996924922,rgb_observed,260910_생산처별.png
260910,production_sources,boss,357,609.0,32.90896534380867,rgb_observed,260910_생산처별.png
260910,production_sources,boss,360,609.0,36.89173349139343,rgb_observed,260910_생산처별.png
260910,production_sources,boss,363,608.0,23.043437243605826,rgb_observed,260910_생산처별.png
260910,production_sources,boss,366,608.0,26.13426869074396,rgb_observed,260910_생산처별.png
260910,production_sources,boss,369,607.0,30.215889859476256,rgb_observed,260910_생산처별.png
260910,production_sources,boss,372,607.0,23.345235059857504,rgb_observed,260910_생산처별.png
260910,production_sources,boss,375,608.0,25.199206336708304,rgb_observed,260910_생산처별.png
260910,production_sources,boss,378,609.0,22.737634001804146,rgb_observed,260910_생산처별.png
260910,production_sources,boss,381,611.0,33.25657829663178,rgb_observed,260910_생산처별.png
260910,production_sources,boss,384,613.0,39.698866482558415,rgb_observed,260910_생산처별.png
260910,production_sources,boss,387,614.0,39.57271787481876,rgb_observed,260910_생산처별.png
260910,production_sources,boss,390,616.0,41.15823125451335,rgb_observed,260910_생산처별.png
260910,production_sources,boss,393,616.0,41.48493702538308,rgb_observed,260910_생산처별.png
260910,production_sources,boss,396,616.0,40.07492981902776,rgb_observed,260910_생산처별.png
260910,production_sources,boss,399,616.0,41.048751503547585,rgb_observed,260910_생산처별.png
260910,production_sources,boss,402,616.0,40.95119045888654,rgb_observed,260910_생산처별.png
260910,production_sources,boss,405,616.0,41.701318923986086,rgb_observed,260910_생산처별.png
260910,production_sources,boss,408,617.0,39.02563260217571,rgb_observed,260910_생산처별.png
260910,production_sources,boss,411,618.0,34.36568055487916,rgb_observed,260910_생산처별.png
260910,production_sources,boss,414,618.0,31.080540535840107,rgb_observed,260910_생산처별.png
260910,production_sources,boss,417,619.0,35.4400902933387,rgb_observed,260910_생산처별.png
260910,production_sources,boss,420,620.0,31.906112267087632,rgb_observed,260910_생산처별.png
260910,production_sources,boss,423,622.0,33.91164991562634,rgb_observed,260910_생산처별.png
260910,production_sources,boss,426,622.0,36.68787265568828,rgb_observed,260910_생산처별.png
260910,production_sources,boss,429,623.0,35.185224171518364,rgb_observed,260910_생산처별.png
260910,production_sources,boss,432,623.0,37.76241517699841,rgb_observed,260910_생산처별.png
260910,production_sources,boss,435,624.0,41.19465984809196,rgb_observed,260910_생산처별.png
260910,production_sources,boss,438,624.0,34.322004603461025,rgb_observed,260910_생산처별.png
260910,production_sources,boss,441,624.0,32.0624390837628,rgb_observed,260910_생산처별.png
260910,production_sources,boss,444,624.0,43.05810028322197,rgb_observed,260910_생산처별.png
260910,production_sources,boss,447,624.0,29.444863728670914,rgb_observed,260910_생산처별.png
260910,production_sources,boss,450,623.0,41.49698784249286,rgb_observed,260910_생산처별.png
260910,production_sources,boss,453,623.0,37.107950630558946,rgb_observed,260910_생산처별.png
260910,production_sources,boss,456,623.0,43.15089802078283,rgb_observed,260910_생산처별.png
260910,production_sources,boss,459,622.0,32.38826948140329,rgb_observed,260910_생산처별.png
260910,production_sources,boss,462,622.0,39.230090491866065,rgb_observed,260910_생산처별.png
260910,production_sources,boss,465,622.0,42.05948168962618,rgb_observed,260910_생산처별.png
260910,production_sources,boss,468,622.0,43.116122274620196,rgb_observed,260910_생산처별.png
260910,production_sources,boss,471,622.0,43.01162633521314,rgb_observed,260910_생산처별.png
260910,production_sources,boss,474,622.0,40.124805295477756,rgb_observed,260910_생산처별.png
260910,production_sources,boss,477,622.0,38.704004960727254,rgb_observed,260910_생산처별.png
260910,production_sources,boss,480,622.0,37.8549864614954,rgb_observed,260910_생산처별.png
260910,production_sources,boss,483,621.0,38.43175770115127,rgb_observed,260910_생산처별.png
260910,production_sources,boss,486,620.0,31.68595903550972,rgb_observed,260910_생산처별.png
260910,production_sources,boss,489,620.0,36.45545226711637,rgb_observed,260910_생산처별.png
260910,production_sources,boss,492,619.0,39.71145930332956,rgb_observed,260910_생산처별.png
260910,production_sources,boss,495,618.0,40.496913462633174,rgb_observed,260910_생산처별.png
260910,production_sources,boss,498,,,unresolved,260910_생산처별.png
260910,production_sources,boss,501,616.0,37.05401462729781,rgb_observed,260910_생산처별.png
260910,production_sources,boss,504,613.0,33.301651610693426,rgb_observed,260910_생산처별.png
260910,production_sources,boss,507,612.0,32.7566787083184,rgb_observed,260910_생산처별.png
260910,production_sources,boss,510,610.0,31.240998703626616,rgb_observed,260910_생산처별.png
260910,production_sources,boss,513,608.0,31.464265445104548,rgb_observed,260910_생산처별.png
260910,production_sources,boss,516,606.0,21.213203435596427,rgb_observed,260910_생산처별.png
260910,production_sources,boss,519,605.0,30.610455730027933,rgb_observed,260910_생산처별.png
260910,production_sources,boss,522,604.0,30.870698080866262,rgb_observed,260910_생산처별.png
260910,production_sources,boss,525,603.0,40.311288741492746,rgb_observed,260910_생산처별.png
260910,production_sources,boss,528,602.0,39.08964057138413,rgb_observed,260910_생산처별.png
260910,production_sources,boss,531,600.0,42.261093218230876,rgb_observed,260910_생산처별.png
260910,production_sources,boss,534,599.0,30.56141357987225,rgb_observed,260910_생산처별.png
260910,production_sources,boss,537,599.0,31.464265445104548,rgb_observed,260910_생산처별.png
260910,production_sources,boss,540,601.0,40.26164427839479,rgb_observed,260910_생산처별.png
260910,production_sources,boss,543,602.0,30.740852297878796,rgb_observed,260910_생산처별.png
260910,production_sources,boss,546,603.0,34.38022687534217,rgb_observed,260910_생산처별.png
260910,production_sources,boss,549,604.0,30.740852297878796,rgb_observed,260910_생산처별.png
260910,production_sources,boss,552,606.0,40.44749683231337,rgb_observed,260910_생산처별.png
260910,production_sources,boss,555,605.0,37.49666651850535,rgb_observed,260910_생산처별.png
260910,production_sources,boss,558,604.0,31.464265445104548,rgb_observed,260910_생산처별.png
260910,production_sources,boss,561,602.0,34.0147027033899,rgb_observed,260910_생산처별.png
260910,production_sources,boss,564,600.0,38.948684188300895,rgb_observed,260910_생산처별.png
260910,production_sources,boss,567,600.0,34.72751070837067,rgb_observed,260910_생산처별.png
260910,production_sources,boss,570,597.0,41.82104733265297,rgb_observed,260910_생산처별.png
260910,production_sources,boss,573,,,unresolved,260910_생산처별.png
260910,production_sources,boss,576,,,unresolved,260910_생산처별.png
260910,production_sources,boss,579,596.0,40.29888335921977,rgb_observed,260910_생산처별.png
260910,production_sources,boss,582,596.0,38.65229618017538,rgb_observed,260910_생산처별.png
260910,production_sources,boss,585,595.0,43.05810028322197,rgb_observed,260910_생산처별.png
260910,production_sources,boss,588,595.0,41.42463035441596,rgb_observed,260910_생산처별.png
260910,production_sources,boss,591,594.0,37.907782842049734,rgb_observed,260910_생산처별.png
260910,production_sources,boss,594,592.0,37.027017163147235,rgb_observed,260910_생산처별.png
260910,production_sources,boss,597,590.0,37.77565353504821,rgb_observed,260910_생산처별.png
260910,production_sources,boss,600,588.0,36.89173349139343,rgb_observed,260910_생산처별.png
260910,production_sources,boss,603,586.0,32.155870381627054,rgb_observed,260910_생산처별.png
260910,production_sources,boss,606,585.0,32.69556544854363,rgb_observed,260910_생산처별.png
260910,production_sources,boss,609,585.0,40.024992192379,rgb_observed,260910_생산처별.png
260910,production_sources,boss,612,586.0,35.679125549822544,rgb_observed,260910_생산처별.png
260910,production_sources,boss,615,587.0,38.948684188300895,rgb_observed,260910_생산처별.png
260910,production_sources,boss,618,588.0,33.1058907144937,rgb_observed,260910_생산처별.png
260910,production_sources,boss,621,588.0,35.38361202590826,rgb_observed,260910_생산처별.png
260910,production_sources,boss,624,589.0,39.0,rgb_observed,260910_생산처별.png
260910,production_sources,boss,627,,,unresolved,260910_생산처별.png
260910,production_sources,boss,630,,,unresolved,260910_생산처별.png
260910,production_sources,boss,633,,,unresolved,260910_생산처별.png
260910,production_sources,boss,636,590.0,42.95346318982906,rgb_observed,260910_생산처별.png
260910,production_sources,boss,639,590.0,40.07492981902776,rgb_observed,260910_생산처별.png
260910,production_sources,boss,642,590.0,37.76241517699841,rgb_observed,260910_생산처별.png
260910,production_sources,boss,645,,,unresolved,260910_생산처별.png
260910,production_sources,boss,648,589.0,42.07136793592526,rgb_observed,260910_생산처별.png
260910,production_sources,boss,651,589.0,43.42810150121693,rgb_observed,260910_생산처별.png
260910,production_sources,boss,654,588.0,39.59797974644666,rgb_observed,260910_생산처별.png
260910,production_sources,boss,657,588.0,38.897300677553446,rgb_observed,260910_생산처별.png
260910,production_sources,boss,660,587.0,36.373066958946424,rgb_observed,260910_생산처별.png
260910,production_sources,boss,663,584.0,30.54504869860253,rgb_observed,260910_생산처별.png
260910,production_sources,boss,666,582.0,25.612496949731394,rgb_observed,260910_생산처별.png
260910,production_sources,boss,669,578.0,21.6794833886788,rgb_observed,260910_생산처별.png
260910,production_sources,boss,672,577.0,28.722813232690143,rgb_observed,260910_생산처별.png
260910,production_sources,boss,675,574.0,41.689327171351664,rgb_observed,260910_생산처별.png
260910,production_sources,boss,678,570.0,28.513154858766505,rgb_observed,260910_생산처별.png
260910,production_sources,boss,681,570.0,33.61547262794322,rgb_observed,260910_생산처별.png
260910,production_sources,boss,684,573.0,34.79942528261063,rgb_observed,260910_생산처별.png
260910,production_sources,boss,687,576.0,36.24913792078372,rgb_observed,260910_생산처별.png
260910,production_sources,boss,690,577.0,27.964262908219126,rgb_observed,260910_생산처별.png
260910,production_sources,boss,693,578.0,31.63858403911275,rgb_observed,260910_생산처별.png
260910,production_sources,boss,696,580.0,28.42534080710379,rgb_observed,260910_생산처별.png
260910,production_sources,boss,699,582.0,22.045407685048602,rgb_observed,260910_생산처별.png
260910,production_sources,boss,702,582.0,22.045407685048602,rgb_observed,260910_생산처별.png
260910,production_sources,boss,705,582.0,20.8806130178211,rgb_observed,260910_생산처별.png
260910,production_sources,boss,708,582.0,20.248456731316587,rgb_observed,260910_생산처별.png
260910,production_sources,boss,711,582.0,18.24828759089466,rgb_observed,260910_생산처별.png
260910,production_sources,boss,714,582.0,20.85665361461421,rgb_observed,260910_생산처별.png
260910,production_sources,boss,717,580.0,22.02271554554524,rgb_observed,260910_생산처별.png
260910,production_sources,boss,720,578.0,22.64950330581225,rgb_observed,260910_생산처별.png
260910,production_sources,boss,723,577.0,30.01666203960727,rgb_observed,260910_생산처별.png
260910,production_sources,boss,726,576.0,37.282703764614496,rgb_observed,260910_생산처별.png
260910,production_sources,boss,729,574.0,36.837480912787726,rgb_observed,260910_생산처별.png
260910,production_sources,boss,732,572.0,36.742346141747674,rgb_observed,260910_생산처별.png
260910,production_sources,boss,735,570.0,41.773197148410844,rgb_observed,260910_생산처별.png
260910,production_sources,boss,738,570.0,41.012193308819754,rgb_observed,260910_생산처별.png
260910,production_sources,boss,741,,,unresolved,260910_생산처별.png
260910,production_sources,boss,744,569.0,43.41658669218482,rgb_observed,260910_생산처별.png
260910,production_sources,boss,747,,,unresolved,260910_생산처별.png
260910,production_sources,boss,750,568.0,41.88078318274385,rgb_observed,260910_생산처별.png
260910,production_sources,boss,753,567.0,38.781438859330635,rgb_observed,260910_생산처별.png
260910,production_sources,boss,756,566.0,34.058772731852805,rgb_observed,260910_생산처별.png
260910,production_sources,boss,759,564.0,33.83784863137726,rgb_observed,260910_생산처별.png
260910,production_sources,boss,762,563.0,35.62302626111375,rgb_observed,260910_생산처별.png
260910,production_sources,boss,765,562.0,32.78719262151,rgb_observed,260910_생산처별.png
260910,production_sources,boss,768,560.0,28.61817604250837,rgb_observed,260910_생산처별.png
260910,production_sources,boss,771,560.0,28.583211855912904,rgb_observed,260910_생산처별.png
260910,production_sources,boss,774,561.0,39.25557285278104,rgb_observed,260910_생산처별.png
260910,production_sources,boss,777,562.0,34.07345007480164,rgb_observed,260910_생산처별.png
260910,production_sources,boss,780,564.0,32.69556544854363,rgb_observed,260910_생산처별.png
260910,production_sources,boss,783,564.0,29.478805945967352,rgb_observed,260910_생산처별.png
260910,production_sources,boss,786,566.0,39.92492955535426,rgb_observed,260910_생산처별.png
260910,production_sources,boss,789,566.0,38.65229618017538,rgb_observed,260910_생산처별.png
260910,production_sources,boss,792,566.0,42.930175867331364,rgb_observed,260910_생산처별.png
260910,production_sources,boss,795,,,unresolved,260910_생산처별.png
260910,production_sources,boss,798,565.0,39.230090491866065,rgb_observed,260910_생산처별.png
260910,production_sources,boss,801,,,unresolved,260910_생산처별.png
260910,production_sources,boss,804,564.0,29.5296461204668,rgb_observed,260910_생산처별.png
260910,production_sources,boss,807,564.0,29.427877939124322,rgb_observed,260910_생산처별.png
260910,production_sources,boss,810,565.0,41.6293165929973,rgb_observed,260910_생산처별.png
260910,production_sources,boss,813,565.0,38.8329756778952,rgb_observed,260910_생산처별.png
260910,production_sources,boss,816,566.0,40.45985664828782,rgb_observed,260910_생산처별.png
260910,production_sources,boss,819,566.0,37.05401462729781,rgb_observed,260910_생산처별.png
260910,production_sources,boss,822,,,unresolved,260910_생산처별.png
260910,production_sources,boss,825,566.0,31.843366656181317,rgb_observed,260910_생산처별.png
260910,production_sources,boss,828,562.0,28.035691537752374,rgb_observed,260910_생산처별.png
260910,production_sources,boss,831,557.0,28.24889378365107,rgb_observed,260910_생산처별.png
260910,production_sources,boss,834,552.0,32.155870381627054,rgb_observed,260910_생산처별.png
260910,production_sources,boss,837,551.0,35.156791662493895,rgb_observed,260910_생산처별.png
260910,production_sources,boss,840,545.0,21.6794833886788,rgb_observed,260910_생산처별.png
260910,production_sources,boss,843,544.0,22.80350850198276,rgb_observed,260910_생산처별.png
260910,production_sources,boss,846,549.0,37.815340802378074,rgb_observed,260910_생산처별.png
260910,production_sources,boss,849,550.0,29.698484809834994,rgb_observed,260910_생산처별.png
260910,production_sources,boss,852,555.0,34.92849839314596,rgb_observed,260910_생산처별.png
260910,production_sources,boss,855,556.0,28.879058156387302,rgb_observed,260910_생산처별.png
260910,production_sources,boss,858,560.0,30.822070014844883,rgb_observed,260910_생산처별.png
260910,production_sources,boss,861,562.0,37.0,rgb_observed,260910_생산처별.png
260910,production_sources,boss,864,563.0,43.23193264243457,rgb_observed,260910_생산처별.png
260910,production_sources,boss,867,563.0,39.35733730830886,rgb_observed,260910_생산처별.png
260910,production_sources,boss,870,,,unresolved,260910_생산처별.png
260910,production_sources,boss,873,564.0,32.71085446759225,rgb_observed,260910_생산처별.png
260910,production_sources,boss,876,564.0,43.78355855797927,rgb_observed,260910_생산처별.png
260910,production_sources,boss,879,,,unresolved,260910_생산처별.png
260910,production_sources,boss,882,564.0,38.06573262134856,rgb_observed,260910_생산처별.png
260910,production_sources,boss,885,563.0,40.91454509095757,rgb_observed,260910_생산처별.png
260910,production_sources,boss,888,563.0,37.86819245752297,rgb_observed,260910_생산처별.png
260910,production_sources,boss,891,562.0,37.107950630558946,rgb_observed,260910_생산처별.png
260910,production_sources,boss,894,561.0,31.953090617340916,rgb_observed,260910_생산처별.png
260910,production_sources,boss,897,559.0,23.727621035409346,rgb_observed,260910_생산처별.png
260910,production_sources,boss,900,555.0,27.586228448267445,rgb_observed,260910_생산처별.png
260910,production_sources,boss,903,551.0,26.419689627245813,rgb_observed,260910_생산처별.png
260910,production_sources,boss,906,548.0,33.075670817082454,rgb_observed,260910_생산처별.png
260910,production_sources,boss,909,541.0,34.14674215792775,rgb_observed,260910_생산처별.png
260910,production_sources,boss,912,537.0,27.367864366808018,rgb_observed,260910_생산처별.png
260910,production_sources,boss,915,536.0,13.0,rgb_observed,260910_생산처별.png
260910,production_sources,boss,918,537.0,29.120439557122072,rgb_observed,260910_생산처별.png
260910,production_sources,boss,921,538.0,22.737634001804146,rgb_observed,260910_생산처별.png
260910,production_sources,boss,924,540.0,31.921779399024736,rgb_observed,260910_생산처별.png
260910,production_sources,boss,927,541.0,36.45545226711637,rgb_observed,260910_생산처별.png
260910,production_sources,boss,930,542.0,37.68288736283355,rgb_observed,260910_생산처별.png
260910,production_sources,boss,933,543.0,39.45883931389772,rgb_observed,260910_생산처별.png
260910,production_sources,boss,936,544.0,36.72873534441391,rgb_observed,260910_생산처별.png
260910,production_sources,boss,939,545.0,41.20679555607303,rgb_observed,260910_생산처별.png
260910,production_sources,boss,942,,,unresolved,260910_생산처별.png
260910,production_sources,boss,945,546.0,39.230090491866065,rgb_observed,260910_생산처별.png
260910,production_sources,boss,948,547.0,37.94733192202055,rgb_observed,260910_생산처별.png
260910,production_sources,boss,951,544.0,30.740852297878796,rgb_observed,260910_생산처별.png
260910,production_sources,boss,954,539.0,31.448370387032774,rgb_observed,260910_생산처별.png
260910,production_sources,boss,957,529.0,33.436506994600975,rgb_observed,260910_생산처별.png
260910,production_sources,boss,960,518.0,34.52535300326414,rgb_observed,260910_생산처별.png
260910,production_sources,boss,963,512.0,34.249087579087416,rgb_observed,260910_생산처별.png
260910,production_sources,boss,966,501.0,29.34280150224242,rgb_observed,260910_생산처별.png
260910,production_sources,boss,969,491.0,19.519221295943137,rgb_observed,260910_생산처별.png
260910,production_sources,boss,972,485.0,23.62202362203543,rgb_observed,260910_생산처별.png
260910,production_sources,boss,975,472.0,26.92582403567252,rgb_observed,260910_생산처별.png
260910,production_sources,boss,978,461.0,32.66496594212215,rgb_observed,260910_생산처별.png
260910,production_sources,boss,981,444.0,32.64965543462902,rgb_observed,260910_생산처별.png
260910,production_sources,boss,984,425.0,33.85262175962151,rgb_observed,260910_생산처별.png
260910,production_sources,boss,987,422.0,12.206555615733702,rgb_observed,260910_생산처별.png
260910,production_sources,boss,990,424.0,32.83291031876401,rgb_observed,260910_생산처별.png
260910,production_sources,boss,993,426.0,32.46536616149585,rgb_observed,260910_생산처별.png
260910,production_sources,boss,996,430.0,35.02855977627399,rgb_observed,260910_생산처별.png
260910,production_sources,boss,999,432.0,31.11269837220809,rgb_observed,260910_생산처별.png
260910,production_sources,boss,1002,435.0,27.331300737432898,rgb_observed,260910_생산처별.png
260910,production_sources,boss,1005,436.0,21.118712081942874,rgb_observed,260910_생산처별.png
260910,production_sources,boss,1008,439.0,31.63858403911275,rgb_observed,260910_생산처별.png
260910,production_sources,boss,1011,440.0,34.88552708502482,rgb_observed,260910_생산처별.png
260910,production_sources,boss,1014,443.0,29.0516780926679,rgb_observed,260910_생산처별.png
260910,production_sources,boss,1017,444.0,27.94637722496424,rgb_observed,260910_생산처별.png
260910,production_sources,boss,1020,446.0,31.921779399024736,rgb_observed,260910_생산처별.png
260910,production_sources,boss,1023,447.0,32.68026927673638,rgb_observed,260910_생산처별.png
260910,production_sources,boss,1026,446.0,32.17141588429082,rgb_observed,260910_생산처별.png
260910,production_sources,boss,1029,444.0,30.854497241083024,rgb_observed,260910_생산처별.png
260910,production_sources,boss,1032,443.0,31.575306807693888,rgb_observed,260910_생산처별.png
260910,production_sources,boss,1035,442.0,25.238858928247925,rgb_observed,260910_생산처별.png
260910,production_sources,boss,1038,441.0,29.68164415931166,rgb_observed,260910_생산처별.png
260910,production_sources,boss,1041,438.0,24.71841418861655,rgb_observed,260910_생산처별.png
260910,production_sources,boss,1044,435.0,24.186773244895647,rgb_observed,260910_생산처별.png
260910,production_sources,boss,1047,434.0,26.28687885618983,rgb_observed,260910_생산처별.png
260910,production_sources,boss,1050,431.0,33.77869150810907,rgb_observed,260910_생산처별.png
260910,production_sources,boss,1053,428.0,38.05259518088089,rgb_observed,260910_생산처별.png
260910,production_sources,boss,1056,424.0,33.301651610693426,rgb_observed,260910_생산처별.png
260910,production_sources,boss,1059,420.0,31.336879231984796,rgb_observed,260910_생산처별.png
260910,production_sources,boss,1062,400.0,31.874754901018456,rgb_observed,260910_생산처별.png
260910,production_sources,boss,1065,397.0,26.758176320519304,rgb_observed,260910_생산처별.png
260910,production_sources,boss,1068,387.0,28.705400188814647,rgb_observed,260910_생산처별.png
260910,production_sources,boss,1071,369.0,27.65863337187866,rgb_observed,260910_생산처별.png
260910,production_sources,boss,1074,360.0,30.215889859476256,rgb_observed,260910_생산처별.png
260910,production_sources,boss,1077,346.0,9.1104335791443,rgb_observed,260910_생산처별.png
260910,production_sources,boss,1080,349.0,34.219877264537345,rgb_observed,260910_생산처별.png
260910,production_sources,boss,1083,364.0,33.67491648096547,rgb_observed,260910_생산처별.png
260910,production_sources,boss,1086,370.0,31.160872901765767,rgb_observed,260910_생산처별.png
260910,production_sources,boss,1089,378.0,28.635642126552707,rgb_observed,260910_생산처별.png
260910,production_sources,boss,1092,386.0,26.248809496813376,rgb_observed,260910_생산처별.png
260910,production_sources,boss,1095,394.0,27.820855486487112,rgb_observed,260910_생산처별.png
260910,production_sources,boss,1098,,,unresolved,260910_생산처별.png
260910,production_sources,boss,1101,394.0,37.21558813185679,rgb_observed,260910_생산처별.png
260910,production_sources,boss,1104,394.0,39.63584236521283,rgb_observed,260910_생산처별.png
260910,production_sources,boss,1107,,,unresolved,260910_생산처별.png
260910,production_sources,boss,1110,,,unresolved,260910_생산처별.png
260910,production_sources,boss,1113,392.0,36.013886210738214,rgb_observed,260910_생산처별.png
260910,production_sources,boss,1116,391.0,28.809720581775867,rgb_observed,260910_생산처별.png
260910,production_sources,boss,1119,390.0,27.568097504180443,rgb_observed,260910_생산처별.png
260910,production_sources,boss,1122,388.0,25.25866188063018,rgb_observed,260910_생산처별.png
260910,production_sources,boss,1125,385.0,30.347981810987037,rgb_observed,260910_생산처별.png
260910,production_sources,boss,1128,384.0,27.386127875258307,rgb_observed,260910_생산처별.png
260910,production_sources,field,192,,,unresolved,260910_생산처별.png
260910,production_sources,field,195,,,unresolved,260910_생산처별.png
260910,production_sources,field,198,,,unresolved,260910_생산처별.png
260910,production_sources,field,201,,,unresolved,260910_생산처별.png
260910,production_sources,field,204,,,unresolved,260910_생산처별.png
260910,production_sources,field,207,674.0,29.698484809834994,rgb_observed,260910_생산처별.png
260910,production_sources,field,210,674.0,31.32091952673165,rgb_observed,260910_생산처별.png
260910,production_sources,field,213,,,unresolved,260910_생산처별.png
260910,production_sources,field,216,,,unresolved,260910_생산처별.png
260910,production_sources,field,219,,,unresolved,260910_생산처별.png
260910,production_sources,field,222,,,unresolved,260910_생산처별.png
260910,production_sources,field,225,671.0,30.56141357987225,rgb_observed,260910_생산처별.png
260910,production_sources,field,228,671.0,29.563490998188964,rgb_observed,260910_생산처별.png
260910,production_sources,field,231,671.0,29.68164415931166,rgb_observed,260910_생산처별.png
260910,production_sources,field,234,671.0,30.23243291566195,rgb_observed,260910_생산처별.png
260910,production_sources,field,237,671.0,30.740852297878796,rgb_observed,260910_생산처별.png
260910,production_sources,field,240,671.0,31.272991542223778,rgb_observed,260910_생산처별.png
260910,production_sources,field,243,671.0,33.18132004607411,rgb_observed,260910_생산처별.png
260910,production_sources,field,246,671.0,36.46916505762094,rgb_observed,260910_생산처별.png
260910,production_sources,field,249,,,unresolved,260910_생산처별.png
260910,production_sources,field,252,670.0,37.0,rgb_observed,260910_생산처별.png
260910,production_sources,field,255,670.0,27.80287754891569,rgb_observed,260910_생산처별.png
260910,production_sources,field,258,670.0,22.67156809750927,rgb_observed,260910_생산처별.png
260910,production_sources,field,261,670.0,24.20743687382041,rgb_observed,260910_생산처별.png
260910,production_sources,field,264,670.0,23.958297101421877,rgb_observed,260910_생산처별.png
260910,production_sources,field,267,670.0,23.08679276123039,rgb_observed,260910_생산처별.png
260910,production_sources,field,270,670.0,36.72873534441391,rgb_observed,260910_생산처별.png
260910,production_sources,field,273,671.0,34.698703145794944,rgb_observed,260910_생산처별.png
260910,production_sources,field,276,671.0,33.77869150810907,rgb_observed,260910_생산처별.png
260910,production_sources,field,279,672.0,29.154759474226502,rgb_observed,260910_생산처별.png
260910,production_sources,field,282,672.0,24.899799195977465,rgb_observed,260910_생산처별.png
260910,production_sources,field,285,672.0,25.079872407968907,rgb_observed,260910_생산처별.png
260910,production_sources,field,288,673.0,27.03701166919155,rgb_observed,260910_생산처별.png
260910,production_sources,field,291,673.0,21.400934559032695,rgb_observed,260910_생산처별.png
260910,production_sources,field,294,673.0,22.561028345356956,rgb_observed,260910_생산처별.png
260910,production_sources,field,297,674.0,28.61817604250837,rgb_observed,260910_생산처별.png
260910,production_sources,field,300,674.0,26.720778431774775,rgb_observed,260910_생산처별.png
260910,production_sources,field,303,674.0,25.37715508089904,rgb_observed,260910_생산처별.png
260910,production_sources,field,306,674.0,25.39685019840059,rgb_observed,260910_생산처별.png
260910,production_sources,field,309,674.0,25.709920264364882,rgb_observed,260910_생산처별.png
260910,production_sources,field,312,674.0,27.964262908219126,rgb_observed,260910_생산처별.png
260910,production_sources,field,315,674.0,27.440845468024488,rgb_observed,260910_생산처별.png
260910,production_sources,field,318,674.0,25.495097567963924,rgb_observed,260910_생산처별.png
260910,production_sources,field,321,674.0,27.0,rgb_observed,260910_생산처별.png
260910,production_sources,field,324,675.0,34.336569426778794,rgb_observed,260910_생산처별.png
260910,production_sources,field,327,676.0,36.945906403822335,rgb_observed,260910_생산처별.png
260910,production_sources,field,330,676.0,32.7566787083184,rgb_observed,260910_생산처별.png
260910,production_sources,field,333,677.0,28.513154858766505,rgb_observed,260910_생산처별.png
260910,production_sources,field,336,678.0,31.89043743820395,rgb_observed,260910_생산처별.png
260910,production_sources,field,339,678.0,21.656407827707714,rgb_observed,260910_생산처별.png
260910,production_sources,field,342,678.0,26.19160170741759,rgb_observed,260910_생산처별.png
260910,production_sources,field,345,679.0,24.06241883103193,rgb_observed,260910_생산처별.png
260910,production_sources,field,348,680.0,23.706539182259394,rgb_observed,260910_생산처별.png
260910,production_sources,field,351,680.0,21.93171219946131,rgb_observed,260910_생산처별.png
260910,production_sources,field,354,681.0,30.854497241083024,rgb_observed,260910_생산처별.png
260910,production_sources,field,357,681.0,28.372521918222215,rgb_observed,260910_생산처별.png
260910,production_sources,field,360,681.0,32.449961479175904,rgb_observed,260910_생산처별.png
260910,production_sources,field,363,,,unresolved,260910_생산처별.png
260910,production_sources,field,366,,,unresolved,260910_생산처별.png
260910,production_sources,field,369,,,unresolved,260910_생산처별.png
260910,production_sources,field,372,,,unresolved,260910_생산처별.png
260910,production_sources,field,375,,,unresolved,260910_생산처별.png
260910,production_sources,field,378,,,unresolved,260910_생산처별.png
260910,production_sources,field,381,,,unresolved,260910_생산처별.png
260910,production_sources,field,384,,,unresolved,260910_생산처별.png
260910,production_sources,field,387,683.0,37.76241517699841,rgb_observed,260910_생산처별.png
260910,production_sources,field,390,,,unresolved,260910_생산처별.png
260910,production_sources,field,393,,,unresolved,260910_생산처별.png
260910,production_sources,field,396,684.0,35.84689665786984,rgb_observed,260910_생산처별.png
260910,production_sources,field,399,684.0,35.84689665786984,rgb_observed,260910_생산처별.png
260910,production_sources,field,402,684.0,37.36308338453881,rgb_observed,260910_생산처별.png
260910,production_sources,field,405,684.0,37.22902093797257,rgb_observed,260910_생산처별.png
260910,production_sources,field,408,,,unresolved,260910_생산처별.png
260910,production_sources,field,411,,,unresolved,260910_생산처별.png
260910,production_sources,field,414,,,unresolved,260910_생산처별.png
260910,production_sources,field,417,,,unresolved,260910_생산처별.png
260910,production_sources,field,420,,,unresolved,260910_생산처별.png
260910,production_sources,field,423,,,unresolved,260910_생산처별.png
260910,production_sources,field,426,,,unresolved,260910_생산처별.png
260910,production_sources,field,429,,,unresolved,260910_생산처별.png
260910,production_sources,field,432,,,unresolved,260910_생산처별.png
260910,production_sources,field,435,625.0,32.7566787083184,rgb_observed,260910_생산처별.png
260910,production_sources,field,438,625.0,35.749125863438955,rgb_observed,260910_생산처별.png
260910,production_sources,field,441,,,unresolved,260910_생산처별.png
260910,production_sources,field,444,,,unresolved,260910_생산처별.png
260910,production_sources,field,447,625.0,36.4417343165772,rgb_observed,260910_생산처별.png
260910,production_sources,field,450,625.0,34.38022687534217,rgb_observed,260910_생산처별.png
260910,production_sources,field,453,,,unresolved,260910_생산처별.png
260910,production_sources,field,456,,,unresolved,260910_생산처별.png
260910,production_sources,field,459,,,unresolved,260910_생산처별.png
260910,production_sources,field,462,,,unresolved,260910_생산처별.png
260910,production_sources,field,465,,,unresolved,260910_생산처별.png
260910,production_sources,field,468,686.0,31.20897306865447,rgb_observed,260910_생산처별.png
260910,production_sources,field,471,686.0,30.903074280724887,rgb_observed,260910_생산처별.png
260910,production_sources,field,474,686.0,35.2845575287547,rgb_observed,260910_생산처별.png
260910,production_sources,field,477,685.0,28.089143810376278,rgb_observed,260910_생산처별.png
260910,production_sources,field,480,685.0,26.095976701399778,rgb_observed,260910_생산처별.png
260910,production_sources,field,483,684.0,23.194827009486403,rgb_observed,260910_생산처별.png
260910,production_sources,field,486,683.0,31.76476034853718,rgb_observed,260910_생산처별.png
260910,production_sources,field,489,,,unresolved,260910_생산처별.png
260910,production_sources,field,492,,,unresolved,260910_생산처별.png
260910,production_sources,field,495,,,unresolved,260910_생산처별.png
260910,production_sources,field,498,,,unresolved,260910_생산처별.png
260910,production_sources,field,501,,,unresolved,260910_생산처별.png
260910,production_sources,field,504,679.0,36.78314831549904,rgb_observed,260910_생산처별.png
260910,production_sources,field,507,678.0,26.248809496813376,rgb_observed,260910_생산처별.png
260910,production_sources,field,510,678.0,21.047565179849187,rgb_observed,260910_생산처별.png
260910,production_sources,field,513,678.0,26.92582403567252,rgb_observed,260910_생산처별.png
260910,production_sources,field,516,677.0,30.28200785945344,rgb_observed,260910_생산처별.png
260910,production_sources,field,519,678.0,33.97057550292606,rgb_observed,260910_생산처별.png
260910,production_sources,field,522,678.0,28.071337695236398,rgb_observed,260910_생산처별.png
260910,production_sources,field,525,678.0,28.75760768909681,rgb_observed,260910_생산처별.png
260910,production_sources,field,528,679.0,34.66987164671943,rgb_observed,260910_생산처별.png
260910,production_sources,field,531,679.0,26.720778431774775,rgb_observed,260910_생산처별.png
260910,production_sources,field,534,679.0,23.958297101421877,rgb_observed,260910_생산처별.png
260910,production_sources,field,537,679.0,22.40535650240808,rgb_observed,260910_생산처별.png
260910,production_sources,field,540,679.0,23.93741840717165,rgb_observed,260910_생산처별.png
260910,production_sources,field,543,679.0,25.65151067676132,rgb_observed,260910_생산처별.png
260910,production_sources,field,546,679.0,28.478061731796284,rgb_observed,260910_생산처별.png
260910,production_sources,field,549,679.0,26.248809496813376,rgb_observed,260910_생산처별.png
260910,production_sources,field,552,679.0,27.147743920996454,rgb_observed,260910_생산처별.png
260910,production_sources,field,555,,,unresolved,260910_생산처별.png
260910,production_sources,field,558,,,unresolved,260910_생산처별.png
260910,production_sources,field,561,679.0,28.231188426986208,rgb_observed,260910_생산처별.png
260910,production_sources,field,564,679.0,28.30194339616981,rgb_observed,260910_생산처별.png
260910,production_sources,field,567,679.0,25.495097567963924,rgb_observed,260910_생산처별.png
260910,production_sources,field,570,679.0,24.677925358506133,rgb_observed,260910_생산처별.png
260910,production_sources,field,573,679.0,24.0,rgb_observed,260910_생산처별.png
260910,production_sources,field,576,679.0,31.016124838541646,rgb_observed,260910_생산처별.png
260910,production_sources,field,579,678.0,26.476404589747453,rgb_observed,260910_생산처별.png
260910,production_sources,field,582,678.0,25.079872407968907,rgb_observed,260910_생산처별.png
260910,production_sources,field,585,678.0,29.68164415931166,rgb_observed,260910_생산처별.png
260910,production_sources,field,588,677.0,34.19064199455752,rgb_observed,260910_생산처별.png
260910,production_sources,field,591,677.0,32.264531609803356,rgb_observed,260910_생산처별.png
260910,production_sources,field,594,678.0,30.430248109405877,rgb_observed,260910_생산처별.png
260910,production_sources,field,597,678.0,30.14962686336267,rgb_observed,260910_생산처별.png
260910,production_sources,field,600,678.0,29.5296461204668,rgb_observed,260910_생산처별.png
260910,production_sources,field,603,678.0,27.910571473905726,rgb_observed,260910_생산처별.png
260910,production_sources,field,606,678.0,29.359836511806396,rgb_observed,260910_생산처별.png
260910,production_sources,field,609,678.0,30.62678566222711,rgb_observed,260910_생산처별.png
260910,production_sources,field,612,678.0,27.09243436828813,rgb_observed,260910_생산처별.png
260910,production_sources,field,615,678.0,25.317977802344327,rgb_observed,260910_생산처별.png
260910,production_sources,field,618,678.0,25.317977802344327,rgb_observed,260910_생산처별.png
260910,production_sources,field,621,678.0,25.787593916455254,rgb_observed,260910_생산처별.png
260910,production_sources,field,624,678.0,24.392621835300936,rgb_observed,260910_생산처별.png
260910,production_sources,field,627,678.0,24.71841418861655,rgb_observed,260910_생산처별.png
260910,production_sources,field,630,678.0,25.826343140289914,rgb_observed,260910_생산처별.png
260910,production_sources,field,633,678.0,27.874719729532707,rgb_observed,260910_생산처별.png
260910,production_sources,field,636,678.0,29.189039038652847,rgb_observed,260910_생산처별.png
260910,production_sources,field,639,678.0,30.199337741083,rgb_observed,260910_생산처별.png
260910,production_sources,field,642,677.0,31.064449134018133,rgb_observed,260910_생산처별.png
260910,production_sources,field,645,677.0,32.449961479175904,rgb_observed,260910_생산처별.png
260910,production_sources,field,648,678.0,30.56141357987225,rgb_observed,260910_생산처별.png
260910,production_sources,field,651,678.0,27.16615541441225,rgb_observed,260910_생산처별.png
260910,production_sources,field,654,678.0,27.440845468024488,rgb_observed,260910_생산처별.png
260910,production_sources,field,657,678.0,34.713109915419565,rgb_observed,260910_생산처별.png
260910,production_sources,field,660,679.0,31.12876483254676,rgb_observed,260910_생산처별.png
260910,production_sources,field,663,679.0,28.372521918222215,rgb_observed,260910_생산처별.png
260910,production_sources,field,666,679.0,26.476404589747453,rgb_observed,260910_생산처별.png
260910,production_sources,field,669,679.0,27.76688675382964,rgb_observed,260910_생산처별.png
260910,production_sources,field,672,680.0,33.67491648096547,rgb_observed,260910_생산처별.png
260910,production_sources,field,675,680.0,27.85677655436824,rgb_observed,260910_생산처별.png
260910,production_sources,field,678,680.0,24.73863375370596,rgb_observed,260910_생산처별.png
260910,production_sources,field,681,680.0,26.019223662515376,rgb_observed,260910_생산처별.png
260910,production_sources,field,684,681.0,35.805027579936315,rgb_observed,260910_생산처별.png
260910,production_sources,field,687,681.0,32.341923257592455,rgb_observed,260910_생산처별.png
260910,production_sources,field,690,681.0,30.757112998459398,rgb_observed,260910_생산처별.png
260910,production_sources,field,693,681.0,28.792360097775937,rgb_observed,260910_생산처별.png
260910,production_sources,field,696,681.0,36.98648401781386,rgb_observed,260910_생산처별.png
260910,production_sources,field,699,681.0,34.88552708502482,rgb_observed,260910_생산처별.png
260910,production_sources,field,702,681.0,26.419689627245813,rgb_observed,260910_생산처별.png
260910,production_sources,field,705,681.0,26.19160170741759,rgb_observed,260910_생산처별.png
260910,production_sources,field,708,681.0,27.730849247724095,rgb_observed,260910_생산처별.png
260910,production_sources,field,711,681.0,31.12876483254676,rgb_observed,260910_생산처별.png
260910,production_sources,field,714,680.0,24.939927826679853,rgb_observed,260910_생산처별.png
260910,production_sources,field,717,680.0,22.38302928559939,rgb_observed,260910_생산처별.png
260910,production_sources,field,720,680.0,25.199206336708304,rgb_observed,260910_생산처별.png
260910,production_sources,field,723,680.0,28.948229652260256,rgb_observed,260910_생산처별.png
260910,production_sources,field,726,679.0,26.720778431774775,rgb_observed,260910_생산처별.png
260910,production_sources,field,729,679.0,26.795522013948524,rgb_observed,260910_생산처별.png
260910,production_sources,field,732,679.0,30.740852297878796,rgb_observed,260910_생산처별.png
260910,production_sources,field,735,678.0,31.144823004794873,rgb_observed,260910_생산처별.png
260910,production_sources,field,738,678.0,32.55764119219941,rgb_observed,260910_생산처별.png
260910,production_sources,field,741,678.0,31.89043743820395,rgb_observed,260910_생산처별.png
260910,production_sources,field,744,678.0,30.495901363953813,rgb_observed,260910_생산처별.png
260910,production_sources,field,747,678.0,29.88310559496787,rgb_observed,260910_생산처별.png
260910,production_sources,field,750,678.0,30.54504869860253,rgb_observed,260910_생산처별.png
260910,production_sources,field,753,678.0,30.54504869860253,rgb_observed,260910_생산처별.png
260910,production_sources,field,756,678.0,27.730849247724095,rgb_observed,260910_생산처별.png
260910,production_sources,field,759,678.0,26.476404589747453,rgb_observed,260910_생산처별.png
260910,production_sources,field,762,678.0,25.337718918639855,rgb_observed,260910_생산처별.png
260910,production_sources,field,765,678.0,23.727621035409346,rgb_observed,260910_생산처별.png
260910,production_sources,field,768,678.0,24.677925358506133,rgb_observed,260910_생산처별.png
260910,production_sources,field,771,678.0,23.706539182259394,rgb_observed,260910_생산처별.png
260910,production_sources,field,774,678.0,23.706539182259394,rgb_observed,260910_생산처별.png
260910,production_sources,field,777,678.0,25.709920264364882,rgb_observed,260910_생산처별.png
260910,production_sources,field,780,678.0,25.39685019840059,rgb_observed,260910_생산처별.png
260910,production_sources,field,783,678.0,26.343879744638983,rgb_observed,260910_생산처별.png
260910,production_sources,field,786,678.0,27.03701166919155,rgb_observed,260910_생산처별.png
260910,production_sources,field,789,678.0,28.460498941515414,rgb_observed,260910_생산처별.png
260910,production_sources,field,792,677.0,31.064449134018133,rgb_observed,260910_생산처별.png
260910,production_sources,field,795,677.0,29.0,rgb_observed,260910_생산처별.png
260910,production_sources,field,798,677.0,30.364452901377952,rgb_observed,260910_생산처별.png
260910,production_sources,field,801,677.0,32.61901286060018,rgb_observed,260910_생산처별.png
260910,production_sources,field,804,676.0,29.832867780352597,rgb_observed,260910_생산처별.png
260910,production_sources,field,807,676.0,31.144823004794873,rgb_observed,260910_생산처별.png
260910,production_sources,field,810,676.0,31.400636936215164,rgb_observed,260910_생산처별.png
260910,production_sources,field,813,676.0,29.899832775452108,rgb_observed,260910_생산처별.png
260910,production_sources,field,816,676.0,28.53068523537421,rgb_observed,260910_생산처별.png
260910,production_sources,field,819,676.0,32.71085446759225,rgb_observed,260910_생산처별.png
260910,production_sources,field,822,676.0,35.749125863438955,rgb_observed,260910_생산처별.png
260910,production_sources,field,825,676.0,37.815340802378074,rgb_observed,260910_생산처별.png
260910,production_sources,field,828,675.0,37.134889255254286,rgb_observed,260910_생산처별.png
260910,production_sources,field,831,675.0,34.49637662132068,rgb_observed,260910_생산처별.png
260910,production_sources,field,834,675.0,30.757112998459398,rgb_observed,260910_생산처별.png
260910,production_sources,field,837,675.0,28.513154858766505,rgb_observed,260910_생산처별.png
260910,production_sources,field,840,675.0,27.2213151776324,rgb_observed,260910_생산처별.png
260910,production_sources,field,843,675.0,25.865034312755125,rgb_observed,260910_생산처별.png
260910,production_sources,field,846,675.0,26.476404589747453,rgb_observed,260910_생산처별.png
260910,production_sources,field,849,675.0,31.71750305430741,rgb_observed,260910_생산처별.png
260910,production_sources,field,852,675.0,33.77869150810907,rgb_observed,260910_생산처별.png
260910,production_sources,field,855,675.0,35.17101079013795,rgb_observed,260910_생산처별.png
260910,production_sources,field,858,,,unresolved,260910_생산처별.png
260910,production_sources,field,861,676.0,37.33630940518894,rgb_observed,260910_생산처별.png
260910,production_sources,field,864,676.0,32.58834147360065,rgb_observed,260910_생산처별.png
260910,production_sources,field,867,676.0,33.77869150810907,rgb_observed,260910_생산처별.png
260910,production_sources,field,870,677.0,33.13608305156178,rgb_observed,260910_생산처별.png
260910,production_sources,field,873,677.0,32.802438933713454,rgb_observed,260910_생산처별.png
260910,production_sources,field,876,678.0,34.19064199455752,rgb_observed,260910_생산처별.png
260910,production_sources,field,879,678.0,31.20897306865447,rgb_observed,260910_생산처별.png
260910,production_sources,field,882,678.0,32.4037034920393,rgb_observed,260910_생산처별.png
260910,production_sources,field,885,677.0,32.155870381627054,rgb_observed,260910_생산처별.png
260910,production_sources,field,888,677.0,32.87856444554719,rgb_observed,260910_생산처별.png
260910,production_sources,field,891,677.0,31.78049716414141,rgb_observed,260910_생산처별.png
260910,production_sources,field,894,677.0,32.155870381627054,rgb_observed,260910_생산처별.png
260910,production_sources,field,897,677.0,31.68595903550972,rgb_observed,260910_생산처별.png
260910,production_sources,field,900,677.0,32.38826948140329,rgb_observed,260910_생산처별.png
260910,production_sources,field,903,677.0,30.870698080866262,rgb_observed,260910_생산처별.png
260910,production_sources,field,906,677.0,28.6705423736629,rgb_observed,260910_생산처별.png
260910,production_sources,field,909,677.0,29.0516780926679,rgb_observed,260910_생산처별.png
260910,production_sources,field,912,677.0,29.03446228191595,rgb_observed,260910_생산처별.png
260910,production_sources,field,915,677.0,33.04542328371661,rgb_observed,260910_생산처별.png
260910,production_sources,field,918,677.0,31.796226191169293,rgb_observed,260910_생산처별.png
260910,production_sources,field,921,677.0,31.016124838541646,rgb_observed,260910_생산처별.png
260910,production_sources,field,924,677.0,30.59411708155671,rgb_observed,260910_생산처별.png
260910,production_sources,field,927,677.0,31.04834939252005,rgb_observed,260910_생산처별.png
260910,production_sources,field,930,677.0,31.32091952673165,rgb_observed,260910_생산처별.png
260910,production_sources,field,933,677.0,31.622776601683793,rgb_observed,260910_생산처별.png
260910,production_sources,field,936,677.0,35.369478367654786,rgb_observed,260910_생산처별.png
260910,production_sources,field,939,676.0,28.809720581775867,rgb_observed,260910_생산처별.png
260910,production_sources,field,942,675.0,34.02939905434711,rgb_observed,260910_생산처별.png
260910,production_sources,field,945,675.0,29.88310559496787,rgb_observed,260910_생산처별.png
260910,production_sources,field,948,674.0,26.570660511172846,rgb_observed,260910_생산처별.png
260910,production_sources,field,951,673.0,24.899799195977465,rgb_observed,260910_생산처별.png
260910,production_sources,field,954,672.0,26.038433132583073,rgb_observed,260910_생산처별.png
260910,production_sources,field,957,670.0,27.16615541441225,rgb_observed,260910_생산처별.png
260910,production_sources,field,960,668.0,23.62202362203543,rgb_observed,260910_생산처별.png
260910,production_sources,field,963,667.0,26.095976701399778,rgb_observed,260910_생산처별.png
260910,production_sources,field,966,666.0,23.958297101421877,rgb_observed,260910_생산처별.png
260910,production_sources,field,969,662.0,36.959437225152655,rgb_observed,260910_생산처별.png
260910,production_sources,field,972,663.0,32.341923257592455,rgb_observed,260910_생산처별.png
260910,production_sources,field,975,663.0,35.34119409414458,rgb_observed,260910_생산처별.png
260910,production_sources,field,978,662.0,30.675723300355934,rgb_observed,260910_생산처별.png
260910,production_sources,field,981,661.0,33.12099032335839,rgb_observed,260910_생산처별.png
260910,production_sources,field,984,660.0,31.448370387032774,rgb_observed,260910_생산처별.png
260910,production_sources,field,987,660.0,32.341923257592455,rgb_observed,260910_생산처별.png
260910,production_sources,field,990,659.0,31.843366656181317,rgb_observed,260910_생산처별.png
260910,production_sources,field,993,658.0,28.071337695236398,rgb_observed,260910_생산처별.png
260910,production_sources,field,996,658.0,27.018512172212592,rgb_observed,260910_생산처별.png
260910,production_sources,field,999,657.0,27.294688127912362,rgb_observed,260910_생산처별.png
260910,production_sources,field,1002,657.0,28.0,rgb_observed,260910_생산처별.png
260910,production_sources,field,1005,656.0,24.1039415863879,rgb_observed,260910_생산처별.png
260910,production_sources,field,1008,656.0,24.372115213907882,rgb_observed,260910_생산처별.png
260910,production_sources,field,1011,655.0,28.178005607210743,rgb_observed,260910_생산처별.png
260910,production_sources,field,1014,655.0,23.043437243605826,rgb_observed,260910_생산처별.png
260910,production_sources,field,1017,655.0,23.62202362203543,rgb_observed,260910_생산처별.png
260910,production_sources,field,1020,655.0,29.88310559496787,rgb_observed,260910_생산처별.png
260910,production_sources,field,1023,654.0,29.0516780926679,rgb_observed,260910_생산처별.png
260910,production_sources,field,1026,654.0,26.94438717061496,rgb_observed,260910_생산처별.png
260910,production_sources,field,1029,653.0,28.809720581775867,rgb_observed,260910_생산처별.png
260910,production_sources,field,1032,652.0,28.30194339616981,rgb_observed,260910_생산처별.png
260910,production_sources,field,1035,652.0,27.49545416973504,rgb_observed,260910_생산처별.png
260910,production_sources,field,1038,651.0,28.722813232690143,rgb_observed,260910_생산처별.png
260910,production_sources,field,1041,651.0,32.87856444554719,rgb_observed,260910_생산처별.png
260910,production_sources,field,1044,651.0,33.12099032335839,rgb_observed,260910_생산처별.png
260910,production_sources,field,1047,651.0,33.03028912982749,rgb_observed,260910_생산처별.png
260910,production_sources,field,1050,651.0,33.391615714128,rgb_observed,260910_생산처별.png
260910,production_sources,field,1053,651.0,33.83784863137726,rgb_observed,260910_생산처별.png
260910,production_sources,field,1056,651.0,31.12876483254676,rgb_observed,260910_생산처별.png
260910,production_sources,field,1059,650.0,24.1039415863879,rgb_observed,260910_생산처별.png
260910,production_sources,field,1062,652.0,27.018512172212592,rgb_observed,260910_생산처별.png
260910,production_sources,field,1065,654.0,24.1039415863879,rgb_observed,260910_생산처별.png
260910,production_sources,field,1068,654.0,24.71841418861655,rgb_observed,260910_생산처별.png
260910,production_sources,field,1071,656.0,26.476404589747453,rgb_observed,260910_생산처별.png
260910,production_sources,field,1074,657.0,31.701734968294716,rgb_observed,260910_생산처별.png
260910,production_sources,field,1077,658.0,34.84250278036869,rgb_observed,260910_생산처별.png
260910,production_sources,field,1080,657.0,31.20897306865447,rgb_observed,260910_생산처별.png
260910,production_sources,field,1083,657.0,29.34280150224242,rgb_observed,260910_생산처별.png
260910,production_sources,field,1086,657.0,30.0,rgb_observed,260910_생산처별.png
260910,production_sources,field,1089,657.0,33.74907406137241,rgb_observed,260910_생산처별.png
260910,production_sources,field,1092,656.0,26.248809496813376,rgb_observed,260910_생산처별.png
260910,production_sources,field,1095,656.0,25.98076211353316,rgb_observed,260910_생산처별.png
260910,production_sources,field,1098,656.0,26.019223662515376,rgb_observed,260910_생산처별.png
260910,production_sources,field,1101,656.0,25.709920264364882,rgb_observed,260910_생산처별.png
260910,production_sources,field,1104,656.0,25.495097567963924,rgb_observed,260910_생산처별.png
260910,production_sources,field,1107,656.0,25.632011235952593,rgb_observed,260910_생산처별.png
260910,production_sources,field,1110,656.0,25.514701644346147,rgb_observed,260910_생산처별.png
260910,production_sources,field,1113,656.0,29.631064780058107,rgb_observed,260910_생산처별.png
260910,production_sources,field,1116,655.0,26.476404589747453,rgb_observed,260910_생산처별.png
260910,production_sources,field,1119,655.0,27.964262908219126,rgb_observed,260910_생산처별.png
260910,production_sources,field,1122,654.0,25.69046515733026,rgb_observed,260910_생산처별.png
260910,production_sources,field,1125,654.0,23.2163735324878,rgb_observed,260910_생산처별.png
260910,production_sources,field,1128,654.0,25.238858928247925,rgb_observed,260910_생산처별.png
260910,production_sources,serazar_coin,192,,,unresolved,260910_생산처별.png
260910,production_sources,serazar_coin,195,,,unresolved,260910_생산처별.png
260910,production_sources,serazar_coin,198,,,unresolved,260910_생산처별.png
260910,production_sources,serazar_coin,201,,,unresolved,260910_생산처별.png
260910,production_sources,serazar_coin,204,,,unresolved,260910_생산처별.png
260910,production_sources,serazar_coin,207,,,unresolved,260910_생산처별.png
260910,production_sources,serazar_coin,210,,,unresolved,260910_생산처별.png
260910,production_sources,serazar_coin,213,,,unresolved,260910_생산처별.png
260910,production_sources,serazar_coin,216,,,unresolved,260910_생산처별.png
260910,production_sources,serazar_coin,219,,,unresolved,260910_생산처별.png
260910,production_sources,serazar_coin,222,,,unresolved,260910_생산처별.png
260910,production_sources,serazar_coin,225,,,unresolved,260910_생산처별.png
260910,production_sources,serazar_coin,228,,,unresolved,260910_생산처별.png
260910,production_sources,serazar_coin,231,,,unresolved,260910_생산처별.png
260910,production_sources,serazar_coin,234,,,unresolved,260910_생산처별.png
260910,production_sources,serazar_coin,237,,,unresolved,260910_생산처별.png
260910,production_sources,serazar_coin,240,,,unresolved,260910_생산처별.png
260910,production_sources,serazar_coin,243,,,unresolved,260910_생산처별.png
260910,production_sources,serazar_coin,246,,,unresolved,260910_생산처별.png
260910,production_sources,serazar_coin,249,,,unresolved,260910_생산처별.png
260910,production_sources,serazar_coin,252,,,unresolved,260910_생산처별.png
260910,production_sources,serazar_coin,255,,,unresolved,260910_생산처별.png
260910,production_sources,serazar_coin,258,,,unresolved,260910_생산처별.png
260910,production_sources,serazar_coin,261,,,unresolved,260910_생산처별.png
260910,production_sources,serazar_coin,264,,,unresolved,260910_생산처별.png
260910,production_sources,serazar_coin,267,,,unresolved,260910_생산처별.png
260910,production_sources,serazar_coin,270,,,unresolved,260910_생산처별.png
260910,production_sources,serazar_coin,273,,,unresolved,260910_생산처별.png
260910,production_sources,serazar_coin,276,,,unresolved,260910_생산처별.png
260910,production_sources,serazar_coin,279,,,unresolved,260910_생산처별.png
260910,production_sources,serazar_coin,282,,,unresolved,260910_생산처별.png
260910,production_sources,serazar_coin,285,,,unresolved,260910_생산처별.png
260910,production_sources,serazar_coin,288,,,unresolved,260910_생산처별.png
260910,production_sources,serazar_coin,291,,,unresolved,260910_생산처별.png
260910,production_sources,serazar_coin,294,,,unresolved,260910_생산처별.png
260910,production_sources,serazar_coin,297,,,unresolved,260910_생산처별.png
260910,production_sources,serazar_coin,300,,,unresolved,260910_생산처별.png
260910,production_sources,serazar_coin,303,,,unresolved,260910_생산처별.png
260910,production_sources,serazar_coin,306,,,unresolved,260910_생산처별.png
260910,production_sources,serazar_coin,309,,,unresolved,260910_생산처별.png
260910,production_sources,serazar_coin,312,,,unresolved,260910_생산처별.png
260910,production_sources,serazar_coin,315,,,unresolved,260910_생산처별.png
260910,production_sources,serazar_coin,318,,,unresolved,260910_생산처별.png
260910,production_sources,serazar_coin,321,,,unresolved,260910_생산처별.png
260910,production_sources,serazar_coin,324,,,unresolved,260910_생산처별.png
260910,production_sources,serazar_coin,327,,,unresolved,260910_생산처별.png
260910,production_sources,serazar_coin,330,,,unresolved,260910_생산처별.png
260910,production_sources,serazar_coin,333,,,unresolved,260910_생산처별.png
260910,production_sources,serazar_coin,336,,,unresolved,260910_생산처별.png
260910,production_sources,serazar_coin,339,,,unresolved,260910_생산처별.png
260910,production_sources,serazar_coin,342,,,unresolved,260910_생산처별.png
260910,production_sources,serazar_coin,345,,,unresolved,260910_생산처별.png
260910,production_sources,serazar_coin,348,,,unresolved,260910_생산처별.png
260910,production_sources,serazar_coin,351,,,unresolved,260910_생산처별.png
260910,production_sources,serazar_coin,354,,,unresolved,260910_생산처별.png
260910,production_sources,serazar_coin,357,,,unresolved,260910_생산처별.png
260910,production_sources,serazar_coin,360,,,unresolved,260910_생산처별.png
260910,production_sources,serazar_coin,363,,,unresolved,260910_생산처별.png
260910,production_sources,serazar_coin,366,,,unresolved,260910_생산처별.png
260910,production_sources,serazar_coin,369,,,unresolved,260910_생산처별.png
260910,production_sources,serazar_coin,372,,,unresolved,260910_생산처별.png
260910,production_sources,serazar_coin,375,,,unresolved,260910_생산처별.png
260910,production_sources,serazar_coin,378,,,unresolved,260910_생산처별.png
260910,production_sources,serazar_coin,381,,,unresolved,260910_생산처별.png
260910,production_sources,serazar_coin,384,,,unresolved,260910_생산처별.png
260910,production_sources,serazar_coin,387,,,unresolved,260910_생산처별.png
260910,production_sources,serazar_coin,390,,,unresolved,260910_생산처별.png
260910,production_sources,serazar_coin,393,,,unresolved,260910_생산처별.png
260910,production_sources,serazar_coin,396,,,unresolved,260910_생산처별.png
260910,production_sources,serazar_coin,399,,,unresolved,260910_생산처별.png
260910,production_sources,serazar_coin,402,,,unresolved,260910_생산처별.png
260910,production_sources,serazar_coin,405,,,unresolved,260910_생산처별.png
260910,production_sources,serazar_coin,408,,,unresolved,260910_생산처별.png
260910,production_sources,serazar_coin,411,,,unresolved,260910_생산처별.png
260910,production_sources,serazar_coin,414,,,unresolved,260910_생산처별.png
260910,production_sources,serazar_coin,417,,,unresolved,260910_생산처별.png
260910,production_sources,serazar_coin,420,,,unresolved,260910_생산처별.png
260910,production_sources,serazar_coin,423,,,unresolved,260910_생산처별.png
260910,production_sources,serazar_coin,426,,,unresolved,260910_생산처별.png
260910,production_sources,serazar_coin,429,,,unresolved,260910_생산처별.png
260910,production_sources,serazar_coin,432,,,unresolved,260910_생산처별.png
260910,production_sources,serazar_coin,435,,,unresolved,260910_생산처별.png
260910,production_sources,serazar_coin,438,,,unresolved,260910_생산처별.png
260910,production_sources,serazar_coin,441,,,unresolved,260910_생산처별.png
260910,production_sources,serazar_coin,444,,,unresolved,260910_생산처별.png
260910,production_sources,serazar_coin,447,,,unresolved,260910_생산처별.png
260910,production_sources,serazar_coin,450,,,unresolved,260910_생산처별.png
260910,production_sources,serazar_coin,453,,,unresolved,260910_생산처별.png
260910,production_sources,serazar_coin,456,,,unresolved,260910_생산처별.png
260910,production_sources,serazar_coin,459,,,unresolved,260910_생산처별.png
260910,production_sources,serazar_coin,462,,,unresolved,260910_생산처별.png
260910,production_sources,serazar_coin,465,,,unresolved,260910_생산처별.png
260910,production_sources,serazar_coin,468,,,unresolved,260910_생산처별.png
260910,production_sources,serazar_coin,471,,,unresolved,260910_생산처별.png
260910,production_sources,serazar_coin,474,,,unresolved,260910_생산처별.png
260910,production_sources,serazar_coin,477,,,unresolved,260910_생산처별.png
260910,production_sources,serazar_coin,480,,,unresolved,260910_생산처별.png
260910,production_sources,serazar_coin,483,,,unresolved,260910_생산처별.png
260910,production_sources,serazar_coin,486,,,unresolved,260910_생산처별.png
260910,production_sources,serazar_coin,489,,,unresolved,260910_생산처별.png
260910,production_sources,serazar_coin,492,,,unresolved,260910_생산처별.png
260910,production_sources,serazar_coin,495,,,unresolved,260910_생산처별.png
260910,production_sources,serazar_coin,498,,,unresolved,260910_생산처별.png
260910,production_sources,serazar_coin,501,,,unresolved,260910_생산처별.png
260910,production_sources,serazar_coin,504,,,unresolved,260910_생산처별.png
260910,production_sources,serazar_coin,507,,,unresolved,260910_생산처별.png
260910,production_sources,serazar_coin,510,,,unresolved,260910_생산처별.png
260910,production_sources,serazar_coin,513,,,unresolved,260910_생산처별.png
260910,production_sources,serazar_coin,516,,,unresolved,260910_생산처별.png
260910,production_sources,serazar_coin,519,,,unresolved,260910_생산처별.png
260910,production_sources,serazar_coin,522,,,unresolved,260910_생산처별.png
260910,production_sources,serazar_coin,525,,,unresolved,260910_생산처별.png
260910,production_sources,serazar_coin,528,,,unresolved,260910_생산처별.png
260910,production_sources,serazar_coin,531,,,unresolved,260910_생산처별.png
260910,production_sources,serazar_coin,534,,,unresolved,260910_생산처별.png
260910,production_sources,serazar_coin,537,,,unresolved,260910_생산처별.png
260910,production_sources,serazar_coin,540,,,unresolved,260910_생산처별.png
260910,production_sources,serazar_coin,543,,,unresolved,260910_생산처별.png
260910,production_sources,serazar_coin,546,,,unresolved,260910_생산처별.png
260910,production_sources,serazar_coin,549,,,unresolved,260910_생산처별.png
260910,production_sources,serazar_coin,552,,,unresolved,260910_생산처별.png
260910,production_sources,serazar_coin,555,,,unresolved,260910_생산처별.png
260910,production_sources,serazar_coin,558,,,unresolved,260910_생산처별.png
260910,production_sources,serazar_coin,561,,,unresolved,260910_생산처별.png
260910,production_sources,serazar_coin,564,,,unresolved,260910_생산처별.png
260910,production_sources,serazar_coin,567,,,unresolved,260910_생산처별.png
260910,production_sources,serazar_coin,570,705.0,34.36568055487916,rgb_observed,260910_생산처별.png
260910,production_sources,serazar_coin,573,705.0,16.401219466856727,rgb_observed,260910_생산처별.png
260910,production_sources,serazar_coin,576,705.0,16.186414056238647,rgb_observed,260910_생산처별.png
260910,production_sources,serazar_coin,579,705.0,14.035668847618199,rgb_observed,260910_생산처별.png
260910,production_sources,serazar_coin,582,705.0,15.937377450509228,rgb_observed,260910_생산처별.png
260910,production_sources,serazar_coin,585,705.0,15.132745950421556,rgb_observed,260910_생산처별.png
260910,production_sources,serazar_coin,588,705.0,14.798648586948742,rgb_observed,260910_생산처별.png
260910,production_sources,serazar_coin,591,705.0,14.491376746189438,rgb_observed,260910_생산처별.png
260910,production_sources,serazar_coin,594,705.0,10.770329614269007,rgb_observed,260910_생산처별.png
260910,production_sources,serazar_coin,597,705.0,9.539392014169456,rgb_observed,260910_생산처별.png
260910,production_sources,serazar_coin,600,705.0,21.0,rgb_observed,260910_생산처별.png
260910,production_sources,serazar_coin,603,706.0,14.45683229480096,rgb_observed,260910_생산처별.png
260910,production_sources,serazar_coin,606,706.0,10.816653826391969,rgb_observed,260910_생산처별.png
260910,production_sources,serazar_coin,609,706.0,8.831760866327848,rgb_observed,260910_생산처별.png
260910,production_sources,serazar_coin,612,706.0,8.18535277187245,rgb_observed,260910_생산처별.png
260910,production_sources,serazar_coin,615,706.0,9.16515138991168,rgb_observed,260910_생산처별.png
260910,production_sources,serazar_coin,618,706.0,7.3484692283495345,rgb_observed,260910_생산처별.png
260910,production_sources,serazar_coin,621,706.0,5.0990195135927845,rgb_observed,260910_생산처별.png
260910,production_sources,serazar_coin,624,706.0,7.3484692283495345,rgb_observed,260910_생산처별.png
260910,production_sources,serazar_coin,627,706.0,11.575836902790225,rgb_observed,260910_생산처별.png
260910,production_sources,serazar_coin,630,706.0,22.67156809750927,rgb_observed,260910_생산처별.png
260910,production_sources,serazar_coin,633,707.0,29.223278392404914,rgb_observed,260910_생산처별.png
260910,production_sources,serazar_coin,636,707.0,24.859605789312106,rgb_observed,260910_생산처별.png
260910,production_sources,serazar_coin,639,707.0,22.93468988235943,rgb_observed,260910_생산처별.png
260910,production_sources,serazar_coin,642,707.0,19.390719429665317,rgb_observed,260910_생산처별.png
260910,production_sources,serazar_coin,645,707.0,18.867962264113206,rgb_observed,260910_생산처별.png
260910,production_sources,serazar_coin,648,707.0,15.937377450509228,rgb_observed,260910_생산처별.png
260910,production_sources,serazar_coin,651,707.0,12.529964086141668,rgb_observed,260910_생산처별.png
260910,production_sources,serazar_coin,654,707.0,12.529964086141668,rgb_observed,260910_생산처별.png
260910,production_sources,serazar_coin,657,707.0,12.328828005937952,rgb_observed,260910_생산처별.png
260910,production_sources,serazar_coin,660,707.0,11.224972160321824,rgb_observed,260910_생산처별.png
260910,production_sources,serazar_coin,663,707.0,11.180339887498949,rgb_observed,260910_생산처별.png
260910,production_sources,serazar_coin,666,707.0,11.445523142259598,rgb_observed,260910_생산처별.png
260910,production_sources,serazar_coin,669,707.0,11.575836902790225,rgb_observed,260910_생산처별.png
260910,production_sources,serazar_coin,672,707.0,18.841443681416774,rgb_observed,260910_생산처별.png
260910,production_sources,serazar_coin,675,707.0,24.269322199023193,rgb_observed,260910_생산처별.png
260910,production_sources,serazar_coin,678,708.0,28.460498941515414,rgb_observed,260910_생산처별.png
260910,production_sources,serazar_coin,681,708.0,25.13961017995307,rgb_observed,260910_생산처별.png
260910,production_sources,serazar_coin,684,708.0,17.4928556845359,rgb_observed,260910_생산처별.png
260910,production_sources,serazar_coin,687,708.0,16.583123951777,rgb_observed,260910_생산처별.png
260910,production_sources,serazar_coin,690,708.0,19.544820285692065,rgb_observed,260910_생산처별.png
260910,production_sources,serazar_coin,693,708.0,15.165750888103101,rgb_observed,260910_생산처별.png
260910,production_sources,serazar_coin,696,708.0,14.45683229480096,rgb_observed,260910_생산처별.png
260910,production_sources,serazar_coin,699,708.0,13.92838827718412,rgb_observed,260910_생산처별.png
260910,production_sources,serazar_coin,702,708.0,12.24744871391589,rgb_observed,260910_생산처별.png
260910,production_sources,serazar_coin,705,708.0,12.529964086141668,rgb_observed,260910_생산처별.png
260910,production_sources,serazar_coin,708,708.0,12.806248474865697,rgb_observed,260910_생산처별.png
260910,production_sources,serazar_coin,711,708.0,17.72004514666935,rgb_observed,260910_생산처별.png
260910,production_sources,serazar_coin,714,708.0,22.58317958127243,rgb_observed,260910_생산처별.png
260910,production_sources,serazar_coin,717,708.0,13.152946437965905,rgb_observed,260910_생산처별.png
260910,production_sources,serazar_coin,720,708.0,6.324555320336759,rgb_observed,260910_생산처별.png
260910,production_sources,serazar_coin,723,708.0,6.082762530298219,rgb_observed,260910_생산처별.png
260910,production_sources,serazar_coin,726,708.0,5.385164807134504,rgb_observed,260910_생산처별.png
260910,production_sources,serazar_coin,729,708.0,10.723805294763608,rgb_observed,260910_생산처별.png
260910,production_sources,serazar_coin,732,708.0,5.196152422706632,rgb_observed,260910_생산처별.png
260910,production_sources,serazar_coin,735,708.0,5.196152422706632,rgb_observed,260910_생산처별.png
260910,production_sources,serazar_coin,738,708.0,11.575836902790225,rgb_observed,260910_생산처별.png
260910,production_sources,serazar_coin,741,708.0,6.4031242374328485,rgb_observed,260910_생산처별.png
260910,production_sources,serazar_coin,744,708.0,4.47213595499958,rgb_observed,260910_생산처별.png
260910,production_sources,serazar_coin,747,708.0,6.708203932499369,rgb_observed,260910_생산처별.png
260910,production_sources,serazar_coin,750,708.0,7.681145747868608,rgb_observed,260910_생산처별.png
260910,production_sources,serazar_coin,753,708.0,29.748949561287034,rgb_observed,260910_생산처별.png
260910,production_sources,serazar_coin,756,708.0,33.67491648096547,rgb_observed,260910_생산처별.png
260910,production_sources,serazar_coin,759,,,unresolved,260910_생산처별.png
260910,production_sources,serazar_coin,762,,,unresolved,260910_생산처별.png
260910,production_sources,serazar_coin,765,,,unresolved,260910_생산처별.png
260910,production_sources,serazar_coin,768,709.0,30.93541659651604,rgb_observed,260910_생산처별.png
260910,production_sources,serazar_coin,771,709.0,27.331300737432898,rgb_observed,260910_생산처별.png
260910,production_sources,serazar_coin,774,709.0,25.632011235952593,rgb_observed,260910_생산처별.png
260910,production_sources,serazar_coin,777,709.0,20.273134932713294,rgb_observed,260910_생산처별.png
260910,production_sources,serazar_coin,780,709.0,16.186414056238647,rgb_observed,260910_생산처별.png
260910,production_sources,serazar_coin,783,709.0,15.0,rgb_observed,260910_생산처별.png
260910,production_sources,serazar_coin,786,709.0,15.165750888103101,rgb_observed,260910_생산처별.png
260910,production_sources,serazar_coin,789,709.0,13.784048752090222,rgb_observed,260910_생산처별.png
260910,production_sources,serazar_coin,792,709.0,12.727922061357855,rgb_observed,260910_생산처별.png
260910,production_sources,serazar_coin,795,709.0,12.727922061357855,rgb_observed,260910_생산처별.png
260910,production_sources,serazar_coin,798,709.0,13.601470508735444,rgb_observed,260910_생산처별.png
260910,production_sources,serazar_coin,801,709.0,15.7797338380595,rgb_observed,260910_생산처별.png
260910,production_sources,serazar_coin,804,709.0,9.643650760992955,rgb_observed,260910_생산처별.png
260910,production_sources,serazar_coin,807,709.0,13.601470508735444,rgb_observed,260910_생산처별.png
260910,production_sources,serazar_coin,810,709.0,13.92838827718412,rgb_observed,260910_생산처별.png
260910,production_sources,serazar_coin,813,709.0,10.295630140987,rgb_observed,260910_생산처별.png
260910,production_sources,serazar_coin,816,709.0,9.433981132056603,rgb_observed,260910_생산처별.png
260910,production_sources,serazar_coin,819,709.0,7.810249675906654,rgb_observed,260910_생산처별.png
260910,production_sources,serazar_coin,822,709.0,7.3484692283495345,rgb_observed,260910_생산처별.png
260910,production_sources,serazar_coin,825,709.0,7.615773105863909,rgb_observed,260910_생산처별.png
260910,production_sources,serazar_coin,828,709.0,9.0,rgb_observed,260910_생산처별.png
260910,production_sources,serazar_coin,831,709.0,9.433981132056603,rgb_observed,260910_생산처별.png
260910,production_sources,serazar_coin,834,709.0,10.63014581273465,rgb_observed,260910_생산처별.png
260910,production_sources,serazar_coin,837,709.0,13.96424004376894,rgb_observed,260910_생산처별.png
260910,production_sources,serazar_coin,840,709.0,13.490737563232042,rgb_observed,260910_생산처별.png
260910,production_sources,serazar_coin,843,709.0,11.704699910719626,rgb_observed,260910_생산처별.png
260910,production_sources,serazar_coin,846,709.0,11.180339887498949,rgb_observed,260910_생산처별.png
260910,production_sources,serazar_coin,849,709.0,21.840329667841555,rgb_observed,260910_생산처별.png
260910,production_sources,serazar_coin,852,709.0,25.67099530598687,rgb_observed,260910_생산처별.png
260910,production_sources,serazar_coin,855,710.0,24.49489742783178,rgb_observed,260910_생산처별.png
260910,production_sources,serazar_coin,858,710.0,20.639767440550294,rgb_observed,260910_생산처별.png
260910,production_sources,serazar_coin,861,710.0,19.390719429665317,rgb_observed,260910_생산처별.png
260910,production_sources,serazar_coin,864,710.0,16.822603841260722,rgb_observed,260910_생산처별.png
260910,production_sources,serazar_coin,867,710.0,16.09347693943108,rgb_observed,260910_생산처별.png
260910,production_sources,serazar_coin,870,710.0,14.798648586948742,rgb_observed,260910_생산처별.png
260910,production_sources,serazar_coin,873,710.0,14.7648230602334,rgb_observed,260910_생산처별.png
260910,production_sources,serazar_coin,876,710.0,15.0,rgb_observed,260910_생산처별.png
260910,production_sources,serazar_coin,879,710.0,31.20897306865447,rgb_observed,260910_생산처별.png
260910,production_sources,serazar_coin,882,710.0,28.178005607210743,rgb_observed,260910_생산처별.png
260910,production_sources,serazar_coin,885,710.0,27.0,rgb_observed,260910_생산처별.png
260910,production_sources,serazar_coin,888,710.0,28.61817604250837,rgb_observed,260910_생산처별.png
260910,production_sources,serazar_coin,891,710.0,23.345235059857504,rgb_observed,260910_생산처별.png
260910,production_sources,serazar_coin,894,710.0,18.138357147217054,rgb_observed,260910_생산처별.png
260910,production_sources,serazar_coin,897,710.0,17.029386365926403,rgb_observed,260910_생산처별.png
260910,production_sources,serazar_coin,900,710.0,14.866068747318506,rgb_observed,260910_생산처별.png
260910,production_sources,serazar_coin,903,710.0,12.24744871391589,rgb_observed,260910_생산처별.png
260910,production_sources,serazar_coin,906,710.0,12.24744871391589,rgb_observed,260910_생산처별.png
260910,production_sources,serazar_coin,909,710.0,13.2664991614216,rgb_observed,260910_생산처별.png
260910,production_sources,serazar_coin,912,710.0,12.12435565298214,rgb_observed,260910_생산처별.png
260910,production_sources,serazar_coin,915,710.0,11.704699910719626,rgb_observed,260910_생산처별.png
260910,production_sources,serazar_coin,918,710.0,11.357816691600547,rgb_observed,260910_생산처별.png
260910,production_sources,serazar_coin,921,710.0,11.575836902790225,rgb_observed,260910_생산처별.png
260910,production_sources,serazar_coin,924,710.0,12.041594578792296,rgb_observed,260910_생산처별.png
260910,production_sources,serazar_coin,927,710.0,13.379088160259652,rgb_observed,260910_생산처별.png
260910,production_sources,serazar_coin,930,710.0,12.96148139681572,rgb_observed,260910_생산처별.png
260910,production_sources,serazar_coin,933,710.0,11.575836902790225,rgb_observed,260910_생산처별.png
260910,production_sources,serazar_coin,936,710.0,10.770329614269007,rgb_observed,260910_생산처별.png
260910,production_sources,serazar_coin,939,710.0,9.273618495495704,rgb_observed,260910_생산처별.png
260910,production_sources,serazar_coin,942,710.0,7.681145747868608,rgb_observed,260910_생산처별.png
260910,production_sources,serazar_coin,945,710.0,4.69041575982343,rgb_observed,260910_생산처별.png
260910,production_sources,serazar_coin,948,710.0,3.7416573867739413,rgb_observed,260910_생산처별.png
260910,production_sources,serazar_coin,951,709.0,11.789826122551595,rgb_observed,260910_생산처별.png
260910,production_sources,serazar_coin,954,708.0,6.4031242374328485,rgb_observed,260910_생산처별.png
260910,production_sources,serazar_coin,957,707.0,10.954451150103322,rgb_observed,260910_생산처별.png
260910,production_sources,serazar_coin,960,706.0,14.89966442575134,rgb_observed,260910_생산처별.png
260910,production_sources,serazar_coin,963,705.0,24.041630560342615,rgb_observed,260910_생산처별.png
260910,production_sources,serazar_coin,966,702.0,6.4031242374328485,rgb_observed,260910_생산처별.png
260910,production_sources,serazar_coin,969,702.0,12.041594578792296,rgb_observed,260910_생산처별.png
260910,production_sources,serazar_coin,972,702.0,13.19090595827292,rgb_observed,260910_생산처별.png
260910,production_sources,serazar_coin,975,702.0,19.313207915827967,rgb_observed,260910_생산처별.png
260910,production_sources,serazar_coin,978,702.0,19.924858845171276,rgb_observed,260910_생산처별.png
260910,production_sources,serazar_coin,981,702.0,20.83266665599966,rgb_observed,260910_생산처별.png
260910,production_sources,serazar_coin,984,702.0,22.38302928559939,rgb_observed,260910_생산처별.png
260910,production_sources,serazar_coin,987,702.0,17.72004514666935,rgb_observed,260910_생산처별.png
260910,production_sources,serazar_coin,990,702.0,17.0,rgb_observed,260910_생산처별.png
260910,production_sources,serazar_coin,993,702.0,5.477225575051661,rgb_observed,260910_생산처별.png
260910,production_sources,serazar_coin,996,702.0,11.916375287812984,rgb_observed,260910_생산처별.png
260910,production_sources,serazar_coin,999,703.0,15.588457268119896,rgb_observed,260910_생산처별.png
260910,production_sources,serazar_coin,1002,703.0,29.698484809834994,rgb_observed,260910_생산처별.png
260910,production_sources,serazar_coin,1005,703.0,8.06225774829855,rgb_observed,260910_생산처별.png
260910,production_sources,serazar_coin,1008,703.0,7.211102550927978,rgb_observed,260910_생산처별.png
260910,production_sources,serazar_coin,1011,704.0,15.905973720586866,rgb_observed,260910_생산처별.png
260910,production_sources,serazar_coin,1014,704.0,17.233687939614086,rgb_observed,260910_생산처별.png
260910,production_sources,serazar_coin,1017,704.0,10.44030650891055,rgb_observed,260910_생산처별.png
260910,production_sources,serazar_coin,1020,704.0,9.219544457292887,rgb_observed,260910_생산처별.png
260910,production_sources,serazar_coin,1023,704.0,6.4031242374328485,rgb_observed,260910_생산처별.png
260910,production_sources,serazar_coin,1026,704.0,3.3166247903554,rgb_observed,260910_생산처별.png
260910,production_sources,serazar_coin,1029,705.0,14.177446878757825,rgb_observed,260910_생산처별.png
260910,production_sources,serazar_coin,1032,705.0,14.7648230602334,rgb_observed,260910_생산처별.png
260910,production_sources,serazar_coin,1035,705.0,13.92838827718412,rgb_observed,260910_생산처별.png
260910,production_sources,serazar_coin,1038,705.0,5.744562646538029,rgb_observed,260910_생산처별.png
260910,production_sources,serazar_coin,1041,705.0,7.0710678118654755,rgb_observed,260910_생산처별.png
260910,production_sources,serazar_coin,1044,706.0,12.84523257866513,rgb_observed,260910_생산처별.png
260910,production_sources,serazar_coin,1047,706.0,15.394804318340652,rgb_observed,260910_생산처별.png
260910,production_sources,serazar_coin,1050,706.0,10.344080432788601,rgb_observed,260910_생산처별.png
260910,production_sources,serazar_coin,1053,706.0,7.3484692283495345,rgb_observed,260910_생산처별.png
260910,production_sources,serazar_coin,1056,706.0,7.810249675906654,rgb_observed,260910_생산처별.png
260910,production_sources,serazar_coin,1059,706.0,34.55430508634199,rgb_observed,260910_생산처별.png
260910,production_sources,serazar_coin,1062,707.0,18.49324200890693,rgb_observed,260910_생산처별.png
260910,production_sources,serazar_coin,1065,707.0,12.24744871391589,rgb_observed,260910_생산처별.png
260910,production_sources,serazar_coin,1068,707.0,10.816653826391969,rgb_observed,260910_생산처별.png
260910,production_sources,serazar_coin,1071,707.0,13.341664064126334,rgb_observed,260910_생산처별.png
260910,production_sources,serazar_coin,1074,708.0,21.633307652783937,rgb_observed,260910_생산처별.png
260910,production_sources,serazar_coin,1077,708.0,12.24744871391589,rgb_observed,260910_생산처별.png
260910,production_sources,serazar_coin,1080,708.0,10.198039027185569,rgb_observed,260910_생산처별.png
260910,production_sources,serazar_coin,1083,708.0,11.045361017187261,rgb_observed,260910_생산처별.png
260910,production_sources,serazar_coin,1086,708.0,6.782329983125268,rgb_observed,260910_생산처별.png
260910,production_sources,serazar_coin,1089,708.0,6.164414002968976,rgb_observed,260910_생산처별.png
260910,production_sources,serazar_coin,1092,709.0,33.91164991562634,rgb_observed,260910_생산처별.png
260910,production_sources,serazar_coin,1095,709.0,16.76305461424021,rgb_observed,260910_생산처별.png
260910,production_sources,serazar_coin,1098,709.0,13.45362404707371,rgb_observed,260910_생산처별.png
260910,production_sources,serazar_coin,1101,709.0,14.628738838327793,rgb_observed,260910_생산처별.png
260910,production_sources,serazar_coin,1104,709.0,12.083045973594572,rgb_observed,260910_생산처별.png
260910,production_sources,serazar_coin,1107,709.0,11.575836902790225,rgb_observed,260910_생산처별.png
260910,production_sources,serazar_coin,1110,709.0,20.09975124224178,rgb_observed,260910_생산처별.png
260910,production_sources,serazar_coin,1113,710.0,14.45683229480096,rgb_observed,260910_생산처별.png
260910,production_sources,serazar_coin,1116,710.0,12.041594578792296,rgb_observed,260910_생산처별.png
260910,production_sources,serazar_coin,1119,710.0,12.806248474865697,rgb_observed,260910_생산처별.png
260910,production_sources,serazar_coin,1122,710.0,7.681145747868608,rgb_observed,260910_생산처별.png
260910,production_sources,serazar_coin,1125,710.0,10.488088481701515,rgb_observed,260910_생산처별.png
260910,production_sources,serazar_coin,1128,710.0,17.029386365926403,rgb_observed,260910_생산처별.png
260910,production_sources,coin_exchange,192,677.0,27.730849247724095,rgb_observed,260910_생산처별.png
260910,production_sources,coin_exchange,195,676.0,18.788294228055936,rgb_observed,260910_생산처별.png
260910,production_sources,coin_exchange,198,674.0,22.11334438749598,rgb_observed,260910_생산처별.png
260910,production_sources,coin_exchange,201,674.0,20.199009876724155,rgb_observed,260910_생산처별.png
260910,production_sources,coin_exchange,204,,,unresolved,260910_생산처별.png
260910,production_sources,coin_exchange,207,,,unresolved,260910_생산처별.png
260910,production_sources,coin_exchange,210,,,unresolved,260910_생산처별.png
260910,production_sources,coin_exchange,213,,,unresolved,260910_생산처별.png
260910,production_sources,coin_exchange,216,672.0,26.324893162176366,rgb_observed,260910_생산처별.png
260910,production_sources,coin_exchange,219,673.0,25.099800796022265,rgb_observed,260910_생산처별.png
260910,production_sources,coin_exchange,222,674.0,26.49528259898354,rgb_observed,260910_생산처별.png
260910,production_sources,coin_exchange,225,,,unresolved,260910_생산처별.png
260910,production_sources,coin_exchange,228,676.0,23.366642891095847,rgb_observed,260910_생산처별.png
260910,production_sources,coin_exchange,231,676.0,22.11334438749598,rgb_observed,260910_생산처별.png
260910,production_sources,coin_exchange,234,676.0,24.413111231467404,rgb_observed,260910_생산처별.png
260910,production_sources,coin_exchange,237,677.0,25.317977802344327,rgb_observed,260910_생산처별.png
260910,production_sources,coin_exchange,240,677.0,26.153393661244042,rgb_observed,260910_생산처별.png
260910,production_sources,coin_exchange,243,678.0,22.38302928559939,rgb_observed,260910_생산처별.png
260910,production_sources,coin_exchange,246,678.0,23.043437243605826,rgb_observed,260910_생산처별.png
260910,production_sources,coin_exchange,249,678.0,24.269322199023193,rgb_observed,260910_생산처별.png
260910,production_sources,coin_exchange,252,678.0,22.045407685048602,rgb_observed,260910_생산처별.png
260910,production_sources,coin_exchange,255,678.0,23.173260452512935,rgb_observed,260910_생산처별.png
260910,production_sources,coin_exchange,258,678.0,25.632011235952593,rgb_observed,260910_생산처별.png
260910,production_sources,coin_exchange,261,678.0,26.60826939130014,rgb_observed,260910_생산처별.png
260910,production_sources,coin_exchange,264,678.0,24.372115213907882,rgb_observed,260910_생산처별.png
260910,production_sources,coin_exchange,267,678.0,22.0,rgb_observed,260910_생산처별.png
260910,production_sources,coin_exchange,270,678.0,23.021728866442675,rgb_observed,260910_생산처별.png
260910,production_sources,coin_exchange,273,678.0,26.49528259898354,rgb_observed,260910_생산처별.png
260910,production_sources,coin_exchange,276,677.0,27.2213151776324,rgb_observed,260910_생산처별.png
260910,production_sources,coin_exchange,279,677.0,27.386127875258307,rgb_observed,260910_생산처별.png
260910,production_sources,coin_exchange,282,,,unresolved,260910_생산처별.png
260910,production_sources,coin_exchange,285,677.0,27.622454633866266,rgb_observed,260910_생산처별.png
260910,production_sources,coin_exchange,288,678.0,22.47220505424423,rgb_observed,260910_생산처별.png
260910,production_sources,coin_exchange,291,678.0,20.615528128088304,rgb_observed,260910_생산처별.png
260910,production_sources,coin_exchange,294,678.0,22.22611077089287,rgb_observed,260910_생산처별.png
260910,production_sources,coin_exchange,297,679.0,22.715633383201094,rgb_observed,260910_생산처별.png
260910,production_sources,coin_exchange,300,680.0,23.790754506740637,rgb_observed,260910_생산처별.png
260910,production_sources,coin_exchange,303,680.0,22.11334438749598,rgb_observed,260910_생산처별.png
260910,production_sources,coin_exchange,306,681.0,27.27636339397171,rgb_observed,260910_생산처별.png
260910,production_sources,coin_exchange,309,681.0,27.910571473905726,rgb_observed,260910_생산처별.png
260910,production_sources,coin_exchange,312,682.0,27.65863337187866,rgb_observed,260910_생산처별.png
260910,production_sources,coin_exchange,315,682.0,26.49528259898354,rgb_observed,260910_생산처별.png
260910,production_sources,coin_exchange,318,683.0,27.53179979587241,rgb_observed,260910_생산처별.png
260910,production_sources,coin_exchange,321,683.0,25.98076211353316,rgb_observed,260910_생산처별.png
260910,production_sources,coin_exchange,324,683.0,25.729360660537214,rgb_observed,260910_생산처별.png
260910,production_sources,coin_exchange,327,683.0,27.53179979587241,rgb_observed,260910_생산처별.png
260910,production_sources,coin_exchange,330,683.0,25.787593916455254,rgb_observed,260910_생산처별.png
260910,production_sources,coin_exchange,333,683.0,24.43358344574123,rgb_observed,260910_생산처별.png
260910,production_sources,coin_exchange,336,683.0,25.25866188063018,rgb_observed,260910_생산처별.png
260910,production_sources,coin_exchange,339,683.0,25.514701644346147,rgb_observed,260910_생산처별.png
260910,production_sources,coin_exchange,342,684.0,25.39685019840059,rgb_observed,260910_생산처별.png
260910,production_sources,coin_exchange,345,684.0,24.596747752497688,rgb_observed,260910_생산처별.png
260910,production_sources,coin_exchange,348,,,unresolved,260910_생산처별.png
260910,production_sources,coin_exchange,351,,,unresolved,260910_생산처별.png
260910,production_sources,coin_exchange,354,,,unresolved,260910_생산처별.png
260910,production_sources,coin_exchange,357,685.0,27.331300737432898,rgb_observed,260910_생산처별.png
260910,production_sources,coin_exchange,360,684.0,26.551836094703507,rgb_observed,260910_생산처별.png
260910,production_sources,coin_exchange,363,684.0,26.324893162176366,rgb_observed,260910_생산처별.png
260910,production_sources,coin_exchange,366,683.0,29.427877939124322,rgb_observed,260910_생산처별.png
260910,production_sources,coin_exchange,369,682.0,27.0,rgb_observed,260910_생산처별.png
260910,production_sources,coin_exchange,372,683.0,27.676705006196094,rgb_observed,260910_생산처별.png
260910,production_sources,coin_exchange,375,684.0,25.98076211353316,rgb_observed,260910_생산처별.png
260910,production_sources,coin_exchange,378,684.0,23.49468024894146,rgb_observed,260910_생산처별.png
260910,production_sources,coin_exchange,381,685.0,26.267851073127396,rgb_observed,260910_생산처별.png
260910,production_sources,coin_exchange,384,686.0,28.653097563788805,rgb_observed,260910_생산처별.png
260910,production_sources,coin_exchange,387,687.0,29.68164415931166,rgb_observed,260910_생산처별.png
260910,production_sources,coin_exchange,390,688.0,24.269322199023193,rgb_observed,260910_생산처별.png
260910,production_sources,coin_exchange,393,688.0,24.269322199023193,rgb_observed,260910_생산처별.png
260910,production_sources,coin_exchange,396,688.0,26.248809496813376,rgb_observed,260910_생산처별.png
260910,production_sources,coin_exchange,399,688.0,28.35489375751565,rgb_observed,260910_생산처별.png
260910,production_sources,coin_exchange,402,,,unresolved,260910_생산처별.png
260910,production_sources,coin_exchange,405,,,unresolved,260910_생산처별.png
260910,production_sources,coin_exchange,408,,,unresolved,260910_생산처별.png
260910,production_sources,coin_exchange,411,,,unresolved,260910_생산처별.png
260910,production_sources,coin_exchange,414,,,unresolved,260910_생산처별.png
260910,production_sources,coin_exchange,417,,,unresolved,260910_생산처별.png
260910,production_sources,coin_exchange,420,688.0,29.189039038652847,rgb_observed,260910_생산처별.png
260910,production_sources,coin_exchange,423,688.0,29.563490998188964,rgb_observed,260910_생산처별.png
260910,production_sources,coin_exchange,426,688.0,28.6705423736629,rgb_observed,260910_생산처별.png
260910,production_sources,coin_exchange,429,688.0,29.017236257093817,rgb_observed,260910_생산처별.png
260910,production_sources,coin_exchange,432,,,unresolved,260910_생산처별.png
260910,production_sources,coin_exchange,435,,,unresolved,260910_생산처별.png
260910,production_sources,coin_exchange,438,,,unresolved,260910_생산처별.png
260910,production_sources,coin_exchange,441,,,unresolved,260910_생산처별.png
260910,production_sources,coin_exchange,444,,,unresolved,260910_생산처별.png
260910,production_sources,coin_exchange,447,,,unresolved,260910_생산처별.png
260910,production_sources,coin_exchange,450,,,unresolved,260910_생산처별.png
260910,production_sources,coin_exchange,453,687.0,29.223278392404914,rgb_observed,260910_생산처별.png
260910,production_sources,coin_exchange,456,687.0,29.444863728670914,rgb_observed,260910_생산처별.png
260910,production_sources,coin_exchange,459,,,unresolved,260910_생산처별.png
260910,production_sources,coin_exchange,462,,,unresolved,260910_생산처별.png
260910,production_sources,coin_exchange,465,,,unresolved,260910_생산처별.png
260910,production_sources,coin_exchange,468,690.0,29.8496231131986,rgb_observed,260910_생산처별.png
260910,production_sources,coin_exchange,471,690.0,28.478061731796284,rgb_observed,260910_생산처별.png
260910,production_sources,coin_exchange,474,690.0,27.09243436828813,rgb_observed,260910_생산처별.png
260910,production_sources,coin_exchange,477,690.0,26.076809620810597,rgb_observed,260910_생산처별.png
260910,production_sources,coin_exchange,480,690.0,27.2213151776324,rgb_observed,260910_생산처별.png
260910,production_sources,coin_exchange,483,688.0,24.657656011875904,rgb_observed,260910_생산처별.png
260910,production_sources,coin_exchange,486,687.0,26.49528259898354,rgb_observed,260910_생산처별.png
260910,production_sources,coin_exchange,489,684.0,26.095976701399778,rgb_observed,260910_생산처별.png
260910,production_sources,coin_exchange,492,682.0,24.596747752497688,rgb_observed,260910_생산처별.png
260910,production_sources,coin_exchange,495,681.0,19.519221295943137,rgb_observed,260910_생산처별.png
260910,production_sources,coin_exchange,498,680.0,19.261360284258224,rgb_observed,260910_생산처별.png
260910,production_sources,coin_exchange,501,679.0,25.88435821108957,rgb_observed,260910_생산처별.png
260910,production_sources,coin_exchange,504,,,unresolved,260910_생산처별.png
260910,production_sources,coin_exchange,507,,,unresolved,260910_생산처별.png
260910,production_sources,coin_exchange,510,673.0,21.6794833886788,rgb_observed,260910_생산처별.png
260910,production_sources,coin_exchange,513,673.0,16.911534525287763,rgb_observed,260910_생산처별.png
260910,production_sources,coin_exchange,516,671.0,19.72308292331602,rgb_observed,260910_생산처별.png
260910,production_sources,coin_exchange,519,670.0,23.173260452512935,rgb_observed,260910_생산처별.png
260910,production_sources,coin_exchange,522,670.0,26.758176320519304,rgb_observed,260910_생산처별.png
260910,production_sources,coin_exchange,525,668.0,23.49468024894146,rgb_observed,260910_생산처별.png
260910,production_sources,coin_exchange,528,668.0,23.853720883753127,rgb_observed,260910_생산처별.png
260910,production_sources,coin_exchange,531,667.0,24.919871588754223,rgb_observed,260910_생산처별.png
260910,production_sources,coin_exchange,534,666.0,20.049937655763422,rgb_observed,260910_생산처별.png
260910,production_sources,coin_exchange,537,666.0,24.657656011875904,rgb_observed,260910_생산처별.png
260910,production_sources,coin_exchange,540,668.0,21.748563170931547,rgb_observed,260910_생산처별.png
260910,production_sources,coin_exchange,543,668.0,21.6794833886788,rgb_observed,260910_생산처별.png
260910,production_sources,coin_exchange,546,670.0,20.149441679609886,rgb_observed,260910_생산처별.png
260910,production_sources,coin_exchange,549,671.0,23.08679276123039,rgb_observed,260910_생산처별.png
260910,production_sources,coin_exchange,552,672.0,18.867962264113206,rgb_observed,260910_생산처별.png
260910,production_sources,coin_exchange,555,674.0,21.236760581595302,rgb_observed,260910_생산처별.png
260910,production_sources,coin_exchange,558,683.0,21.563858652847824,rgb_observed,260910_생산처별.png
260910,production_sources,coin_exchange,561,692.0,22.135943621178654,rgb_observed,260910_생산처별.png
260910,production_sources,coin_exchange,564,695.0,20.049937655763422,rgb_observed,260910_생산처별.png
260910,production_sources,coin_exchange,567,699.0,22.315913604421397,rgb_observed,260910_생산처별.png
260910,production_sources,coin_exchange,570,705.0,9.899494936611665,rgb_observed,260910_생산처별.png
260910,production_sources,coin_exchange,573,710.0,22.561028345356956,rgb_observed,260910_생산처별.png
260910,production_sources,coin_exchange,576,710.0,23.280893453645632,rgb_observed,260910_생산처별.png
260910,production_sources,coin_exchange,579,710.0,26.645825188948457,rgb_observed,260910_생산처별.png
260910,production_sources,coin_exchange,582,,,unresolved,260910_생산처별.png
260910,production_sources,coin_exchange,585,,,unresolved,260910_생산처별.png
260910,production_sources,coin_exchange,588,703.0,28.39013913315678,rgb_observed,260910_생산처별.png
260910,production_sources,coin_exchange,591,,,unresolved,260910_생산처별.png
260910,production_sources,coin_exchange,594,,,unresolved,260910_생산처별.png
260910,production_sources,coin_exchange,597,,,unresolved,260910_생산처별.png
260910,production_sources,coin_exchange,600,704.0,18.920887928424502,rgb_observed,260910_생산처별.png
260910,production_sources,coin_exchange,603,704.0,17.26267650163207,rgb_observed,260910_생산처별.png
260910,production_sources,coin_exchange,606,,,unresolved,260910_생산처별.png
260910,production_sources,coin_exchange,609,,,unresolved,260910_생산처별.png
260910,production_sources,coin_exchange,612,,,unresolved,260910_생산처별.png
260910,production_sources,coin_exchange,615,,,unresolved,260910_생산처별.png
260910,production_sources,coin_exchange,618,,,unresolved,260910_생산처별.png
260910,production_sources,coin_exchange,621,,,unresolved,260910_생산처별.png
260910,production_sources,coin_exchange,624,,,unresolved,260910_생산처별.png
260910,production_sources,coin_exchange,627,,,unresolved,260910_생산처별.png
260910,production_sources,coin_exchange,630,705.0,27.27636339397171,rgb_observed,260910_생산처별.png
260910,production_sources,coin_exchange,633,705.0,21.42428528562855,rgb_observed,260910_생산처별.png
260910,production_sources,coin_exchange,636,705.0,18.788294228055936,rgb_observed,260910_생산처별.png
260910,production_sources,coin_exchange,639,705.0,19.339079605813716,rgb_observed,260910_생산처별.png
260910,production_sources,coin_exchange,642,705.0,24.758836806279895,rgb_observed,260910_생산처별.png
260910,production_sources,coin_exchange,645,,,unresolved,260910_생산처별.png
260910,production_sources,coin_exchange,648,,,unresolved,260910_생산처별.png
260910,production_sources,coin_exchange,651,,,unresolved,260910_생산처별.png
260910,production_sources,coin_exchange,654,,,unresolved,260910_생산처별.png
260910,production_sources,coin_exchange,657,,,unresolved,260910_생산처별.png
260910,production_sources,coin_exchange,660,,,unresolved,260910_생산처별.png
260910,production_sources,coin_exchange,663,,,unresolved,260910_생산처별.png
260910,production_sources,coin_exchange,666,,,unresolved,260910_생산처별.png
260910,production_sources,coin_exchange,669,,,unresolved,260910_생산처별.png
260910,production_sources,coin_exchange,672,,,unresolved,260910_생산처별.png
260910,production_sources,coin_exchange,675,706.0,27.09243436828813,rgb_observed,260910_생산처별.png
260910,production_sources,coin_exchange,678,706.0,17.291616465790582,rgb_observed,260910_생산처별.png
260910,production_sources,coin_exchange,681,706.0,15.684387141358123,rgb_observed,260910_생산처별.png
260910,production_sources,coin_exchange,684,706.0,15.394804318340652,rgb_observed,260910_생산처별.png
260910,production_sources,coin_exchange,687,706.0,15.937377450509228,rgb_observed,260910_생산처별.png
260910,production_sources,coin_exchange,690,706.0,16.278820596099706,rgb_observed,260910_생산처별.png
260910,production_sources,coin_exchange,693,,,unresolved,260910_생산처별.png
260910,production_sources,coin_exchange,696,,,unresolved,260910_생산처별.png
260910,production_sources,coin_exchange,699,,,unresolved,260910_생산처별.png
260910,production_sources,coin_exchange,702,,,unresolved,260910_생산처별.png
260910,production_sources,coin_exchange,705,,,unresolved,260910_생산처별.png
260910,production_sources,coin_exchange,708,,,unresolved,260910_생산처별.png
260910,production_sources,coin_exchange,711,,,unresolved,260910_생산처별.png
260910,production_sources,coin_exchange,714,,,unresolved,260910_생산처별.png
260910,production_sources,coin_exchange,717,,,unresolved,260910_생산처별.png
260910,production_sources,coin_exchange,720,,,unresolved,260910_생산처별.png
260910,production_sources,coin_exchange,723,,,unresolved,260910_생산처별.png
260910,production_sources,coin_exchange,726,,,unresolved,260910_생산처별.png
260910,production_sources,coin_exchange,729,,,unresolved,260910_생산처별.png
260910,production_sources,coin_exchange,732,,,unresolved,260910_생산처별.png
260910,production_sources,coin_exchange,735,,,unresolved,260910_생산처별.png
260910,production_sources,coin_exchange,738,,,unresolved,260910_생산처별.png
260910,production_sources,coin_exchange,741,,,unresolved,260910_생산처별.png
260910,production_sources,coin_exchange,744,,,unresolved,260910_생산처별.png
260910,production_sources,coin_exchange,747,,,unresolved,260910_생산처별.png
260910,production_sources,coin_exchange,750,,,unresolved,260910_생산처별.png
260910,production_sources,coin_exchange,753,,,unresolved,260910_생산처별.png
260910,production_sources,coin_exchange,756,,,unresolved,260910_생산처별.png
260910,production_sources,coin_exchange,759,,,unresolved,260910_생산처별.png
260910,production_sources,coin_exchange,762,707.0,27.477263328068172,rgb_observed,260910_생산처별.png
260910,production_sources,coin_exchange,765,707.0,22.0,rgb_observed,260910_생산처별.png
260910,production_sources,coin_exchange,768,707.0,18.466185312619388,rgb_observed,260910_생산처별.png
260910,production_sources,coin_exchange,771,707.0,17.146428199482248,rgb_observed,260910_생산처별.png
260910,production_sources,coin_exchange,774,707.0,17.663521732655695,rgb_observed,260910_생산처별.png
260910,production_sources,coin_exchange,777,707.0,18.973665961010276,rgb_observed,260910_생산처별.png
260910,production_sources,coin_exchange,780,707.0,21.307275752662516,rgb_observed,260910_생산처별.png
260910,production_sources,coin_exchange,783,707.0,27.27636339397171,rgb_observed,260910_생산처별.png
260910,production_sources,coin_exchange,786,,,unresolved,260910_생산처별.png
260910,production_sources,coin_exchange,789,,,unresolved,260910_생산처별.png
260910,production_sources,coin_exchange,792,,,unresolved,260910_생산처별.png
260910,production_sources,coin_exchange,795,,,unresolved,260910_생산처별.png
260910,production_sources,coin_exchange,798,,,unresolved,260910_생산처별.png
260910,production_sources,coin_exchange,801,,,unresolved,260910_생산처별.png
260910,production_sources,coin_exchange,804,706.0,15.362291495737216,rgb_observed,260910_생산처별.png
260910,production_sources,coin_exchange,807,711.0,15.937377450509228,rgb_observed,260910_생산처별.png
260910,production_sources,coin_exchange,810,,,unresolved,260910_생산처별.png
260910,production_sources,coin_exchange,813,,,unresolved,260910_생산처별.png
260910,production_sources,coin_exchange,816,,,unresolved,260910_생산처별.png
260910,production_sources,coin_exchange,819,,,unresolved,260910_생산처별.png
260910,production_sources,coin_exchange,822,,,unresolved,260910_생산처별.png
260910,production_sources,coin_exchange,825,,,unresolved,260910_생산처별.png
260910,production_sources,coin_exchange,828,,,unresolved,260910_생산처별.png
260910,production_sources,coin_exchange,831,,,unresolved,260910_생산처별.png
260910,production_sources,coin_exchange,834,,,unresolved,260910_생산처별.png
260910,production_sources,coin_exchange,837,,,unresolved,260910_생산처별.png
260910,production_sources,coin_exchange,840,,,unresolved,260910_생산처별.png
260910,production_sources,coin_exchange,843,,,unresolved,260910_생산처별.png
260910,production_sources,coin_exchange,846,,,unresolved,260910_생산처별.png
260910,production_sources,coin_exchange,849,,,unresolved,260910_생산처별.png
260910,production_sources,coin_exchange,852,,,unresolved,260910_생산처별.png
260910,production_sources,coin_exchange,855,,,unresolved,260910_생산처별.png
260910,production_sources,coin_exchange,858,708.0,27.09243436828813,rgb_observed,260910_생산처별.png
260910,production_sources,coin_exchange,861,708.0,24.413111231467404,rgb_observed,260910_생산처별.png
260910,production_sources,coin_exchange,864,708.0,21.494185260204677,rgb_observed,260910_생산처별.png
260910,production_sources,coin_exchange,867,708.0,19.621416870348583,rgb_observed,260910_생산처별.png
260910,production_sources,coin_exchange,870,708.0,18.2208671582886,rgb_observed,260910_생산처별.png
260910,production_sources,coin_exchange,873,708.0,16.911534525287763,rgb_observed,260910_생산처별.png
260910,production_sources,coin_exchange,876,708.0,16.431676725154983,rgb_observed,260910_생산처별.png
260910,production_sources,coin_exchange,879,708.0,15.652475842498529,rgb_observed,260910_생산처별.png
260910,production_sources,coin_exchange,882,708.0,15.620499351813308,rgb_observed,260910_생산처별.png
260910,production_sources,coin_exchange,885,708.0,15.620499351813308,rgb_observed,260910_생산처별.png
260910,production_sources,coin_exchange,888,708.0,15.620499351813308,rgb_observed,260910_생산처별.png
260910,production_sources,coin_exchange,891,708.0,17.291616465790582,rgb_observed,260910_생산처별.png
260910,production_sources,coin_exchange,894,708.0,20.049937655763422,rgb_observed,260910_생산처별.png
260910,production_sources,coin_exchange,897,708.0,23.194827009486403,rgb_observed,260910_생산처별.png
260910,production_sources,coin_exchange,900,708.0,25.39685019840059,rgb_observed,260910_생산처별.png
260910,production_sources,coin_exchange,903,,,unresolved,260910_생산처별.png
260910,production_sources,coin_exchange,906,,,unresolved,260910_생산처별.png
260910,production_sources,coin_exchange,909,,,unresolved,260910_생산처별.png
260910,production_sources,coin_exchange,912,,,unresolved,260910_생산처별.png
260910,production_sources,coin_exchange,915,,,unresolved,260910_생산처별.png
260910,production_sources,coin_exchange,918,,,unresolved,260910_생산처별.png
260910,production_sources,coin_exchange,921,,,unresolved,260910_생산처별.png
260910,production_sources,coin_exchange,924,,,unresolved,260910_생산처별.png
260910,production_sources,coin_exchange,927,,,unresolved,260910_생산처별.png
260910,production_sources,coin_exchange,930,,,unresolved,260910_생산처별.png
260910,production_sources,coin_exchange,933,,,unresolved,260910_생산처별.png
260910,production_sources,coin_exchange,936,,,unresolved,260910_생산처별.png
260910,production_sources,coin_exchange,939,,,unresolved,260910_생산처별.png
260910,production_sources,coin_exchange,942,,,unresolved,260910_생산처별.png
260910,production_sources,coin_exchange,945,,,unresolved,260910_생산처별.png
260910,production_sources,coin_exchange,948,,,unresolved,260910_생산처별.png
260910,production_sources,coin_exchange,951,708.0,22.825424421026653,rgb_observed,260910_생산처별.png
260910,production_sources,coin_exchange,954,,,unresolved,260910_생산처별.png
260910,production_sources,coin_exchange,957,705.0,27.367864366808018,rgb_observed,260910_생산처별.png
260910,production_sources,coin_exchange,960,704.0,23.366642891095847,rgb_observed,260910_생산처별.png
260910,production_sources,coin_exchange,963,703.0,19.519221295943137,rgb_observed,260910_생산처별.png
260910,production_sources,coin_exchange,966,,,unresolved,260910_생산처별.png
260910,production_sources,coin_exchange,969,700.0,20.46948949045872,rgb_observed,260910_생산처별.png
260910,production_sources,coin_exchange,972,700.0,20.46948949045872,rgb_observed,260910_생산처별.png
260910,production_sources,coin_exchange,975,700.0,18.788294228055936,rgb_observed,260910_생산처별.png
260910,production_sources,coin_exchange,978,700.0,13.638181696985855,rgb_observed,260910_생산처별.png
260910,production_sources,coin_exchange,981,700.0,12.569805089976535,rgb_observed,260910_생산처별.png
260910,production_sources,coin_exchange,984,700.0,12.409673645990857,rgb_observed,260910_생산처별.png
260910,production_sources,coin_exchange,987,700.0,12.96148139681572,rgb_observed,260910_생산처별.png
260910,production_sources,coin_exchange,990,700.0,25.079872407968907,rgb_observed,260910_생산처별.png
260910,production_sources,coin_exchange,993,,,unresolved,260910_생산처별.png
260910,production_sources,coin_exchange,996,701.0,20.591260281974,rgb_observed,260910_생산처별.png
260910,production_sources,coin_exchange,999,701.0,14.798648586948742,rgb_observed,260910_생산처별.png
260910,production_sources,coin_exchange,1002,,,unresolved,260910_생산처별.png
260910,production_sources,coin_exchange,1005,,,unresolved,260910_생산처별.png
260910,production_sources,coin_exchange,1008,702.0,27.748873851023216,rgb_observed,260910_생산처별.png
260910,production_sources,coin_exchange,1011,702.0,15.132745950421556,rgb_observed,260910_생산처별.png
260910,production_sources,coin_exchange,1014,702.0,26.739483914241877,rgb_observed,260910_생산처별.png
260910,production_sources,coin_exchange,1017,,,unresolved,260910_생산처별.png
260910,production_sources,coin_exchange,1020,,,unresolved,260910_생산처별.png
260910,production_sources,coin_exchange,1023,,,unresolved,260910_생산처별.png
260910,production_sources,coin_exchange,1026,703.0,18.601075237738275,rgb_observed,260910_생산처별.png
260910,production_sources,coin_exchange,1029,703.0,14.247806848775006,rgb_observed,260910_생산처별.png
260910,production_sources,coin_exchange,1032,,,unresolved,260910_생산처별.png
260910,production_sources,coin_exchange,1035,,,unresolved,260910_생산처별.png
260910,production_sources,coin_exchange,1038,,,unresolved,260910_생산처별.png
260910,production_sources,coin_exchange,1041,704.0,24.61706725018234,rgb_observed,260910_생산처별.png
260910,production_sources,coin_exchange,1044,704.0,15.84297951775486,rgb_observed,260910_생산처별.png
260910,production_sources,coin_exchange,1047,704.0,23.769728648009426,rgb_observed,260910_생산처별.png
260910,production_sources,coin_exchange,1050,,,unresolved,260910_생산처별.png
260910,production_sources,coin_exchange,1053,,,unresolved,260910_생산처별.png
260910,production_sources,coin_exchange,1056,,,unresolved,260910_생산처별.png
260910,production_sources,coin_exchange,1059,705.0,27.2213151776324,rgb_observed,260910_생산처별.png
260910,production_sources,coin_exchange,1062,705.0,19.621416870348583,rgb_observed,260910_생산처별.png
260910,production_sources,coin_exchange,1065,,,unresolved,260910_생산처별.png
260910,production_sources,coin_exchange,1068,,,unresolved,260910_생산처별.png
260910,production_sources,coin_exchange,1071,,,unresolved,260910_생산처별.png
260910,production_sources,coin_exchange,1074,706.0,19.849433241279208,rgb_observed,260910_생산처별.png
260910,production_sources,coin_exchange,1077,706.0,19.544820285692065,rgb_observed,260910_생산처별.png
260910,production_sources,coin_exchange,1080,,,unresolved,260910_생산처별.png
260910,production_sources,coin_exchange,1083,,,unresolved,260910_생산처별.png
260910,production_sources,coin_exchange,1086,,,unresolved,260910_생산처별.png
260910,production_sources,coin_exchange,1089,,,unresolved,260910_생산처별.png
260910,production_sources,coin_exchange,1092,707.0,16.911534525287763,rgb_observed,260910_생산처별.png
260910,production_sources,coin_exchange,1095,707.0,18.05547008526779,rgb_observed,260910_생산처별.png
260910,production_sources,coin_exchange,1098,,,unresolved,260910_생산처별.png
260910,production_sources,coin_exchange,1101,,,unresolved,260910_생산처별.png
260910,production_sources,coin_exchange,1104,,,unresolved,260910_생산처별.png
260910,production_sources,coin_exchange,1107,,,unresolved,260910_생산처별.png
260910,production_sources,coin_exchange,1110,708.0,24.535688292770594,rgb_observed,260910_생산처별.png
260910,production_sources,coin_exchange,1113,708.0,16.278820596099706,rgb_observed,260910_생산처별.png
260910,production_sources,coin_exchange,1116,708.0,22.38302928559939,rgb_observed,260910_생산처별.png
260910,production_sources,coin_exchange,1119,,,unresolved,260910_생산처별.png
260910,production_sources,coin_exchange,1122,,,unresolved,260910_생산처별.png
260910,production_sources,coin_exchange,1125,,,unresolved,260910_생산처별.png
260910,production_sources,coin_exchange,1128,709.0,25.15949125081825,rgb_observed,260910_생산처별.png
260910,production_sources,other,192,,,unresolved,260910_생산처별.png
260910,production_sources,other,195,,,unresolved,260910_생산처별.png
260910,production_sources,other,198,,,unresolved,260910_생산처별.png
260910,production_sources,other,201,,,unresolved,260910_생산처별.png
260910,production_sources,other,204,,,unresolved,260910_생산처별.png
260910,production_sources,other,207,,,unresolved,260910_생산처별.png
260910,production_sources,other,210,,,unresolved,260910_생산처별.png
260910,production_sources,other,213,,,unresolved,260910_생산처별.png
260910,production_sources,other,216,,,unresolved,260910_생산처별.png
260910,production_sources,other,219,,,unresolved,260910_생산처별.png
260910,production_sources,other,222,,,unresolved,260910_생산처별.png
260910,production_sources,other,225,,,unresolved,260910_생산처별.png
260910,production_sources,other,228,,,unresolved,260910_생산처별.png
260910,production_sources,other,231,,,unresolved,260910_생산처별.png
260910,production_sources,other,234,,,unresolved,260910_생산처별.png
260910,production_sources,other,237,,,unresolved,260910_생산처별.png
260910,production_sources,other,240,,,unresolved,260910_생산처별.png
260910,production_sources,other,243,,,unresolved,260910_생산처별.png
260910,production_sources,other,246,,,unresolved,260910_생산처별.png
260910,production_sources,other,249,,,unresolved,260910_생산처별.png
260910,production_sources,other,252,,,unresolved,260910_생산처별.png
260910,production_sources,other,255,,,unresolved,260910_생산처별.png
260910,production_sources,other,258,,,unresolved,260910_생산처별.png
260910,production_sources,other,261,,,unresolved,260910_생산처별.png
260910,production_sources,other,264,,,unresolved,260910_생산처별.png
260910,production_sources,other,267,,,unresolved,260910_생산처별.png
260910,production_sources,other,270,,,unresolved,260910_생산처별.png
260910,production_sources,other,273,,,unresolved,260910_생산처별.png
260910,production_sources,other,276,,,unresolved,260910_생산처별.png
260910,production_sources,other,279,,,unresolved,260910_생산처별.png
260910,production_sources,other,282,,,unresolved,260910_생산처별.png
260910,production_sources,other,285,,,unresolved,260910_생산처별.png
260910,production_sources,other,288,,,unresolved,260910_생산처별.png
260910,production_sources,other,291,,,unresolved,260910_생산처별.png
260910,production_sources,other,294,,,unresolved,260910_생산처별.png
260910,production_sources,other,297,,,unresolved,260910_생산처별.png
260910,production_sources,other,300,,,unresolved,260910_생산처별.png
260910,production_sources,other,303,,,unresolved,260910_생산처별.png
260910,production_sources,other,306,,,unresolved,260910_생산처별.png
260910,production_sources,other,309,,,unresolved,260910_생산처별.png
260910,production_sources,other,312,,,unresolved,260910_생산처별.png
260910,production_sources,other,315,,,unresolved,260910_생산처별.png
260910,production_sources,other,318,,,unresolved,260910_생산처별.png
260910,production_sources,other,321,,,unresolved,260910_생산처별.png
260910,production_sources,other,324,,,unresolved,260910_생산처별.png
260910,production_sources,other,327,,,unresolved,260910_생산처별.png
260910,production_sources,other,330,,,unresolved,260910_생산처별.png
260910,production_sources,other,333,,,unresolved,260910_생산처별.png
260910,production_sources,other,336,,,unresolved,260910_생산처별.png
260910,production_sources,other,339,,,unresolved,260910_생산처별.png
260910,production_sources,other,342,,,unresolved,260910_생산처별.png
260910,production_sources,other,345,,,unresolved,260910_생산처별.png
260910,production_sources,other,348,,,unresolved,260910_생산처별.png
260910,production_sources,other,351,,,unresolved,260910_생산처별.png
260910,production_sources,other,354,,,unresolved,260910_생산처별.png
260910,production_sources,other,357,,,unresolved,260910_생산처별.png
260910,production_sources,other,360,,,unresolved,260910_생산처별.png
260910,production_sources,other,363,,,unresolved,260910_생산처별.png
260910,production_sources,other,366,,,unresolved,260910_생산처별.png
260910,production_sources,other,369,,,unresolved,260910_생산처별.png
260910,production_sources,other,372,,,unresolved,260910_생산처별.png
260910,production_sources,other,375,,,unresolved,260910_생산처별.png
260910,production_sources,other,378,,,unresolved,260910_생산처별.png
260910,production_sources,other,381,,,unresolved,260910_생산처별.png
260910,production_sources,other,384,,,unresolved,260910_생산처별.png
260910,production_sources,other,387,,,unresolved,260910_생산처별.png
260910,production_sources,other,390,,,unresolved,260910_생산처별.png
260910,production_sources,other,393,,,unresolved,260910_생산처별.png
260910,production_sources,other,396,,,unresolved,260910_생산처별.png
260910,production_sources,other,399,,,unresolved,260910_생산처별.png
260910,production_sources,other,402,,,unresolved,260910_생산처별.png
260910,production_sources,other,405,,,unresolved,260910_생산처별.png
260910,production_sources,other,408,,,unresolved,260910_생산처별.png
260910,production_sources,other,411,,,unresolved,260910_생산처별.png
260910,production_sources,other,414,,,unresolved,260910_생산처별.png
260910,production_sources,other,417,,,unresolved,260910_생산처별.png
260910,production_sources,other,420,,,unresolved,260910_생산처별.png
260910,production_sources,other,423,,,unresolved,260910_생산처별.png
260910,production_sources,other,426,,,unresolved,260910_생산처별.png
260910,production_sources,other,429,,,unresolved,260910_생산처별.png
260910,production_sources,other,432,,,unresolved,260910_생산처별.png
260910,production_sources,other,435,,,unresolved,260910_생산처별.png
260910,production_sources,other,438,,,unresolved,260910_생산처별.png
260910,production_sources,other,441,,,unresolved,260910_생산처별.png
260910,production_sources,other,444,,,unresolved,260910_생산처별.png
260910,production_sources,other,447,,,unresolved,260910_생산처별.png
260910,production_sources,other,450,,,unresolved,260910_생산처별.png
260910,production_sources,other,453,,,unresolved,260910_생산처별.png
260910,production_sources,other,456,,,unresolved,260910_생산처별.png
260910,production_sources,other,459,,,unresolved,260910_생산처별.png
260910,production_sources,other,462,,,unresolved,260910_생산처별.png
260910,production_sources,other,465,,,unresolved,260910_생산처별.png
260910,production_sources,other,468,,,unresolved,260910_생산처별.png
260910,production_sources,other,471,,,unresolved,260910_생산처별.png
260910,production_sources,other,474,,,unresolved,260910_생산처별.png
260910,production_sources,other,477,,,unresolved,260910_생산처별.png
260910,production_sources,other,480,,,unresolved,260910_생산처별.png
260910,production_sources,other,483,,,unresolved,260910_생산처별.png
260910,production_sources,other,486,,,unresolved,260910_생산처별.png
260910,production_sources,other,489,,,unresolved,260910_생산처별.png
260910,production_sources,other,492,,,unresolved,260910_생산처별.png
260910,production_sources,other,495,,,unresolved,260910_생산처별.png
260910,production_sources,other,498,,,unresolved,260910_생산처별.png
260910,production_sources,other,501,,,unresolved,260910_생산처별.png
260910,production_sources,other,504,,,unresolved,260910_생산처별.png
260910,production_sources,other,507,,,unresolved,260910_생산처별.png
260910,production_sources,other,510,,,unresolved,260910_생산처별.png
260910,production_sources,other,513,,,unresolved,260910_생산처별.png
260910,production_sources,other,516,,,unresolved,260910_생산처별.png
260910,production_sources,other,519,,,unresolved,260910_생산처별.png
260910,production_sources,other,522,,,unresolved,260910_생산처별.png
260910,production_sources,other,525,,,unresolved,260910_생산처별.png
260910,production_sources,other,528,,,unresolved,260910_생산처별.png
260910,production_sources,other,531,,,unresolved,260910_생산처별.png
260910,production_sources,other,534,,,unresolved,260910_생산처별.png
260910,production_sources,other,537,,,unresolved,260910_생산처별.png
260910,production_sources,other,540,,,unresolved,260910_생산처별.png
260910,production_sources,other,543,,,unresolved,260910_생산처별.png
260910,production_sources,other,546,,,unresolved,260910_생산처별.png
260910,production_sources,other,549,,,unresolved,260910_생산처별.png
260910,production_sources,other,552,,,unresolved,260910_생산처별.png
260910,production_sources,other,555,,,unresolved,260910_생산처별.png
260910,production_sources,other,558,,,unresolved,260910_생산처별.png
260910,production_sources,other,561,,,unresolved,260910_생산처별.png
260910,production_sources,other,564,,,unresolved,260910_생산처별.png
260910,production_sources,other,567,,,unresolved,260910_생산처별.png
260910,production_sources,other,570,713.0,12.449899597988733,candidate_axis_unverified,260910_생산처별.png
260910,production_sources,other,573,,,unresolved,260910_생산처별.png
260910,production_sources,other,576,,,unresolved,260910_생산처별.png
260910,production_sources,other,579,,,unresolved,260910_생산처별.png
260910,production_sources,other,582,,,unresolved,260910_생산처별.png
260910,production_sources,other,585,,,unresolved,260910_생산처별.png
260910,production_sources,other,588,,,unresolved,260910_생산처별.png
260910,production_sources,other,591,,,unresolved,260910_생산처별.png
260910,production_sources,other,594,,,unresolved,260910_생산처별.png
260910,production_sources,other,597,,,unresolved,260910_생산처별.png
260910,production_sources,other,600,707.0,14.035668847618199,candidate_axis_unverified,260910_생산처별.png
260910,production_sources,other,603,707.0,14.560219778561036,candidate_axis_unverified,260910_생산처별.png
260910,production_sources,other,606,,,unresolved,260910_생산처별.png
260910,production_sources,other,609,,,unresolved,260910_생산처별.png
260910,production_sources,other,612,,,unresolved,260910_생산처별.png
260910,production_sources,other,615,,,unresolved,260910_생산처별.png
260910,production_sources,other,618,,,unresolved,260910_생산처별.png
260910,production_sources,other,621,,,unresolved,260910_생산처별.png
260910,production_sources,other,624,,,unresolved,260910_생산처별.png
260910,production_sources,other,627,,,unresolved,260910_생산처별.png
260910,production_sources,other,630,,,unresolved,260910_생산처별.png
260910,production_sources,other,633,708.0,17.4928556845359,candidate_axis_unverified,260910_생산처별.png
260910,production_sources,other,636,708.0,12.206555615733702,candidate_axis_unverified,260910_생산처별.png
260910,production_sources,other,639,708.0,15.394804318340652,candidate_axis_unverified,260910_생산처별.png
260910,production_sources,other,642,708.0,20.639767440550294,candidate_axis_unverified,260910_생산처별.png
260910,production_sources,other,645,,,unresolved,260910_생산처별.png
260910,production_sources,other,648,,,unresolved,260910_생산처별.png
260910,production_sources,other,651,,,unresolved,260910_생산처별.png
260910,production_sources,other,654,,,unresolved,260910_생산처별.png
260910,production_sources,other,657,,,unresolved,260910_생산처별.png
260910,production_sources,other,660,,,unresolved,260910_생산처별.png
260910,production_sources,other,663,,,unresolved,260910_생산처별.png
260910,production_sources,other,666,,,unresolved,260910_생산처별.png
260910,production_sources,other,669,,,unresolved,260910_생산처별.png
260910,production_sources,other,672,,,unresolved,260910_생산처별.png
260910,production_sources,other,675,,,unresolved,260910_생산처별.png
260910,production_sources,other,678,,,unresolved,260910_생산처별.png
260910,production_sources,other,681,709.0,19.339079605813716,candidate_axis_unverified,260910_생산처별.png
260910,production_sources,other,684,709.0,18.466185312619388,candidate_axis_unverified,260910_생산처별.png
260910,production_sources,other,687,709.0,16.76305461424021,candidate_axis_unverified,260910_생산처별.png
260910,production_sources,other,690,,,unresolved,260910_생산처별.png
260910,production_sources,other,693,,,unresolved,260910_생산처별.png
260910,production_sources,other,696,,,unresolved,260910_생산처별.png
260910,production_sources,other,699,,,unresolved,260910_생산처별.png
260910,production_sources,other,702,,,unresolved,260910_생산처별.png
260910,production_sources,other,705,,,unresolved,260910_생산처별.png
260910,production_sources,other,708,,,unresolved,260910_생산처별.png
260910,production_sources,other,711,,,unresolved,260910_생산처별.png
260910,production_sources,other,714,,,unresolved,260910_생산처별.png
260910,production_sources,other,717,,,unresolved,260910_생산처별.png
260910,production_sources,other,720,,,unresolved,260910_생산처별.png
260910,production_sources,other,723,,,unresolved,260910_생산처별.png
260910,production_sources,other,726,,,unresolved,260910_생산처별.png
260910,production_sources,other,729,710.0,17.916472867168917,candidate_axis_unverified,260910_생산처별.png
260910,production_sources,other,732,710.0,11.789826122551595,candidate_axis_unverified,260910_생산처별.png
260910,production_sources,other,735,710.0,10.954451150103322,candidate_axis_unverified,260910_생산처별.png
260910,production_sources,other,738,710.0,19.949937343260004,candidate_axis_unverified,260910_생산처별.png
260910,production_sources,other,741,,,unresolved,260910_생산처별.png
260910,production_sources,other,744,,,unresolved,260910_생산처별.png
260910,production_sources,other,747,,,unresolved,260910_생산처별.png
260910,production_sources,other,750,,,unresolved,260910_생산처별.png
260910,production_sources,other,753,,,unresolved,260910_생산처별.png
260910,production_sources,other,756,,,unresolved,260910_생산처별.png
260910,production_sources,other,759,,,unresolved,260910_생산처별.png
260910,production_sources,other,762,710.0,20.149441679609886,candidate_axis_unverified,260910_생산처별.png
260910,production_sources,other,765,710.0,16.30950643030009,candidate_axis_unverified,260910_생산처별.png
260910,production_sources,other,768,710.0,14.035668847618199,candidate_axis_unverified,260910_생산처별.png
260910,production_sources,other,771,710.0,14.247806848775006,candidate_axis_unverified,260910_생산처별.png
260910,production_sources,other,774,710.0,15.748015748023622,candidate_axis_unverified,260910_생산처별.png
260910,production_sources,other,777,710.0,18.466185312619388,candidate_axis_unverified,260910_생산처별.png
260910,production_sources,other,780,,,unresolved,260910_생산처별.png
260910,production_sources,other,783,,,unresolved,260910_생산처별.png
260910,production_sources,other,786,,,unresolved,260910_생산처별.png
260910,production_sources,other,789,,,unresolved,260910_생산처별.png
260910,production_sources,other,792,,,unresolved,260910_생산처별.png
260910,production_sources,other,795,,,unresolved,260910_생산처별.png
260910,production_sources,other,798,,,unresolved,260910_생산처별.png
260910,production_sources,other,801,,,unresolved,260910_생산처별.png
260910,production_sources,other,804,713.0,18.466185312619388,candidate_axis_unverified,260910_생산처별.png
260910,production_sources,other,807,714.0,12.569805089976535,candidate_axis_unverified,260910_생산처별.png
260910,production_sources,other,810,,,unresolved,260910_생산처별.png
260910,production_sources,other,813,,,unresolved,260910_생산처별.png
260910,production_sources,other,816,,,unresolved,260910_생산처별.png
260910,production_sources,other,819,,,unresolved,260910_생산처별.png
260910,production_sources,other,822,,,unresolved,260910_생산처별.png
260910,production_sources,other,825,,,unresolved,260910_생산처별.png
260910,production_sources,other,828,,,unresolved,260910_생산처별.png
260910,production_sources,other,831,,,unresolved,260910_생산처별.png
260910,production_sources,other,834,,,unresolved,260910_생산처별.png
260910,production_sources,other,837,,,unresolved,260910_생산처별.png
260910,production_sources,other,840,,,unresolved,260910_생산처별.png
260910,production_sources,other,843,,,unresolved,260910_생산처별.png
260910,production_sources,other,846,,,unresolved,260910_생산처별.png
260910,production_sources,other,849,,,unresolved,260910_생산처별.png
260910,production_sources,other,852,,,unresolved,260910_생산처별.png
260910,production_sources,other,855,,,unresolved,260910_생산처별.png
260910,production_sources,other,858,,,unresolved,260910_생산처별.png
260910,production_sources,other,861,,,unresolved,260910_생산처별.png
260910,production_sources,other,864,,,unresolved,260910_생산처별.png
260910,production_sources,other,867,,,unresolved,260910_생산처별.png
260910,production_sources,other,870,711.0,21.400934559032695,candidate_axis_unverified,260910_생산처별.png
260910,production_sources,other,873,711.0,20.46948949045872,candidate_axis_unverified,260910_생산처별.png
260910,production_sources,other,876,711.0,18.708286933869708,candidate_axis_unverified,260910_생산처별.png
260910,production_sources,other,879,711.0,15.937377450509228,candidate_axis_unverified,260910_생산처별.png
260910,production_sources,other,882,711.0,16.401219466856727,candidate_axis_unverified,260910_생산처별.png
260910,production_sources,other,885,711.0,17.029386365926403,candidate_axis_unverified,260910_생산처별.png
260910,production_sources,other,888,711.0,17.46424919657298,candidate_axis_unverified,260910_생산처별.png
260910,production_sources,other,891,711.0,20.09975124224178,candidate_axis_unverified,260910_생산처별.png
260910,production_sources,other,894,,,unresolved,260910_생산처별.png
260910,production_sources,other,897,,,unresolved,260910_생산처별.png
260910,production_sources,other,900,,,unresolved,260910_생산처별.png
260910,production_sources,other,903,,,unresolved,260910_생산처별.png
260910,production_sources,other,906,,,unresolved,260910_생산처별.png
260910,production_sources,other,909,,,unresolved,260910_생산처별.png
260910,production_sources,other,912,,,unresolved,260910_생산처별.png
260910,production_sources,other,915,,,unresolved,260910_생산처별.png
260910,production_sources,other,918,,,unresolved,260910_생산처별.png
260910,production_sources,other,921,,,unresolved,260910_생산처별.png
260910,production_sources,other,924,,,unresolved,260910_생산처별.png
260910,production_sources,other,927,,,unresolved,260910_생산처별.png
260910,production_sources,other,930,,,unresolved,260910_생산처별.png
260910,production_sources,other,933,,,unresolved,260910_생산처별.png
260910,production_sources,other,936,,,unresolved,260910_생산처별.png
260910,production_sources,other,939,,,unresolved,260910_생산처별.png
260910,production_sources,other,942,,,unresolved,260910_생산처별.png
260910,production_sources,other,945,,,unresolved,260910_생산처별.png
260910,production_sources,other,948,,,unresolved,260910_생산처별.png
260910,production_sources,other,951,,,unresolved,260910_생산처별.png
260910,production_sources,other,954,,,unresolved,260910_생산처별.png
260910,production_sources,other,957,709.0,20.322401432901575,candidate_axis_unverified,260910_생산처별.png
260910,production_sources,other,960,,,unresolved,260910_생산처별.png
260910,production_sources,other,963,,,unresolved,260910_생산처별.png
260910,production_sources,other,966,,,unresolved,260910_생산처별.png
260910,production_sources,other,969,710.0,19.519221295943137,candidate_axis_unverified,260910_생산처별.png
260910,production_sources,other,972,,,unresolved,260910_생산처별.png
260910,production_sources,other,975,,,unresolved,260910_생산처별.png
260910,production_sources,other,978,,,unresolved,260910_생산처별.png
260910,production_sources,other,981,,,unresolved,260910_생산처별.png
260910,production_sources,other,984,,,unresolved,260910_생산처별.png
260910,production_sources,other,987,,,unresolved,260910_생산처별.png
260910,production_sources,other,990,,,unresolved,260910_생산처별.png
260910,production_sources,other,993,,,unresolved,260910_생산처별.png
260910,production_sources,other,996,,,unresolved,260910_생산처별.png
260910,production_sources,other,999,,,unresolved,260910_생산처별.png
260910,production_sources,other,1002,,,unresolved,260910_생산처별.png
260910,production_sources,other,1005,,,unresolved,260910_생산처별.png
260910,production_sources,other,1008,,,unresolved,260910_생산처별.png
260910,production_sources,other,1011,705.0,15.811388300841896,candidate_axis_unverified,260910_생산처별.png
260910,production_sources,other,1014,,,unresolved,260910_생산처별.png
260910,production_sources,other,1017,,,unresolved,260910_생산처별.png
260910,production_sources,other,1020,,,unresolved,260910_생산처별.png
260910,production_sources,other,1023,,,unresolved,260910_생산처별.png
260910,production_sources,other,1026,706.0,14.035668847618199,candidate_axis_unverified,260910_생산처별.png
260910,production_sources,other,1029,706.0,17.291616465790582,candidate_axis_unverified,260910_생산처별.png
260910,production_sources,other,1032,,,unresolved,260910_생산처별.png
260910,production_sources,other,1035,,,unresolved,260910_생산처별.png
260910,production_sources,other,1038,,,unresolved,260910_생산처별.png
260910,production_sources,other,1041,,,unresolved,260910_생산처별.png
260910,production_sources,other,1044,707.0,14.247806848775006,candidate_axis_unverified,260910_생산처별.png
260910,production_sources,other,1047,,,unresolved,260910_생산처별.png
260910,production_sources,other,1050,,,unresolved,260910_생산처별.png
260910,production_sources,other,1053,,,unresolved,260910_생산처별.png
260910,production_sources,other,1056,,,unresolved,260910_생산처별.png
260910,production_sources,other,1059,708.0,20.024984394500787,candidate_axis_unverified,260910_생산처별.png
260910,production_sources,other,1062,708.0,17.944358444926362,candidate_axis_unverified,260910_생산처별.png
260910,production_sources,other,1065,,,unresolved,260910_생산처별.png
260910,production_sources,other,1068,,,unresolved,260910_생산처별.png
260910,production_sources,other,1071,,,unresolved,260910_생산처별.png
260910,production_sources,other,1074,709.0,14.89966442575134,candidate_axis_unverified,260910_생산처별.png
260910,production_sources,other,1077,709.0,18.708286933869708,candidate_axis_unverified,260910_생산처별.png
260910,production_sources,other,1080,,,unresolved,260910_생산처별.png
260910,production_sources,other,1083,,,unresolved,260910_생산처별.png
260910,production_sources,other,1086,,,unresolved,260910_생산처별.png
260910,production_sources,other,1089,,,unresolved,260910_생산처별.png
260910,production_sources,other,1092,710.0,16.30950643030009,candidate_axis_unverified,260910_생산처별.png
260910,production_sources,other,1095,710.0,15.652475842498529,candidate_axis_unverified,260910_생산처별.png
260910,production_sources,other,1098,,,unresolved,260910_생산처별.png
260910,production_sources,other,1101,,,unresolved,260910_생산처별.png
260910,production_sources,other,1104,,,unresolved,260910_생산처별.png
260910,production_sources,other,1107,,,unresolved,260910_생산처별.png
260910,production_sources,other,1110,,,unresolved,260910_생산처별.png
260910,production_sources,other,1113,711.0,17.74823934929885,candidate_axis_unverified,260910_생산처별.png
260910,production_sources,other,1116,711.0,19.44222209522358,candidate_axis_unverified,260910_생산처별.png
260910,production_sources,other,1119,,,unresolved,260910_생산처별.png
260910,production_sources,other,1122,,,unresolved,260910_생산처별.png
260910,production_sources,other,1125,712.0,20.248456731316587,candidate_axis_unverified,260910_생산처별.png
260910,production_sources,other,1128,712.0,15.0,candidate_axis_unverified,260910_생산처별.png
251016,total_production,total,150,717.0,11.74734012447073,rgb_observed,251016_총생산.png
251016,total_production,total,152,717.0,27.49545416973504,rgb_observed,251016_총생산.png
251016,total_production,total,154,716.0,23.430749027719962,rgb_observed,251016_총생산.png
251016,total_production,total,156,716.0,42.08325082500163,rgb_observed,251016_총생산.png
251016,total_production,total,158,715.0,36.6333181680284,rgb_observed,251016_총생산.png
251016,total_production,total,160,715.0,15.937377450509228,rgb_observed,251016_총생산.png
251016,total_production,total,162,715.0,7.810249675906654,rgb_observed,251016_총생산.png
251016,total_production,total,164,715.0,7.810249675906654,rgb_observed,251016_총생산.png
251016,total_production,total,166,714.0,14.491376746189438,rgb_observed,251016_총생산.png
251016,total_production,total,168,714.0,14.491376746189438,rgb_observed,251016_총생산.png
251016,total_production,total,170,714.0,24.06241883103193,rgb_observed,251016_총생산.png
251016,total_production,total,172,713.0,24.20743687382041,rgb_observed,251016_총생산.png
251016,total_production,total,174,713.0,24.20743687382041,rgb_observed,251016_총생산.png
251016,total_production,total,176,713.0,31.11269837220809,rgb_observed,251016_총생산.png
251016,total_production,total,178,714.0,35.90264614203248,rgb_observed,251016_총생산.png
251016,total_production,total,180,714.0,35.90264614203248,rgb_observed,251016_총생산.png
251016,total_production,total,182,713.0,25.573423705088842,rgb_observed,251016_총생산.png
251016,total_production,total,184,713.0,10.295630140987,rgb_observed,251016_총생산.png
251016,total_production,total,186,713.0,10.295630140987,rgb_observed,251016_총생산.png
251016,total_production,total,188,713.0,11.874342087037917,rgb_observed,251016_총생산.png
251016,total_production,total,190,712.0,17.72004514666935,rgb_observed,251016_총생산.png
251016,total_production,total,192,712.0,34.38022687534217,rgb_observed,251016_총생산.png
251016,total_production,total,194,711.0,30.495901363953813,rgb_observed,251016_총생산.png
251016,total_production,total,196,711.0,7.280109889280518,rgb_observed,251016_총생산.png
251016,total_production,total,198,711.0,9.38083151964686,rgb_observed,251016_총생산.png
251016,total_production,total,200,712.0,6.164414002968976,rgb_observed,251016_총생산.png
251016,total_production,total,202,713.0,25.019992006393608,rgb_observed,251016_총생산.png
251016,total_production,total,204,715.0,13.92838827718412,rgb_observed,251016_총생산.png
251016,total_production,total,206,717.0,23.194827009486403,rgb_observed,251016_총생산.png
251016,total_production,total,208,718.0,9.1104335791443,rgb_observed,251016_총생산.png
251016,total_production,total,210,718.0,9.1104335791443,rgb_observed,251016_총생산.png
251016,total_production,total,212,719.0,8.06225774829855,rgb_observed,251016_총생산.png
251016,total_production,total,214,720.0,14.177446878757825,rgb_observed,251016_총생산.png
251016,total_production,total,216,720.0,14.177446878757825,rgb_observed,251016_총생산.png
251016,total_production,total,218,719.0,17.349351572897472,rgb_observed,251016_총생산.png
251016,total_production,total,220,719.0,7.3484692283495345,rgb_observed,251016_총생산.png
251016,total_production,total,222,719.0,12.083045973594572,rgb_observed,251016_총생산.png
251016,total_production,total,224,719.0,15.588457268119896,rgb_observed,251016_총생산.png
251016,total_production,total,226,719.0,15.588457268119896,rgb_observed,251016_총생산.png
251016,total_production,total,228,720.0,8.06225774829855,rgb_observed,251016_총생산.png
251016,total_production,total,230,721.0,5.385164807134504,rgb_observed,251016_총생산.png
251016,total_production,total,232,721.0,5.385164807134504,rgb_observed,251016_총생산.png
251016,total_production,total,234,722.0,17.916472867168917,rgb_observed,251016_총생산.png
251016,total_production,total,236,723.0,28.75760768909681,rgb_observed,251016_총생산.png
251016,total_production,total,238,725.0,22.64950330581225,rgb_observed,251016_총생산.png
251016,total_production,total,240,725.0,22.64950330581225,rgb_observed,251016_총생산.png
251016,total_production,total,242,727.0,17.69180601295413,rgb_observed,251016_총생산.png
251016,total_production,total,244,727.0,17.69180601295413,rgb_observed,251016_총생산.png
251016,total_production,total,246,730.0,19.82422760159901,rgb_observed,251016_총생산.png
251016,total_production,total,248,730.0,19.82422760159901,rgb_observed,251016_총생산.png
251016,total_production,total,250,732.0,30.610455730027933,rgb_observed,251016_총생산.png
251016,total_production,total,252,733.0,20.615528128088304,rgb_observed,251016_총생산.png
251016,total_production,total,254,733.0,18.275666882497067,rgb_observed,251016_총생산.png
251016,total_production,total,256,733.0,12.449899597988733,rgb_observed,251016_총생산.png
251016,total_production,total,258,733.0,12.449899597988733,rgb_observed,251016_총생산.png
251016,total_production,total,260,733.0,17.08800749063506,rgb_observed,251016_총생산.png
251016,total_production,total,262,733.0,17.029386365926403,rgb_observed,251016_총생산.png
251016,total_production,total,264,733.0,17.11724276862369,rgb_observed,251016_총생산.png
251016,total_production,total,266,733.0,17.11724276862369,rgb_observed,251016_총생산.png
251016,total_production,total,268,733.0,16.673332000533065,rgb_observed,251016_총생산.png
251016,total_production,total,270,733.0,16.673332000533065,rgb_observed,251016_총생산.png
251016,total_production,total,272,733.0,18.138357147217054,rgb_observed,251016_총생산.png
251016,total_production,total,274,733.0,17.05872210923198,rgb_observed,251016_총생산.png
251016,total_production,total,276,733.0,14.035668847618199,rgb_observed,251016_총생산.png
251016,total_production,total,278,733.0,14.317821063276353,rgb_observed,251016_총생산.png
251016,total_production,total,280,733.0,26.1725046566048,rgb_observed,251016_총생산.png
251016,total_production,total,282,732.0,30.166206257996713,rgb_observed,251016_총생산.png
251016,total_production,total,284,731.0,22.045407685048602,rgb_observed,251016_총생산.png
251016,total_production,total,286,731.0,22.045407685048602,rgb_observed,251016_총생산.png
251016,total_production,total,288,730.0,23.108440016582687,rgb_observed,251016_총생산.png
251016,total_production,total,290,729.0,23.108440016582687,rgb_observed,251016_총생산.png
251016,total_production,total,292,729.0,23.108440016582687,rgb_observed,251016_총생산.png
251016,total_production,total,294,728.0,24.020824298928627,rgb_observed,251016_총생산.png
251016,total_production,total,296,727.0,17.146428199482248,rgb_observed,251016_총생산.png
251016,total_production,total,298,726.0,21.470910553583888,rgb_observed,251016_총생산.png
251016,total_production,total,300,726.0,21.470910553583888,rgb_observed,251016_총생산.png
251016,total_production,total,302,726.0,24.515301344262525,rgb_observed,251016_총생산.png
251016,total_production,total,304,726.0,28.178005607210743,rgb_observed,251016_총생산.png
251016,total_production,total,306,725.0,15.620499351813308,rgb_observed,251016_총생산.png
251016,total_production,total,308,725.0,9.899494936611665,rgb_observed,251016_총생산.png
251016,total_production,total,310,725.0,11.357816691600547,rgb_observed,251016_총생산.png
251016,total_production,total,312,725.0,11.357816691600547,rgb_observed,251016_총생산.png
251016,total_production,total,314,725.0,15.264337522473747,rgb_observed,251016_총생산.png
251016,total_production,total,316,725.0,19.026297590440446,rgb_observed,251016_총생산.png
251016,total_production,total,318,725.0,28.583211855912904,rgb_observed,251016_총생산.png
251016,total_production,total,320,726.0,32.4037034920393,rgb_observed,251016_총생산.png
251016,total_production,total,322,726.0,34.19064199455752,rgb_observed,251016_총생산.png
251016,total_production,total,324,726.0,37.21558813185679,rgb_observed,251016_총생산.png
251016,total_production,total,326,725.0,19.261360284258224,rgb_observed,251016_총생산.png
251016,total_production,total,328,725.0,19.261360284258224,rgb_observed,251016_총생산.png
251016,total_production,total,330,724.0,14.560219778561036,rgb_observed,251016_총생산.png
251016,total_production,total,332,724.0,14.560219778561036,rgb_observed,251016_총생산.png
251016,total_production,total,334,723.0,12.884098726725126,rgb_observed,251016_총생산.png
251016,total_production,total,336,723.0,12.884098726725126,rgb_observed,251016_총생산.png
251016,total_production,total,338,723.0,21.587033144922902,rgb_observed,251016_총생산.png
251016,total_production,total,340,722.0,19.131126469708992,rgb_observed,251016_총생산.png
251016,total_production,total,342,722.0,13.92838827718412,rgb_observed,251016_총생산.png
251016,total_production,total,344,721.0,15.811388300841896,rgb_observed,251016_총생산.png
251016,total_production,total,346,719.0,13.92838827718412,rgb_observed,251016_총생산.png
251016,total_production,total,348,719.0,13.92838827718412,rgb_observed,251016_총생산.png
251016,total_production,total,350,717.0,15.588457268119896,rgb_observed,251016_총생산.png
251016,total_production,total,352,713.0,9.0,rgb_observed,251016_총생산.png
251016,total_production,total,354,713.0,9.0,rgb_observed,251016_총생산.png
251016,total_production,total,356,710.0,15.811388300841896,rgb_observed,251016_총생산.png
251016,total_production,total,358,709.0,35.2845575287547,rgb_observed,251016_총생산.png
251016,total_production,total,360,,,unresolved,251016_총생산.png
251016,total_production,total,362,701.0,29.427877939124322,rgb_observed,251016_총생산.png
251016,total_production,total,364,699.0,18.138357147217054,rgb_observed,251016_총생산.png
251016,total_production,total,366,698.0,11.180339887498949,rgb_observed,251016_총생산.png
251016,total_production,total,368,696.0,18.81488772222678,rgb_observed,251016_총생산.png
251016,total_production,total,370,696.0,18.81488772222678,rgb_observed,251016_총생산.png
251016,total_production,total,372,692.0,21.93171219946131,rgb_observed,251016_총생산.png
251016,total_production,total,374,692.0,21.93171219946131,rgb_observed,251016_총생산.png
251016,total_production,total,376,688.0,15.811388300841896,rgb_observed,251016_총생산.png
251016,total_production,total,378,688.0,15.811388300841896,rgb_observed,251016_총생산.png
251016,total_production,total,380,686.0,16.881943016134134,rgb_observed,251016_총생산.png
251016,total_production,total,382,685.0,11.357816691600547,rgb_observed,251016_총생산.png
251016,total_production,total,384,682.0,9.486832980505138,rgb_observed,251016_총생산.png
251016,total_production,total,386,679.0,7.0,rgb_observed,251016_총생산.png
251016,total_production,total,388,675.0,5.385164807134504,rgb_observed,251016_총생산.png
251016,total_production,total,390,666.0,9.643650760992955,rgb_observed,251016_총생산.png
251016,total_production,total,392,658.0,8.12403840463596,rgb_observed,251016_총생산.png
251016,total_production,total,394,658.0,8.12403840463596,rgb_observed,251016_총생산.png
251016,total_production,total,396,655.0,17.4928556845359,rgb_observed,251016_총생산.png
251016,total_production,total,398,655.0,13.038404810405298,rgb_observed,251016_총생산.png
251016,total_production,total,400,655.0,23.108440016582687,rgb_observed,251016_총생산.png
251016,total_production,total,402,655.0,32.63433774416144,rgb_observed,251016_총생산.png
251016,total_production,total,404,655.0,36.72873534441391,rgb_observed,251016_총생산.png
251016,total_production,total,406,655.0,43.88621651498338,rgb_observed,251016_총생산.png
251016,total_production,total,408,655.0,39.35733730830886,rgb_observed,251016_총생산.png
251016,total_production,total,410,655.0,39.35733730830886,rgb_observed,251016_총생산.png
251016,total_production,total,412,654.0,20.09975124224178,rgb_observed,251016_총생산.png
251016,total_production,total,414,654.0,20.09975124224178,rgb_observed,251016_총생산.png
251016,total_production,total,416,653.0,18.841443681416774,rgb_observed,251016_총생산.png
251016,total_production,total,418,653.0,18.841443681416774,rgb_observed,251016_총생산.png
251016,total_production,total,420,652.0,24.1039415863879,rgb_observed,251016_총생산.png
251016,total_production,total,422,651.0,16.792855623746664,rgb_observed,251016_총생산.png
251016,total_production,total,424,651.0,16.792855623746664,rgb_observed,251016_총생산.png
251016,total_production,total,426,650.0,18.2208671582886,rgb_observed,251016_총생산.png
251016,total_production,total,428,650.0,16.97056274847714,rgb_observed,251016_총생산.png
251016,total_production,total,430,651.0,18.275666882497067,rgb_observed,251016_총생산.png
251016,total_production,total,432,653.0,28.178005607210743,rgb_observed,251016_총생산.png
251016,total_production,total,434,654.0,26.645825188948457,rgb_observed,251016_총생산.png
251016,total_production,total,436,655.0,25.632011235952593,rgb_observed,251016_총생산.png
251016,total_production,total,438,655.0,25.632011235952593,rgb_observed,251016_총생산.png
251016,total_production,total,440,655.0,25.632011235952593,rgb_observed,251016_총생산.png
251016,total_production,total,442,655.0,27.09243436828813,rgb_observed,251016_총생산.png
251016,total_production,total,444,655.0,32.57299494980466,rgb_observed,251016_총생산.png
251016,total_production,total,446,655.0,36.742346141747674,rgb_observed,251016_총생산.png
251016,total_production,total,448,655.0,37.22902093797257,rgb_observed,251016_총생산.png
251016,total_production,total,450,655.0,34.52535300326414,rgb_observed,251016_총생산.png
251016,total_production,total,452,655.0,32.38826948140329,rgb_observed,251016_총생산.png
251016,total_production,total,454,655.0,12.206555615733702,rgb_observed,251016_총생산.png
251016,total_production,total,456,657.0,8.774964387392123,rgb_observed,251016_총생산.png
251016,total_production,total,458,657.0,8.774964387392123,rgb_observed,251016_총생산.png
251016,total_production,total,460,660.0,16.76305461424021,rgb_observed,251016_총생산.png
251016,total_production,total,462,661.0,15.297058540778355,rgb_observed,251016_총생산.png
251016,total_production,total,464,661.0,15.297058540778355,rgb_observed,251016_총생산.png
251016,total_production,total,466,661.0,16.30950643030009,rgb_observed,251016_총생산.png
251016,total_production,total,468,661.0,26.324893162176366,rgb_observed,251016_총생산.png
251016,total_production,total,470,662.0,45.110974274559844,rgb_observed,251016_총생산.png
251016,total_production,total,472,661.0,41.83300132670378,rgb_observed,251016_총생산.png
251016,total_production,total,474,661.0,19.849433241279208,rgb_observed,251016_총생산.png
251016,total_production,total,476,661.0,17.549928774784245,rgb_observed,251016_총생산.png
251016,total_production,total,478,661.0,17.549928774784245,rgb_observed,251016_총생산.png
251016,total_production,total,480,660.0,21.118712081942874,rgb_observed,251016_총생산.png
251016,total_production,total,482,657.0,17.11724276862369,rgb_observed,251016_총생산.png
251016,total_production,total,484,657.0,17.11724276862369,rgb_observed,251016_총생산.png
251016,total_production,total,486,655.0,17.349351572897472,rgb_observed,251016_총생산.png
251016,total_production,total,488,655.0,5.196152422706632,rgb_observed,251016_총생산.png
251016,total_production,total,490,656.0,16.76305461424021,rgb_observed,251016_총생산.png
251016,total_production,total,492,660.0,19.949937343260004,rgb_observed,251016_총생산.png
251016,total_production,total,494,662.0,9.643650760992955,rgb_observed,251016_총생산.png
251016,total_production,total,496,664.0,14.247806848775006,rgb_observed,251016_총생산.png
251016,total_production,total,498,665.0,16.673332000533065,rgb_observed,251016_총생산.png
251016,total_production,total,500,665.0,16.673332000533065,rgb_observed,251016_총생산.png
251016,total_production,total,502,665.0,15.588457268119896,rgb_observed,251016_총생산.png
251016,total_production,total,504,665.0,11.704699910719626,rgb_observed,251016_총생산.png
251016,total_production,total,506,665.0,9.539392014169456,rgb_observed,251016_총생산.png
251016,total_production,total,508,665.0,11.74734012447073,rgb_observed,251016_총생산.png
251016,total_production,total,510,665.0,13.490737563232042,rgb_observed,251016_총생산.png
251016,total_production,total,512,665.0,17.72004514666935,rgb_observed,251016_총생산.png
251016,total_production,total,514,664.0,20.346989949375804,rgb_observed,251016_총생산.png
251016,total_production,total,516,665.0,39.67366884975475,rgb_observed,251016_총생산.png
251016,total_production,total,518,663.0,19.849433241279208,rgb_observed,251016_총생산.png
251016,total_production,total,520,663.0,6.6332495807108,rgb_observed,251016_총생산.png
251016,total_production,total,522,663.0,11.575836902790225,rgb_observed,251016_총생산.png
251016,total_production,total,524,663.0,8.18535277187245,rgb_observed,251016_총생산.png
251016,total_production,total,526,663.0,3.7416573867739413,rgb_observed,251016_총생산.png
251016,total_production,total,528,663.0,3.7416573867739413,rgb_observed,251016_총생산.png
251016,total_production,total,530,663.0,12.727922061357855,rgb_observed,251016_총생산.png
251016,total_production,total,532,664.0,19.87460691435179,rgb_observed,251016_총생산.png
251016,total_production,total,534,665.0,6.4031242374328485,rgb_observed,251016_총생산.png
251016,total_production,total,536,665.0,6.4031242374328485,rgb_observed,251016_총생산.png
251016,total_production,total,538,667.0,12.68857754044952,rgb_observed,251016_총생산.png
251016,total_production,total,540,667.0,3.0,rgb_observed,251016_총생산.png
251016,total_production,total,542,668.0,14.89966442575134,rgb_observed,251016_총생산.png
251016,total_production,total,544,669.0,4.123105625617661,rgb_observed,251016_총생산.png
251016,total_production,total,546,669.0,4.123105625617661,rgb_observed,251016_총생산.png
251016,total_production,total,548,671.0,12.041594578792296,rgb_observed,251016_총생산.png
251016,total_production,total,550,671.0,12.041594578792296,rgb_observed,251016_총생산.png
251016,total_production,total,552,673.0,13.0,rgb_observed,251016_총생산.png
251016,total_production,total,554,675.0,21.095023109728988,rgb_observed,251016_총생산.png
251016,total_production,total,556,675.0,17.578395831246947,rgb_observed,251016_총생산.png
251016,total_production,total,558,675.0,23.388031127053,rgb_observed,251016_총생산.png
251016,total_production,total,560,675.0,40.2119385257662,rgb_observed,251016_총생산.png
251016,total_production,total,562,674.0,20.09975124224178,rgb_observed,251016_총생산.png
251016,total_production,total,564,675.0,12.68857754044952,rgb_observed,251016_총생산.png
251016,total_production,total,566,675.0,12.68857754044952,rgb_observed,251016_총생산.png
251016,total_production,total,568,678.0,14.594519519326424,rgb_observed,251016_총생산.png
251016,total_production,total,570,678.0,14.594519519326424,rgb_observed,251016_총생산.png
251016,total_production,total,572,680.0,21.470910553583888,rgb_observed,251016_총생산.png
251016,total_production,total,574,680.0,26.70205984563738,rgb_observed,251016_총생산.png
251016,total_production,total,576,679.0,20.92844953645635,rgb_observed,251016_총생산.png
251016,total_production,total,578,679.0,29.171904291629644,rgb_observed,251016_총생산.png
251016,total_production,total,580,676.0,27.94637722496424,rgb_observed,251016_총생산.png
251016,total_production,total,582,675.0,25.317977802344327,rgb_observed,251016_총생산.png
251016,total_production,total,584,672.0,22.20360331117452,rgb_observed,251016_총생산.png
251016,total_production,total,586,669.0,18.681541692269406,rgb_observed,251016_총생산.png
251016,total_production,total,588,666.0,12.529964086141668,rgb_observed,251016_총생산.png
251016,total_production,total,590,665.0,17.146428199482248,rgb_observed,251016_총생산.png
251016,total_production,total,592,662.0,23.366642891095847,rgb_observed,251016_총생산.png
251016,total_production,total,594,659.0,15.684387141358123,rgb_observed,251016_총생산.png
251016,total_production,total,596,657.0,4.358898943540674,rgb_observed,251016_총생산.png
251016,total_production,total,598,657.0,4.358898943540674,rgb_observed,251016_총생산.png
251016,total_production,total,600,658.0,23.430749027719962,rgb_observed,251016_총생산.png
251016,total_production,total,602,659.0,20.223748416156685,rgb_observed,251016_총생산.png
251016,total_production,total,604,660.0,17.349351572897472,rgb_observed,251016_총생산.png
251016,total_production,total,606,660.0,16.431676725154983,rgb_observed,251016_총생산.png
251016,total_production,total,608,660.0,16.431676725154983,rgb_observed,251016_총생산.png
251016,total_production,total,610,658.0,14.317821063276353,rgb_observed,251016_총생산.png
251016,total_production,total,612,656.0,13.490737563232042,rgb_observed,251016_총생산.png
251016,total_production,total,614,656.0,13.490737563232042,rgb_observed,251016_총생산.png
251016,total_production,total,616,654.0,17.11724276862369,rgb_observed,251016_총생산.png
251016,total_production,total,618,652.0,17.26267650163207,rgb_observed,251016_총생산.png
251016,total_production,total,620,652.0,17.26267650163207,rgb_observed,251016_총생산.png
251016,total_production,total,622,650.0,14.491376746189438,rgb_observed,251016_총생산.png
251016,total_production,total,624,650.0,9.486832980505138,rgb_observed,251016_총생산.png
251016,total_production,total,626,651.0,9.9498743710662,rgb_observed,251016_총생산.png
251016,total_production,total,628,653.0,27.80287754891569,rgb_observed,251016_총생산.png
251016,total_production,total,630,656.0,15.84297951775486,rgb_observed,251016_총생산.png
251016,total_production,total,632,656.0,15.0,rgb_observed,251016_총생산.png
251016,total_production,total,634,656.0,15.0,rgb_observed,251016_총생산.png
251016,total_production,total,636,655.0,25.573423705088842,rgb_observed,251016_총생산.png
251016,total_production,total,638,654.0,19.390719429665317,rgb_observed,251016_총생산.png
251016,total_production,total,640,654.0,20.12461179749811,rgb_observed,251016_총생산.png
251016,total_production,total,642,656.0,18.0,rgb_observed,251016_총생산.png
251016,total_production,total,644,657.0,12.727922061357855,rgb_observed,251016_총생산.png
251016,total_production,total,646,658.0,26.1725046566048,rgb_observed,251016_총생산.png
251016,total_production,total,648,661.0,14.798648586948742,rgb_observed,251016_총생산.png
251016,total_production,total,650,661.0,14.798648586948742,rgb_observed,251016_총생산.png
251016,total_production,total,652,661.0,25.88435821108957,rgb_observed,251016_총생산.png
251016,total_production,total,654,661.0,25.88435821108957,rgb_observed,251016_총생산.png
251016,total_production,total,656,661.0,12.84523257866513,rgb_observed,251016_총생산.png
251016,total_production,total,658,661.0,10.816653826391969,rgb_observed,251016_총생산.png
251016,total_production,total,660,661.0,13.74772708486752,rgb_observed,251016_총생산.png
251016,total_production,total,662,660.0,32.71085446759225,rgb_observed,251016_총생산.png
251016,total_production,total,664,660.0,19.261360284258224,rgb_observed,251016_총생산.png
251016,total_production,total,666,659.0,13.74772708486752,rgb_observed,251016_총생산.png
251016,total_production,total,668,657.0,29.189039038652847,rgb_observed,251016_총생산.png
251016,total_production,total,670,655.0,28.460498941515414,rgb_observed,251016_총생산.png
251016,total_production,total,672,653.0,8.306623862918075,rgb_observed,251016_총생산.png
251016,total_production,total,674,653.0,8.306623862918075,rgb_observed,251016_총생산.png
251016,total_production,total,676,653.0,12.68857754044952,rgb_observed,251016_총생산.png
251016,total_production,total,678,655.0,16.881943016134134,rgb_observed,251016_총생산.png
251016,total_production,total,680,656.0,18.681541692269406,rgb_observed,251016_총생산.png
251016,total_production,total,682,658.0,23.68543856465402,rgb_observed,251016_총생산.png
251016,total_production,total,684,659.0,36.124783736376884,rgb_observed,251016_총생산.png
251016,total_production,total,686,659.0,29.58039891549808,rgb_observed,251016_총생산.png
251016,total_production,total,688,659.0,18.681541692269406,rgb_observed,251016_총생산.png
251016,total_production,total,690,659.0,13.0,rgb_observed,251016_총생산.png
251016,total_production,total,692,659.0,13.0,rgb_observed,251016_총생산.png
251016,total_production,total,694,661.0,7.874007874011811,rgb_observed,251016_총생산.png
251016,total_production,total,696,662.0,10.246950765959598,rgb_observed,251016_총생산.png
251016,total_production,total,698,665.0,25.238858928247925,rgb_observed,251016_총생산.png
251016,total_production,total,700,665.0,33.58571124749333,rgb_observed,251016_총생산.png
251016,total_production,total,702,665.0,2.449489742783178,rgb_observed,251016_총생산.png
251016,total_production,total,704,665.0,2.449489742783178,rgb_observed,251016_총생산.png
251016,total_production,total,706,664.0,15.7797338380595,rgb_observed,251016_총생산.png
251016,total_production,total,708,662.0,12.409673645990857,rgb_observed,251016_총생산.png
251016,total_production,total,710,660.0,11.789826122551595,rgb_observed,251016_총생산.png
251016,total_production,total,712,657.0,12.36931687685298,rgb_observed,251016_총생산.png
251016,total_production,total,714,653.0,10.488088481701515,rgb_observed,251016_총생산.png
251016,total_production,total,716,653.0,10.488088481701515,rgb_observed,251016_총생산.png
251016,total_production,total,718,652.0,9.695359714832659,rgb_observed,251016_총생산.png
251016,total_production,total,720,653.0,20.248456731316587,rgb_observed,251016_총생산.png
251016,total_production,total,722,655.0,19.697715603592208,rgb_observed,251016_총생산.png
251016,total_production,total,724,655.0,19.697715603592208,rgb_observed,251016_총생산.png
251016,total_production,total,726,657.0,15.329709716755891,rgb_observed,251016_총생산.png
251016,total_production,total,728,658.0,22.825424421026653,rgb_observed,251016_총생산.png
251016,total_production,total,730,659.0,14.45683229480096,rgb_observed,251016_총생산.png
251016,total_production,total,732,659.0,14.45683229480096,rgb_observed,251016_총생산.png
251016,total_production,total,734,659.0,19.949937343260004,rgb_observed,251016_총생산.png
251016,total_production,total,736,658.0,12.529964086141668,rgb_observed,251016_총생산.png
251016,total_production,total,738,657.0,13.96424004376894,rgb_observed,251016_총생산.png
251016,total_production,total,740,655.0,18.05547008526779,rgb_observed,251016_총생산.png
251016,total_production,total,742,654.0,13.152946437965905,rgb_observed,251016_총생산.png
251016,total_production,total,744,654.0,19.261360284258224,rgb_observed,251016_총생산.png
251016,total_production,total,746,654.0,26.49528259898354,rgb_observed,251016_총생산.png
251016,total_production,total,748,654.0,27.202941017470888,rgb_observed,251016_총생산.png
251016,total_production,total,750,654.0,18.708286933869708,rgb_observed,251016_총생산.png
251016,total_production,total,752,654.0,18.708286933869708,rgb_observed,251016_총생산.png
251016,total_production,total,754,655.0,23.280893453645632,rgb_observed,251016_총생산.png
251016,total_production,total,756,657.0,29.03446228191595,rgb_observed,251016_총생산.png
251016,total_production,total,758,658.0,27.820855486487112,rgb_observed,251016_총생산.png
251016,total_production,total,760,658.0,18.81488772222678,rgb_observed,251016_총생산.png
251016,total_production,total,762,659.0,12.083045973594572,rgb_observed,251016_총생산.png
251016,total_production,total,764,659.0,12.083045973594572,rgb_observed,251016_총생산.png
251016,total_production,total,766,660.0,25.03996805109783,rgb_observed,251016_총생산.png
251016,total_production,total,768,660.0,25.099800796022265,rgb_observed,251016_총생산.png
251016,total_production,total,770,659.0,17.029386365926403,rgb_observed,251016_총생산.png
251016,total_production,total,772,658.0,21.118712081942874,rgb_observed,251016_총생산.png
251016,total_production,total,774,657.0,19.339079605813716,rgb_observed,251016_총생산.png
251016,total_production,total,776,655.0,13.601470508735444,rgb_observed,251016_총생산.png
251016,total_production,total,778,655.0,13.601470508735444,rgb_observed,251016_총생산.png
251016,total_production,total,780,652.0,20.09975124224178,rgb_observed,251016_총생산.png
251016,total_production,total,782,650.0,32.07802986469088,rgb_observed,251016_총생산.png
251016,total_production,total,784,649.0,29.9833287011299,rgb_observed,251016_총생산.png
251016,total_production,total,786,648.0,12.449899597988733,rgb_observed,251016_총생산.png
251016,total_production,total,788,648.0,12.449899597988733,rgb_observed,251016_총생산.png
251016,total_production,total,790,647.0,24.919871588754223,rgb_observed,251016_총생산.png
251016,total_production,total,792,647.0,7.3484692283495345,rgb_observed,251016_총생산.png
251016,total_production,total,794,647.0,7.3484692283495345,rgb_observed,251016_총생산.png
251016,total_production,total,796,648.0,22.891046284519195,rgb_observed,251016_총생산.png
251016,total_production,total,798,648.0,22.891046284519195,rgb_observed,251016_총생산.png
251016,total_production,total,800,649.0,18.920887928424502,rgb_observed,251016_총생산.png
251016,total_production,total,802,649.0,18.920887928424502,rgb_observed,251016_총생산.png
251016,total_production,total,804,648.0,24.839484696748443,rgb_observed,251016_총생산.png
251016,total_production,total,806,648.0,16.76305461424021,rgb_observed,251016_총생산.png
251016,total_production,total,808,647.0,14.696938456699069,rgb_observed,251016_총생산.png
251016,total_production,total,810,647.0,14.696938456699069,rgb_observed,251016_총생산.png
251016,total_production,total,812,642.0,10.488088481701515,rgb_observed,251016_총생산.png
251016,total_production,total,814,642.0,10.488088481701515,rgb_observed,251016_총생산.png
251016,total_production,total,816,639.0,13.92838827718412,rgb_observed,251016_총생산.png
251016,total_production,total,818,635.0,5.656854249492381,rgb_observed,251016_총생산.png
251016,total_production,total,820,635.0,5.744562646538029,rgb_observed,251016_총생산.png
251016,total_production,total,822,635.0,5.744562646538029,rgb_observed,251016_총생산.png
251016,total_production,total,824,635.0,19.8997487421324,rgb_observed,251016_총생산.png
251016,total_production,total,826,635.0,31.71750305430741,rgb_observed,251016_총생산.png
251016,total_production,total,828,636.0,5.385164807134504,rgb_observed,251016_총생산.png
251016,total_production,total,830,636.0,5.385164807134504,rgb_observed,251016_총생산.png
251016,total_production,total,832,637.0,21.77154105707724,rgb_observed,251016_총생산.png
251016,total_production,total,834,638.0,17.549928774784245,rgb_observed,251016_총생산.png
251016,total_production,total,836,639.0,31.51190251317746,rgb_observed,251016_총생산.png
251016,total_production,total,838,638.0,7.810249675906654,rgb_observed,251016_총생산.png
251016,total_production,total,840,638.0,15.427248620541512,rgb_observed,251016_총생산.png
251016,total_production,total,842,637.0,9.219544457292887,rgb_observed,251016_총생산.png
251016,total_production,total,844,637.0,20.904544960366874,rgb_observed,251016_총생산.png
251016,total_production,total,846,636.0,1.0,rgb_observed,251016_총생산.png
251016,total_production,total,848,635.0,20.85665361461421,rgb_observed,251016_총생산.png
251016,total_production,total,850,635.0,13.038404810405298,rgb_observed,251016_총생산.png
251016,total_production,total,852,634.0,27.586228448267445,rgb_observed,251016_총생산.png
251016,total_production,total,854,631.0,21.18962010041709,rgb_observed,251016_총생산.png
251016,total_production,total,856,629.0,10.63014581273465,rgb_observed,251016_총생산.png
251016,total_production,total,858,629.0,10.63014581273465,rgb_observed,251016_총생산.png
251016,total_production,total,860,625.0,9.486832980505138,rgb_observed,251016_총생산.png
251016,total_production,total,862,625.0,9.486832980505138,rgb_observed,251016_총생산.png
251016,total_production,total,864,628.0,16.792855623746664,rgb_observed,251016_총생산.png
251016,total_production,total,866,629.0,12.68857754044952,rgb_observed,251016_총생산.png
251016,total_production,total,868,631.0,17.916472867168917,rgb_observed,251016_총생산.png
251016,total_production,total,870,631.0,24.06241883103193,rgb_observed,251016_총생산.png
251016,total_production,total,872,631.0,22.44994432064365,rgb_observed,251016_총생산.png
251016,total_production,total,874,630.0,27.80287754891569,rgb_observed,251016_총생산.png
251016,total_production,total,876,629.0,24.535688292770594,rgb_observed,251016_총생산.png
251016,total_production,total,878,628.0,25.709920264364882,rgb_observed,251016_총생산.png
251016,total_production,total,880,628.0,25.709920264364882,rgb_observed,251016_총생산.png
251016,total_production,total,882,629.0,31.25699921617557,rgb_observed,251016_총생산.png
251016,total_production,total,884,629.0,27.459060435491963,rgb_observed,251016_총생산.png
251016,total_production,total,886,629.0,29.9833287011299,rgb_observed,251016_총생산.png
251016,total_production,total,888,627.0,27.147743920996454,rgb_observed,251016_총생산.png
251016,total_production,total,890,627.0,27.147743920996454,rgb_observed,251016_총생산.png
251016,total_production,total,892,623.0,18.81488772222678,rgb_observed,251016_총생산.png
251016,total_production,total,894,623.0,18.81488772222678,rgb_observed,251016_총생산.png
251016,total_production,total,896,622.0,22.561028345356956,rgb_observed,251016_총생산.png
251016,total_production,total,898,622.0,22.561028345356956,rgb_observed,251016_총생산.png
251016,total_production,total,900,623.0,28.160255680657446,rgb_observed,251016_총생산.png
251016,total_production,total,902,623.0,12.165525060596439,rgb_observed,251016_총생산.png
251016,total_production,total,904,623.0,12.449899597988733,rgb_observed,251016_총생산.png
251016,total_production,total,906,621.0,14.352700094407323,rgb_observed,251016_총생산.png
251016,total_production,total,908,621.0,14.352700094407323,rgb_observed,251016_총생산.png
251016,total_production,total,910,619.0,6.6332495807108,rgb_observed,251016_총생산.png
251016,total_production,total,912,619.0,6.6332495807108,rgb_observed,251016_총생산.png
251016,total_production,total,914,617.0,6.082762530298219,rgb_observed,251016_총생산.png
251016,total_production,total,916,617.0,6.082762530298219,rgb_observed,251016_총생산.png
251016,total_production,total,918,616.0,8.306623862918075,rgb_observed,251016_총생산.png
251016,total_production,total,920,614.0,12.36931687685298,rgb_observed,251016_총생산.png
251016,total_production,total,922,614.0,12.36931687685298,rgb_observed,251016_총생산.png
251016,total_production,total,924,611.0,15.297058540778355,rgb_observed,251016_총생산.png
251016,total_production,total,926,609.0,14.628738838327793,rgb_observed,251016_총생산.png
251016,total_production,total,928,607.0,10.344080432788601,rgb_observed,251016_총생산.png
251016,total_production,total,930,606.0,12.24744871391589,rgb_observed,251016_총생산.png
251016,total_production,total,932,605.0,14.89966442575134,rgb_observed,251016_총생산.png
251016,total_production,total,934,604.0,22.045407685048602,rgb_observed,251016_총생산.png
251016,total_production,total,936,603.0,9.219544457292887,rgb_observed,251016_총생산.png
251016,total_production,total,938,603.0,9.219544457292887,rgb_observed,251016_총생산.png
251016,total_production,total,940,605.0,23.280893453645632,rgb_observed,251016_총생산.png
251016,total_production,total,942,606.0,25.337718918639855,rgb_observed,251016_총생산.png
251016,total_production,total,944,609.0,25.199206336708304,rgb_observed,251016_총생산.png
251016,total_production,total,946,613.0,15.84297951775486,rgb_observed,251016_총생산.png
251016,total_production,total,948,613.0,15.84297951775486,rgb_observed,251016_총생산.png
251016,total_production,total,950,617.0,18.466185312619388,rgb_observed,251016_총생산.png
251016,total_production,total,952,624.0,8.774964387392123,rgb_observed,251016_총생산.png
251016,total_production,total,954,624.0,8.774964387392123,rgb_observed,251016_총생산.png
251016,total_production,total,956,627.0,11.661903789690601,rgb_observed,251016_총생산.png
251016,total_production,total,958,628.0,36.069377593742864,rgb_observed,251016_총생산.png
251016,total_production,total,960,628.0,26.5329983228432,rgb_observed,251016_총생산.png
251016,total_production,total,962,628.0,30.364452901377952,rgb_observed,251016_총생산.png
251016,total_production,total,964,628.0,23.68543856465402,rgb_observed,251016_총생산.png
251016,total_production,total,966,627.0,22.759613353482084,rgb_observed,251016_총생산.png
251016,total_production,total,968,627.0,22.759613353482084,rgb_observed,251016_총생산.png
251016,total_production,total,970,626.0,10.862780491200215,rgb_observed,251016_총생산.png
251016,total_production,total,972,626.0,14.2828568570857,rgb_observed,251016_총생산.png
251016,total_production,total,974,628.0,23.874672772626646,rgb_observed,251016_총생산.png
251016,total_production,total,976,630.0,31.064449134018133,rgb_observed,251016_총생산.png
251016,total_production,total,978,633.0,29.03446228191595,rgb_observed,251016_총생산.png
251016,total_production,total,980,634.0,22.22611077089287,rgb_observed,251016_총생산.png
251016,total_production,total,982,635.0,31.28897569432403,rgb_observed,251016_총생산.png
251016,total_production,total,984,635.0,32.449961479175904,rgb_observed,251016_총생산.png
251016,total_production,total,986,635.0,26.94438717061496,rgb_observed,251016_총생산.png
251016,total_production,total,988,635.0,12.041594578792296,rgb_observed,251016_총생산.png
251016,total_production,total,990,635.0,12.041594578792296,rgb_observed,251016_총생산.png
251016,total_production,total,992,638.0,10.816653826391969,rgb_observed,251016_총생산.png
251016,total_production,total,994,638.0,10.816653826391969,rgb_observed,251016_총생산.png
251016,total_production,total,996,640.0,4.58257569495584,rgb_observed,251016_총생산.png
251016,total_production,total,998,640.0,4.58257569495584,rgb_observed,251016_총생산.png
251016,total_production,total,1000,634.0,16.792855623746664,rgb_observed,251016_총생산.png
251016,total_production,total,1002,634.0,16.792855623746664,rgb_observed,251016_총생산.png
251016,total_production,total,1004,629.0,19.078784028338912,rgb_observed,251016_총생산.png
251016,total_production,total,1006,629.0,19.078784028338912,rgb_observed,251016_총생산.png
251016,total_production,total,1008,625.0,16.24807680927192,rgb_observed,251016_총생산.png
251016,total_production,total,1010,625.0,16.24807680927192,rgb_observed,251016_총생산.png
251016,total_production,total,1012,623.0,19.519221295943137,rgb_observed,251016_총생산.png
251016,total_production,total,1014,621.0,15.329709716755891,rgb_observed,251016_총생산.png
251016,total_production,total,1016,621.0,15.329709716755891,rgb_observed,251016_총생산.png
251016,total_production,total,1018,617.0,16.15549442140351,rgb_observed,251016_총생산.png
251016,total_production,total,1020,613.0,11.532562594670797,rgb_observed,251016_총생산.png
251016,total_production,total,1022,613.0,11.532562594670797,rgb_observed,251016_총생산.png
251016,total_production,total,1024,606.0,19.672315572906,rgb_observed,251016_총생산.png
251016,total_production,total,1026,600.0,14.491376746189438,rgb_observed,251016_총생산.png
251016,total_production,total,1028,594.0,8.12403840463596,rgb_observed,251016_총생산.png
251016,total_production,total,1030,588.0,4.58257569495584,rgb_observed,251016_총생산.png
251016,total_production,total,1032,586.0,5.477225575051661,rgb_observed,251016_총생산.png
251016,total_production,total,1034,582.0,40.620192023179804,rgb_observed,251016_총생산.png
251016,total_production,total,1036,567.0,15.264337522473747,rgb_observed,251016_총생산.png
251016,total_production,total,1038,561.0,13.076696830622021,rgb_observed,251016_총생산.png
251016,total_production,total,1040,561.0,13.076696830622021,rgb_observed,251016_총생산.png
251016,total_production,total,1042,561.0,25.865034312755125,rgb_observed,251016_총생산.png
251016,total_production,total,1044,561.0,20.92844953645635,rgb_observed,251016_총생산.png
251016,total_production,total,1046,561.0,12.529964086141668,rgb_observed,251016_총생산.png
251016,total_production,total,1048,561.0,12.529964086141668,rgb_observed,251016_총생산.png
251016,total_production,total,1050,562.0,13.601470508735444,rgb_observed,251016_총생산.png
251016,total_production,total,1052,563.0,14.247806848775006,rgb_observed,251016_총생산.png
251016,total_production,total,1054,566.0,9.273618495495704,rgb_observed,251016_총생산.png
251016,total_production,total,1056,566.0,9.273618495495704,rgb_observed,251016_총생산.png
251016,total_production,total,1058,566.0,11.789826122551595,rgb_observed,251016_총생산.png
251016,total_production,total,1060,564.0,6.164414002968976,rgb_observed,251016_총생산.png
251016,total_production,total,1062,563.0,4.47213595499958,rgb_observed,251016_총생산.png
251016,total_production,total,1064,563.0,4.47213595499958,rgb_observed,251016_총생산.png
251016,total_production,total,1066,562.0,5.385164807134504,rgb_observed,251016_총생산.png
251016,total_production,total,1068,563.0,17.349351572897472,rgb_observed,251016_총생산.png
251016,total_production,total,1070,564.0,20.615528128088304,rgb_observed,251016_총생산.png
251016,total_production,total,1072,565.0,7.615773105863909,rgb_observed,251016_총생산.png
251016,total_production,total,1074,565.0,7.615773105863909,rgb_observed,251016_총생산.png
251016,total_production,total,1076,560.0,11.045361017187261,rgb_observed,251016_총생산.png
251016,total_production,total,1078,556.0,10.723805294763608,rgb_observed,251016_총생산.png
251016,total_production,total,1080,551.0,8.06225774829855,rgb_observed,251016_총생산.png
251016,total_production,total,1082,549.0,5.385164807134504,rgb_observed,251016_총생산.png
251016,total_production,total,1084,552.0,8.18535277187245,rgb_observed,251016_총생산.png
251016,total_production,total,1086,556.0,2.0,rgb_observed,251016_총생산.png
251016,total_production,total,1088,556.0,2.0,rgb_observed,251016_총생산.png
251016,total_production,total,1090,559.0,12.206555615733702,rgb_observed,251016_총생산.png
251016,total_production,total,1092,561.0,28.178005607210743,rgb_observed,251016_총생산.png
251016,total_production,total,1094,562.0,45.81484475582123,rgb_observed,251016_총생산.png
251016,total_production,total,1096,562.0,49.16299421312742,rgb_observed,251016_총생산.png
251016,total_production,total,1098,561.0,10.816653826391969,rgb_observed,251016_총생산.png
251016,total_production,total,1100,561.0,10.816653826391969,rgb_observed,251016_총생산.png
251016,total_production,total,1102,558.0,15.297058540778355,rgb_observed,251016_총생산.png
251016,total_production,total,1104,555.0,18.681541692269406,rgb_observed,251016_총생산.png
251016,total_production,total,1106,549.0,13.152946437965905,rgb_observed,251016_총생산.png
251016,total_production,total,1108,549.0,13.152946437965905,rgb_observed,251016_총생산.png
251016,total_production,total,1110,547.0,12.569805089976535,rgb_observed,251016_총생산.png
251016,total_production,total,1112,546.0,15.132745950421556,rgb_observed,251016_총생산.png
251016,total_production,total,1114,545.0,17.0,rgb_observed,251016_총생산.png
251016,total_production,total,1116,546.0,14.352700094407323,rgb_observed,251016_총생산.png
251016,total_production,total,1118,551.0,19.72308292331602,rgb_observed,251016_총생산.png
251016,total_production,total,1120,555.0,17.72004514666935,rgb_observed,251016_총생산.png
251016,total_production,total,1122,555.0,17.72004514666935,rgb_observed,251016_총생산.png
251016,total_production,total,1124,563.0,9.433981132056603,rgb_observed,251016_총생산.png
251016,total_production,total,1126,563.0,9.433981132056603,rgb_observed,251016_총생산.png
251016,total_production,total,1128,564.0,11.704699910719626,rgb_observed,251016_총생산.png
251016,total_production,total,1130,565.0,12.083045973594572,rgb_observed,251016_총생산.png
251016,total_production,total,1132,566.0,15.297058540778355,rgb_observed,251016_총생산.png
251016,total_production,total,1134,566.0,14.035668847618199,rgb_observed,251016_총생산.png
251016,total_production,total,1136,565.0,17.0,rgb_observed,251016_총생산.png
251016,total_production,total,1138,564.0,13.892443989449804,rgb_observed,251016_총생산.png
251016,total_production,total,1140,563.0,10.862780491200215,rgb_observed,251016_총생산.png
251016,total_production,total,1142,563.0,10.862780491200215,rgb_observed,251016_총생산.png
251016,total_production,total,1144,560.0,18.027756377319946,rgb_observed,251016_총생산.png
251016,total_production,total,1146,558.0,12.24744871391589,rgb_observed,251016_총생산.png
251016,total_production,total,1148,558.0,12.24744871391589,rgb_observed,251016_총생산.png
251016,total_production,total,1150,556.0,7.3484692283495345,rgb_observed,251016_총생산.png
251016,total_production,total,1152,556.0,7.3484692283495345,rgb_observed,251016_총생산.png
251016,total_production,total,1154,557.0,7.810249675906654,rgb_observed,251016_총생산.png
251016,total_production,total,1156,557.0,7.810249675906654,rgb_observed,251016_총생산.png
251016,total_production,total,1158,558.0,17.4928556845359,rgb_observed,251016_총생산.png
251016,total_production,total,1160,559.0,6.557438524302,rgb_observed,251016_총생산.png
251016,total_production,total,1162,559.0,6.557438524302,rgb_observed,251016_총생산.png
251016,total_production,total,1164,560.0,5.385164807134504,rgb_observed,251016_총생산.png
251016,total_production,total,1166,560.0,8.306623862918075,rgb_observed,251016_총생산.png
251016,total_production,total,1168,560.0,8.306623862918075,rgb_observed,251016_총생산.png
251016,total_production,total,1170,554.0,12.36931687685298,rgb_observed,251016_총생산.png
251016,total_production,total,1172,537.0,10.816653826391969,rgb_observed,251016_총생산.png
251016,total_production,total,1174,536.0,10.04987562112089,rgb_observed,251016_총생산.png
251016,total_production,total,1176,531.0,11.0,rgb_observed,251016_총생산.png
251016,total_production,total,1178,534.0,10.099504938362077,rgb_observed,251016_총생산.png
251016,total_production,total,1180,539.0,15.427248620541512,rgb_observed,251016_총생산.png
251016,total_production,total,1182,546.0,9.1104335791443,rgb_observed,251016_총생산.png
251016,total_production,total,1184,549.0,12.68857754044952,rgb_observed,251016_총생산.png
251016,total_production,total,1186,545.0,9.0,rgb_observed,251016_총생산.png
251016,total_production,total,1188,537.0,10.0,rgb_observed,251016_총생산.png
251016,total_production,total,1190,537.0,10.0,rgb_observed,251016_총생산.png
251016,total_production,total,1192,534.0,11.090536506409418,rgb_observed,251016_총생산.png
251016,total_production,total,1194,535.0,3.1622776601683795,rgb_observed,251016_총생산.png
251016,total_production,total,1196,538.0,14.177446878757825,rgb_observed,251016_총생산.png
251016,total_production,total,1198,544.0,15.937377450509228,rgb_observed,251016_총생산.png
251016,total_production,total,1200,557.0,15.556349186104045,rgb_observed,251016_총생산.png
251016,total_production,total,1202,557.0,15.556349186104045,rgb_observed,251016_총생산.png
251016,total_production,total,1204,558.0,16.24807680927192,rgb_observed,251016_총생산.png
251016,total_production,total,1206,559.0,20.46948949045872,rgb_observed,251016_총생산.png
251016,total_production,total,1208,559.0,9.539392014169456,rgb_observed,251016_총생산.png
251016,total_production,total,1210,559.0,15.297058540778355,rgb_observed,251016_총생산.png
251016,total_production,total,1212,559.0,22.64950330581225,rgb_observed,251016_총생산.png
251016,total_production,total,1214,559.0,22.64950330581225,rgb_observed,251016_총생산.png
251016,total_production,total,1216,559.0,5.0990195135927845,rgb_observed,251016_총생산.png
251016,total_production,total,1218,559.0,5.0990195135927845,rgb_observed,251016_총생산.png
251016,total_production,total,1220,553.0,10.63014581273465,rgb_observed,251016_총생산.png
251016,total_production,total,1222,551.0,16.401219466856727,rgb_observed,251016_총생산.png
251016,total_production,total,1224,541.0,16.09347693943108,rgb_observed,251016_총생산.png
251016,total_production,total,1226,535.0,14.352700094407323,rgb_observed,251016_총생산.png
251016,total_production,total,1228,534.0,8.12403840463596,rgb_observed,251016_총생산.png
251016,total_production,total,1230,533.0,22.293496809607955,rgb_observed,251016_총생산.png
251016,total_production,total,1232,532.0,17.52141546793523,rgb_observed,251016_총생산.png
251016,total_production,total,1234,531.0,12.24744871391589,rgb_observed,251016_총생산.png
251016,total_production,total,1236,531.0,9.899494936611665,rgb_observed,251016_총생산.png
251016,total_production,total,1238,531.0,13.638181696985855,rgb_observed,251016_총생산.png
251016,total_production,total,1240,531.0,13.892443989449804,rgb_observed,251016_총생산.png
251016,total_production,total,1242,529.0,4.69041575982343,rgb_observed,251016_총생산.png
251016,total_production,total,1244,518.0,2.23606797749979,rgb_observed,251016_총생산.png
251016,total_production,total,1246,509.0,9.1104335791443,rgb_observed,251016_총생산.png
251016,total_production,total,1248,485.0,19.261360284258224,rgb_observed,251016_총생산.png
251016,total_production,total,1250,455.0,39.06404996924922,rgb_observed,251016_총생산.png
251016,total_production,total,1252,412.0,22.561028345356956,rgb_observed,251016_총생산.png
251016,total_production,total,1254,402.0,11.045361017187261,rgb_observed,251016_총생산.png
251016,total_production,total,1256,402.0,11.045361017187261,rgb_observed,251016_총생산.png
251016,total_production,total,1258,375.0,15.033296378372908,rgb_observed,251016_총생산.png
251016,total_production,total,1260,370.0,10.488088481701515,rgb_observed,251016_총생산.png
251016,total_production,total,1262,370.0,10.488088481701515,rgb_observed,251016_총생산.png
251016,total_production,total,1264,371.0,14.45683229480096,rgb_observed,251016_총생산.png
251016,total_production,total,1266,373.0,16.15549442140351,rgb_observed,251016_총생산.png
251016,total_production,total,1268,373.0,16.15549442140351,rgb_observed,251016_총생산.png
251016,total_production,total,1270,374.0,17.349351572897472,rgb_observed,251016_총생산.png
251016,total_production,total,1272,375.0,29.086079144497972,rgb_observed,251016_총생산.png
251016,total_production,total,1274,375.0,29.086079144497972,rgb_observed,251016_총생산.png
251016,total_production,total,1276,374.0,6.164414002968976,rgb_observed,251016_총생산.png
251016,total_production,total,1278,374.0,6.164414002968976,rgb_observed,251016_총생산.png
251016,total_production,total,1280,369.0,18.466185312619388,rgb_observed,251016_총생산.png
251016,total_production,total,1282,359.0,20.322401432901575,rgb_observed,251016_총생산.png
251016,total_production,total,1284,358.0,23.021728866442675,rgb_observed,251016_총생산.png
251016,total_production,total,1286,345.0,41.88078318274385,rgb_observed,251016_총생산.png
251016,total_production,total,1288,344.0,21.047565179849187,rgb_observed,251016_총생산.png
251016,total_production,total,1290,343.0,22.338307903688676,rgb_observed,251016_총생산.png
251016,total_production,total,1292,339.0,10.392304845413264,rgb_observed,251016_총생산.png
251016,total_production,total,1294,336.0,10.63014581273465,rgb_observed,251016_총생산.png
251016,total_production,total,1296,330.0,9.9498743710662,rgb_observed,251016_총생산.png
251016,total_production,total,1298,330.0,9.9498743710662,rgb_observed,251016_총생산.png
251016,total_production,total,1300,323.0,8.18535277187245,rgb_observed,251016_총생산.png
251016,total_production,total,1302,323.0,8.18535277187245,rgb_observed,251016_총생산.png
251016,total_production,total,1304,322.0,7.874007874011811,rgb_observed,251016_총생산.png
251016,total_production,total,1306,329.0,21.2602916254693,rgb_observed,251016_총생산.png
251016,total_production,total,1308,337.0,21.6794833886788,rgb_observed,251016_총생산.png
251016,total_production,total,1310,347.0,13.96424004376894,rgb_observed,251016_총생산.png
251016,total_production,total,1312,350.0,14.247806848775006,rgb_observed,251016_총생산.png
251016,total_production,total,1314,350.0,13.19090595827292,rgb_observed,251016_총생산.png
251016,total_production,total,1316,350.0,13.19090595827292,rgb_observed,251016_총생산.png
251016,total_production,total,1318,349.0,24.596747752497688,rgb_observed,251016_총생산.png
251016,total_production,total,1320,349.0,24.596747752497688,rgb_observed,251016_총생산.png
251016,total_production,total,1322,348.0,28.861739379323623,rgb_observed,251016_총생산.png
251016,total_production,total,1324,348.0,28.861739379323623,rgb_observed,251016_총생산.png
251016,total_production,total,1326,347.0,45.71651780264984,rgb_observed,251016_총생산.png
251016,total_production,total,1328,342.0,26.038433132583073,rgb_observed,251016_총생산.png
251016,total_production,total,1330,338.0,21.42428528562855,rgb_observed,251016_총생산.png
251016,total_production,total,1332,329.0,14.866068747318506,rgb_observed,251016_총생산.png
251016,total_production,total,1334,328.0,18.193405398660254,rgb_observed,251016_총생산.png
251016,total_production,total,1336,315.0,5.744562646538029,rgb_observed,251016_총생산.png
251016,total_production,total,1338,315.0,9.899494936611665,rgb_observed,251016_총생산.png
251016,total_production,total,1340,315.0,16.583123951777,rgb_observed,251016_총생산.png
251016,total_production,total,1342,319.0,15.0,rgb_observed,251016_총생산.png
251016,total_production,total,1344,320.0,4.123105625617661,rgb_observed,251016_총생산.png
251016,total_production,total,1346,323.0,9.848857801796104,rgb_observed,251016_총생산.png
251016,total_production,total,1348,325.0,11.313708498984761,rgb_observed,251016_총생산.png
251016,total_production,total,1350,329.0,10.816653826391969,rgb_observed,251016_총생산.png
251016,total_production,total,1352,338.0,19.209372712298546,rgb_observed,251016_총생산.png
251016,total_production,total,1354,338.0,19.209372712298546,rgb_observed,251016_총생산.png
251016,total_production,total,1356,338.0,23.853720883753127,rgb_observed,251016_총생산.png
251016,total_production,total,1358,337.0,18.788294228055936,rgb_observed,251016_총생산.png
251016,total_production,total,1360,337.0,12.84523257866513,rgb_observed,251016_총생산.png
251016,total_production,total,1362,337.0,12.529964086141668,rgb_observed,251016_총생산.png
251016,total_production,total,1364,337.0,12.529964086141668,rgb_observed,251016_총생산.png
251016,total_production,total,1366,341.0,15.231546211727817,rgb_observed,251016_총생산.png
251016,total_production,total,1368,346.0,6.782329983125268,rgb_observed,251016_총생산.png
251016,total_production,total,1370,351.0,11.224972160321824,rgb_observed,251016_총생산.png
251016,total_production,total,1372,351.0,11.224972160321824,rgb_observed,251016_총생산.png
251016,total_production,total,1374,353.0,18.027756377319946,rgb_observed,251016_총생산.png
251016,total_production,total,1376,355.0,12.96148139681572,rgb_observed,251016_총생산.png
251016,total_production,total,1378,355.0,12.96148139681572,rgb_observed,251016_총생산.png
251016,total_production,total,1380,,,unresolved,251016_총생산.png
