snapshot,chart,date,series,x_float,x_pixel,y_pixel,status,color_distance,grid_method,analysis_status,calendar_status,phase_span_y_px,phase_sensitive_gt10px
250410,production_sources,2022-12-29,boss,372.86264938562476,373,694.0,direct_weekly_rgb,14.177446878757825,azmoth_launch_first_pixel_plus_patch_week_spacing,PROVISIONAL_EQUAL_GRID_USE_250410_JOINT_WEEKLY_POINTS,patch_anchored_nominal_thursday_week_label,5.1373506143752365,False
250410,production_sources,2022-12-29,field,372.86264938562476,373,770.0,direct_weekly_rgb,18.708286933869708,azmoth_launch_first_pixel_plus_patch_week_spacing,PROVISIONAL_EQUAL_GRID_USE_250410_JOINT_WEEKLY_POINTS,patch_anchored_nominal_thursday_week_label,0.0,False
250410,production_sources,2022-12-29,azmoth,372.86264938562476,373,,not_observable,,azmoth_launch_first_pixel_plus_patch_week_spacing,PROVISIONAL_EQUAL_GRID_USE_250410_JOINT_WEEKLY_POINTS,patch_anchored_nominal_thursday_week_label,,False
250410,production_sources,2022-12-29,other_coin,372.86264938562476,373,,not_observable,,azmoth_launch_first_pixel_plus_patch_week_spacing,PROVISIONAL_EQUAL_GRID_USE_250410_JOINT_WEEKLY_POINTS,patch_anchored_nominal_thursday_week_label,,False
250410,production_sources,2022-12-29,other,372.86264938562476,373,,unresolved_no_local_guide,,azmoth_launch_first_pixel_plus_patch_week_spacing,PROVISIONAL_EQUAL_GRID_USE_250410_JOINT_WEEKLY_POINTS,patch_anchored_nominal_thursday_week_label,,False
250410,production_sources,2023-01-05,boss,380.4598552432245,380,693.0,direct_weekly_rgb,12.96148139681572,azmoth_launch_first_pixel_plus_patch_week_spacing,PROVISIONAL_EQUAL_GRID_USE_250410_JOINT_WEEKLY_POINTS,patch_anchored_nominal_thursday_week_label,1.3065701621496828,False
250410,production_sources,2023-01-05,field,380.4598552432245,380,770.0,direct_weekly_rgb,21.77154105707724,azmoth_launch_first_pixel_plus_patch_week_spacing,PROVISIONAL_EQUAL_GRID_USE_250410_JOINT_WEEKLY_POINTS,patch_anchored_nominal_thursday_week_label,0.1532850810748414,False
250410,production_sources,2023-01-05,azmoth,380.4598552432245,380,,not_observable,,azmoth_launch_first_pixel_plus_patch_week_spacing,PROVISIONAL_EQUAL_GRID_USE_250410_JOINT_WEEKLY_POINTS,patch_anchored_nominal_thursday_week_label,,False
250410,production_sources,2023-01-05,other_coin,380.4598552432245,380,,not_observable,,azmoth_launch_first_pixel_plus_patch_week_spacing,PROVISIONAL_EQUAL_GRID_USE_250410_JOINT_WEEKLY_POINTS,patch_anchored_nominal_thursday_week_label,,False
250410,production_sources,2023-01-05,other,380.4598552432245,380,,unresolved_no_local_guide,,azmoth_launch_first_pixel_plus_patch_week_spacing,PROVISIONAL_EQUAL_GRID_USE_250410_JOINT_WEEKLY_POINTS,patch_anchored_nominal_thursday_week_label,,False
250410,production_sources,2023-01-12,boss,388.0570611008243,388,689.0,direct_weekly_rgb,5.385164807134504,azmoth_launch_first_pixel_plus_patch_week_spacing,PROVISIONAL_EQUAL_GRID_USE_250410_JOINT_WEEKLY_POINTS,patch_anchored_nominal_thursday_week_label,0.942938899175715,False
250410,production_sources,2023-01-12,field,388.0570611008243,388,769.0,direct_weekly_rgb,22.045407685048602,azmoth_launch_first_pixel_plus_patch_week_spacing,PROVISIONAL_EQUAL_GRID_USE_250410_JOINT_WEEKLY_POINTS,patch_anchored_nominal_thursday_week_label,1.0,False
250410,production_sources,2023-01-12,azmoth,388.0570611008243,388,,not_observable,,azmoth_launch_first_pixel_plus_patch_week_spacing,PROVISIONAL_EQUAL_GRID_USE_250410_JOINT_WEEKLY_POINTS,patch_anchored_nominal_thursday_week_label,,False
250410,production_sources,2023-01-12,other_coin,388.0570611008243,388,,not_observable,,azmoth_launch_first_pixel_plus_patch_week_spacing,PROVISIONAL_EQUAL_GRID_USE_250410_JOINT_WEEKLY_POINTS,patch_anchored_nominal_thursday_week_label,,False
250410,production_sources,2023-01-12,other,388.0570611008243,388,,unresolved_no_local_guide,,azmoth_launch_first_pixel_plus_patch_week_spacing,PROVISIONAL_EQUAL_GRID_USE_250410_JOINT_WEEKLY_POINTS,patch_anchored_nominal_thursday_week_label,,False
250410,production_sources,2023-01-19,boss,395.654266958424,396,691.0,direct_weekly_rgb,8.774964387392123,azmoth_launch_first_pixel_plus_patch_week_spacing,PROVISIONAL_EQUAL_GRID_USE_250410_JOINT_WEEKLY_POINTS,patch_anchored_nominal_thursday_week_label,0.345733041576068,False
250410,production_sources,2023-01-19,field,395.654266958424,396,769.0,direct_weekly_rgb,24.779023386727733,azmoth_launch_first_pixel_plus_patch_week_spacing,PROVISIONAL_EQUAL_GRID_USE_250410_JOINT_WEEKLY_POINTS,patch_anchored_nominal_thursday_week_label,1.4361779722826213,False
250410,production_sources,2023-01-19,azmoth,395.654266958424,396,,not_observable,,azmoth_launch_first_pixel_plus_patch_week_spacing,PROVISIONAL_EQUAL_GRID_USE_250410_JOINT_WEEKLY_POINTS,patch_anchored_nominal_thursday_week_label,,False
250410,production_sources,2023-01-19,other_coin,395.654266958424,396,,not_observable,,azmoth_launch_first_pixel_plus_patch_week_spacing,PROVISIONAL_EQUAL_GRID_USE_250410_JOINT_WEEKLY_POINTS,patch_anchored_nominal_thursday_week_label,,False
250410,production_sources,2023-01-19,other,395.654266958424,396,,unresolved_no_local_guide,,azmoth_launch_first_pixel_plus_patch_week_spacing,PROVISIONAL_EQUAL_GRID_USE_250410_JOINT_WEEKLY_POINTS,patch_anchored_nominal_thursday_week_label,,False
250410,production_sources,2023-01-26,boss,403.2514728160237,403,690.0,direct_weekly_rgb,9.9498743710662,azmoth_launch_first_pixel_plus_patch_week_spacing,PROVISIONAL_EQUAL_GRID_USE_250410_JOINT_WEEKLY_POINTS,patch_anchored_nominal_thursday_week_label,1.0,False
250410,production_sources,2023-01-26,field,403.2514728160237,403,766.0,direct_weekly_rgb,23.043437243605826,azmoth_launch_first_pixel_plus_patch_week_spacing,PROVISIONAL_EQUAL_GRID_USE_250410_JOINT_WEEKLY_POINTS,patch_anchored_nominal_thursday_week_label,3.4990181226507957,False
250410,production_sources,2023-01-26,azmoth,403.2514728160237,403,,not_observable,,azmoth_launch_first_pixel_plus_patch_week_spacing,PROVISIONAL_EQUAL_GRID_USE_250410_JOINT_WEEKLY_POINTS,patch_anchored_nominal_thursday_week_label,,False
250410,production_sources,2023-01-26,other_coin,403.2514728160237,403,,not_observable,,azmoth_launch_first_pixel_plus_patch_week_spacing,PROVISIONAL_EQUAL_GRID_USE_250410_JOINT_WEEKLY_POINTS,patch_anchored_nominal_thursday_week_label,,False
250410,production_sources,2023-01-26,other,403.2514728160237,403,,unresolved_no_local_guide,,azmoth_launch_first_pixel_plus_patch_week_spacing,PROVISIONAL_EQUAL_GRID_USE_250410_JOINT_WEEKLY_POINTS,patch_anchored_nominal_thursday_week_label,,False
250410,production_sources,2023-02-02,boss,410.84867867362345,411,689.0,direct_weekly_rgb,7.3484692283495345,azmoth_launch_first_pixel_plus_patch_week_spacing,PROVISIONAL_EQUAL_GRID_USE_250410_JOINT_WEEKLY_POINTS,patch_anchored_nominal_thursday_week_label,1.8486786736234535,False
250410,production_sources,2023-02-02,field,410.84867867362345,411,762.0,direct_weekly_rgb,18.708286933869708,azmoth_launch_first_pixel_plus_patch_week_spacing,PROVISIONAL_EQUAL_GRID_USE_250410_JOINT_WEEKLY_POINTS,patch_anchored_nominal_thursday_week_label,1.980250238454687,False
250410,production_sources,2023-02-02,azmoth,410.84867867362345,411,,not_observable,,azmoth_launch_first_pixel_plus_patch_week_spacing,PROVISIONAL_EQUAL_GRID_USE_250410_JOINT_WEEKLY_POINTS,patch_anchored_nominal_thursday_week_label,,False
250410,production_sources,2023-02-02,other_coin,410.84867867362345,411,,not_observable,,azmoth_launch_first_pixel_plus_patch_week_spacing,PROVISIONAL_EQUAL_GRID_USE_250410_JOINT_WEEKLY_POINTS,patch_anchored_nominal_thursday_week_label,,False
250410,production_sources,2023-02-02,other,410.84867867362345,411,,unresolved_no_local_guide,,azmoth_launch_first_pixel_plus_patch_week_spacing,PROVISIONAL_EQUAL_GRID_USE_250410_JOINT_WEEKLY_POINTS,patch_anchored_nominal_thursday_week_label,,False
250410,production_sources,2023-02-09,boss,418.4458845312232,418,693.0,direct_weekly_rgb,5.196152422706632,azmoth_launch_first_pixel_plus_patch_week_spacing,PROVISIONAL_EQUAL_GRID_USE_250410_JOINT_WEEKLY_POINTS,patch_anchored_nominal_thursday_week_label,4.0,False
250410,production_sources,2023-02-09,field,418.4458845312232,418,769.0,direct_weekly_rgb,26.570660511172846,azmoth_launch_first_pixel_plus_patch_week_spacing,PROVISIONAL_EQUAL_GRID_USE_250410_JOINT_WEEKLY_POINTS,patch_anchored_nominal_thursday_week_label,6.554115468776786,False
250410,production_sources,2023-02-09,azmoth,418.4458845312232,418,,not_observable,,azmoth_launch_first_pixel_plus_patch_week_spacing,PROVISIONAL_EQUAL_GRID_USE_250410_JOINT_WEEKLY_POINTS,patch_anchored_nominal_thursday_week_label,,False
250410,production_sources,2023-02-09,other_coin,418.4458845312232,418,,not_observable,,azmoth_launch_first_pixel_plus_patch_week_spacing,PROVISIONAL_EQUAL_GRID_USE_250410_JOINT_WEEKLY_POINTS,patch_anchored_nominal_thursday_week_label,,False
250410,production_sources,2023-02-09,other,418.4458845312232,418,,unresolved_no_local_guide,,azmoth_launch_first_pixel_plus_patch_week_spacing,PROVISIONAL_EQUAL_GRID_USE_250410_JOINT_WEEKLY_POINTS,patch_anchored_nominal_thursday_week_label,,False
250410,production_sources,2023-02-16,boss,426.0430903888229,426,700.0,direct_weekly_rgb,10.770329614269007,azmoth_launch_first_pixel_plus_patch_week_spacing,PROVISIONAL_EQUAL_GRID_USE_250410_JOINT_WEEKLY_POINTS,patch_anchored_nominal_thursday_week_label,2.609212814902776,False
250410,production_sources,2023-02-16,field,426.0430903888229,426,774.0,direct_weekly_rgb,20.024984394500787,azmoth_launch_first_pixel_plus_patch_week_spacing,PROVISIONAL_EQUAL_GRID_USE_250410_JOINT_WEEKLY_POINTS,patch_anchored_nominal_thursday_week_label,0.3476967962742492,False
250410,production_sources,2023-02-16,azmoth,426.0430903888229,426,,not_observable,,azmoth_launch_first_pixel_plus_patch_week_spacing,PROVISIONAL_EQUAL_GRID_USE_250410_JOINT_WEEKLY_POINTS,patch_anchored_nominal_thursday_week_label,,False
250410,production_sources,2023-02-16,other_coin,426.0430903888229,426,,not_observable,,azmoth_launch_first_pixel_plus_patch_week_spacing,PROVISIONAL_EQUAL_GRID_USE_250410_JOINT_WEEKLY_POINTS,patch_anchored_nominal_thursday_week_label,,False
250410,production_sources,2023-02-16,other,426.0430903888229,426,,unresolved_no_local_guide,,azmoth_launch_first_pixel_plus_patch_week_spacing,PROVISIONAL_EQUAL_GRID_USE_250410_JOINT_WEEKLY_POINTS,patch_anchored_nominal_thursday_week_label,,False
250410,production_sources,2023-02-23,boss,433.6402962464227,434,700.0,direct_weekly_rgb,4.242640687119285,azmoth_launch_first_pixel_plus_patch_week_spacing,PROVISIONAL_EQUAL_GRID_USE_250410_JOINT_WEEKLY_POINTS,patch_anchored_nominal_thursday_week_label,0.7601974976150814,False
250410,production_sources,2023-02-23,field,433.6402962464227,434,776.0,direct_weekly_rgb,21.18962010041709,azmoth_launch_first_pixel_plus_patch_week_spacing,PROVISIONAL_EQUAL_GRID_USE_250410_JOINT_WEEKLY_POINTS,patch_anchored_nominal_thursday_week_label,0.11990125119245931,False
250410,production_sources,2023-02-23,azmoth,433.6402962464227,434,,not_observable,,azmoth_launch_first_pixel_plus_patch_week_spacing,PROVISIONAL_EQUAL_GRID_USE_250410_JOINT_WEEKLY_POINTS,patch_anchored_nominal_thursday_week_label,,False
250410,production_sources,2023-02-23,other_coin,433.6402962464227,434,,not_observable,,azmoth_launch_first_pixel_plus_patch_week_spacing,PROVISIONAL_EQUAL_GRID_USE_250410_JOINT_WEEKLY_POINTS,patch_anchored_nominal_thursday_week_label,,False
250410,production_sources,2023-02-23,other,433.6402962464227,434,,unresolved_no_local_guide,,azmoth_launch_first_pixel_plus_patch_week_spacing,PROVISIONAL_EQUAL_GRID_USE_250410_JOINT_WEEKLY_POINTS,patch_anchored_nominal_thursday_week_label,,False
250410,production_sources,2023-03-02,boss,441.2375021040224,441,705.0,direct_weekly_rgb,16.0312195418814,azmoth_launch_first_pixel_plus_patch_week_spacing,PROVISIONAL_EQUAL_GRID_USE_250410_JOINT_WEEKLY_POINTS,patch_anchored_nominal_thursday_week_label,4.825001402681551,False
250410,production_sources,2023-03-02,field,441.2375021040224,441,775.0,direct_weekly_rgb,17.97220075561143,azmoth_launch_first_pixel_plus_patch_week_spacing,PROVISIONAL_EQUAL_GRID_USE_250410_JOINT_WEEKLY_POINTS,patch_anchored_nominal_thursday_week_label,1.0,False
250410,production_sources,2023-03-02,azmoth,441.2375021040224,441,,not_observable,,azmoth_launch_first_pixel_plus_patch_week_spacing,PROVISIONAL_EQUAL_GRID_USE_250410_JOINT_WEEKLY_POINTS,patch_anchored_nominal_thursday_week_label,,False
250410,production_sources,2023-03-02,other_coin,441.2375021040224,441,,not_observable,,azmoth_launch_first_pixel_plus_patch_week_spacing,PROVISIONAL_EQUAL_GRID_USE_250410_JOINT_WEEKLY_POINTS,patch_anchored_nominal_thursday_week_label,,False
250410,production_sources,2023-03-02,other,441.2375021040224,441,,unresolved_no_local_guide,,azmoth_launch_first_pixel_plus_patch_week_spacing,PROVISIONAL_EQUAL_GRID_USE_250410_JOINT_WEEKLY_POINTS,patch_anchored_nominal_thursday_week_label,,False
250410,production_sources,2023-03-09,boss,448.83470796162214,449,712.0,direct_weekly_rgb,17.204650534085253,azmoth_launch_first_pixel_plus_patch_week_spacing,PROVISIONAL_EQUAL_GRID_USE_250410_JOINT_WEEKLY_POINTS,patch_anchored_nominal_thursday_week_label,4.165292038377856,False
250410,production_sources,2023-03-09,field,448.83470796162214,449,776.0,direct_weekly_rgb,18.05547008526779,azmoth_launch_first_pixel_plus_patch_week_spacing,PROVISIONAL_EQUAL_GRID_USE_250410_JOINT_WEEKLY_POINTS,patch_anchored_nominal_thursday_week_label,4.724513269370277,False
250410,production_sources,2023-03-09,azmoth,448.83470796162214,449,,not_observable,,azmoth_launch_first_pixel_plus_patch_week_spacing,PROVISIONAL_EQUAL_GRID_USE_250410_JOINT_WEEKLY_POINTS,patch_anchored_nominal_thursday_week_label,,False
250410,production_sources,2023-03-09,other_coin,448.83470796162214,449,,not_observable,,azmoth_launch_first_pixel_plus_patch_week_spacing,PROVISIONAL_EQUAL_GRID_USE_250410_JOINT_WEEKLY_POINTS,patch_anchored_nominal_thursday_week_label,,False
250410,production_sources,2023-03-09,other,448.83470796162214,449,,unresolved_no_local_guide,,azmoth_launch_first_pixel_plus_patch_week_spacing,PROVISIONAL_EQUAL_GRID_USE_250410_JOINT_WEEKLY_POINTS,patch_anchored_nominal_thursday_week_label,,False
250410,production_sources,2023-03-16,boss,456.4319138192219,456,720.0,direct_weekly_rgb,1.4142135623730951,azmoth_launch_first_pixel_plus_patch_week_spacing,PROVISIONAL_EQUAL_GRID_USE_250410_JOINT_WEEKLY_POINTS,patch_anchored_nominal_thursday_week_label,4.045390787185397,False
250410,production_sources,2023-03-16,field,456.4319138192219,456,786.0,direct_weekly_rgb,22.67156809750927,azmoth_launch_first_pixel_plus_patch_week_spacing,PROVISIONAL_EQUAL_GRID_USE_250410_JOINT_WEEKLY_POINTS,patch_anchored_nominal_thursday_week_label,4.522695393592699,False
250410,production_sources,2023-03-16,azmoth,456.4319138192219,456,,not_observable,,azmoth_launch_first_pixel_plus_patch_week_spacing,PROVISIONAL_EQUAL_GRID_USE_250410_JOINT_WEEKLY_POINTS,patch_anchored_nominal_thursday_week_label,,False
250410,production_sources,2023-03-16,other_coin,456.4319138192219,456,,not_observable,,azmoth_launch_first_pixel_plus_patch_week_spacing,PROVISIONAL_EQUAL_GRID_USE_250410_JOINT_WEEKLY_POINTS,patch_anchored_nominal_thursday_week_label,,False
250410,production_sources,2023-03-16,other,456.4319138192219,456,,unresolved_no_local_guide,,azmoth_launch_first_pixel_plus_patch_week_spacing,PROVISIONAL_EQUAL_GRID_USE_250410_JOINT_WEEKLY_POINTS,patch_anchored_nominal_thursday_week_label,,False
250410,production_sources,2023-03-23,boss,464.0291196768216,464,725.0,direct_weekly_rgb,10.488088481701515,azmoth_launch_first_pixel_plus_patch_week_spacing,PROVISIONAL_EQUAL_GRID_USE_250410_JOINT_WEEKLY_POINTS,patch_anchored_nominal_thursday_week_label,2.980586882118814,False
250410,production_sources,2023-03-23,field,464.0291196768216,464,786.0,direct_weekly_rgb,23.53720459187964,azmoth_launch_first_pixel_plus_patch_week_spacing,PROVISIONAL_EQUAL_GRID_USE_250410_JOINT_WEEKLY_POINTS,patch_anchored_nominal_thursday_week_label,0.0,False
250410,production_sources,2023-03-23,azmoth,464.0291196768216,464,,not_observable,,azmoth_launch_first_pixel_plus_patch_week_spacing,PROVISIONAL_EQUAL_GRID_USE_250410_JOINT_WEEKLY_POINTS,patch_anchored_nominal_thursday_week_label,,False
250410,production_sources,2023-03-23,other_coin,464.0291196768216,464,,not_observable,,azmoth_launch_first_pixel_plus_patch_week_spacing,PROVISIONAL_EQUAL_GRID_USE_250410_JOINT_WEEKLY_POINTS,patch_anchored_nominal_thursday_week_label,,False
250410,production_sources,2023-03-23,other,464.0291196768216,464,,unresolved_no_local_guide,,azmoth_launch_first_pixel_plus_patch_week_spacing,PROVISIONAL_EQUAL_GRID_USE_250410_JOINT_WEEKLY_POINTS,patch_anchored_nominal_thursday_week_label,,False
250410,production_sources,2023-03-30,boss,471.62632553442137,472,726.0,direct_weekly_rgb,3.7416573867739413,azmoth_launch_first_pixel_plus_patch_week_spacing,PROVISIONAL_EQUAL_GRID_USE_250410_JOINT_WEEKLY_POINTS,patch_anchored_nominal_thursday_week_label,1.0,False
250410,production_sources,2023-03-30,field,471.62632553442137,472,786.0,direct_weekly_rgb,21.587033144922902,azmoth_launch_first_pixel_plus_patch_week_spacing,PROVISIONAL_EQUAL_GRID_USE_250410_JOINT_WEEKLY_POINTS,patch_anchored_nominal_thursday_week_label,0.5421085114737707,False
250410,production_sources,2023-03-30,azmoth,471.62632553442137,472,,not_observable,,azmoth_launch_first_pixel_plus_patch_week_spacing,PROVISIONAL_EQUAL_GRID_USE_250410_JOINT_WEEKLY_POINTS,patch_anchored_nominal_thursday_week_label,,False
250410,production_sources,2023-03-30,other_coin,471.62632553442137,472,,not_observable,,azmoth_launch_first_pixel_plus_patch_week_spacing,PROVISIONAL_EQUAL_GRID_USE_250410_JOINT_WEEKLY_POINTS,patch_anchored_nominal_thursday_week_label,,False
250410,production_sources,2023-03-30,other,471.62632553442137,472,,unresolved_no_local_guide,,azmoth_launch_first_pixel_plus_patch_week_spacing,PROVISIONAL_EQUAL_GRID_USE_250410_JOINT_WEEKLY_POINTS,patch_anchored_nominal_thursday_week_label,,False
250410,production_sources,2023-04-06,boss,479.2235313920211,479,728.0,direct_weekly_rgb,6.782329983125268,azmoth_launch_first_pixel_plus_patch_week_spacing,PROVISIONAL_EQUAL_GRID_USE_250410_JOINT_WEEKLY_POINTS,patch_anchored_nominal_thursday_week_label,0.07451046400706218,False
250410,production_sources,2023-04-06,field,479.2235313920211,479,785.0,direct_weekly_rgb,23.0,azmoth_launch_first_pixel_plus_patch_week_spacing,PROVISIONAL_EQUAL_GRID_USE_250410_JOINT_WEEKLY_POINTS,patch_anchored_nominal_thursday_week_label,2.0,False
250410,production_sources,2023-04-06,azmoth,479.2235313920211,479,,not_observable,,azmoth_launch_first_pixel_plus_patch_week_spacing,PROVISIONAL_EQUAL_GRID_USE_250410_JOINT_WEEKLY_POINTS,patch_anchored_nominal_thursday_week_label,,False
250410,production_sources,2023-04-06,other_coin,479.2235313920211,479,,not_observable,,azmoth_launch_first_pixel_plus_patch_week_spacing,PROVISIONAL_EQUAL_GRID_USE_250410_JOINT_WEEKLY_POINTS,patch_anchored_nominal_thursday_week_label,,False
250410,production_sources,2023-04-06,other,479.2235313920211,479,,unresolved_no_local_guide,,azmoth_launch_first_pixel_plus_patch_week_spacing,PROVISIONAL_EQUAL_GRID_USE_250410_JOINT_WEEKLY_POINTS,patch_anchored_nominal_thursday_week_label,,False
250410,production_sources,2023-04-13,boss,486.82073724962083,487,727.0,direct_weekly_rgb,8.306623862918075,azmoth_launch_first_pixel_plus_patch_week_spacing,PROVISIONAL_EQUAL_GRID_USE_250410_JOINT_WEEKLY_POINTS,patch_anchored_nominal_thursday_week_label,2.60691241654024,False
250410,production_sources,2023-04-13,field,486.82073724962083,487,783.0,direct_weekly_rgb,20.808652046684813,azmoth_launch_first_pixel_plus_patch_week_spacing,PROVISIONAL_EQUAL_GRID_USE_250410_JOINT_WEEKLY_POINTS,patch_anchored_nominal_thursday_week_label,1.0,False
250410,production_sources,2023-04-13,azmoth,486.82073724962083,487,,not_observable,,azmoth_launch_first_pixel_plus_patch_week_spacing,PROVISIONAL_EQUAL_GRID_USE_250410_JOINT_WEEKLY_POINTS,patch_anchored_nominal_thursday_week_label,,False
250410,production_sources,2023-04-13,other_coin,486.82073724962083,487,,not_observable,,azmoth_launch_first_pixel_plus_patch_week_spacing,PROVISIONAL_EQUAL_GRID_USE_250410_JOINT_WEEKLY_POINTS,patch_anchored_nominal_thursday_week_label,,False
250410,production_sources,2023-04-13,other,486.82073724962083,487,,unresolved_no_local_guide,,azmoth_launch_first_pixel_plus_patch_week_spacing,PROVISIONAL_EQUAL_GRID_USE_250410_JOINT_WEEKLY_POINTS,patch_anchored_nominal_thursday_week_label,,False
250410,production_sources,2023-04-20,boss,494.41794310722054,494,717.0,direct_weekly_rgb,21.95449840010015,azmoth_launch_first_pixel_plus_patch_week_spacing,PROVISIONAL_EQUAL_GRID_USE_250410_JOINT_WEEKLY_POINTS,patch_anchored_nominal_thursday_week_label,7.0,False
250410,production_sources,2023-04-20,field,494.41794310722054,494,781.0,direct_weekly_rgb,19.697715603592208,azmoth_launch_first_pixel_plus_patch_week_spacing,PROVISIONAL_EQUAL_GRID_USE_250410_JOINT_WEEKLY_POINTS,patch_anchored_nominal_thursday_week_label,1.0,False
250410,production_sources,2023-04-20,azmoth,494.41794310722054,494,,not_observable,,azmoth_launch_first_pixel_plus_patch_week_spacing,PROVISIONAL_EQUAL_GRID_USE_250410_JOINT_WEEKLY_POINTS,patch_anchored_nominal_thursday_week_label,,False
250410,production_sources,2023-04-20,other_coin,494.41794310722054,494,,not_observable,,azmoth_launch_first_pixel_plus_patch_week_spacing,PROVISIONAL_EQUAL_GRID_USE_250410_JOINT_WEEKLY_POINTS,patch_anchored_nominal_thursday_week_label,,False
250410,production_sources,2023-04-20,other,494.41794310722054,494,,unresolved_no_local_guide,,azmoth_launch_first_pixel_plus_patch_week_spacing,PROVISIONAL_EQUAL_GRID_USE_250410_JOINT_WEEKLY_POINTS,patch_anchored_nominal_thursday_week_label,,False
250410,production_sources,2023-04-27,boss,502.0151489648203,502,713.0,direct_weekly_rgb,13.341664064126334,azmoth_launch_first_pixel_plus_patch_week_spacing,PROVISIONAL_EQUAL_GRID_USE_250410_JOINT_WEEKLY_POINTS,patch_anchored_nominal_thursday_week_label,2.656567356786354,False
250410,production_sources,2023-04-27,field,502.0151489648203,502,780.0,direct_weekly_rgb,28.879058156387302,azmoth_launch_first_pixel_plus_patch_week_spacing,PROVISIONAL_EQUAL_GRID_USE_250410_JOINT_WEEKLY_POINTS,patch_anchored_nominal_thursday_week_label,1.0,False
250410,production_sources,2023-04-27,azmoth,502.0151489648203,502,,not_observable,,azmoth_launch_first_pixel_plus_patch_week_spacing,PROVISIONAL_EQUAL_GRID_USE_250410_JOINT_WEEKLY_POINTS,patch_anchored_nominal_thursday_week_label,,False
250410,production_sources,2023-04-27,other_coin,502.0151489648203,502,,not_observable,,azmoth_launch_first_pixel_plus_patch_week_spacing,PROVISIONAL_EQUAL_GRID_USE_250410_JOINT_WEEKLY_POINTS,patch_anchored_nominal_thursday_week_label,,False
250410,production_sources,2023-04-27,other,502.0151489648203,502,,unresolved_no_local_guide,,azmoth_launch_first_pixel_plus_patch_week_spacing,PROVISIONAL_EQUAL_GRID_USE_250410_JOINT_WEEKLY_POINTS,patch_anchored_nominal_thursday_week_label,,False
250410,production_sources,2023-05-04,boss,509.61235482242,510,712.0,direct_weekly_rgb,4.898979485566356,azmoth_launch_first_pixel_plus_patch_week_spacing,PROVISIONAL_EQUAL_GRID_USE_250410_JOINT_WEEKLY_POINTS,patch_anchored_nominal_thursday_week_label,0.0,False
250410,production_sources,2023-05-04,field,509.61235482242,510,777.0,direct_weekly_rgb,26.19160170741759,azmoth_launch_first_pixel_plus_patch_week_spacing,PROVISIONAL_EQUAL_GRID_USE_250410_JOINT_WEEKLY_POINTS,patch_anchored_nominal_thursday_week_label,1.7958817258599993,False
250410,production_sources,2023-05-04,azmoth,509.61235482242,510,,not_observable,,azmoth_launch_first_pixel_plus_patch_week_spacing,PROVISIONAL_EQUAL_GRID_USE_250410_JOINT_WEEKLY_POINTS,patch_anchored_nominal_thursday_week_label,,False
250410,production_sources,2023-05-04,other_coin,509.61235482242,510,,not_observable,,azmoth_launch_first_pixel_plus_patch_week_spacing,PROVISIONAL_EQUAL_GRID_USE_250410_JOINT_WEEKLY_POINTS,patch_anchored_nominal_thursday_week_label,,False
250410,production_sources,2023-05-04,other,509.61235482242,510,,unresolved_no_local_guide,,azmoth_launch_first_pixel_plus_patch_week_spacing,PROVISIONAL_EQUAL_GRID_USE_250410_JOINT_WEEKLY_POINTS,patch_anchored_nominal_thursday_week_label,,False
250410,production_sources,2023-05-11,boss,517.2095606800198,517,713.0,direct_weekly_rgb,7.874007874011811,azmoth_launch_first_pixel_plus_patch_week_spacing,PROVISIONAL_EQUAL_GRID_USE_250410_JOINT_WEEKLY_POINTS,patch_anchored_nominal_thursday_week_label,1.0,False
250410,production_sources,2023-05-11,field,517.2095606800198,517,777.0,direct_weekly_rgb,19.924858845171276,azmoth_launch_first_pixel_plus_patch_week_spacing,PROVISIONAL_EQUAL_GRID_USE_250410_JOINT_WEEKLY_POINTS,patch_anchored_nominal_thursday_week_label,0.0,False
250410,production_sources,2023-05-11,azmoth,517.2095606800198,517,,not_observable,,azmoth_launch_first_pixel_plus_patch_week_spacing,PROVISIONAL_EQUAL_GRID_USE_250410_JOINT_WEEKLY_POINTS,patch_anchored_nominal_thursday_week_label,,False
250410,production_sources,2023-05-11,other_coin,517.2095606800198,517,,not_observable,,azmoth_launch_first_pixel_plus_patch_week_spacing,PROVISIONAL_EQUAL_GRID_USE_250410_JOINT_WEEKLY_POINTS,patch_anchored_nominal_thursday_week_label,,False
250410,production_sources,2023-05-11,other,517.2095606800198,517,,unresolved_no_local_guide,,azmoth_launch_first_pixel_plus_patch_week_spacing,PROVISIONAL_EQUAL_GRID_USE_250410_JOINT_WEEKLY_POINTS,patch_anchored_nominal_thursday_week_label,,False
250410,production_sources,2023-05-18,boss,524.8067665376195,525,712.0,direct_weekly_rgb,9.273618495495704,azmoth_launch_first_pixel_plus_patch_week_spacing,PROVISIONAL_EQUAL_GRID_USE_250410_JOINT_WEEKLY_POINTS,patch_anchored_nominal_thursday_week_label,1.2689221792065837,False
250410,production_sources,2023-05-18,field,524.8067665376195,525,778.0,direct_weekly_rgb,17.378147196982766,azmoth_launch_first_pixel_plus_patch_week_spacing,PROVISIONAL_EQUAL_GRID_USE_250410_JOINT_WEEKLY_POINTS,patch_anchored_nominal_thursday_week_label,0.46215564158706,False
250410,production_sources,2023-05-18,azmoth,524.8067665376195,525,,not_observable,,azmoth_launch_first_pixel_plus_patch_week_spacing,PROVISIONAL_EQUAL_GRID_USE_250410_JOINT_WEEKLY_POINTS,patch_anchored_nominal_thursday_week_label,,False
250410,production_sources,2023-05-18,other_coin,524.8067665376195,525,,not_observable,,azmoth_launch_first_pixel_plus_patch_week_spacing,PROVISIONAL_EQUAL_GRID_USE_250410_JOINT_WEEKLY_POINTS,patch_anchored_nominal_thursday_week_label,,False
250410,production_sources,2023-05-18,other,524.8067665376195,525,,unresolved_no_local_guide,,azmoth_launch_first_pixel_plus_patch_week_spacing,PROVISIONAL_EQUAL_GRID_USE_250410_JOINT_WEEKLY_POINTS,patch_anchored_nominal_thursday_week_label,,False
250410,production_sources,2023-05-25,boss,532.4039723952193,532,710.0,direct_weekly_rgb,7.3484692283495345,azmoth_launch_first_pixel_plus_patch_week_spacing,PROVISIONAL_EQUAL_GRID_USE_250410_JOINT_WEEKLY_POINTS,patch_anchored_nominal_thursday_week_label,2.8013241317397615,False
250410,production_sources,2023-05-25,field,532.4039723952193,532,774.0,direct_weekly_rgb,25.573423705088842,azmoth_launch_first_pixel_plus_patch_week_spacing,PROVISIONAL_EQUAL_GRID_USE_250410_JOINT_WEEKLY_POINTS,patch_anchored_nominal_thursday_week_label,3.1986758682602385,False
250410,production_sources,2023-05-25,azmoth,532.4039723952193,532,,not_observable,,azmoth_launch_first_pixel_plus_patch_week_spacing,PROVISIONAL_EQUAL_GRID_USE_250410_JOINT_WEEKLY_POINTS,patch_anchored_nominal_thursday_week_label,,False
250410,production_sources,2023-05-25,other_coin,532.4039723952193,532,,not_observable,,azmoth_launch_first_pixel_plus_patch_week_spacing,PROVISIONAL_EQUAL_GRID_USE_250410_JOINT_WEEKLY_POINTS,patch_anchored_nominal_thursday_week_label,,False
250410,production_sources,2023-05-25,other,532.4039723952193,532,,unresolved_no_local_guide,,azmoth_launch_first_pixel_plus_patch_week_spacing,PROVISIONAL_EQUAL_GRID_USE_250410_JOINT_WEEKLY_POINTS,patch_anchored_nominal_thursday_week_label,,False
250410,production_sources,2023-06-01,boss,540.0011782528189,540,706.0,direct_weekly_rgb,14.628738838327793,azmoth_launch_first_pixel_plus_patch_week_spacing,PROVISIONAL_EQUAL_GRID_USE_250410_JOINT_WEEKLY_POINTS,patch_anchored_nominal_thursday_week_label,6.0011782528189315,False
250410,production_sources,2023-06-01,field,540.0011782528189,540,775.0,direct_weekly_rgb,24.289915602982237,azmoth_launch_first_pixel_plus_patch_week_spacing,PROVISIONAL_EQUAL_GRID_USE_250410_JOINT_WEEKLY_POINTS,patch_anchored_nominal_thursday_week_label,0.001178252818931469,False
250410,production_sources,2023-06-01,azmoth,540.0011782528189,540,,not_observable,,azmoth_launch_first_pixel_plus_patch_week_spacing,PROVISIONAL_EQUAL_GRID_USE_250410_JOINT_WEEKLY_POINTS,patch_anchored_nominal_thursday_week_label,,False
250410,production_sources,2023-06-01,other_coin,540.0011782528189,540,,not_observable,,azmoth_launch_first_pixel_plus_patch_week_spacing,PROVISIONAL_EQUAL_GRID_USE_250410_JOINT_WEEKLY_POINTS,patch_anchored_nominal_thursday_week_label,,False
250410,production_sources,2023-06-01,other,540.0011782528189,540,,unresolved_no_local_guide,,azmoth_launch_first_pixel_plus_patch_week_spacing,PROVISIONAL_EQUAL_GRID_USE_250410_JOINT_WEEKLY_POINTS,patch_anchored_nominal_thursday_week_label,,False
250410,production_sources,2023-06-08,boss,547.5983841104187,548,692.0,direct_weekly_rgb,21.283796653792763,azmoth_launch_first_pixel_plus_patch_week_spacing,PROVISIONAL_EQUAL_GRID_USE_250410_JOINT_WEEKLY_POINTS,patch_anchored_nominal_thursday_week_label,9.732256073612461,False
250410,production_sources,2023-06-08,field,547.5983841104187,548,769.0,direct_weekly_rgb,29.274562336608895,azmoth_launch_first_pixel_plus_patch_week_spacing,PROVISIONAL_EQUAL_GRID_USE_250410_JOINT_WEEKLY_POINTS,patch_anchored_nominal_thursday_week_label,5.133871963193769,False
250410,production_sources,2023-06-08,azmoth,547.5983841104187,548,,not_observable,,azmoth_launch_first_pixel_plus_patch_week_spacing,PROVISIONAL_EQUAL_GRID_USE_250410_JOINT_WEEKLY_POINTS,patch_anchored_nominal_thursday_week_label,,False
250410,production_sources,2023-06-08,other_coin,547.5983841104187,548,,not_observable,,azmoth_launch_first_pixel_plus_patch_week_spacing,PROVISIONAL_EQUAL_GRID_USE_250410_JOINT_WEEKLY_POINTS,patch_anchored_nominal_thursday_week_label,,False
250410,production_sources,2023-06-08,other,547.5983841104187,548,,unresolved_no_local_guide,,azmoth_launch_first_pixel_plus_patch_week_spacing,PROVISIONAL_EQUAL_GRID_USE_250410_JOINT_WEEKLY_POINTS,patch_anchored_nominal_thursday_week_label,,False
250410,production_sources,2023-06-15,boss,555.1955899680185,555,679.0,direct_weekly_rgb,21.42428528562855,azmoth_launch_first_pixel_plus_patch_week_spacing,PROVISIONAL_EQUAL_GRID_USE_250410_JOINT_WEEKLY_POINTS,patch_anchored_nominal_thursday_week_label,15.398529989339522,True
250410,production_sources,2023-06-15,field,555.1955899680185,555,761.0,direct_weekly_rgb,31.016124838541646,azmoth_launch_first_pixel_plus_patch_week_spacing,PROVISIONAL_EQUAL_GRID_USE_250410_JOINT_WEEKLY_POINTS,patch_anchored_nominal_thursday_week_label,11.608820063963094,True
250410,production_sources,2023-06-15,azmoth,555.1955899680185,555,,not_observable,,azmoth_launch_first_pixel_plus_patch_week_spacing,PROVISIONAL_EQUAL_GRID_USE_250410_JOINT_WEEKLY_POINTS,patch_anchored_nominal_thursday_week_label,,False
250410,production_sources,2023-06-15,other_coin,555.1955899680185,555,,not_observable,,azmoth_launch_first_pixel_plus_patch_week_spacing,PROVISIONAL_EQUAL_GRID_USE_250410_JOINT_WEEKLY_POINTS,patch_anchored_nominal_thursday_week_label,,False
250410,production_sources,2023-06-15,other,555.1955899680185,555,,unresolved_no_local_guide,,azmoth_launch_first_pixel_plus_patch_week_spacing,PROVISIONAL_EQUAL_GRID_USE_250410_JOINT_WEEKLY_POINTS,patch_anchored_nominal_thursday_week_label,,False
250410,production_sources,2023-06-22,boss,562.7927958256182,563,663.0,direct_weekly_rgb,16.431676725154983,azmoth_launch_first_pixel_plus_patch_week_spacing,PROVISIONAL_EQUAL_GRID_USE_250410_JOINT_WEEKLY_POINTS,patch_anchored_nominal_thursday_week_label,13.723727767490914,True
250410,production_sources,2023-06-22,field,562.7927958256182,563,750.0,direct_weekly_rgb,27.367864366808018,azmoth_launch_first_pixel_plus_patch_week_spacing,PROVISIONAL_EQUAL_GRID_USE_250410_JOINT_WEEKLY_POINTS,patch_anchored_nominal_thursday_week_label,3.0,False
250410,production_sources,2023-06-22,azmoth,562.7927958256182,563,,not_observable,,azmoth_launch_first_pixel_plus_patch_week_spacing,PROVISIONAL_EQUAL_GRID_USE_250410_JOINT_WEEKLY_POINTS,patch_anchored_nominal_thursday_week_label,,False
250410,production_sources,2023-06-22,other_coin,562.7927958256182,563,,not_observable,,azmoth_launch_first_pixel_plus_patch_week_spacing,PROVISIONAL_EQUAL_GRID_USE_250410_JOINT_WEEKLY_POINTS,patch_anchored_nominal_thursday_week_label,,False
250410,production_sources,2023-06-22,other,562.7927958256182,563,,unresolved_no_local_guide,,azmoth_launch_first_pixel_plus_patch_week_spacing,PROVISIONAL_EQUAL_GRID_USE_250410_JOINT_WEEKLY_POINTS,patch_anchored_nominal_thursday_week_label,,False
250410,production_sources,2023-06-29,boss,570.390001683218,570,649.0,direct_weekly_rgb,20.445048300260872,azmoth_launch_first_pixel_plus_patch_week_spacing,PROVISIONAL_EQUAL_GRID_USE_250410_JOINT_WEEKLY_POINTS,patch_anchored_nominal_thursday_week_label,10.536666105594009,True
250410,production_sources,2023-06-29,field,570.390001683218,570,747.0,direct_weekly_rgb,19.261360284258224,azmoth_launch_first_pixel_plus_patch_week_spacing,PROVISIONAL_EQUAL_GRID_USE_250410_JOINT_WEEKLY_POINTS,patch_anchored_nominal_thursday_week_label,3.4633338944059915,False
250410,production_sources,2023-06-29,azmoth,570.390001683218,570,,not_observable,,azmoth_launch_first_pixel_plus_patch_week_spacing,PROVISIONAL_EQUAL_GRID_USE_250410_JOINT_WEEKLY_POINTS,patch_anchored_nominal_thursday_week_label,,False
250410,production_sources,2023-06-29,other_coin,570.390001683218,570,,not_observable,,azmoth_launch_first_pixel_plus_patch_week_spacing,PROVISIONAL_EQUAL_GRID_USE_250410_JOINT_WEEKLY_POINTS,patch_anchored_nominal_thursday_week_label,,False
250410,production_sources,2023-06-29,other,570.390001683218,570,,unresolved_no_local_guide,,azmoth_launch_first_pixel_plus_patch_week_spacing,PROVISIONAL_EQUAL_GRID_USE_250410_JOINT_WEEKLY_POINTS,patch_anchored_nominal_thursday_week_label,,False
250410,production_sources,2023-07-06,boss,577.9872075408176,578,633.0,direct_weekly_rgb,19.313207915827967,azmoth_launch_first_pixel_plus_patch_week_spacing,PROVISIONAL_EQUAL_GRID_USE_250410_JOINT_WEEKLY_POINTS,patch_anchored_nominal_thursday_week_label,11.991471693878452,True
250410,production_sources,2023-07-06,field,577.9872075408176,578,734.0,direct_weekly_rgb,22.516660498395403,azmoth_launch_first_pixel_plus_patch_week_spacing,PROVISIONAL_EQUAL_GRID_USE_250410_JOINT_WEEKLY_POINTS,patch_anchored_nominal_thursday_week_label,8.987207540817622,False
250410,production_sources,2023-07-06,azmoth,577.9872075408176,578,,not_observable,,azmoth_launch_first_pixel_plus_patch_week_spacing,PROVISIONAL_EQUAL_GRID_USE_250410_JOINT_WEEKLY_POINTS,patch_anchored_nominal_thursday_week_label,,False
250410,production_sources,2023-07-06,other_coin,577.9872075408176,578,,not_observable,,azmoth_launch_first_pixel_plus_patch_week_spacing,PROVISIONAL_EQUAL_GRID_USE_250410_JOINT_WEEKLY_POINTS,patch_anchored_nominal_thursday_week_label,,False
250410,production_sources,2023-07-06,other,577.9872075408176,578,,unresolved_no_local_guide,,azmoth_launch_first_pixel_plus_patch_week_spacing,PROVISIONAL_EQUAL_GRID_USE_250410_JOINT_WEEKLY_POINTS,patch_anchored_nominal_thursday_week_label,,False
250410,production_sources,2023-07-13,boss,585.5844133984174,586,622.0,direct_weekly_rgb,17.05872210923198,azmoth_launch_first_pixel_plus_patch_week_spacing,PROVISIONAL_EQUAL_GRID_USE_250410_JOINT_WEEKLY_POINTS,patch_anchored_nominal_thursday_week_label,9.112551197889843,False
250410,production_sources,2023-07-13,field,585.5844133984174,586,701.0,direct_weekly_rgb,23.895606290697042,azmoth_launch_first_pixel_plus_patch_week_spacing,PROVISIONAL_EQUAL_GRID_USE_250410_JOINT_WEEKLY_POINTS,patch_anchored_nominal_thursday_week_label,40.13420860685801,True
250410,production_sources,2023-07-13,azmoth,585.5844133984174,586,,not_observable,,azmoth_launch_first_pixel_plus_patch_week_spacing,PROVISIONAL_EQUAL_GRID_USE_250410_JOINT_WEEKLY_POINTS,patch_anchored_nominal_thursday_week_label,,False
250410,production_sources,2023-07-13,other_coin,585.5844133984174,586,,not_observable,,azmoth_launch_first_pixel_plus_patch_week_spacing,PROVISIONAL_EQUAL_GRID_USE_250410_JOINT_WEEKLY_POINTS,patch_anchored_nominal_thursday_week_label,,False
250410,production_sources,2023-07-13,other,585.5844133984174,586,,unresolved_no_local_guide,,azmoth_launch_first_pixel_plus_patch_week_spacing,PROVISIONAL_EQUAL_GRID_USE_250410_JOINT_WEEKLY_POINTS,patch_anchored_nominal_thursday_week_label,,False
250410,production_sources,2023-07-20,boss,593.1816192560171,593,616.0,direct_weekly_rgb,15.7797338380595,azmoth_launch_first_pixel_plus_patch_week_spacing,PROVISIONAL_EQUAL_GRID_USE_250410_JOINT_WEEKLY_POINTS,patch_anchored_nominal_thursday_week_label,5.181619256017143,False
250410,production_sources,2023-07-20,field,593.1816192560171,593,679.0,direct_weekly_rgb,26.70205984563738,azmoth_launch_first_pixel_plus_patch_week_spacing,PROVISIONAL_EQUAL_GRID_USE_250410_JOINT_WEEKLY_POINTS,patch_anchored_nominal_thursday_week_label,4.0605397520056385,False
250410,production_sources,2023-07-20,azmoth,593.1816192560171,593,,not_observable,,azmoth_launch_first_pixel_plus_patch_week_spacing,PROVISIONAL_EQUAL_GRID_USE_250410_JOINT_WEEKLY_POINTS,patch_anchored_nominal_thursday_week_label,,False
250410,production_sources,2023-07-20,other_coin,593.1816192560171,593,,not_observable,,azmoth_launch_first_pixel_plus_patch_week_spacing,PROVISIONAL_EQUAL_GRID_USE_250410_JOINT_WEEKLY_POINTS,patch_anchored_nominal_thursday_week_label,,False
250410,production_sources,2023-07-20,other,593.1816192560171,593,,unresolved_no_local_guide,,azmoth_launch_first_pixel_plus_patch_week_spacing,PROVISIONAL_EQUAL_GRID_USE_250410_JOINT_WEEKLY_POINTS,patch_anchored_nominal_thursday_week_label,,False
250410,production_sources,2023-07-27,boss,600.7788251136169,601,608.0,direct_weekly_rgb,12.569805089976535,azmoth_launch_first_pixel_plus_patch_week_spacing,PROVISIONAL_EQUAL_GRID_USE_250410_JOINT_WEEKLY_POINTS,patch_anchored_nominal_thursday_week_label,5.592941704539044,False
250410,production_sources,2023-07-27,field,600.7788251136169,601,686.0,direct_weekly_rgb,21.93171219946131,azmoth_launch_first_pixel_plus_patch_week_spacing,PROVISIONAL_EQUAL_GRID_USE_250410_JOINT_WEEKLY_POINTS,patch_anchored_nominal_thursday_week_label,4.0,False
250410,production_sources,2023-07-27,azmoth,600.7788251136169,601,,not_observable,,azmoth_launch_first_pixel_plus_patch_week_spacing,PROVISIONAL_EQUAL_GRID_USE_250410_JOINT_WEEKLY_POINTS,patch_anchored_nominal_thursday_week_label,,False
250410,production_sources,2023-07-27,other_coin,600.7788251136169,601,,not_observable,,azmoth_launch_first_pixel_plus_patch_week_spacing,PROVISIONAL_EQUAL_GRID_USE_250410_JOINT_WEEKLY_POINTS,patch_anchored_nominal_thursday_week_label,,False
250410,production_sources,2023-07-27,other,600.7788251136169,601,,unresolved_no_local_guide,,azmoth_launch_first_pixel_plus_patch_week_spacing,PROVISIONAL_EQUAL_GRID_USE_250410_JOINT_WEEKLY_POINTS,patch_anchored_nominal_thursday_week_label,,False
250410,production_sources,2023-08-03,boss,608.3760309712166,608,601.0,direct_weekly_rgb,15.165750888103101,azmoth_launch_first_pixel_plus_patch_week_spacing,PROVISIONAL_EQUAL_GRID_USE_250410_JOINT_WEEKLY_POINTS,patch_anchored_nominal_thursday_week_label,2.0,False
250410,production_sources,2023-08-03,field,608.3760309712166,608,687.0,direct_weekly_rgb,23.280893453645632,azmoth_launch_first_pixel_plus_patch_week_spacing,PROVISIONAL_EQUAL_GRID_USE_250410_JOINT_WEEKLY_POINTS,patch_anchored_nominal_thursday_week_label,1.3760309712165508,False
250410,production_sources,2023-08-03,azmoth,608.3760309712166,608,,not_observable,,azmoth_launch_first_pixel_plus_patch_week_spacing,PROVISIONAL_EQUAL_GRID_USE_250410_JOINT_WEEKLY_POINTS,patch_anchored_nominal_thursday_week_label,,False
250410,production_sources,2023-08-03,other_coin,608.3760309712166,608,,not_observable,,azmoth_launch_first_pixel_plus_patch_week_spacing,PROVISIONAL_EQUAL_GRID_USE_250410_JOINT_WEEKLY_POINTS,patch_anchored_nominal_thursday_week_label,,False
250410,production_sources,2023-08-03,other,608.3760309712166,608,,unresolved_no_local_guide,,azmoth_launch_first_pixel_plus_patch_week_spacing,PROVISIONAL_EQUAL_GRID_USE_250410_JOINT_WEEKLY_POINTS,patch_anchored_nominal_thursday_week_label,,False
250410,production_sources,2023-08-10,boss,615.9732368288163,616,599.0,direct_weekly_rgb,12.884098726725126,azmoth_launch_first_pixel_plus_patch_week_spacing,PROVISIONAL_EQUAL_GRID_USE_250410_JOINT_WEEKLY_POINTS,patch_anchored_nominal_thursday_week_label,0.3154912192107986,False
250410,production_sources,2023-08-10,field,615.9732368288163,616,683.0,direct_weekly_rgb,18.601075237738275,azmoth_launch_first_pixel_plus_patch_week_spacing,PROVISIONAL_EQUAL_GRID_USE_250410_JOINT_WEEKLY_POINTS,patch_anchored_nominal_thursday_week_label,2.0267631711836884,False
250410,production_sources,2023-08-10,azmoth,615.9732368288163,616,,not_observable,,azmoth_launch_first_pixel_plus_patch_week_spacing,PROVISIONAL_EQUAL_GRID_USE_250410_JOINT_WEEKLY_POINTS,patch_anchored_nominal_thursday_week_label,,False
250410,production_sources,2023-08-10,other_coin,615.9732368288163,616,,not_observable,,azmoth_launch_first_pixel_plus_patch_week_spacing,PROVISIONAL_EQUAL_GRID_USE_250410_JOINT_WEEKLY_POINTS,patch_anchored_nominal_thursday_week_label,,False
250410,production_sources,2023-08-10,other,615.9732368288163,616,,unresolved_no_local_guide,,azmoth_launch_first_pixel_plus_patch_week_spacing,PROVISIONAL_EQUAL_GRID_USE_250410_JOINT_WEEKLY_POINTS,patch_anchored_nominal_thursday_week_label,,False
250410,production_sources,2023-08-17,boss,623.5704426864161,624,603.0,direct_weekly_rgb,10.198039027185569,azmoth_launch_first_pixel_plus_patch_week_spacing,PROVISIONAL_EQUAL_GRID_USE_250410_JOINT_WEEKLY_POINTS,patch_anchored_nominal_thursday_week_label,3.239409751445237,False
250410,production_sources,2023-08-17,field,623.5704426864161,624,686.0,direct_weekly_rgb,19.209372712298546,azmoth_launch_first_pixel_plus_patch_week_spacing,PROVISIONAL_EQUAL_GRID_USE_250410_JOINT_WEEKLY_POINTS,patch_anchored_nominal_thursday_week_label,7.239409751445237,False
250410,production_sources,2023-08-17,azmoth,623.5704426864161,624,,not_observable,,azmoth_launch_first_pixel_plus_patch_week_spacing,PROVISIONAL_EQUAL_GRID_USE_250410_JOINT_WEEKLY_POINTS,patch_anchored_nominal_thursday_week_label,,False
250410,production_sources,2023-08-17,other_coin,623.5704426864161,624,,not_observable,,azmoth_launch_first_pixel_plus_patch_week_spacing,PROVISIONAL_EQUAL_GRID_USE_250410_JOINT_WEEKLY_POINTS,patch_anchored_nominal_thursday_week_label,,False
250410,production_sources,2023-08-17,other,623.5704426864161,624,,unresolved_no_local_guide,,azmoth_launch_first_pixel_plus_patch_week_spacing,PROVISIONAL_EQUAL_GRID_USE_250410_JOINT_WEEKLY_POINTS,patch_anchored_nominal_thursday_week_label,,False
250410,production_sources,2023-08-24,boss,631.1676485440158,631,602.0,direct_weekly_rgb,9.486832980505138,azmoth_launch_first_pixel_plus_patch_week_spacing,PROVISIONAL_EQUAL_GRID_USE_250410_JOINT_WEEKLY_POINTS,patch_anchored_nominal_thursday_week_label,2.7225495146718686,False
250410,production_sources,2023-08-24,field,631.1676485440158,631,692.0,direct_weekly_rgb,19.6468827043885,azmoth_launch_first_pixel_plus_patch_week_spacing,PROVISIONAL_EQUAL_GRID_USE_250410_JOINT_WEEKLY_POINTS,patch_anchored_nominal_thursday_week_label,2.0,False
250410,production_sources,2023-08-24,azmoth,631.1676485440158,631,,not_observable,,azmoth_launch_first_pixel_plus_patch_week_spacing,PROVISIONAL_EQUAL_GRID_USE_250410_JOINT_WEEKLY_POINTS,patch_anchored_nominal_thursday_week_label,,False
250410,production_sources,2023-08-24,other_coin,631.1676485440158,631,,not_observable,,azmoth_launch_first_pixel_plus_patch_week_spacing,PROVISIONAL_EQUAL_GRID_USE_250410_JOINT_WEEKLY_POINTS,patch_anchored_nominal_thursday_week_label,,False
250410,production_sources,2023-08-24,other,631.1676485440158,631,,unresolved_no_local_guide,,azmoth_launch_first_pixel_plus_patch_week_spacing,PROVISIONAL_EQUAL_GRID_USE_250410_JOINT_WEEKLY_POINTS,patch_anchored_nominal_thursday_week_label,,False
250410,production_sources,2023-08-31,boss,638.7648544016156,639,599.0,direct_weekly_rgb,6.6332495807108,azmoth_launch_first_pixel_plus_patch_week_spacing,PROVISIONAL_EQUAL_GRID_USE_250410_JOINT_WEEKLY_POINTS,patch_anchored_nominal_thursday_week_label,0.2747573360259139,False
250410,production_sources,2023-08-31,field,638.7648544016156,639,693.0,direct_weekly_rgb,14.89966442575134,azmoth_launch_first_pixel_plus_patch_week_spacing,PROVISIONAL_EQUAL_GRID_USE_250410_JOINT_WEEKLY_POINTS,patch_anchored_nominal_thursday_week_label,3.0198058688208675,False
250410,production_sources,2023-08-31,azmoth,638.7648544016156,639,,not_observable,,azmoth_launch_first_pixel_plus_patch_week_spacing,PROVISIONAL_EQUAL_GRID_USE_250410_JOINT_WEEKLY_POINTS,patch_anchored_nominal_thursday_week_label,,False
250410,production_sources,2023-08-31,other_coin,638.7648544016156,639,,not_observable,,azmoth_launch_first_pixel_plus_patch_week_spacing,PROVISIONAL_EQUAL_GRID_USE_250410_JOINT_WEEKLY_POINTS,patch_anchored_nominal_thursday_week_label,,False
250410,production_sources,2023-08-31,other,638.7648544016156,639,,unresolved_no_local_guide,,azmoth_launch_first_pixel_plus_patch_week_spacing,PROVISIONAL_EQUAL_GRID_USE_250410_JOINT_WEEKLY_POINTS,patch_anchored_nominal_thursday_week_label,,False
250410,production_sources,2023-09-07,boss,646.3620602592152,646,603.0,direct_weekly_rgb,13.30413469565007,azmoth_launch_first_pixel_plus_patch_week_spacing,PROVISIONAL_EQUAL_GRID_USE_250410_JOINT_WEEKLY_POINTS,patch_anchored_nominal_thursday_week_label,3.425293160523097,False
250410,production_sources,2023-09-07,field,646.3620602592152,646,699.0,direct_weekly_rgb,19.519221295943137,azmoth_launch_first_pixel_plus_patch_week_spacing,PROVISIONAL_EQUAL_GRID_USE_250410_JOINT_WEEKLY_POINTS,patch_anchored_nominal_thursday_week_label,5.06323290130797,False
250410,production_sources,2023-09-07,azmoth,646.3620602592152,646,,not_observable,,azmoth_launch_first_pixel_plus_patch_week_spacing,PROVISIONAL_EQUAL_GRID_USE_250410_JOINT_WEEKLY_POINTS,patch_anchored_nominal_thursday_week_label,,False
250410,production_sources,2023-09-07,other_coin,646.3620602592152,646,,not_observable,,azmoth_launch_first_pixel_plus_patch_week_spacing,PROVISIONAL_EQUAL_GRID_USE_250410_JOINT_WEEKLY_POINTS,patch_anchored_nominal_thursday_week_label,,False
250410,production_sources,2023-09-07,other,646.3620602592152,646,,unresolved_no_local_guide,,azmoth_launch_first_pixel_plus_patch_week_spacing,PROVISIONAL_EQUAL_GRID_USE_250410_JOINT_WEEKLY_POINTS,patch_anchored_nominal_thursday_week_label,,False
250410,production_sources,2023-09-14,boss,653.959266116815,654,607.0,direct_weekly_rgb,11.045361017187261,azmoth_launch_first_pixel_plus_patch_week_spacing,PROVISIONAL_EQUAL_GRID_USE_250410_JOINT_WEEKLY_POINTS,patch_anchored_nominal_thursday_week_label,0.27902148908663094,False
250410,production_sources,2023-09-14,field,653.959266116815,654,705.0,direct_weekly_rgb,18.138357147217054,azmoth_launch_first_pixel_plus_patch_week_spacing,PROVISIONAL_EQUAL_GRID_USE_250410_JOINT_WEEKLY_POINTS,patch_anchored_nominal_thursday_week_label,1.0,False
250410,production_sources,2023-09-14,azmoth,653.959266116815,654,,not_observable,,azmoth_launch_first_pixel_plus_patch_week_spacing,PROVISIONAL_EQUAL_GRID_USE_250410_JOINT_WEEKLY_POINTS,patch_anchored_nominal_thursday_week_label,,False
250410,production_sources,2023-09-14,other_coin,653.959266116815,654,,not_observable,,azmoth_launch_first_pixel_plus_patch_week_spacing,PROVISIONAL_EQUAL_GRID_USE_250410_JOINT_WEEKLY_POINTS,patch_anchored_nominal_thursday_week_label,,False
250410,production_sources,2023-09-14,other,653.959266116815,654,,unresolved_no_local_guide,,azmoth_launch_first_pixel_plus_patch_week_spacing,PROVISIONAL_EQUAL_GRID_USE_250410_JOINT_WEEKLY_POINTS,patch_anchored_nominal_thursday_week_label,,False
250410,production_sources,2023-09-21,boss,661.5564719744148,662,599.0,direct_weekly_rgb,15.329709716755891,azmoth_launch_first_pixel_plus_patch_week_spacing,PROVISIONAL_EQUAL_GRID_USE_250410_JOINT_WEEKLY_POINTS,patch_anchored_nominal_thursday_week_label,5.443528025585238,False
250410,production_sources,2023-09-21,field,661.5564719744148,662,708.0,direct_weekly_rgb,22.759613353482084,azmoth_launch_first_pixel_plus_patch_week_spacing,PROVISIONAL_EQUAL_GRID_USE_250410_JOINT_WEEKLY_POINTS,patch_anchored_nominal_thursday_week_label,2.2956853503901584,False
250410,production_sources,2023-09-21,azmoth,661.5564719744148,662,,not_observable,,azmoth_launch_first_pixel_plus_patch_week_spacing,PROVISIONAL_EQUAL_GRID_USE_250410_JOINT_WEEKLY_POINTS,patch_anchored_nominal_thursday_week_label,,False
250410,production_sources,2023-09-21,other_coin,661.5564719744148,662,,not_observable,,azmoth_launch_first_pixel_plus_patch_week_spacing,PROVISIONAL_EQUAL_GRID_USE_250410_JOINT_WEEKLY_POINTS,patch_anchored_nominal_thursday_week_label,,False
250410,production_sources,2023-09-21,other,661.5564719744148,662,,unresolved_no_local_guide,,azmoth_launch_first_pixel_plus_patch_week_spacing,PROVISIONAL_EQUAL_GRID_USE_250410_JOINT_WEEKLY_POINTS,patch_anchored_nominal_thursday_week_label,,False
250410,production_sources,2023-09-28,boss,669.1536778320145,669,589.0,direct_weekly_rgb,17.05872210923198,azmoth_launch_first_pixel_plus_patch_week_spacing,PROVISIONAL_EQUAL_GRID_USE_250410_JOINT_WEEKLY_POINTS,patch_anchored_nominal_thursday_week_label,1.2316108399273844,False
250410,production_sources,2023-09-28,field,669.1536778320145,669,706.0,direct_weekly_rgb,19.1049731745428,azmoth_launch_first_pixel_plus_patch_week_spacing,PROVISIONAL_EQUAL_GRID_USE_250410_JOINT_WEEKLY_POINTS,patch_anchored_nominal_thursday_week_label,0.30735566402904624,False
250410,production_sources,2023-09-28,azmoth,669.1536778320145,669,,not_observable,,azmoth_launch_first_pixel_plus_patch_week_spacing,PROVISIONAL_EQUAL_GRID_USE_250410_JOINT_WEEKLY_POINTS,patch_anchored_nominal_thursday_week_label,,False
250410,production_sources,2023-09-28,other_coin,669.1536778320145,669,,not_observable,,azmoth_launch_first_pixel_plus_patch_week_spacing,PROVISIONAL_EQUAL_GRID_USE_250410_JOINT_WEEKLY_POINTS,patch_anchored_nominal_thursday_week_label,,False
250410,production_sources,2023-09-28,other,669.1536778320145,669,,unresolved_no_local_guide,,azmoth_launch_first_pixel_plus_patch_week_spacing,PROVISIONAL_EQUAL_GRID_USE_250410_JOINT_WEEKLY_POINTS,patch_anchored_nominal_thursday_week_label,,False
250410,production_sources,2023-10-05,boss,676.7508836896143,677,603.0,direct_weekly_rgb,15.684387141358123,azmoth_launch_first_pixel_plus_patch_week_spacing,PROVISIONAL_EQUAL_GRID_USE_250410_JOINT_WEEKLY_POINTS,patch_anchored_nominal_thursday_week_label,9.249116310385716,False
250410,production_sources,2023-10-05,field,676.7508836896143,677,714.0,direct_weekly_rgb,20.639767440550294,azmoth_launch_first_pixel_plus_patch_week_spacing,PROVISIONAL_EQUAL_GRID_USE_250410_JOINT_WEEKLY_POINTS,patch_anchored_nominal_thursday_week_label,4.415193850642822,False
250410,production_sources,2023-10-05,azmoth,676.7508836896143,677,,not_observable,,azmoth_launch_first_pixel_plus_patch_week_spacing,PROVISIONAL_EQUAL_GRID_USE_250410_JOINT_WEEKLY_POINTS,patch_anchored_nominal_thursday_week_label,,False
250410,production_sources,2023-10-05,other_coin,676.7508836896143,677,,not_observable,,azmoth_launch_first_pixel_plus_patch_week_spacing,PROVISIONAL_EQUAL_GRID_USE_250410_JOINT_WEEKLY_POINTS,patch_anchored_nominal_thursday_week_label,,False
250410,production_sources,2023-10-05,other,676.7508836896143,677,,unresolved_no_local_guide,,azmoth_launch_first_pixel_plus_patch_week_spacing,PROVISIONAL_EQUAL_GRID_USE_250410_JOINT_WEEKLY_POINTS,patch_anchored_nominal_thursday_week_label,,False
250410,production_sources,2023-10-12,boss,684.3480895472139,684,609.0,direct_weekly_rgb,16.522711641858304,azmoth_launch_first_pixel_plus_patch_week_spacing,PROVISIONAL_EQUAL_GRID_USE_250410_JOINT_WEEKLY_POINTS,patch_anchored_nominal_thursday_week_label,2.5506368175953185,False
250410,production_sources,2023-10-12,field,684.3480895472139,684,714.0,direct_weekly_rgb,23.043437243605826,azmoth_launch_first_pixel_plus_patch_week_spacing,PROVISIONAL_EQUAL_GRID_USE_250410_JOINT_WEEKLY_POINTS,patch_anchored_nominal_thursday_week_label,2.0,False
250410,production_sources,2023-10-12,azmoth,684.3480895472139,684,,not_observable,,azmoth_launch_first_pixel_plus_patch_week_spacing,PROVISIONAL_EQUAL_GRID_USE_250410_JOINT_WEEKLY_POINTS,patch_anchored_nominal_thursday_week_label,,False
250410,production_sources,2023-10-12,other_coin,684.3480895472139,684,,not_observable,,azmoth_launch_first_pixel_plus_patch_week_spacing,PROVISIONAL_EQUAL_GRID_USE_250410_JOINT_WEEKLY_POINTS,patch_anchored_nominal_thursday_week_label,,False
250410,production_sources,2023-10-12,other,684.3480895472139,684,,unresolved_no_local_guide,,azmoth_launch_first_pixel_plus_patch_week_spacing,PROVISIONAL_EQUAL_GRID_USE_250410_JOINT_WEEKLY_POINTS,patch_anchored_nominal_thursday_week_label,,False
250410,production_sources,2023-10-19,boss,691.9452954048137,692,609.0,direct_weekly_rgb,9.539392014169456,azmoth_launch_first_pixel_plus_patch_week_spacing,PROVISIONAL_EQUAL_GRID_USE_250410_JOINT_WEEKLY_POINTS,patch_anchored_nominal_thursday_week_label,1.9635302698758323,False
250410,production_sources,2023-10-19,field,691.9452954048137,692,711.0,direct_weekly_rgb,22.38302928559939,azmoth_launch_first_pixel_plus_patch_week_spacing,PROVISIONAL_EQUAL_GRID_USE_250410_JOINT_WEEKLY_POINTS,patch_anchored_nominal_thursday_week_label,1.0182348650621407,False
250410,production_sources,2023-10-19,azmoth,691.9452954048137,692,,not_observable,,azmoth_launch_first_pixel_plus_patch_week_spacing,PROVISIONAL_EQUAL_GRID_USE_250410_JOINT_WEEKLY_POINTS,patch_anchored_nominal_thursday_week_label,,False
250410,production_sources,2023-10-19,other_coin,691.9452954048137,692,,not_observable,,azmoth_launch_first_pixel_plus_patch_week_spacing,PROVISIONAL_EQUAL_GRID_USE_250410_JOINT_WEEKLY_POINTS,patch_anchored_nominal_thursday_week_label,,False
250410,production_sources,2023-10-19,other,691.9452954048137,692,,unresolved_no_local_guide,,azmoth_launch_first_pixel_plus_patch_week_spacing,PROVISIONAL_EQUAL_GRID_USE_250410_JOINT_WEEKLY_POINTS,patch_anchored_nominal_thursday_week_label,,False
250410,production_sources,2023-10-26,boss,699.5425012624135,700,602.0,direct_weekly_rgb,16.583123951777,azmoth_launch_first_pixel_plus_patch_week_spacing,PROVISIONAL_EQUAL_GRID_USE_250410_JOINT_WEEKLY_POINTS,patch_anchored_nominal_thursday_week_label,3.9716658250576984,False
250410,production_sources,2023-10-26,field,699.5425012624135,700,713.0,direct_weekly_rgb,17.72004514666935,azmoth_launch_first_pixel_plus_patch_week_spacing,PROVISIONAL_EQUAL_GRID_USE_250410_JOINT_WEEKLY_POINTS,patch_anchored_nominal_thursday_week_label,2.0,False
250410,production_sources,2023-10-26,azmoth,699.5425012624135,700,,not_observable,,azmoth_launch_first_pixel_plus_patch_week_spacing,PROVISIONAL_EQUAL_GRID_USE_250410_JOINT_WEEKLY_POINTS,patch_anchored_nominal_thursday_week_label,,False
250410,production_sources,2023-10-26,other_coin,699.5425012624135,700,,not_observable,,azmoth_launch_first_pixel_plus_patch_week_spacing,PROVISIONAL_EQUAL_GRID_USE_250410_JOINT_WEEKLY_POINTS,patch_anchored_nominal_thursday_week_label,,False
250410,production_sources,2023-10-26,other,699.5425012624135,700,,unresolved_no_local_guide,,azmoth_launch_first_pixel_plus_patch_week_spacing,PROVISIONAL_EQUAL_GRID_USE_250410_JOINT_WEEKLY_POINTS,patch_anchored_nominal_thursday_week_label,,False
250410,production_sources,2023-11-02,boss,707.1397071200132,707,598.0,direct_weekly_rgb,7.0,azmoth_launch_first_pixel_plus_patch_week_spacing,PROVISIONAL_EQUAL_GRID_USE_250410_JOINT_WEEKLY_POINTS,patch_anchored_nominal_thursday_week_label,1.674016719969245,False
250410,production_sources,2023-11-02,field,707.1397071200132,707,718.0,direct_weekly_rgb,26.645825188948457,azmoth_launch_first_pixel_plus_patch_week_spacing,PROVISIONAL_EQUAL_GRID_USE_250410_JOINT_WEEKLY_POINTS,patch_anchored_nominal_thursday_week_label,4.8137238399823445,False
250410,production_sources,2023-11-02,azmoth,707.1397071200132,707,,not_observable,,azmoth_launch_first_pixel_plus_patch_week_spacing,PROVISIONAL_EQUAL_GRID_USE_250410_JOINT_WEEKLY_POINTS,patch_anchored_nominal_thursday_week_label,,False
250410,production_sources,2023-11-02,other_coin,707.1397071200132,707,,not_observable,,azmoth_launch_first_pixel_plus_patch_week_spacing,PROVISIONAL_EQUAL_GRID_USE_250410_JOINT_WEEKLY_POINTS,patch_anchored_nominal_thursday_week_label,,False
250410,production_sources,2023-11-02,other,707.1397071200132,707,,unresolved_no_local_guide,,azmoth_launch_first_pixel_plus_patch_week_spacing,PROVISIONAL_EQUAL_GRID_USE_250410_JOINT_WEEKLY_POINTS,patch_anchored_nominal_thursday_week_label,,False
250410,production_sources,2023-11-09,boss,714.736912977613,715,607.0,direct_weekly_rgb,17.378147196982766,azmoth_launch_first_pixel_plus_patch_week_spacing,PROVISIONAL_EQUAL_GRID_USE_250410_JOINT_WEEKLY_POINTS,patch_anchored_nominal_thursday_week_label,6.105145037311672,False
250410,production_sources,2023-11-09,field,714.736912977613,715,718.0,direct_weekly_rgb,21.840329667841555,azmoth_launch_first_pixel_plus_patch_week_spacing,PROVISIONAL_EQUAL_GRID_USE_250410_JOINT_WEEKLY_POINTS,patch_anchored_nominal_thursday_week_label,1.736912977612974,False
250410,production_sources,2023-11-09,azmoth,714.736912977613,715,,not_observable,,azmoth_launch_first_pixel_plus_patch_week_spacing,PROVISIONAL_EQUAL_GRID_USE_250410_JOINT_WEEKLY_POINTS,patch_anchored_nominal_thursday_week_label,,False
250410,production_sources,2023-11-09,other_coin,714.736912977613,715,,not_observable,,azmoth_launch_first_pixel_plus_patch_week_spacing,PROVISIONAL_EQUAL_GRID_USE_250410_JOINT_WEEKLY_POINTS,patch_anchored_nominal_thursday_week_label,,False
250410,production_sources,2023-11-09,other,714.736912977613,715,,unresolved_no_local_guide,,azmoth_launch_first_pixel_plus_patch_week_spacing,PROVISIONAL_EQUAL_GRID_USE_250410_JOINT_WEEKLY_POINTS,patch_anchored_nominal_thursday_week_label,,False
250410,production_sources,2023-11-16,boss,722.3341188352126,722,609.0,direct_weekly_rgb,6.708203932499369,azmoth_launch_first_pixel_plus_patch_week_spacing,PROVISIONAL_EQUAL_GRID_USE_250410_JOINT_WEEKLY_POINTS,patch_anchored_nominal_thursday_week_label,3.0,False
250410,production_sources,2023-11-16,field,722.3341188352126,722,721.0,direct_weekly_rgb,20.92844953645635,azmoth_launch_first_pixel_plus_patch_week_spacing,PROVISIONAL_EQUAL_GRID_USE_250410_JOINT_WEEKLY_POINTS,patch_anchored_nominal_thursday_week_label,4.222745890141709,False
250410,production_sources,2023-11-16,azmoth,722.3341188352126,722,,not_observable,,azmoth_launch_first_pixel_plus_patch_week_spacing,PROVISIONAL_EQUAL_GRID_USE_250410_JOINT_WEEKLY_POINTS,patch_anchored_nominal_thursday_week_label,,False
250410,production_sources,2023-11-16,other_coin,722.3341188352126,722,,not_observable,,azmoth_launch_first_pixel_plus_patch_week_spacing,PROVISIONAL_EQUAL_GRID_USE_250410_JOINT_WEEKLY_POINTS,patch_anchored_nominal_thursday_week_label,,False
250410,production_sources,2023-11-16,other,722.3341188352126,722,,unresolved_no_local_guide,,azmoth_launch_first_pixel_plus_patch_week_spacing,PROVISIONAL_EQUAL_GRID_USE_250410_JOINT_WEEKLY_POINTS,patch_anchored_nominal_thursday_week_label,,False
250410,production_sources,2023-11-23,boss,729.9313246928124,730,614.0,direct_weekly_rgb,5.744562646538029,azmoth_launch_first_pixel_plus_patch_week_spacing,PROVISIONAL_EQUAL_GRID_USE_250410_JOINT_WEEKLY_POINTS,patch_anchored_nominal_thursday_week_label,2.0686753071876183,False
250410,production_sources,2023-11-23,field,729.9313246928124,730,734.0,direct_weekly_rgb,26.90724809414742,azmoth_launch_first_pixel_plus_patch_week_spacing,PROVISIONAL_EQUAL_GRID_USE_250410_JOINT_WEEKLY_POINTS,patch_anchored_nominal_thursday_week_label,7.712450204791708,False
250410,production_sources,2023-11-23,azmoth,729.9313246928124,730,,not_observable,,azmoth_launch_first_pixel_plus_patch_week_spacing,PROVISIONAL_EQUAL_GRID_USE_250410_JOINT_WEEKLY_POINTS,patch_anchored_nominal_thursday_week_label,,False
250410,production_sources,2023-11-23,other_coin,729.9313246928124,730,,not_observable,,azmoth_launch_first_pixel_plus_patch_week_spacing,PROVISIONAL_EQUAL_GRID_USE_250410_JOINT_WEEKLY_POINTS,patch_anchored_nominal_thursday_week_label,,False
250410,production_sources,2023-11-23,other,729.9313246928124,730,,unresolved_no_local_guide,,azmoth_launch_first_pixel_plus_patch_week_spacing,PROVISIONAL_EQUAL_GRID_USE_250410_JOINT_WEEKLY_POINTS,patch_anchored_nominal_thursday_week_label,,False
250410,production_sources,2023-11-30,boss,737.5285305504121,738,609.0,direct_weekly_rgb,9.9498743710662,azmoth_launch_first_pixel_plus_patch_week_spacing,PROVISIONAL_EQUAL_GRID_USE_250410_JOINT_WEEKLY_POINTS,patch_anchored_nominal_thursday_week_label,0.7667620490383342,False
250410,production_sources,2023-11-30,field,737.5285305504121,738,737.0,direct_weekly_rgb,20.591260281974,azmoth_launch_first_pixel_plus_patch_week_spacing,PROVISIONAL_EQUAL_GRID_USE_250410_JOINT_WEEKLY_POINTS,patch_anchored_nominal_thursday_week_label,3.823823149862619,False
250410,production_sources,2023-11-30,azmoth,737.5285305504121,738,,not_observable,,azmoth_launch_first_pixel_plus_patch_week_spacing,PROVISIONAL_EQUAL_GRID_USE_250410_JOINT_WEEKLY_POINTS,patch_anchored_nominal_thursday_week_label,,False
250410,production_sources,2023-11-30,other_coin,737.5285305504121,738,,not_observable,,azmoth_launch_first_pixel_plus_patch_week_spacing,PROVISIONAL_EQUAL_GRID_USE_250410_JOINT_WEEKLY_POINTS,patch_anchored_nominal_thursday_week_label,,False
250410,production_sources,2023-11-30,other,737.5285305504121,738,,unresolved_no_local_guide,,azmoth_launch_first_pixel_plus_patch_week_spacing,PROVISIONAL_EQUAL_GRID_USE_250410_JOINT_WEEKLY_POINTS,patch_anchored_nominal_thursday_week_label,,False
250410,production_sources,2023-12-07,boss,745.1257364080119,745,621.0,direct_weekly_rgb,3.7416573867739413,azmoth_launch_first_pixel_plus_patch_week_spacing,PROVISIONAL_EQUAL_GRID_USE_250410_JOINT_WEEKLY_POINTS,patch_anchored_nominal_thursday_week_label,6.457105986646866,False
250410,production_sources,2023-12-07,field,745.1257364080119,745,740.0,direct_weekly_rgb,21.0,azmoth_launch_first_pixel_plus_patch_week_spacing,PROVISIONAL_EQUAL_GRID_USE_250410_JOINT_WEEKLY_POINTS,patch_anchored_nominal_thursday_week_label,1.2914211973294414,False
250410,production_sources,2023-12-07,azmoth,745.1257364080119,745,,not_observable,,azmoth_launch_first_pixel_plus_patch_week_spacing,PROVISIONAL_EQUAL_GRID_USE_250410_JOINT_WEEKLY_POINTS,patch_anchored_nominal_thursday_week_label,,False
250410,production_sources,2023-12-07,other_coin,745.1257364080119,745,,not_observable,,azmoth_launch_first_pixel_plus_patch_week_spacing,PROVISIONAL_EQUAL_GRID_USE_250410_JOINT_WEEKLY_POINTS,patch_anchored_nominal_thursday_week_label,,False
250410,production_sources,2023-12-07,other,745.1257364080119,745,,unresolved_no_local_guide,,azmoth_launch_first_pixel_plus_patch_week_spacing,PROVISIONAL_EQUAL_GRID_USE_250410_JOINT_WEEKLY_POINTS,patch_anchored_nominal_thursday_week_label,,False
250410,production_sources,2023-12-14,boss,752.7229422656117,753,619.0,direct_weekly_rgb,9.055385138137417,azmoth_launch_first_pixel_plus_patch_week_spacing,PROVISIONAL_EQUAL_GRID_USE_250410_JOINT_WEEKLY_POINTS,patch_anchored_nominal_thursday_week_label,7.409807552038842,False
250410,production_sources,2023-12-14,field,752.7229422656117,753,741.0,direct_weekly_rgb,24.535688292770594,azmoth_launch_first_pixel_plus_patch_week_spacing,PROVISIONAL_EQUAL_GRID_USE_250410_JOINT_WEEKLY_POINTS,patch_anchored_nominal_thursday_week_label,6.75901924479615,False
250410,production_sources,2023-12-14,azmoth,752.7229422656117,753,,not_observable,,azmoth_launch_first_pixel_plus_patch_week_spacing,PROVISIONAL_EQUAL_GRID_USE_250410_JOINT_WEEKLY_POINTS,patch_anchored_nominal_thursday_week_label,,False
250410,production_sources,2023-12-14,other_coin,752.7229422656117,753,,not_observable,,azmoth_launch_first_pixel_plus_patch_week_spacing,PROVISIONAL_EQUAL_GRID_USE_250410_JOINT_WEEKLY_POINTS,patch_anchored_nominal_thursday_week_label,,False
250410,production_sources,2023-12-14,other,752.7229422656117,753,,unresolved_no_local_guide,,azmoth_launch_first_pixel_plus_patch_week_spacing,PROVISIONAL_EQUAL_GRID_USE_250410_JOINT_WEEKLY_POINTS,patch_anchored_nominal_thursday_week_label,,False
250410,production_sources,2023-12-21,boss,760.3201481232113,760,593.0,direct_weekly_rgb,16.881943016134134,azmoth_launch_first_pixel_plus_patch_week_spacing,PROVISIONAL_EQUAL_GRID_USE_250410_JOINT_WEEKLY_POINTS,patch_anchored_nominal_thursday_week_label,14.039555630366067,True
250410,production_sources,2023-12-21,field,760.3201481232113,760,726.0,direct_weekly_rgb,30.347981810987037,azmoth_launch_first_pixel_plus_patch_week_spacing,PROVISIONAL_EQUAL_GRID_USE_250410_JOINT_WEEKLY_POINTS,patch_anchored_nominal_thursday_week_label,9.546765415474283,False
250410,production_sources,2023-12-21,azmoth,760.3201481232113,760,,not_observable,,azmoth_launch_first_pixel_plus_patch_week_spacing,PROVISIONAL_EQUAL_GRID_USE_250410_JOINT_WEEKLY_POINTS,patch_anchored_nominal_thursday_week_label,,False
250410,production_sources,2023-12-21,other_coin,760.3201481232113,760,,not_observable,,azmoth_launch_first_pixel_plus_patch_week_spacing,PROVISIONAL_EQUAL_GRID_USE_250410_JOINT_WEEKLY_POINTS,patch_anchored_nominal_thursday_week_label,,False
250410,production_sources,2023-12-21,other,760.3201481232113,760,,unresolved_no_local_guide,,azmoth_launch_first_pixel_plus_patch_week_spacing,PROVISIONAL_EQUAL_GRID_USE_250410_JOINT_WEEKLY_POINTS,patch_anchored_nominal_thursday_week_label,,False
250410,production_sources,2023-12-28,boss,767.9173539808111,768,584.0,direct_weekly_rgb,17.11724276862369,azmoth_launch_first_pixel_plus_patch_week_spacing,PROVISIONAL_EQUAL_GRID_USE_250410_JOINT_WEEKLY_POINTS,patch_anchored_nominal_thursday_week_label,5.553722717837104,False
250410,production_sources,2023-12-28,field,767.9173539808111,768,723.0,direct_weekly_rgb,16.401219466856727,azmoth_launch_first_pixel_plus_patch_week_spacing,PROVISIONAL_EQUAL_GRID_USE_250410_JOINT_WEEKLY_POINTS,patch_anchored_nominal_thursday_week_label,1.694215339729567,False
250410,production_sources,2023-12-28,azmoth,767.9173539808111,768,,not_observable,,azmoth_launch_first_pixel_plus_patch_week_spacing,PROVISIONAL_EQUAL_GRID_USE_250410_JOINT_WEEKLY_POINTS,patch_anchored_nominal_thursday_week_label,,False
250410,production_sources,2023-12-28,other_coin,767.9173539808111,768,,not_observable,,azmoth_launch_first_pixel_plus_patch_week_spacing,PROVISIONAL_EQUAL_GRID_USE_250410_JOINT_WEEKLY_POINTS,patch_anchored_nominal_thursday_week_label,,False
250410,production_sources,2023-12-28,other,767.9173539808111,768,,unresolved_no_local_guide,,azmoth_launch_first_pixel_plus_patch_week_spacing,PROVISIONAL_EQUAL_GRID_USE_250410_JOINT_WEEKLY_POINTS,patch_anchored_nominal_thursday_week_label,,False
250410,production_sources,2024-01-04,boss,775.5145598384108,776,586.0,direct_weekly_rgb,7.0710678118654755,azmoth_launch_first_pixel_plus_patch_week_spacing,PROVISIONAL_EQUAL_GRID_USE_250410_JOINT_WEEKLY_POINTS,patch_anchored_nominal_thursday_week_label,2.0,False
250410,production_sources,2024-01-04,field,775.5145598384108,776,722.0,direct_weekly_rgb,22.44994432064365,azmoth_launch_first_pixel_plus_patch_week_spacing,PROVISIONAL_EQUAL_GRID_USE_250410_JOINT_WEEKLY_POINTS,patch_anchored_nominal_thursday_week_label,3.5145598384108325,False
250410,production_sources,2024-01-04,azmoth,775.5145598384108,776,,not_observable,,azmoth_launch_first_pixel_plus_patch_week_spacing,PROVISIONAL_EQUAL_GRID_USE_250410_JOINT_WEEKLY_POINTS,patch_anchored_nominal_thursday_week_label,,False
250410,production_sources,2024-01-04,other_coin,775.5145598384108,776,,not_observable,,azmoth_launch_first_pixel_plus_patch_week_spacing,PROVISIONAL_EQUAL_GRID_USE_250410_JOINT_WEEKLY_POINTS,patch_anchored_nominal_thursday_week_label,,False
250410,production_sources,2024-01-04,other,775.5145598384108,776,,unresolved_no_local_guide,,azmoth_launch_first_pixel_plus_patch_week_spacing,PROVISIONAL_EQUAL_GRID_USE_250410_JOINT_WEEKLY_POINTS,patch_anchored_nominal_thursday_week_label,,False
250410,production_sources,2024-01-11,boss,783.1117656960106,783,585.0,direct_weekly_rgb,5.477225575051661,azmoth_launch_first_pixel_plus_patch_week_spacing,PROVISIONAL_EQUAL_GRID_USE_250410_JOINT_WEEKLY_POINTS,patch_anchored_nominal_thursday_week_label,2.1117656960105933,False
250410,production_sources,2024-01-11,field,783.1117656960106,783,713.0,direct_weekly_rgb,30.822070014844883,azmoth_launch_first_pixel_plus_patch_week_spacing,PROVISIONAL_EQUAL_GRID_USE_250410_JOINT_WEEKLY_POINTS,patch_anchored_nominal_thursday_week_label,8.111765696010593,False
250410,production_sources,2024-01-11,azmoth,783.1117656960106,783,,not_observable,,azmoth_launch_first_pixel_plus_patch_week_spacing,PROVISIONAL_EQUAL_GRID_USE_250410_JOINT_WEEKLY_POINTS,patch_anchored_nominal_thursday_week_label,,False
250410,production_sources,2024-01-11,other_coin,783.1117656960106,783,,not_observable,,azmoth_launch_first_pixel_plus_patch_week_spacing,PROVISIONAL_EQUAL_GRID_USE_250410_JOINT_WEEKLY_POINTS,patch_anchored_nominal_thursday_week_label,,False
250410,production_sources,2024-01-11,other,783.1117656960106,783,,unresolved_no_local_guide,,azmoth_launch_first_pixel_plus_patch_week_spacing,PROVISIONAL_EQUAL_GRID_USE_250410_JOINT_WEEKLY_POINTS,patch_anchored_nominal_thursday_week_label,,False
250410,production_sources,2024-01-18,boss,790.7089715536104,791,580.0,direct_weekly_rgb,1.7320508075688772,azmoth_launch_first_pixel_plus_patch_week_spacing,PROVISIONAL_EQUAL_GRID_USE_250410_JOINT_WEEKLY_POINTS,patch_anchored_nominal_thursday_week_label,2.291028446389646,False
250410,production_sources,2024-01-18,field,790.7089715536104,791,702.0,direct_weekly_rgb,15.165750888103101,azmoth_launch_first_pixel_plus_patch_week_spacing,PROVISIONAL_EQUAL_GRID_USE_250410_JOINT_WEEKLY_POINTS,patch_anchored_nominal_thursday_week_label,0.8730853391689379,False
250410,production_sources,2024-01-18,azmoth,790.7089715536104,791,,not_observable,,azmoth_launch_first_pixel_plus_patch_week_spacing,PROVISIONAL_EQUAL_GRID_USE_250410_JOINT_WEEKLY_POINTS,patch_anchored_nominal_thursday_week_label,,False
250410,production_sources,2024-01-18,other_coin,790.7089715536104,791,,not_observable,,azmoth_launch_first_pixel_plus_patch_week_spacing,PROVISIONAL_EQUAL_GRID_USE_250410_JOINT_WEEKLY_POINTS,patch_anchored_nominal_thursday_week_label,,False
250410,production_sources,2024-01-18,other,790.7089715536104,791,,unresolved_no_local_guide,,azmoth_launch_first_pixel_plus_patch_week_spacing,PROVISIONAL_EQUAL_GRID_USE_250410_JOINT_WEEKLY_POINTS,patch_anchored_nominal_thursday_week_label,,False
250410,production_sources,2024-01-25,boss,798.30617741121,798,580.0,direct_weekly_rgb,4.123105625617661,azmoth_launch_first_pixel_plus_patch_week_spacing,PROVISIONAL_EQUAL_GRID_USE_250410_JOINT_WEEKLY_POINTS,patch_anchored_nominal_thursday_week_label,2.1769623520167443,False
250410,production_sources,2024-01-25,field,798.30617741121,798,712.0,direct_weekly_rgb,22.58317958127243,azmoth_launch_first_pixel_plus_patch_week_spacing,PROVISIONAL_EQUAL_GRID_USE_250410_JOINT_WEEKLY_POINTS,patch_anchored_nominal_thursday_week_label,8.82303764798337,False
250410,production_sources,2024-01-25,azmoth,798.30617741121,798,,not_observable,,azmoth_launch_first_pixel_plus_patch_week_spacing,PROVISIONAL_EQUAL_GRID_USE_250410_JOINT_WEEKLY_POINTS,patch_anchored_nominal_thursday_week_label,,False
250410,production_sources,2024-01-25,other_coin,798.30617741121,798,,not_observable,,azmoth_launch_first_pixel_plus_patch_week_spacing,PROVISIONAL_EQUAL_GRID_USE_250410_JOINT_WEEKLY_POINTS,patch_anchored_nominal_thursday_week_label,,False
250410,production_sources,2024-01-25,other,798.30617741121,798,,unresolved_no_local_guide,,azmoth_launch_first_pixel_plus_patch_week_spacing,PROVISIONAL_EQUAL_GRID_USE_250410_JOINT_WEEKLY_POINTS,patch_anchored_nominal_thursday_week_label,,False
250410,production_sources,2024-02-01,boss,805.9033832688098,806,570.0,direct_weekly_rgb,9.055385138137417,azmoth_launch_first_pixel_plus_patch_week_spacing,PROVISIONAL_EQUAL_GRID_USE_250410_JOINT_WEEKLY_POINTS,patch_anchored_nominal_thursday_week_label,3.225439039443927,False
250410,production_sources,2024-02-01,field,805.9033832688098,806,720.0,direct_weekly_rgb,22.045407685048602,azmoth_launch_first_pixel_plus_patch_week_spacing,PROVISIONAL_EQUAL_GRID_USE_250410_JOINT_WEEKLY_POINTS,patch_anchored_nominal_thursday_week_label,2.128822308253689,False
250410,production_sources,2024-02-01,azmoth,805.9033832688098,806,,not_observable,,azmoth_launch_first_pixel_plus_patch_week_spacing,PROVISIONAL_EQUAL_GRID_USE_250410_JOINT_WEEKLY_POINTS,patch_anchored_nominal_thursday_week_label,,False
250410,production_sources,2024-02-01,other_coin,805.9033832688098,806,,not_observable,,azmoth_launch_first_pixel_plus_patch_week_spacing,PROVISIONAL_EQUAL_GRID_USE_250410_JOINT_WEEKLY_POINTS,patch_anchored_nominal_thursday_week_label,,False
250410,production_sources,2024-02-01,other,805.9033832688098,806,,unresolved_no_local_guide,,azmoth_launch_first_pixel_plus_patch_week_spacing,PROVISIONAL_EQUAL_GRID_USE_250410_JOINT_WEEKLY_POINTS,patch_anchored_nominal_thursday_week_label,,False
250410,production_sources,2024-02-08,boss,813.5005891264095,814,586.0,direct_weekly_rgb,10.344080432788601,azmoth_launch_first_pixel_plus_patch_week_spacing,PROVISIONAL_EQUAL_GRID_USE_250410_JOINT_WEEKLY_POINTS,patch_anchored_nominal_thursday_week_label,9.498625371711114,False
250410,production_sources,2024-02-08,field,813.5005891264095,814,723.0,direct_weekly_rgb,18.867962264113206,azmoth_launch_first_pixel_plus_patch_week_spacing,PROVISIONAL_EQUAL_GRID_USE_250410_JOINT_WEEKLY_POINTS,patch_anchored_nominal_thursday_week_label,1.9996072490603183,False
250410,production_sources,2024-02-08,azmoth,813.5005891264095,814,,not_observable,,azmoth_launch_first_pixel_plus_patch_week_spacing,PROVISIONAL_EQUAL_GRID_USE_250410_JOINT_WEEKLY_POINTS,patch_anchored_nominal_thursday_week_label,,False
250410,production_sources,2024-02-08,other_coin,813.5005891264095,814,,not_observable,,azmoth_launch_first_pixel_plus_patch_week_spacing,PROVISIONAL_EQUAL_GRID_USE_250410_JOINT_WEEKLY_POINTS,patch_anchored_nominal_thursday_week_label,,False
250410,production_sources,2024-02-08,other,813.5005891264095,814,,unresolved_no_local_guide,,azmoth_launch_first_pixel_plus_patch_week_spacing,PROVISIONAL_EQUAL_GRID_USE_250410_JOINT_WEEKLY_POINTS,patch_anchored_nominal_thursday_week_label,,False
250410,production_sources,2024-02-15,boss,821.0977949840092,821,587.0,direct_weekly_rgb,4.898979485566356,azmoth_launch_first_pixel_plus_patch_week_spacing,PROVISIONAL_EQUAL_GRID_USE_250410_JOINT_WEEKLY_POINTS,patch_anchored_nominal_thursday_week_label,0.9674016719969813,False
250410,production_sources,2024-02-15,field,821.0977949840092,821,724.0,direct_weekly_rgb,24.919871588754223,azmoth_launch_first_pixel_plus_patch_week_spacing,PROVISIONAL_EQUAL_GRID_USE_250410_JOINT_WEEKLY_POINTS,patch_anchored_nominal_thursday_week_label,1.065196656006151,False
250410,production_sources,2024-02-15,azmoth,821.0977949840092,821,,not_observable,,azmoth_launch_first_pixel_plus_patch_week_spacing,PROVISIONAL_EQUAL_GRID_USE_250410_JOINT_WEEKLY_POINTS,patch_anchored_nominal_thursday_week_label,,False
250410,production_sources,2024-02-15,other_coin,821.0977949840092,821,,not_observable,,azmoth_launch_first_pixel_plus_patch_week_spacing,PROVISIONAL_EQUAL_GRID_USE_250410_JOINT_WEEKLY_POINTS,patch_anchored_nominal_thursday_week_label,,False
250410,production_sources,2024-02-15,other,821.0977949840092,821,,unresolved_no_local_guide,,azmoth_launch_first_pixel_plus_patch_week_spacing,PROVISIONAL_EQUAL_GRID_USE_250410_JOINT_WEEKLY_POINTS,patch_anchored_nominal_thursday_week_label,,False
250410,production_sources,2024-02-22,boss,828.695000841609,829,587.0,direct_weekly_rgb,8.246211251235321,azmoth_launch_first_pixel_plus_patch_week_spacing,PROVISIONAL_EQUAL_GRID_USE_250410_JOINT_WEEKLY_POINTS,patch_anchored_nominal_thursday_week_label,6.215003085899866,False
250410,production_sources,2024-02-22,field,828.695000841609,829,720.0,direct_weekly_rgb,22.11334438749598,azmoth_launch_first_pixel_plus_patch_week_spacing,PROVISIONAL_EQUAL_GRID_USE_250410_JOINT_WEEKLY_POINTS,patch_anchored_nominal_thursday_week_label,2.434999719463576,False
250410,production_sources,2024-02-22,azmoth,828.695000841609,829,,not_observable,,azmoth_launch_first_pixel_plus_patch_week_spacing,PROVISIONAL_EQUAL_GRID_USE_250410_JOINT_WEEKLY_POINTS,patch_anchored_nominal_thursday_week_label,,False
250410,production_sources,2024-02-22,other_coin,828.695000841609,829,,unresolved_rgb,,azmoth_launch_first_pixel_plus_patch_week_spacing,PROVISIONAL_EQUAL_GRID_USE_250410_JOINT_WEEKLY_POINTS,patch_anchored_nominal_thursday_week_label,,False
250410,production_sources,2024-02-22,other,828.695000841609,829,,unresolved_no_local_guide,,azmoth_launch_first_pixel_plus_patch_week_spacing,PROVISIONAL_EQUAL_GRID_USE_250410_JOINT_WEEKLY_POINTS,patch_anchored_nominal_thursday_week_label,,False
250410,production_sources,2024-02-29,boss,836.2922066992087,836,570.0,direct_weekly_rgb,14.866068747318506,azmoth_launch_first_pixel_plus_patch_week_spacing,PROVISIONAL_EQUAL_GRID_USE_250410_JOINT_WEEKLY_POINTS,patch_anchored_nominal_thursday_week_label,2.318184368513016,False
250410,production_sources,2024-02-29,field,836.2922066992087,836,719.0,direct_weekly_rgb,19.05255888325765,azmoth_launch_first_pixel_plus_patch_week_spacing,PROVISIONAL_EQUAL_GRID_USE_250410_JOINT_WEEKLY_POINTS,patch_anchored_nominal_thursday_week_label,0.0,False
250410,production_sources,2024-02-29,azmoth,836.2922066992087,836,,not_observable,,azmoth_launch_first_pixel_plus_patch_week_spacing,PROVISIONAL_EQUAL_GRID_USE_250410_JOINT_WEEKLY_POINTS,patch_anchored_nominal_thursday_week_label,,False
250410,production_sources,2024-02-29,other_coin,836.2922066992087,836,773.0,direct_weekly_rgb,21.42428528562855,azmoth_launch_first_pixel_plus_patch_week_spacing,PROVISIONAL_EQUAL_GRID_USE_250410_JOINT_WEEKLY_POINTS,patch_anchored_nominal_thursday_week_label,,False
250410,production_sources,2024-02-29,other,836.2922066992087,836,,unresolved_no_local_guide,,azmoth_launch_first_pixel_plus_patch_week_spacing,PROVISIONAL_EQUAL_GRID_USE_250410_JOINT_WEEKLY_POINTS,patch_anchored_nominal_thursday_week_label,,False
250410,production_sources,2024-03-07,boss,843.8894125568085,844,584.0,direct_weekly_rgb,24.61706725018234,azmoth_launch_first_pixel_plus_patch_week_spacing,PROVISIONAL_EQUAL_GRID_USE_250410_JOINT_WEEKLY_POINTS,patch_anchored_nominal_thursday_week_label,10.37019581439722,True
250410,production_sources,2024-03-07,field,843.8894125568085,844,719.0,direct_weekly_rgb,20.71231517720798,azmoth_launch_first_pixel_plus_patch_week_spacing,PROVISIONAL_EQUAL_GRID_USE_250410_JOINT_WEEKLY_POINTS,patch_anchored_nominal_thursday_week_label,0.0,False
250410,production_sources,2024-03-07,azmoth,843.8894125568085,844,,not_observable,,azmoth_launch_first_pixel_plus_patch_week_spacing,PROVISIONAL_EQUAL_GRID_USE_250410_JOINT_WEEKLY_POINTS,patch_anchored_nominal_thursday_week_label,,False
250410,production_sources,2024-03-07,other_coin,843.8894125568085,844,784.0,direct_weekly_rgb,25.553864678361276,azmoth_launch_first_pixel_plus_patch_week_spacing,PROVISIONAL_EQUAL_GRID_USE_250410_JOINT_WEEKLY_POINTS,patch_anchored_nominal_thursday_week_label,,False
250410,production_sources,2024-03-07,other,843.8894125568085,844,,unresolved_no_local_guide,,azmoth_launch_first_pixel_plus_patch_week_spacing,PROVISIONAL_EQUAL_GRID_USE_250410_JOINT_WEEKLY_POINTS,patch_anchored_nominal_thursday_week_label,,False
250410,production_sources,2024-03-14,boss,851.4866184144082,851,584.0,direct_weekly_rgb,10.723805294763608,azmoth_launch_first_pixel_plus_patch_week_spacing,PROVISIONAL_EQUAL_GRID_USE_250410_JOINT_WEEKLY_POINTS,patch_anchored_nominal_thursday_week_label,2.6488245525442835,False
250410,production_sources,2024-03-14,field,851.4866184144082,851,719.0,direct_weekly_rgb,18.138357147217054,azmoth_launch_first_pixel_plus_patch_week_spacing,PROVISIONAL_EQUAL_GRID_USE_250410_JOINT_WEEKLY_POINTS,patch_anchored_nominal_thursday_week_label,0.32441227627214175,False
250410,production_sources,2024-03-14,azmoth,851.4866184144082,851,,not_observable,,azmoth_launch_first_pixel_plus_patch_week_spacing,PROVISIONAL_EQUAL_GRID_USE_250410_JOINT_WEEKLY_POINTS,patch_anchored_nominal_thursday_week_label,,False
250410,production_sources,2024-03-14,other_coin,851.4866184144082,851,785.0,direct_weekly_rgb,20.346989949375804,azmoth_launch_first_pixel_plus_patch_week_spacing,PROVISIONAL_EQUAL_GRID_USE_250410_JOINT_WEEKLY_POINTS,patch_anchored_nominal_thursday_week_label,,False
250410,production_sources,2024-03-14,other,851.4866184144082,851,,unresolved_no_local_guide,,azmoth_launch_first_pixel_plus_patch_week_spacing,PROVISIONAL_EQUAL_GRID_USE_250410_JOINT_WEEKLY_POINTS,patch_anchored_nominal_thursday_week_label,,False
250410,production_sources,2024-03-21,boss,859.0838242720079,859,598.0,direct_weekly_rgb,9.16515138991168,azmoth_launch_first_pixel_plus_patch_week_spacing,PROVISIONAL_EQUAL_GRID_USE_250410_JOINT_WEEKLY_POINTS,patch_anchored_nominal_thursday_week_label,7.137743365314918,False
250410,production_sources,2024-03-21,field,859.0838242720079,859,724.0,direct_weekly_rgb,23.790754506740637,azmoth_launch_first_pixel_plus_patch_week_spacing,PROVISIONAL_EQUAL_GRID_USE_250410_JOINT_WEEKLY_POINTS,patch_anchored_nominal_thursday_week_label,3.610783818661389,False
250410,production_sources,2024-03-21,azmoth,859.0838242720079,859,,not_observable,,azmoth_launch_first_pixel_plus_patch_week_spacing,PROVISIONAL_EQUAL_GRID_USE_250410_JOINT_WEEKLY_POINTS,patch_anchored_nominal_thursday_week_label,,False
250410,production_sources,2024-03-21,other_coin,859.0838242720079,859,789.0,direct_weekly_rgb,12.36931687685298,azmoth_launch_first_pixel_plus_patch_week_spacing,PROVISIONAL_EQUAL_GRID_USE_250410_JOINT_WEEKLY_POINTS,patch_anchored_nominal_thursday_week_label,,False
250410,production_sources,2024-03-21,other,859.0838242720079,859,,unresolved_no_local_guide,,azmoth_launch_first_pixel_plus_patch_week_spacing,PROVISIONAL_EQUAL_GRID_USE_250410_JOINT_WEEKLY_POINTS,patch_anchored_nominal_thursday_week_label,,False
250410,production_sources,2024-03-28,boss,866.6810301296077,867,590.0,direct_weekly_rgb,14.89966442575134,azmoth_launch_first_pixel_plus_patch_week_spacing,PROVISIONAL_EQUAL_GRID_USE_250410_JOINT_WEEKLY_POINTS,patch_anchored_nominal_thursday_week_label,3.6379397407845318,False
250410,production_sources,2024-03-28,field,866.6810301296077,867,725.0,direct_weekly_rgb,22.516660498395403,azmoth_launch_first_pixel_plus_patch_week_spacing,PROVISIONAL_EQUAL_GRID_USE_250410_JOINT_WEEKLY_POINTS,patch_anchored_nominal_thursday_week_label,4.221230993659219,False
250410,production_sources,2024-03-28,azmoth,866.6810301296077,867,,not_observable,,azmoth_launch_first_pixel_plus_patch_week_spacing,PROVISIONAL_EQUAL_GRID_USE_250410_JOINT_WEEKLY_POINTS,patch_anchored_nominal_thursday_week_label,,False
250410,production_sources,2024-03-28,other_coin,866.6810301296077,867,786.0,direct_weekly_rgb,19.209372712298546,azmoth_launch_first_pixel_plus_patch_week_spacing,PROVISIONAL_EQUAL_GRID_USE_250410_JOINT_WEEKLY_POINTS,patch_anchored_nominal_thursday_week_label,,False
250410,production_sources,2024-03-28,other,866.6810301296077,867,,unresolved_no_local_guide,,azmoth_launch_first_pixel_plus_patch_week_spacing,PROVISIONAL_EQUAL_GRID_USE_250410_JOINT_WEEKLY_POINTS,patch_anchored_nominal_thursday_week_label,,False
250410,production_sources,2024-04-04,boss,874.2782359872074,874,593.0,direct_weekly_rgb,12.529964086141668,azmoth_launch_first_pixel_plus_patch_week_spacing,PROVISIONAL_EQUAL_GRID_USE_250410_JOINT_WEEKLY_POINTS,patch_anchored_nominal_thursday_week_label,5.037647982943213,False
250410,production_sources,2024-04-04,field,874.2782359872074,874,691.0,direct_weekly_rgb,18.466185312619388,azmoth_launch_first_pixel_plus_patch_week_spacing,PROVISIONAL_EQUAL_GRID_USE_250410_JOINT_WEEKLY_POINTS,patch_anchored_nominal_thursday_week_label,18.05234808954833,True
250410,production_sources,2024-04-04,azmoth,874.2782359872074,874,,not_observable,,azmoth_launch_first_pixel_plus_patch_week_spacing,PROVISIONAL_EQUAL_GRID_USE_250410_JOINT_WEEKLY_POINTS,patch_anchored_nominal_thursday_week_label,,False
250410,production_sources,2024-04-04,other_coin,874.2782359872074,874,788.0,direct_weekly_rgb,24.677925358506133,azmoth_launch_first_pixel_plus_patch_week_spacing,PROVISIONAL_EQUAL_GRID_USE_250410_JOINT_WEEKLY_POINTS,patch_anchored_nominal_thursday_week_label,,False
250410,production_sources,2024-04-04,other,874.2782359872074,874,,unresolved_no_local_guide,,azmoth_launch_first_pixel_plus_patch_week_spacing,PROVISIONAL_EQUAL_GRID_USE_250410_JOINT_WEEKLY_POINTS,patch_anchored_nominal_thursday_week_label,,False
250410,production_sources,2024-04-11,boss,881.8754418448071,882,601.0,direct_weekly_rgb,11.445523142259598,azmoth_launch_first_pixel_plus_patch_week_spacing,PROVISIONAL_EQUAL_GRID_USE_250410_JOINT_WEEKLY_POINTS,patch_anchored_nominal_thursday_week_label,1.124558155192858,False
250410,production_sources,2024-04-11,field,881.8754418448071,882,698.0,direct_weekly_rgb,29.410882339705484,azmoth_launch_first_pixel_plus_patch_week_spacing,PROVISIONAL_EQUAL_GRID_USE_250410_JOINT_WEEKLY_POINTS,patch_anchored_nominal_thursday_week_label,9.167255793076151,False
250410,production_sources,2024-04-11,azmoth,881.8754418448071,882,,not_observable,,azmoth_launch_first_pixel_plus_patch_week_spacing,PROVISIONAL_EQUAL_GRID_USE_250410_JOINT_WEEKLY_POINTS,patch_anchored_nominal_thursday_week_label,,False
250410,production_sources,2024-04-11,other_coin,881.8754418448071,882,791.0,direct_weekly_rgb,23.53720459187964,azmoth_launch_first_pixel_plus_patch_week_spacing,PROVISIONAL_EQUAL_GRID_USE_250410_JOINT_WEEKLY_POINTS,patch_anchored_nominal_thursday_week_label,,False
250410,production_sources,2024-04-11,other,881.8754418448071,882,,unresolved_no_local_guide,,azmoth_launch_first_pixel_plus_patch_week_spacing,PROVISIONAL_EQUAL_GRID_USE_250410_JOINT_WEEKLY_POINTS,patch_anchored_nominal_thursday_week_label,,False
250410,production_sources,2024-04-18,boss,889.4726477024069,889,596.0,direct_weekly_rgb,17.204650534085253,azmoth_launch_first_pixel_plus_patch_week_spacing,PROVISIONAL_EQUAL_GRID_USE_250410_JOINT_WEEKLY_POINTS,patch_anchored_nominal_thursday_week_label,5.472647702406903,False
250410,production_sources,2024-04-18,field,889.4726477024069,889,711.0,direct_weekly_rgb,12.884098726725126,azmoth_launch_first_pixel_plus_patch_week_spacing,PROVISIONAL_EQUAL_GRID_USE_250410_JOINT_WEEKLY_POINTS,patch_anchored_nominal_thursday_week_label,8.054704595186195,False
250410,production_sources,2024-04-18,azmoth,889.4726477024069,889,,not_observable,,azmoth_launch_first_pixel_plus_patch_week_spacing,PROVISIONAL_EQUAL_GRID_USE_250410_JOINT_WEEKLY_POINTS,patch_anchored_nominal_thursday_week_label,,False
250410,production_sources,2024-04-18,other_coin,889.4726477024069,889,793.0,direct_weekly_rgb,19.519221295943137,azmoth_launch_first_pixel_plus_patch_week_spacing,PROVISIONAL_EQUAL_GRID_USE_250410_JOINT_WEEKLY_POINTS,patch_anchored_nominal_thursday_week_label,,False
250410,production_sources,2024-04-18,other,889.4726477024069,889,,unresolved_no_local_guide,,azmoth_launch_first_pixel_plus_patch_week_spacing,PROVISIONAL_EQUAL_GRID_USE_250410_JOINT_WEEKLY_POINTS,patch_anchored_nominal_thursday_week_label,,False
250410,production_sources,2024-04-25,boss,897.0698535600065,897,577.0,direct_weekly_rgb,12.328828005937952,azmoth_launch_first_pixel_plus_patch_week_spacing,PROVISIONAL_EQUAL_GRID_USE_250410_JOINT_WEEKLY_POINTS,patch_anchored_nominal_thursday_week_label,11.433821466644872,True
250410,production_sources,2024-04-25,field,897.0698535600065,897,713.0,direct_weekly_rgb,21.587033144922902,azmoth_launch_first_pixel_plus_patch_week_spacing,PROVISIONAL_EQUAL_GRID_USE_250410_JOINT_WEEKLY_POINTS,patch_anchored_nominal_thursday_week_label,0.6433821466644076,False
250410,production_sources,2024-04-25,azmoth,897.0698535600065,897,,not_observable,,azmoth_launch_first_pixel_plus_patch_week_spacing,PROVISIONAL_EQUAL_GRID_USE_250410_JOINT_WEEKLY_POINTS,patch_anchored_nominal_thursday_week_label,,False
250410,production_sources,2024-04-25,other_coin,897.0698535600065,897,787.0,direct_weekly_rgb,16.55294535724685,azmoth_launch_first_pixel_plus_patch_week_spacing,PROVISIONAL_EQUAL_GRID_USE_250410_JOINT_WEEKLY_POINTS,patch_anchored_nominal_thursday_week_label,,False
250410,production_sources,2024-04-25,other,897.0698535600065,897,,unresolved_no_local_guide,,azmoth_launch_first_pixel_plus_patch_week_spacing,PROVISIONAL_EQUAL_GRID_USE_250410_JOINT_WEEKLY_POINTS,patch_anchored_nominal_thursday_week_label,,False
250410,production_sources,2024-05-02,boss,904.6670594176064,905,575.0,direct_weekly_rgb,7.0710678118654755,azmoth_launch_first_pixel_plus_patch_week_spacing,PROVISIONAL_EQUAL_GRID_USE_250410_JOINT_WEEKLY_POINTS,patch_anchored_nominal_thursday_week_label,0.6670594176064242,False
250410,production_sources,2024-05-02,field,904.6670594176064,905,715.0,direct_weekly_rgb,26.095976701399778,azmoth_launch_first_pixel_plus_patch_week_spacing,PROVISIONAL_EQUAL_GRID_USE_250410_JOINT_WEEKLY_POINTS,patch_anchored_nominal_thursday_week_label,2.0,False
250410,production_sources,2024-05-02,azmoth,904.6670594176064,905,,not_observable,,azmoth_launch_first_pixel_plus_patch_week_spacing,PROVISIONAL_EQUAL_GRID_USE_250410_JOINT_WEEKLY_POINTS,patch_anchored_nominal_thursday_week_label,,False
250410,production_sources,2024-05-02,other_coin,904.6670594176064,905,788.0,direct_weekly_rgb,18.708286933869708,azmoth_launch_first_pixel_plus_patch_week_spacing,PROVISIONAL_EQUAL_GRID_USE_250410_JOINT_WEEKLY_POINTS,patch_anchored_nominal_thursday_week_label,,False
250410,production_sources,2024-05-02,other,904.6670594176064,905,,unresolved_no_local_guide,,azmoth_launch_first_pixel_plus_patch_week_spacing,PROVISIONAL_EQUAL_GRID_USE_250410_JOINT_WEEKLY_POINTS,patch_anchored_nominal_thursday_week_label,,False
250410,production_sources,2024-05-09,boss,912.2642652752061,912,584.0,direct_weekly_rgb,8.774964387392123,azmoth_launch_first_pixel_plus_patch_week_spacing,PROVISIONAL_EQUAL_GRID_USE_250410_JOINT_WEEKLY_POINTS,patch_anchored_nominal_thursday_week_label,6.4714694495878575,False
250410,production_sources,2024-05-09,field,912.2642652752061,912,714.0,direct_weekly_rgb,19.0,azmoth_launch_first_pixel_plus_patch_week_spacing,PROVISIONAL_EQUAL_GRID_USE_250410_JOINT_WEEKLY_POINTS,patch_anchored_nominal_thursday_week_label,0.26426527520607124,False
250410,production_sources,2024-05-09,azmoth,912.2642652752061,912,,not_observable,,azmoth_launch_first_pixel_plus_patch_week_spacing,PROVISIONAL_EQUAL_GRID_USE_250410_JOINT_WEEKLY_POINTS,patch_anchored_nominal_thursday_week_label,,False
250410,production_sources,2024-05-09,other_coin,912.2642652752061,912,792.0,direct_weekly_rgb,20.83266665599966,azmoth_launch_first_pixel_plus_patch_week_spacing,PROVISIONAL_EQUAL_GRID_USE_250410_JOINT_WEEKLY_POINTS,patch_anchored_nominal_thursday_week_label,,False
250410,production_sources,2024-05-09,other,912.2642652752061,912,,unresolved_no_local_guide,,azmoth_launch_first_pixel_plus_patch_week_spacing,PROVISIONAL_EQUAL_GRID_USE_250410_JOINT_WEEKLY_POINTS,patch_anchored_nominal_thursday_week_label,,False
250410,production_sources,2024-05-16,boss,919.8614711328058,920,589.0,direct_weekly_rgb,4.123105625617661,azmoth_launch_first_pixel_plus_patch_week_spacing,PROVISIONAL_EQUAL_GRID_USE_250410_JOINT_WEEKLY_POINTS,patch_anchored_nominal_thursday_week_label,2.0923525781294074,False
250410,production_sources,2024-05-16,field,919.8614711328058,920,716.0,direct_weekly_rgb,19.924858845171276,azmoth_launch_first_pixel_plus_patch_week_spacing,PROVISIONAL_EQUAL_GRID_USE_250410_JOINT_WEEKLY_POINTS,patch_anchored_nominal_thursday_week_label,0.861471132805832,False
250410,production_sources,2024-05-16,azmoth,919.8614711328058,920,,not_observable,,azmoth_launch_first_pixel_plus_patch_week_spacing,PROVISIONAL_EQUAL_GRID_USE_250410_JOINT_WEEKLY_POINTS,patch_anchored_nominal_thursday_week_label,,False
250410,production_sources,2024-05-16,other_coin,919.8614711328058,920,792.0,direct_weekly_rgb,14.696938456699069,azmoth_launch_first_pixel_plus_patch_week_spacing,PROVISIONAL_EQUAL_GRID_USE_250410_JOINT_WEEKLY_POINTS,patch_anchored_nominal_thursday_week_label,,False
250410,production_sources,2024-05-16,other,919.8614711328058,920,,unresolved_no_local_guide,,azmoth_launch_first_pixel_plus_patch_week_spacing,PROVISIONAL_EQUAL_GRID_USE_250410_JOINT_WEEKLY_POINTS,patch_anchored_nominal_thursday_week_label,,False
250410,production_sources,2024-05-23,boss,927.4586769904056,927,587.0,direct_weekly_rgb,17.72004514666935,azmoth_launch_first_pixel_plus_patch_week_spacing,PROVISIONAL_EQUAL_GRID_USE_250410_JOINT_WEEKLY_POINTS,patch_anchored_nominal_thursday_week_label,8.917353980811185,False
250410,production_sources,2024-05-23,field,927.4586769904056,927,714.0,direct_weekly_rgb,16.401219466856727,azmoth_launch_first_pixel_plus_patch_week_spacing,PROVISIONAL_EQUAL_GRID_USE_250410_JOINT_WEEKLY_POINTS,patch_anchored_nominal_thursday_week_label,2.0,False
250410,production_sources,2024-05-23,azmoth,927.4586769904056,927,,not_observable,,azmoth_launch_first_pixel_plus_patch_week_spacing,PROVISIONAL_EQUAL_GRID_USE_250410_JOINT_WEEKLY_POINTS,patch_anchored_nominal_thursday_week_label,,False
250410,production_sources,2024-05-23,other_coin,927.4586769904056,927,792.0,direct_weekly_rgb,21.77154105707724,azmoth_launch_first_pixel_plus_patch_week_spacing,PROVISIONAL_EQUAL_GRID_USE_250410_JOINT_WEEKLY_POINTS,patch_anchored_nominal_thursday_week_label,,False
250410,production_sources,2024-05-23,other,927.4586769904056,927,,unresolved_no_local_guide,,azmoth_launch_first_pixel_plus_patch_week_spacing,PROVISIONAL_EQUAL_GRID_USE_250410_JOINT_WEEKLY_POINTS,patch_anchored_nominal_thursday_week_label,,False
250410,production_sources,2024-05-30,boss,935.0558828480052,935,563.0,direct_weekly_rgb,18.841443681416774,azmoth_launch_first_pixel_plus_patch_week_spacing,PROVISIONAL_EQUAL_GRID_USE_250410_JOINT_WEEKLY_POINTS,patch_anchored_nominal_thursday_week_label,10.701958143972092,True
250410,production_sources,2024-05-30,field,935.0558828480052,935,715.0,direct_weekly_rgb,21.77154105707724,azmoth_launch_first_pixel_plus_patch_week_spacing,PROVISIONAL_EQUAL_GRID_USE_250410_JOINT_WEEKLY_POINTS,patch_anchored_nominal_thursday_week_label,2.8323514559842806,False
250410,production_sources,2024-05-30,azmoth,935.0558828480052,935,,not_observable,,azmoth_launch_first_pixel_plus_patch_week_spacing,PROVISIONAL_EQUAL_GRID_USE_250410_JOINT_WEEKLY_POINTS,patch_anchored_nominal_thursday_week_label,,False
250410,production_sources,2024-05-30,other_coin,935.0558828480052,935,782.0,direct_weekly_rgb,13.601470508735444,azmoth_launch_first_pixel_plus_patch_week_spacing,PROVISIONAL_EQUAL_GRID_USE_250410_JOINT_WEEKLY_POINTS,patch_anchored_nominal_thursday_week_label,,False
250410,production_sources,2024-05-30,other,935.0558828480052,935,,unresolved_no_local_guide,,azmoth_launch_first_pixel_plus_patch_week_spacing,PROVISIONAL_EQUAL_GRID_USE_250410_JOINT_WEEKLY_POINTS,patch_anchored_nominal_thursday_week_label,,False
250410,production_sources,2024-06-06,boss,942.653088705605,943,569.0,direct_weekly_rgb,6.928203230275509,azmoth_launch_first_pixel_plus_patch_week_spacing,PROVISIONAL_EQUAL_GRID_USE_250410_JOINT_WEEKLY_POINTS,patch_anchored_nominal_thursday_week_label,3.3469112943949995,False
250410,production_sources,2024-06-06,field,942.653088705605,943,706.0,direct_weekly_rgb,18.05547008526779,azmoth_launch_first_pixel_plus_patch_week_spacing,PROVISIONAL_EQUAL_GRID_USE_250410_JOINT_WEEKLY_POINTS,patch_anchored_nominal_thursday_week_label,4.142793020254999,False
250410,production_sources,2024-06-06,azmoth,942.653088705605,943,,not_observable,,azmoth_launch_first_pixel_plus_patch_week_spacing,PROVISIONAL_EQUAL_GRID_USE_250410_JOINT_WEEKLY_POINTS,patch_anchored_nominal_thursday_week_label,,False
250410,production_sources,2024-06-06,other_coin,942.653088705605,943,789.0,direct_weekly_rgb,18.81488772222678,azmoth_launch_first_pixel_plus_patch_week_spacing,PROVISIONAL_EQUAL_GRID_USE_250410_JOINT_WEEKLY_POINTS,patch_anchored_nominal_thursday_week_label,,False
250410,production_sources,2024-06-06,other,942.653088705605,943,,unresolved_no_local_guide,,azmoth_launch_first_pixel_plus_patch_week_spacing,PROVISIONAL_EQUAL_GRID_USE_250410_JOINT_WEEKLY_POINTS,patch_anchored_nominal_thursday_week_label,,False
250410,production_sources,2024-06-13,boss,950.2502945632048,950,569.0,direct_weekly_rgb,5.196152422706632,azmoth_launch_first_pixel_plus_patch_week_spacing,PROVISIONAL_EQUAL_GRID_USE_250410_JOINT_WEEKLY_POINTS,patch_anchored_nominal_thursday_week_label,0.33372608427305295,False
250410,production_sources,2024-06-13,field,950.2502945632048,950,707.0,direct_weekly_rgb,18.708286933869708,azmoth_launch_first_pixel_plus_patch_week_spacing,PROVISIONAL_EQUAL_GRID_USE_250410_JOINT_WEEKLY_POINTS,patch_anchored_nominal_thursday_week_label,0.2502945632047613,False
250410,production_sources,2024-06-13,azmoth,950.2502945632048,950,,not_observable,,azmoth_launch_first_pixel_plus_patch_week_spacing,PROVISIONAL_EQUAL_GRID_USE_250410_JOINT_WEEKLY_POINTS,patch_anchored_nominal_thursday_week_label,,False
250410,production_sources,2024-06-13,other_coin,950.2502945632048,950,791.0,direct_weekly_rgb,21.2602916254693,azmoth_launch_first_pixel_plus_patch_week_spacing,PROVISIONAL_EQUAL_GRID_USE_250410_JOINT_WEEKLY_POINTS,patch_anchored_nominal_thursday_week_label,,False
250410,production_sources,2024-06-13,other,950.2502945632048,950,,unresolved_no_local_guide,,azmoth_launch_first_pixel_plus_patch_week_spacing,PROVISIONAL_EQUAL_GRID_USE_250410_JOINT_WEEKLY_POINTS,patch_anchored_nominal_thursday_week_label,,False
250410,production_sources,2024-06-20,boss,957.8475004208045,958,561.0,direct_weekly_rgb,12.649110640673518,azmoth_launch_first_pixel_plus_patch_week_spacing,PROVISIONAL_EQUAL_GRID_USE_250410_JOINT_WEEKLY_POINTS,patch_anchored_nominal_thursday_week_label,14.774168209616619,True
250410,production_sources,2024-06-20,field,957.8475004208045,958,711.0,direct_weekly_rgb,14.798648586948742,azmoth_launch_first_pixel_plus_patch_week_spacing,PROVISIONAL_EQUAL_GRID_USE_250410_JOINT_WEEKLY_POINTS,patch_anchored_nominal_thursday_week_label,2.152499579195478,False
250410,production_sources,2024-06-20,azmoth,957.8475004208045,958,,not_observable,,azmoth_launch_first_pixel_plus_patch_week_spacing,PROVISIONAL_EQUAL_GRID_USE_250410_JOINT_WEEKLY_POINTS,patch_anchored_nominal_thursday_week_label,,False
250410,production_sources,2024-06-20,other_coin,957.8475004208045,958,785.0,direct_weekly_rgb,19.72308292331602,azmoth_launch_first_pixel_plus_patch_week_spacing,PROVISIONAL_EQUAL_GRID_USE_250410_JOINT_WEEKLY_POINTS,patch_anchored_nominal_thursday_week_label,,False
250410,production_sources,2024-06-20,other,957.8475004208045,958,,unresolved_no_local_guide,,azmoth_launch_first_pixel_plus_patch_week_spacing,PROVISIONAL_EQUAL_GRID_USE_250410_JOINT_WEEKLY_POINTS,patch_anchored_nominal_thursday_week_label,,False
250410,production_sources,2024-06-27,boss,965.4447062784043,965,527.0,direct_weekly_rgb,16.673332000533065,azmoth_launch_first_pixel_plus_patch_week_spacing,PROVISIONAL_EQUAL_GRID_USE_250410_JOINT_WEEKLY_POINTS,patch_anchored_nominal_thursday_week_label,17.183526903439542,True
250410,production_sources,2024-06-27,field,965.4447062784043,965,710.0,direct_weekly_rgb,19.72308292331602,azmoth_launch_first_pixel_plus_patch_week_spacing,PROVISIONAL_EQUAL_GRID_USE_250410_JOINT_WEEKLY_POINTS,patch_anchored_nominal_thursday_week_label,0.0,False
250410,production_sources,2024-06-27,azmoth,965.4447062784043,965,,not_observable,,azmoth_launch_first_pixel_plus_patch_week_spacing,PROVISIONAL_EQUAL_GRID_USE_250410_JOINT_WEEKLY_POINTS,patch_anchored_nominal_thursday_week_label,,False
250410,production_sources,2024-06-27,other_coin,965.4447062784043,965,780.0,direct_weekly_rgb,22.737634001804146,azmoth_launch_first_pixel_plus_patch_week_spacing,PROVISIONAL_EQUAL_GRID_USE_250410_JOINT_WEEKLY_POINTS,patch_anchored_nominal_thursday_week_label,,False
250410,production_sources,2024-06-27,other,965.4447062784043,965,,unresolved_no_local_guide,,azmoth_launch_first_pixel_plus_patch_week_spacing,PROVISIONAL_EQUAL_GRID_USE_250410_JOINT_WEEKLY_POINTS,patch_anchored_nominal_thursday_week_label,,False
250410,production_sources,2024-07-04,boss,973.0419121360039,973,529.0,direct_weekly_rgb,9.0,azmoth_launch_first_pixel_plus_patch_week_spacing,PROVISIONAL_EQUAL_GRID_USE_250410_JOINT_WEEKLY_POINTS,patch_anchored_nominal_thursday_week_label,3.6806373786679387,False
250410,production_sources,2024-07-04,field,973.0419121360039,973,709.0,direct_weekly_rgb,23.62202362203543,azmoth_launch_first_pixel_plus_patch_week_spacing,PROVISIONAL_EQUAL_GRID_USE_250410_JOINT_WEEKLY_POINTS,patch_anchored_nominal_thursday_week_label,1.3193626213320613,False
250410,production_sources,2024-07-04,azmoth,973.0419121360039,973,,not_observable,,azmoth_launch_first_pixel_plus_patch_week_spacing,PROVISIONAL_EQUAL_GRID_USE_250410_JOINT_WEEKLY_POINTS,patch_anchored_nominal_thursday_week_label,,False
250410,production_sources,2024-07-04,other_coin,973.0419121360039,973,788.0,direct_weekly_rgb,26.627053911388696,azmoth_launch_first_pixel_plus_patch_week_spacing,PROVISIONAL_EQUAL_GRID_USE_250410_JOINT_WEEKLY_POINTS,patch_anchored_nominal_thursday_week_label,,False
250410,production_sources,2024-07-04,other,973.0419121360039,973,,unresolved_no_local_guide,,azmoth_launch_first_pixel_plus_patch_week_spacing,PROVISIONAL_EQUAL_GRID_USE_250410_JOINT_WEEKLY_POINTS,patch_anchored_nominal_thursday_week_label,,False
250410,production_sources,2024-07-11,boss,980.6391179936037,981,535.0,direct_weekly_rgb,7.483314773547883,azmoth_launch_first_pixel_plus_patch_week_spacing,PROVISIONAL_EQUAL_GRID_USE_250410_JOINT_WEEKLY_POINTS,patch_anchored_nominal_thursday_week_label,1.3608820063963094,False
250410,production_sources,2024-07-11,field,980.6391179936037,981,710.0,direct_weekly_rgb,21.400934559032695,azmoth_launch_first_pixel_plus_patch_week_spacing,PROVISIONAL_EQUAL_GRID_USE_250410_JOINT_WEEKLY_POINTS,patch_anchored_nominal_thursday_week_label,0.7869606687987698,False
250410,production_sources,2024-07-11,azmoth,980.6391179936037,981,,not_observable,,azmoth_launch_first_pixel_plus_patch_week_spacing,PROVISIONAL_EQUAL_GRID_USE_250410_JOINT_WEEKLY_POINTS,patch_anchored_nominal_thursday_week_label,,False
250410,production_sources,2024-07-11,other_coin,980.6391179936037,981,790.0,direct_weekly_rgb,28.792360097775937,azmoth_launch_first_pixel_plus_patch_week_spacing,PROVISIONAL_EQUAL_GRID_USE_250410_JOINT_WEEKLY_POINTS,patch_anchored_nominal_thursday_week_label,,False
250410,production_sources,2024-07-11,other,980.6391179936037,981,,unresolved_no_local_guide,,azmoth_launch_first_pixel_plus_patch_week_spacing,PROVISIONAL_EQUAL_GRID_USE_250410_JOINT_WEEKLY_POINTS,patch_anchored_nominal_thursday_week_label,,False
250410,production_sources,2024-07-18,boss,988.2363238512035,988,530.0,direct_weekly_rgb,13.416407864998739,azmoth_launch_first_pixel_plus_patch_week_spacing,PROVISIONAL_EQUAL_GRID_USE_250410_JOINT_WEEKLY_POINTS,patch_anchored_nominal_thursday_week_label,4.745441283734522,False
250410,production_sources,2024-07-18,field,988.2363238512035,988,711.0,direct_weekly_rgb,18.05547008526779,azmoth_launch_first_pixel_plus_patch_week_spacing,PROVISIONAL_EQUAL_GRID_USE_250410_JOINT_WEEKLY_POINTS,patch_anchored_nominal_thursday_week_label,1.0,False
250410,production_sources,2024-07-18,azmoth,988.2363238512035,988,,not_observable,,azmoth_launch_first_pixel_plus_patch_week_spacing,PROVISIONAL_EQUAL_GRID_USE_250410_JOINT_WEEKLY_POINTS,patch_anchored_nominal_thursday_week_label,,False
250410,production_sources,2024-07-18,other_coin,988.2363238512035,988,790.0,direct_weekly_rgb,23.40939982143925,azmoth_launch_first_pixel_plus_patch_week_spacing,PROVISIONAL_EQUAL_GRID_USE_250410_JOINT_WEEKLY_POINTS,patch_anchored_nominal_thursday_week_label,,False
250410,production_sources,2024-07-18,other,988.2363238512035,988,,unresolved_no_local_guide,,azmoth_launch_first_pixel_plus_patch_week_spacing,PROVISIONAL_EQUAL_GRID_USE_250410_JOINT_WEEKLY_POINTS,patch_anchored_nominal_thursday_week_label,,False
250410,production_sources,2024-07-25,boss,995.8335297088032,996,526.0,direct_weekly_rgb,9.848857801796104,azmoth_launch_first_pixel_plus_patch_week_spacing,PROVISIONAL_EQUAL_GRID_USE_250410_JOINT_WEEKLY_POINTS,patch_anchored_nominal_thursday_week_label,5.222745890141937,False
250410,production_sources,2024-07-25,field,995.8335297088032,996,710.0,direct_weekly_rgb,16.881943016134134,azmoth_launch_first_pixel_plus_patch_week_spacing,PROVISIONAL_EQUAL_GRID_USE_250410_JOINT_WEEKLY_POINTS,patch_anchored_nominal_thursday_week_label,0.7221567637323005,False
250410,production_sources,2024-07-25,azmoth,995.8335297088032,996,,not_observable,,azmoth_launch_first_pixel_plus_patch_week_spacing,PROVISIONAL_EQUAL_GRID_USE_250410_JOINT_WEEKLY_POINTS,patch_anchored_nominal_thursday_week_label,,False
250410,production_sources,2024-07-25,other_coin,995.8335297088032,996,788.0,direct_weekly_rgb,18.275666882497067,azmoth_launch_first_pixel_plus_patch_week_spacing,PROVISIONAL_EQUAL_GRID_USE_250410_JOINT_WEEKLY_POINTS,patch_anchored_nominal_thursday_week_label,,False
250410,production_sources,2024-07-25,other,995.8335297088032,996,,unresolved_no_local_guide,,azmoth_launch_first_pixel_plus_patch_week_spacing,PROVISIONAL_EQUAL_GRID_USE_250410_JOINT_WEEKLY_POINTS,patch_anchored_nominal_thursday_week_label,,False
250410,production_sources,2024-08-01,boss,1003.430735566403,1003,503.0,direct_weekly_rgb,18.466185312619388,azmoth_launch_first_pixel_plus_patch_week_spacing,PROVISIONAL_EQUAL_GRID_USE_250410_JOINT_WEEKLY_POINTS,patch_anchored_nominal_thursday_week_label,11.656567356786127,True
250410,production_sources,2024-08-01,field,1003.430735566403,1003,709.0,direct_weekly_rgb,17.72004514666935,azmoth_launch_first_pixel_plus_patch_week_spacing,PROVISIONAL_EQUAL_GRID_USE_250410_JOINT_WEEKLY_POINTS,patch_anchored_nominal_thursday_week_label,1.0,False
250410,production_sources,2024-08-01,azmoth,1003.430735566403,1003,,not_observable,,azmoth_launch_first_pixel_plus_patch_week_spacing,PROVISIONAL_EQUAL_GRID_USE_250410_JOINT_WEEKLY_POINTS,patch_anchored_nominal_thursday_week_label,,False
250410,production_sources,2024-08-01,other_coin,1003.430735566403,1003,783.0,direct_weekly_rgb,14.866068747318506,azmoth_launch_first_pixel_plus_patch_week_spacing,PROVISIONAL_EQUAL_GRID_USE_250410_JOINT_WEEKLY_POINTS,patch_anchored_nominal_thursday_week_label,,False
250410,production_sources,2024-08-01,other,1003.430735566403,1003,,unresolved_no_local_guide,,azmoth_launch_first_pixel_plus_patch_week_spacing,PROVISIONAL_EQUAL_GRID_USE_250410_JOINT_WEEKLY_POINTS,patch_anchored_nominal_thursday_week_label,,False
250410,production_sources,2024-08-08,boss,1011.0279414240026,1011,523.0,direct_weekly_rgb,12.206555615733702,azmoth_launch_first_pixel_plus_patch_week_spacing,PROVISIONAL_EQUAL_GRID_USE_250410_JOINT_WEEKLY_POINTS,patch_anchored_nominal_thursday_week_label,14.258822869326309,True
250410,production_sources,2024-08-08,field,1011.0279414240026,1011,705.0,direct_weekly_rgb,27.2213151776324,azmoth_launch_first_pixel_plus_patch_week_spacing,PROVISIONAL_EQUAL_GRID_USE_250410_JOINT_WEEKLY_POINTS,patch_anchored_nominal_thursday_week_label,5.02794142400262,False
250410,production_sources,2024-08-08,azmoth,1011.0279414240026,1011,,not_observable,,azmoth_launch_first_pixel_plus_patch_week_spacing,PROVISIONAL_EQUAL_GRID_USE_250410_JOINT_WEEKLY_POINTS,patch_anchored_nominal_thursday_week_label,,False
250410,production_sources,2024-08-08,other_coin,1011.0279414240026,1011,785.0,direct_weekly_rgb,13.416407864998739,azmoth_launch_first_pixel_plus_patch_week_spacing,PROVISIONAL_EQUAL_GRID_USE_250410_JOINT_WEEKLY_POINTS,patch_anchored_nominal_thursday_week_label,,False
250410,production_sources,2024-08-08,other,1011.0279414240026,1011,,unresolved_no_local_guide,,azmoth_launch_first_pixel_plus_patch_week_spacing,PROVISIONAL_EQUAL_GRID_USE_250410_JOINT_WEEKLY_POINTS,patch_anchored_nominal_thursday_week_label,,False
250410,production_sources,2024-08-15,boss,1018.6251472816024,1019,525.0,direct_weekly_rgb,12.0,azmoth_launch_first_pixel_plus_patch_week_spacing,PROVISIONAL_EQUAL_GRID_USE_250410_JOINT_WEEKLY_POINTS,patch_anchored_nominal_thursday_week_label,1.1249509061325398,False
250410,production_sources,2024-08-15,field,1018.6251472816024,1019,693.0,direct_weekly_rgb,21.97726097583591,azmoth_launch_first_pixel_plus_patch_week_spacing,PROVISIONAL_EQUAL_GRID_USE_250410_JOINT_WEEKLY_POINTS,patch_anchored_nominal_thursday_week_label,5.8746563429277785,False
250410,production_sources,2024-08-15,azmoth,1018.6251472816024,1019,,not_observable,,azmoth_launch_first_pixel_plus_patch_week_spacing,PROVISIONAL_EQUAL_GRID_USE_250410_JOINT_WEEKLY_POINTS,patch_anchored_nominal_thursday_week_label,,False
250410,production_sources,2024-08-15,other_coin,1018.6251472816024,1019,795.0,direct_weekly_rgb,14.247806848775006,azmoth_launch_first_pixel_plus_patch_week_spacing,PROVISIONAL_EQUAL_GRID_USE_250410_JOINT_WEEKLY_POINTS,patch_anchored_nominal_thursday_week_label,,False
250410,production_sources,2024-08-15,other,1018.6251472816024,1019,,unresolved_no_local_guide,,azmoth_launch_first_pixel_plus_patch_week_spacing,PROVISIONAL_EQUAL_GRID_USE_250410_JOINT_WEEKLY_POINTS,patch_anchored_nominal_thursday_week_label,,False
250410,production_sources,2024-08-22,boss,1026.2223531392021,1026,522.0,direct_weekly_rgb,11.224972160321824,azmoth_launch_first_pixel_plus_patch_week_spacing,PROVISIONAL_EQUAL_GRID_USE_250410_JOINT_WEEKLY_POINTS,patch_anchored_nominal_thursday_week_label,6.2596083712056725,False
250410,production_sources,2024-08-22,field,1026.2223531392021,1026,696.0,direct_weekly_rgb,31.272991542223778,azmoth_launch_first_pixel_plus_patch_week_spacing,PROVISIONAL_EQUAL_GRID_USE_250410_JOINT_WEEKLY_POINTS,patch_anchored_nominal_thursday_week_label,3.0,False
250410,production_sources,2024-08-22,azmoth,1026.2223531392021,1026,,not_observable,,azmoth_launch_first_pixel_plus_patch_week_spacing,PROVISIONAL_EQUAL_GRID_USE_250410_JOINT_WEEKLY_POINTS,patch_anchored_nominal_thursday_week_label,,False
250410,production_sources,2024-08-22,other_coin,1026.2223531392021,1026,789.0,direct_weekly_rgb,25.80697580112788,azmoth_launch_first_pixel_plus_patch_week_spacing,PROVISIONAL_EQUAL_GRID_USE_250410_JOINT_WEEKLY_POINTS,patch_anchored_nominal_thursday_week_label,,False
250410,production_sources,2024-08-22,other,1026.2223531392021,1026,,unresolved_no_local_guide,,azmoth_launch_first_pixel_plus_patch_week_spacing,PROVISIONAL_EQUAL_GRID_USE_250410_JOINT_WEEKLY_POINTS,patch_anchored_nominal_thursday_week_label,,False
250410,production_sources,2024-08-29,boss,1033.8195589968018,1034,501.0,direct_weekly_rgb,9.695359714832659,azmoth_launch_first_pixel_plus_patch_week_spacing,PROVISIONAL_EQUAL_GRID_USE_250410_JOINT_WEEKLY_POINTS,patch_anchored_nominal_thursday_week_label,12.541323009594635,True
250410,production_sources,2024-08-29,field,1033.8195589968018,1034,697.0,direct_weekly_rgb,21.42428528562855,azmoth_launch_first_pixel_plus_patch_week_spacing,PROVISIONAL_EQUAL_GRID_USE_250410_JOINT_WEEKLY_POINTS,patch_anchored_nominal_thursday_week_label,1.0,False
250410,production_sources,2024-08-29,azmoth,1033.8195589968018,1034,,not_observable,,azmoth_launch_first_pixel_plus_patch_week_spacing,PROVISIONAL_EQUAL_GRID_USE_250410_JOINT_WEEKLY_POINTS,patch_anchored_nominal_thursday_week_label,,False
250410,production_sources,2024-08-29,other_coin,1033.8195589968018,1034,782.0,direct_weekly_rgb,11.832159566199232,azmoth_launch_first_pixel_plus_patch_week_spacing,PROVISIONAL_EQUAL_GRID_USE_250410_JOINT_WEEKLY_POINTS,patch_anchored_nominal_thursday_week_label,,False
250410,production_sources,2024-08-29,other,1033.8195589968018,1034,,unresolved_no_local_guide,,azmoth_launch_first_pixel_plus_patch_week_spacing,PROVISIONAL_EQUAL_GRID_USE_250410_JOINT_WEEKLY_POINTS,patch_anchored_nominal_thursday_week_label,,False
250410,production_sources,2024-09-05,boss,1041.4167648544017,1041,506.0,direct_weekly_rgb,14.035668847618199,azmoth_launch_first_pixel_plus_patch_week_spacing,PROVISIONAL_EQUAL_GRID_USE_250410_JOINT_WEEKLY_POINTS,patch_anchored_nominal_thursday_week_label,1.6387252426638952,False
250410,production_sources,2024-09-05,field,1041.4167648544017,1041,697.0,direct_weekly_rgb,21.095023109728988,azmoth_launch_first_pixel_plus_patch_week_spacing,PROVISIONAL_EQUAL_GRID_USE_250410_JOINT_WEEKLY_POINTS,patch_anchored_nominal_thursday_week_label,2.0,False
250410,production_sources,2024-09-05,azmoth,1041.4167648544017,1041,,not_observable,,azmoth_launch_first_pixel_plus_patch_week_spacing,PROVISIONAL_EQUAL_GRID_USE_250410_JOINT_WEEKLY_POINTS,patch_anchored_nominal_thursday_week_label,,False
250410,production_sources,2024-09-05,other_coin,1041.4167648544017,1041,791.0,direct_weekly_rgb,17.97220075561143,azmoth_launch_first_pixel_plus_patch_week_spacing,PROVISIONAL_EQUAL_GRID_USE_250410_JOINT_WEEKLY_POINTS,patch_anchored_nominal_thursday_week_label,,False
250410,production_sources,2024-09-05,other,1041.4167648544017,1041,,unresolved_no_local_guide,,azmoth_launch_first_pixel_plus_patch_week_spacing,PROVISIONAL_EQUAL_GRID_USE_250410_JOINT_WEEKLY_POINTS,patch_anchored_nominal_thursday_week_label,,False
250410,production_sources,2024-09-12,boss,1049.0139707120013,1049,497.0,direct_weekly_rgb,8.602325267042627,azmoth_launch_first_pixel_plus_patch_week_spacing,PROVISIONAL_EQUAL_GRID_USE_250410_JOINT_WEEKLY_POINTS,patch_anchored_nominal_thursday_week_label,7.0,False
250410,production_sources,2024-09-12,field,1049.0139707120013,1049,692.0,direct_weekly_rgb,23.727621035409346,azmoth_launch_first_pixel_plus_patch_week_spacing,PROVISIONAL_EQUAL_GRID_USE_250410_JOINT_WEEKLY_POINTS,patch_anchored_nominal_thursday_week_label,2.9953430959994876,False
250410,production_sources,2024-09-12,azmoth,1049.0139707120013,1049,,not_observable,,azmoth_launch_first_pixel_plus_patch_week_spacing,PROVISIONAL_EQUAL_GRID_USE_250410_JOINT_WEEKLY_POINTS,patch_anchored_nominal_thursday_week_label,,False
250410,production_sources,2024-09-12,other_coin,1049.0139707120013,1049,792.0,direct_weekly_rgb,15.297058540778355,azmoth_launch_first_pixel_plus_patch_week_spacing,PROVISIONAL_EQUAL_GRID_USE_250410_JOINT_WEEKLY_POINTS,patch_anchored_nominal_thursday_week_label,,False
250410,production_sources,2024-09-12,other,1049.0139707120013,1049,,unresolved_no_local_guide,,azmoth_launch_first_pixel_plus_patch_week_spacing,PROVISIONAL_EQUAL_GRID_USE_250410_JOINT_WEEKLY_POINTS,patch_anchored_nominal_thursday_week_label,,False
250410,production_sources,2024-09-19,boss,1056.611176569601,1057,488.0,direct_weekly_rgb,14.352700094407323,azmoth_launch_first_pixel_plus_patch_week_spacing,PROVISIONAL_EQUAL_GRID_USE_250410_JOINT_WEEKLY_POINTS,patch_anchored_nominal_thursday_week_label,8.462941143466367,False
250410,production_sources,2024-09-19,field,1056.611176569601,1057,688.0,direct_weekly_rgb,24.372115213907882,azmoth_launch_first_pixel_plus_patch_week_spacing,PROVISIONAL_EQUAL_GRID_USE_250410_JOINT_WEEKLY_POINTS,patch_anchored_nominal_thursday_week_label,2.9258822869326195,False
250410,production_sources,2024-09-19,azmoth,1056.611176569601,1057,,not_observable,,azmoth_launch_first_pixel_plus_patch_week_spacing,PROVISIONAL_EQUAL_GRID_USE_250410_JOINT_WEEKLY_POINTS,patch_anchored_nominal_thursday_week_label,,False
250410,production_sources,2024-09-19,other_coin,1056.611176569601,1057,790.0,direct_weekly_rgb,24.269322199023193,azmoth_launch_first_pixel_plus_patch_week_spacing,PROVISIONAL_EQUAL_GRID_USE_250410_JOINT_WEEKLY_POINTS,patch_anchored_nominal_thursday_week_label,,False
250410,production_sources,2024-09-19,other,1056.611176569601,1057,,unresolved_no_local_guide,,azmoth_launch_first_pixel_plus_patch_week_spacing,PROVISIONAL_EQUAL_GRID_USE_250410_JOINT_WEEKLY_POINTS,patch_anchored_nominal_thursday_week_label,,False
250410,production_sources,2024-09-26,boss,1064.2083824272008,1064,464.0,direct_weekly_rgb,15.165750888103101,azmoth_launch_first_pixel_plus_patch_week_spacing,PROVISIONAL_EQUAL_GRID_USE_250410_JOINT_WEEKLY_POINTS,patch_anchored_nominal_thursday_week_label,19.74970543679501,True
250410,production_sources,2024-09-26,field,1064.2083824272008,1064,689.0,direct_weekly_rgb,19.72308292331602,azmoth_launch_first_pixel_plus_patch_week_spacing,PROVISIONAL_EQUAL_GRID_USE_250410_JOINT_WEEKLY_POINTS,patch_anchored_nominal_thursday_week_label,0.0,False
250410,production_sources,2024-09-26,azmoth,1064.2083824272008,1064,,not_observable,,azmoth_launch_first_pixel_plus_patch_week_spacing,PROVISIONAL_EQUAL_GRID_USE_250410_JOINT_WEEKLY_POINTS,patch_anchored_nominal_thursday_week_label,,False
250410,production_sources,2024-09-26,other_coin,1064.2083824272008,1064,778.0,direct_weekly_rgb,7.810249675906654,azmoth_launch_first_pixel_plus_patch_week_spacing,PROVISIONAL_EQUAL_GRID_USE_250410_JOINT_WEEKLY_POINTS,patch_anchored_nominal_thursday_week_label,,False
250410,production_sources,2024-09-26,other,1064.2083824272008,1064,,unresolved_no_local_guide,,azmoth_launch_first_pixel_plus_patch_week_spacing,PROVISIONAL_EQUAL_GRID_USE_250410_JOINT_WEEKLY_POINTS,patch_anchored_nominal_thursday_week_label,,False
250410,production_sources,2024-10-03,boss,1071.8055882848007,1072,462.0,direct_weekly_rgb,4.898979485566356,azmoth_launch_first_pixel_plus_patch_week_spacing,PROVISIONAL_EQUAL_GRID_USE_250410_JOINT_WEEKLY_POINTS,patch_anchored_nominal_thursday_week_label,3.4167648544021176,False
250410,production_sources,2024-10-03,field,1071.8055882848007,1072,687.0,direct_weekly_rgb,19.4164878389476,azmoth_launch_first_pixel_plus_patch_week_spacing,PROVISIONAL_EQUAL_GRID_USE_250410_JOINT_WEEKLY_POINTS,patch_anchored_nominal_thursday_week_label,2.0,False
250410,production_sources,2024-10-03,azmoth,1071.8055882848007,1072,,not_observable,,azmoth_launch_first_pixel_plus_patch_week_spacing,PROVISIONAL_EQUAL_GRID_USE_250410_JOINT_WEEKLY_POINTS,patch_anchored_nominal_thursday_week_label,,False
250410,production_sources,2024-10-03,other_coin,1071.8055882848007,1072,783.0,direct_weekly_rgb,17.46424919657298,azmoth_launch_first_pixel_plus_patch_week_spacing,PROVISIONAL_EQUAL_GRID_USE_250410_JOINT_WEEKLY_POINTS,patch_anchored_nominal_thursday_week_label,,False
250410,production_sources,2024-10-03,other,1071.8055882848007,1072,,unresolved_no_local_guide,,azmoth_launch_first_pixel_plus_patch_week_spacing,PROVISIONAL_EQUAL_GRID_USE_250410_JOINT_WEEKLY_POINTS,patch_anchored_nominal_thursday_week_label,,False
250410,production_sources,2024-10-10,boss,1079.4027941424001,1079,469.0,direct_weekly_rgb,14.142135623730951,azmoth_launch_first_pixel_plus_patch_week_spacing,PROVISIONAL_EQUAL_GRID_USE_250410_JOINT_WEEKLY_POINTS,patch_anchored_nominal_thursday_week_label,8.476911855467108,False
250410,production_sources,2024-10-10,field,1079.4027941424001,1079,693.0,direct_weekly_rgb,24.819347291981714,azmoth_launch_first_pixel_plus_patch_week_spacing,PROVISIONAL_EQUAL_GRID_USE_250410_JOINT_WEEKLY_POINTS,patch_anchored_nominal_thursday_week_label,10.0,False
250410,production_sources,2024-10-10,azmoth,1079.4027941424001,1079,,not_observable,,azmoth_launch_first_pixel_plus_patch_week_spacing,PROVISIONAL_EQUAL_GRID_USE_250410_JOINT_WEEKLY_POINTS,patch_anchored_nominal_thursday_week_label,,False
250410,production_sources,2024-10-10,other_coin,1079.4027941424001,1079,792.0,direct_weekly_rgb,9.273618495495704,azmoth_launch_first_pixel_plus_patch_week_spacing,PROVISIONAL_EQUAL_GRID_USE_250410_JOINT_WEEKLY_POINTS,patch_anchored_nominal_thursday_week_label,,False
250410,production_sources,2024-10-10,other,1079.4027941424001,1079,,unresolved_no_local_guide,,azmoth_launch_first_pixel_plus_patch_week_spacing,PROVISIONAL_EQUAL_GRID_USE_250410_JOINT_WEEKLY_POINTS,patch_anchored_nominal_thursday_week_label,,False
250410,production_sources,2024-10-17,boss,1087.0,1087,504.0,direct_weekly_rgb,8.774964387392123,azmoth_launch_first_pixel_plus_patch_week_spacing,PROVISIONAL_EQUAL_GRID_USE_250410_JOINT_WEEKLY_POINTS,patch_anchored_nominal_thursday_week_label,20.0,True
250410,production_sources,2024-10-17,field,1087.0,1087,708.0,direct_weekly_rgb,22.293496809607955,azmoth_launch_first_pixel_plus_patch_week_spacing,PROVISIONAL_EQUAL_GRID_USE_250410_JOINT_WEEKLY_POINTS,patch_anchored_nominal_thursday_week_label,7.0,False
250410,production_sources,2024-10-17,azmoth,1087.0,1087,755.0,direct_weekly_rgb,26.645825188948457,azmoth_launch_first_pixel_plus_patch_week_spacing,PROVISIONAL_EQUAL_GRID_USE_250410_JOINT_WEEKLY_POINTS,patch_anchored_nominal_thursday_week_label,,False
250410,production_sources,2024-10-17,other_coin,1087.0,1087,798.0,direct_weekly_rgb,12.884098726725126,azmoth_launch_first_pixel_plus_patch_week_spacing,PROVISIONAL_EQUAL_GRID_USE_250410_JOINT_WEEKLY_POINTS,patch_anchored_nominal_thursday_week_label,,False
250410,production_sources,2024-10-17,other,1087.0,1087,,unresolved_no_local_guide,,azmoth_launch_first_pixel_plus_patch_week_spacing,PROVISIONAL_EQUAL_GRID_USE_250410_JOINT_WEEKLY_POINTS,patch_anchored_nominal_thursday_week_label,,False
250410,production_sources,2024-10-24,boss,1094.5972058575999,1095,504.0,direct_weekly_rgb,9.16515138991168,azmoth_launch_first_pixel_plus_patch_week_spacing,PROVISIONAL_EQUAL_GRID_USE_250410_JOINT_WEEKLY_POINTS,patch_anchored_nominal_thursday_week_label,1.393480334399726,False
250410,production_sources,2024-10-24,field,1094.5972058575999,1095,712.0,direct_weekly_rgb,19.209372712298546,azmoth_launch_first_pixel_plus_patch_week_spacing,PROVISIONAL_EQUAL_GRID_USE_250410_JOINT_WEEKLY_POINTS,patch_anchored_nominal_thursday_week_label,5.402794142400126,False
250410,production_sources,2024-10-24,azmoth,1094.5972058575999,1095,747.0,direct_weekly_rgb,3.0,azmoth_launch_first_pixel_plus_patch_week_spacing,PROVISIONAL_EQUAL_GRID_USE_250410_JOINT_WEEKLY_POINTS,patch_anchored_nominal_thursday_week_label,,False
250410,production_sources,2024-10-24,other_coin,1094.5972058575999,1095,801.0,direct_weekly_rgb,20.71231517720798,azmoth_launch_first_pixel_plus_patch_week_spacing,PROVISIONAL_EQUAL_GRID_USE_250410_JOINT_WEEKLY_POINTS,patch_anchored_nominal_thursday_week_label,,False
250410,production_sources,2024-10-24,other,1094.5972058575999,1095,,unresolved_no_local_guide,,azmoth_launch_first_pixel_plus_patch_week_spacing,PROVISIONAL_EQUAL_GRID_USE_250410_JOINT_WEEKLY_POINTS,patch_anchored_nominal_thursday_week_label,,False
250410,production_sources,2024-10-31,boss,1102.1944117151995,1102,496.0,direct_weekly_rgb,13.076696830622021,azmoth_launch_first_pixel_plus_patch_week_spacing,PROVISIONAL_EQUAL_GRID_USE_250410_JOINT_WEEKLY_POINTS,patch_anchored_nominal_thursday_week_label,2.1482354261346472,False
250410,production_sources,2024-10-31,field,1102.1944117151995,1102,718.0,direct_weekly_rgb,23.15167380558045,azmoth_launch_first_pixel_plus_patch_week_spacing,PROVISIONAL_EQUAL_GRID_USE_250410_JOINT_WEEKLY_POINTS,patch_anchored_nominal_thursday_week_label,3.2685294282667883,False
250410,production_sources,2024-10-31,azmoth,1102.1944117151995,1102,761.0,direct_weekly_rgb,7.0,azmoth_launch_first_pixel_plus_patch_week_spacing,PROVISIONAL_EQUAL_GRID_USE_250410_JOINT_WEEKLY_POINTS,patch_anchored_nominal_thursday_week_label,,False
250410,production_sources,2024-10-31,other_coin,1102.1944117151995,1102,779.0,direct_weekly_rgb,6.0,azmoth_launch_first_pixel_plus_patch_week_spacing,PROVISIONAL_EQUAL_GRID_USE_250410_JOINT_WEEKLY_POINTS,patch_anchored_nominal_thursday_week_label,,False
250410,production_sources,2024-10-31,other,1102.1944117151995,1102,,unresolved_no_local_guide,,azmoth_launch_first_pixel_plus_patch_week_spacing,PROVISIONAL_EQUAL_GRID_USE_250410_JOINT_WEEKLY_POINTS,patch_anchored_nominal_thursday_week_label,,False
250410,production_sources,2024-11-07,boss,1109.7916175727992,1110,515.0,direct_weekly_rgb,11.532562594670797,azmoth_launch_first_pixel_plus_patch_week_spacing,PROVISIONAL_EQUAL_GRID_USE_250410_JOINT_WEEKLY_POINTS,patch_anchored_nominal_thursday_week_label,17.889019805868884,True
250410,production_sources,2024-11-07,field,1109.7916175727992,1110,718.0,direct_weekly_rgb,19.026297590440446,azmoth_launch_first_pixel_plus_patch_week_spacing,PROVISIONAL_EQUAL_GRID_USE_250410_JOINT_WEEKLY_POINTS,patch_anchored_nominal_thursday_week_label,0.7361274757336105,False
250410,production_sources,2024-11-07,azmoth,1109.7916175727992,1110,772.0,direct_weekly_rgb,4.898979485566356,azmoth_launch_first_pixel_plus_patch_week_spacing,PROVISIONAL_EQUAL_GRID_USE_250410_JOINT_WEEKLY_POINTS,patch_anchored_nominal_thursday_week_label,,False
250410,production_sources,2024-11-07,other_coin,1109.7916175727992,1110,798.0,direct_weekly_rgb,14.45683229480096,azmoth_launch_first_pixel_plus_patch_week_spacing,PROVISIONAL_EQUAL_GRID_USE_250410_JOINT_WEEKLY_POINTS,patch_anchored_nominal_thursday_week_label,,False
250410,production_sources,2024-11-07,other,1109.7916175727992,1110,,unresolved_no_local_guide,,azmoth_launch_first_pixel_plus_patch_week_spacing,PROVISIONAL_EQUAL_GRID_USE_250410_JOINT_WEEKLY_POINTS,patch_anchored_nominal_thursday_week_label,,False
250410,production_sources,2024-11-14,boss,1117.388823430399,1117,517.0,direct_weekly_rgb,2.23606797749979,azmoth_launch_first_pixel_plus_patch_week_spacing,PROVISIONAL_EQUAL_GRID_USE_250410_JOINT_WEEKLY_POINTS,patch_anchored_nominal_thursday_week_label,2.592548953599362,False
250410,production_sources,2024-11-14,field,1117.388823430399,1117,717.0,direct_weekly_rgb,17.578395831246947,azmoth_launch_first_pixel_plus_patch_week_spacing,PROVISIONAL_EQUAL_GRID_USE_250410_JOINT_WEEKLY_POINTS,patch_anchored_nominal_thursday_week_label,0.0,False
250410,production_sources,2024-11-14,azmoth,1117.388823430399,1117,775.0,direct_weekly_rgb,2.23606797749979,azmoth_launch_first_pixel_plus_patch_week_spacing,PROVISIONAL_EQUAL_GRID_USE_250410_JOINT_WEEKLY_POINTS,patch_anchored_nominal_thursday_week_label,,False
250410,production_sources,2024-11-14,other_coin,1117.388823430399,1117,799.0,direct_weekly_rgb,24.372115213907882,azmoth_launch_first_pixel_plus_patch_week_spacing,PROVISIONAL_EQUAL_GRID_USE_250410_JOINT_WEEKLY_POINTS,patch_anchored_nominal_thursday_week_label,,False
250410,production_sources,2024-11-14,other,1117.388823430399,1117,,unresolved_no_local_guide,,azmoth_launch_first_pixel_plus_patch_week_spacing,PROVISIONAL_EQUAL_GRID_USE_250410_JOINT_WEEKLY_POINTS,patch_anchored_nominal_thursday_week_label,,False
250410,production_sources,2024-11-21,boss,1124.9860292879987,1125,518.0,direct_weekly_rgb,9.9498743710662,azmoth_launch_first_pixel_plus_patch_week_spacing,PROVISIONAL_EQUAL_GRID_USE_250410_JOINT_WEEKLY_POINTS,patch_anchored_nominal_thursday_week_label,5.615440722661901,False
250410,production_sources,2024-11-21,field,1124.9860292879987,1125,729.0,direct_weekly_rgb,16.401219466856727,azmoth_launch_first_pixel_plus_patch_week_spacing,PROVISIONAL_EQUAL_GRID_USE_250410_JOINT_WEEKLY_POINTS,patch_anchored_nominal_thursday_week_label,8.370588565336789,False
250410,production_sources,2024-11-21,azmoth,1124.9860292879987,1125,773.0,direct_weekly_rgb,5.744562646538029,azmoth_launch_first_pixel_plus_patch_week_spacing,PROVISIONAL_EQUAL_GRID_USE_250410_JOINT_WEEKLY_POINTS,patch_anchored_nominal_thursday_week_label,,False
250410,production_sources,2024-11-21,other_coin,1124.9860292879987,1125,798.0,direct_weekly_rgb,17.663521732655695,azmoth_launch_first_pixel_plus_patch_week_spacing,PROVISIONAL_EQUAL_GRID_USE_250410_JOINT_WEEKLY_POINTS,patch_anchored_nominal_thursday_week_label,,False
250410,production_sources,2024-11-21,other,1124.9860292879987,1125,,unresolved_no_local_guide,,azmoth_launch_first_pixel_plus_patch_week_spacing,PROVISIONAL_EQUAL_GRID_USE_250410_JOINT_WEEKLY_POINTS,patch_anchored_nominal_thursday_week_label,,False
250410,production_sources,2024-11-28,boss,1132.5832351455983,1133,504.0,direct_weekly_rgb,25.099800796022265,azmoth_launch_first_pixel_plus_patch_week_spacing,PROVISIONAL_EQUAL_GRID_USE_250410_JOINT_WEEKLY_POINTS,patch_anchored_nominal_thursday_week_label,10.541912136004157,True
250410,production_sources,2024-11-28,field,1132.5832351455983,1133,727.0,direct_weekly_rgb,31.448370387032774,azmoth_launch_first_pixel_plus_patch_week_spacing,PROVISIONAL_EQUAL_GRID_USE_250410_JOINT_WEEKLY_POINTS,patch_anchored_nominal_thursday_week_label,9.888627054928861,False
250410,production_sources,2024-11-28,azmoth,1132.5832351455983,1133,765.0,direct_weekly_rgb,5.744562646538029,azmoth_launch_first_pixel_plus_patch_week_spacing,PROVISIONAL_EQUAL_GRID_USE_250410_JOINT_WEEKLY_POINTS,patch_anchored_nominal_thursday_week_label,,False
250410,production_sources,2024-11-28,other_coin,1132.5832351455983,1133,782.0,direct_weekly_rgb,9.539392014169456,azmoth_launch_first_pixel_plus_patch_week_spacing,PROVISIONAL_EQUAL_GRID_USE_250410_JOINT_WEEKLY_POINTS,patch_anchored_nominal_thursday_week_label,,False
250410,production_sources,2024-11-28,other,1132.5832351455983,1133,,unresolved_no_local_guide,,azmoth_launch_first_pixel_plus_patch_week_spacing,PROVISIONAL_EQUAL_GRID_USE_250410_JOINT_WEEKLY_POINTS,patch_anchored_nominal_thursday_week_label,,False
250410,production_sources,2024-12-05,boss,1140.1804410031982,1140,494.0,direct_weekly_rgb,15.297058540778355,azmoth_launch_first_pixel_plus_patch_week_spacing,PROVISIONAL_EQUAL_GRID_USE_250410_JOINT_WEEKLY_POINTS,patch_anchored_nominal_thursday_week_label,4.090220501599106,False
250410,production_sources,2024-12-05,field,1140.1804410031982,1140,712.0,direct_weekly_rgb,31.064449134018133,azmoth_launch_first_pixel_plus_patch_week_spacing,PROVISIONAL_EQUAL_GRID_USE_250410_JOINT_WEEKLY_POINTS,patch_anchored_nominal_thursday_week_label,8.393480334399442,False
250410,production_sources,2024-12-05,azmoth,1140.1804410031982,1140,761.0,direct_weekly_rgb,6.4031242374328485,azmoth_launch_first_pixel_plus_patch_week_spacing,PROVISIONAL_EQUAL_GRID_USE_250410_JOINT_WEEKLY_POINTS,patch_anchored_nominal_thursday_week_label,,False
250410,production_sources,2024-12-05,other_coin,1140.1804410031982,1140,795.0,direct_weekly_rgb,16.64331697709324,azmoth_launch_first_pixel_plus_patch_week_spacing,PROVISIONAL_EQUAL_GRID_USE_250410_JOINT_WEEKLY_POINTS,patch_anchored_nominal_thursday_week_label,,False
250410,production_sources,2024-12-05,other,1140.1804410031982,1140,,unresolved_no_local_guide,,azmoth_launch_first_pixel_plus_patch_week_spacing,PROVISIONAL_EQUAL_GRID_USE_250410_JOINT_WEEKLY_POINTS,patch_anchored_nominal_thursday_week_label,,False
250410,production_sources,2024-12-12,boss,1147.777646860798,1148,482.0,direct_weekly_rgb,15.0,azmoth_launch_first_pixel_plus_patch_week_spacing,PROVISIONAL_EQUAL_GRID_USE_250410_JOINT_WEEKLY_POINTS,patch_anchored_nominal_thursday_week_label,16.62941143466344,True
250410,production_sources,2024-12-12,field,1147.777646860798,1148,699.0,direct_weekly_rgb,23.727621035409346,azmoth_launch_first_pixel_plus_patch_week_spacing,PROVISIONAL_EQUAL_GRID_USE_250410_JOINT_WEEKLY_POINTS,patch_anchored_nominal_thursday_week_label,9.148235426134534,False
250410,production_sources,2024-12-12,azmoth,1147.777646860798,1148,756.0,direct_weekly_rgb,5.196152422706632,azmoth_launch_first_pixel_plus_patch_week_spacing,PROVISIONAL_EQUAL_GRID_USE_250410_JOINT_WEEKLY_POINTS,patch_anchored_nominal_thursday_week_label,,False
250410,production_sources,2024-12-12,other_coin,1147.777646860798,1148,794.0,direct_weekly_rgb,15.394804318340652,azmoth_launch_first_pixel_plus_patch_week_spacing,PROVISIONAL_EQUAL_GRID_USE_250410_JOINT_WEEKLY_POINTS,patch_anchored_nominal_thursday_week_label,,False
250410,production_sources,2024-12-12,other,1147.777646860798,1148,,unresolved_no_local_guide,,azmoth_launch_first_pixel_plus_patch_week_spacing,PROVISIONAL_EQUAL_GRID_USE_250410_JOINT_WEEKLY_POINTS,patch_anchored_nominal_thursday_week_label,,False
250410,production_sources,2024-12-19,boss,1155.3748527183975,1155,451.0,direct_weekly_rgb,12.206555615733702,azmoth_launch_first_pixel_plus_patch_week_spacing,PROVISIONAL_EQUAL_GRID_USE_250410_JOINT_WEEKLY_POINTS,patch_anchored_nominal_thursday_week_label,46.91656847893165,True
250410,production_sources,2024-12-19,field,1155.3748527183975,1155,689.0,direct_weekly_rgb,28.0178514522438,azmoth_launch_first_pixel_plus_patch_week_spacing,PROVISIONAL_EQUAL_GRID_USE_250410_JOINT_WEEKLY_POINTS,patch_anchored_nominal_thursday_week_label,15.458284239465797,True
250410,production_sources,2024-12-19,azmoth,1155.3748527183975,1155,754.0,direct_weekly_rgb,12.206555615733702,azmoth_launch_first_pixel_plus_patch_week_spacing,PROVISIONAL_EQUAL_GRID_USE_250410_JOINT_WEEKLY_POINTS,patch_anchored_nominal_thursday_week_label,,False
250410,production_sources,2024-12-19,other_coin,1155.3748527183975,1155,778.0,direct_weekly_rgb,20.71231517720798,azmoth_launch_first_pixel_plus_patch_week_spacing,PROVISIONAL_EQUAL_GRID_USE_250410_JOINT_WEEKLY_POINTS,patch_anchored_nominal_thursday_week_label,,False
250410,production_sources,2024-12-19,other,1155.3748527183975,1155,,unresolved_no_local_guide,,azmoth_launch_first_pixel_plus_patch_week_spacing,PROVISIONAL_EQUAL_GRID_USE_250410_JOINT_WEEKLY_POINTS,patch_anchored_nominal_thursday_week_label,,False
250410,production_sources,2024-12-26,boss,1162.9720585759974,1163,382.0,direct_weekly_rgb,8.06225774829855,azmoth_launch_first_pixel_plus_patch_week_spacing,PROVISIONAL_EQUAL_GRID_USE_250410_JOINT_WEEKLY_POINTS,patch_anchored_nominal_thursday_week_label,43.00931380800091,True
250410,production_sources,2024-12-26,field,1162.9720585759974,1163,669.0,direct_weekly_rgb,22.737634001804146,azmoth_launch_first_pixel_plus_patch_week_spacing,PROVISIONAL_EQUAL_GRID_USE_250410_JOINT_WEEKLY_POINTS,patch_anchored_nominal_thursday_week_label,3.065196656006151,False
250410,production_sources,2024-12-26,azmoth,1162.9720585759974,1163,749.0,direct_weekly_rgb,8.48528137423857,azmoth_launch_first_pixel_plus_patch_week_spacing,PROVISIONAL_EQUAL_GRID_USE_250410_JOINT_WEEKLY_POINTS,patch_anchored_nominal_thursday_week_label,,False
250410,production_sources,2024-12-26,other_coin,1162.9720585759974,1163,733.0,direct_weekly_rgb,15.588457268119896,azmoth_launch_first_pixel_plus_patch_week_spacing,PROVISIONAL_EQUAL_GRID_USE_250410_JOINT_WEEKLY_POINTS,patch_anchored_nominal_thursday_week_label,,False
250410,production_sources,2024-12-26,other,1162.9720585759974,1163,,unresolved_no_local_guide,,azmoth_launch_first_pixel_plus_patch_week_spacing,PROVISIONAL_EQUAL_GRID_USE_250410_JOINT_WEEKLY_POINTS,patch_anchored_nominal_thursday_week_label,,False
250410,production_sources,2025-01-02,boss,1170.5692644335973,1171,354.0,direct_weekly_rgb,12.727922061357855,azmoth_launch_first_pixel_plus_patch_week_spacing,PROVISIONAL_EQUAL_GRID_USE_250410_JOINT_WEEKLY_POINTS,patch_anchored_nominal_thursday_week_label,0.7691185546758561,False
250410,production_sources,2025-01-02,field,1170.5692644335973,1171,673.0,direct_weekly_rgb,31.52776554086889,azmoth_launch_first_pixel_plus_patch_week_spacing,PROVISIONAL_EQUAL_GRID_USE_250410_JOINT_WEEKLY_POINTS,patch_anchored_nominal_thursday_week_label,6.47691185546762,False
250410,production_sources,2025-01-02,azmoth,1170.5692644335973,1171,745.0,direct_weekly_rgb,2.23606797749979,azmoth_launch_first_pixel_plus_patch_week_spacing,PROVISIONAL_EQUAL_GRID_USE_250410_JOINT_WEEKLY_POINTS,patch_anchored_nominal_thursday_week_label,,False
250410,production_sources,2025-01-02,other_coin,1170.5692644335973,1171,713.0,direct_weekly_rgb,22.38302928559939,azmoth_launch_first_pixel_plus_patch_week_spacing,PROVISIONAL_EQUAL_GRID_USE_250410_JOINT_WEEKLY_POINTS,patch_anchored_nominal_thursday_week_label,,False
250410,production_sources,2025-01-02,other,1170.5692644335973,1171,,unresolved_no_local_guide,,azmoth_launch_first_pixel_plus_patch_week_spacing,PROVISIONAL_EQUAL_GRID_USE_250410_JOINT_WEEKLY_POINTS,patch_anchored_nominal_thursday_week_label,,False
250410,production_sources,2025-01-09,boss,1178.166470291197,1178,363.0,direct_weekly_rgb,3.7416573867739413,azmoth_launch_first_pixel_plus_patch_week_spacing,PROVISIONAL_EQUAL_GRID_USE_250410_JOINT_WEEKLY_POINTS,patch_anchored_nominal_thursday_week_label,3.611569320540582,False
250410,production_sources,2025-01-09,field,1178.166470291197,1178,679.0,direct_weekly_rgb,22.561028345356956,azmoth_launch_first_pixel_plus_patch_week_spacing,PROVISIONAL_EQUAL_GRID_USE_250410_JOINT_WEEKLY_POINTS,patch_anchored_nominal_thursday_week_label,0.0,False
250410,production_sources,2025-01-09,azmoth,1178.166470291197,1178,742.0,direct_weekly_rgb,5.196152422706632,azmoth_launch_first_pixel_plus_patch_week_spacing,PROVISIONAL_EQUAL_GRID_USE_250410_JOINT_WEEKLY_POINTS,patch_anchored_nominal_thursday_week_label,,False
250410,production_sources,2025-01-09,other_coin,1178.166470291197,1178,724.0,direct_weekly_rgb,20.615528128088304,azmoth_launch_first_pixel_plus_patch_week_spacing,PROVISIONAL_EQUAL_GRID_USE_250410_JOINT_WEEKLY_POINTS,patch_anchored_nominal_thursday_week_label,,False
250410,production_sources,2025-01-09,other,1178.166470291197,1178,,unresolved_no_local_guide,,azmoth_launch_first_pixel_plus_patch_week_spacing,PROVISIONAL_EQUAL_GRID_USE_250410_JOINT_WEEKLY_POINTS,patch_anchored_nominal_thursday_week_label,,False
250410,production_sources,2025-01-16,boss,1185.7636761487965,1186,356.0,direct_weekly_rgb,12.24744871391589,azmoth_launch_first_pixel_plus_patch_week_spacing,PROVISIONAL_EQUAL_GRID_USE_250410_JOINT_WEEKLY_POINTS,patch_anchored_nominal_thursday_week_label,4.060539752005752,False
250410,production_sources,2025-01-16,field,1185.7636761487965,1186,678.0,direct_weekly_rgb,23.345235059857504,azmoth_launch_first_pixel_plus_patch_week_spacing,PROVISIONAL_EQUAL_GRID_USE_250410_JOINT_WEEKLY_POINTS,patch_anchored_nominal_thursday_week_label,1.5878920495988496,False
250410,production_sources,2025-01-16,azmoth,1185.7636761487965,1186,739.0,direct_weekly_rgb,4.58257569495584,azmoth_launch_first_pixel_plus_patch_week_spacing,PROVISIONAL_EQUAL_GRID_USE_250410_JOINT_WEEKLY_POINTS,patch_anchored_nominal_thursday_week_label,,False
250410,production_sources,2025-01-16,other_coin,1185.7636761487965,1186,726.0,direct_weekly_rgb,32.07802986469088,azmoth_launch_first_pixel_plus_patch_week_spacing,PROVISIONAL_EQUAL_GRID_USE_250410_JOINT_WEEKLY_POINTS,patch_anchored_nominal_thursday_week_label,,False
250410,production_sources,2025-01-16,other,1185.7636761487965,1186,,unresolved_no_local_guide,,azmoth_launch_first_pixel_plus_patch_week_spacing,PROVISIONAL_EQUAL_GRID_USE_250410_JOINT_WEEKLY_POINTS,patch_anchored_nominal_thursday_week_label,,False
250410,production_sources,2025-01-23,boss,1193.3608820063964,1193,364.0,direct_weekly_rgb,3.605551275463989,azmoth_launch_first_pixel_plus_patch_week_spacing,PROVISIONAL_EQUAL_GRID_USE_250410_JOINT_WEEKLY_POINTS,patch_anchored_nominal_thursday_week_label,3.7144139594893204,False
250410,production_sources,2025-01-23,field,1193.3608820063964,1193,677.0,direct_weekly_rgb,17.72004514666935,azmoth_launch_first_pixel_plus_patch_week_spacing,PROVISIONAL_EQUAL_GRID_USE_250410_JOINT_WEEKLY_POINTS,patch_anchored_nominal_thursday_week_label,0.12029400213214103,False
250410,production_sources,2025-01-23,azmoth,1193.3608820063964,1193,735.0,direct_weekly_rgb,4.242640687119285,azmoth_launch_first_pixel_plus_patch_week_spacing,PROVISIONAL_EQUAL_GRID_USE_250410_JOINT_WEEKLY_POINTS,patch_anchored_nominal_thursday_week_label,,False
250410,production_sources,2025-01-23,other_coin,1193.3608820063964,1193,726.0,direct_weekly_rgb,10.344080432788601,azmoth_launch_first_pixel_plus_patch_week_spacing,PROVISIONAL_EQUAL_GRID_USE_250410_JOINT_WEEKLY_POINTS,patch_anchored_nominal_thursday_week_label,,False
250410,production_sources,2025-01-23,other,1193.3608820063964,1193,,unresolved_no_local_guide,,azmoth_launch_first_pixel_plus_patch_week_spacing,PROVISIONAL_EQUAL_GRID_USE_250410_JOINT_WEEKLY_POINTS,patch_anchored_nominal_thursday_week_label,,False
250410,production_sources,2025-01-30,boss,1200.958087863996,1201,325.0,direct_weekly_rgb,7.874007874011811,azmoth_launch_first_pixel_plus_patch_week_spacing,PROVISIONAL_EQUAL_GRID_USE_250410_JOINT_WEEKLY_POINTS,patch_anchored_nominal_thursday_week_label,27.25147281602358,True
250410,production_sources,2025-01-30,field,1200.958087863996,1201,679.0,direct_weekly_rgb,15.652475842498529,azmoth_launch_first_pixel_plus_patch_week_spacing,PROVISIONAL_EQUAL_GRID_USE_250410_JOINT_WEEKLY_POINTS,patch_anchored_nominal_thursday_week_label,2.0,False
250410,production_sources,2025-01-30,azmoth,1200.958087863996,1201,731.0,direct_weekly_rgb,2.8284271247461903,azmoth_launch_first_pixel_plus_patch_week_spacing,PROVISIONAL_EQUAL_GRID_USE_250410_JOINT_WEEKLY_POINTS,patch_anchored_nominal_thursday_week_label,,False
250410,production_sources,2025-01-30,other_coin,1200.958087863996,1201,710.0,direct_weekly_rgb,6.708203932499369,azmoth_launch_first_pixel_plus_patch_week_spacing,PROVISIONAL_EQUAL_GRID_USE_250410_JOINT_WEEKLY_POINTS,patch_anchored_nominal_thursday_week_label,,False
250410,production_sources,2025-01-30,other,1200.958087863996,1201,,unresolved_no_local_guide,,azmoth_launch_first_pixel_plus_patch_week_spacing,PROVISIONAL_EQUAL_GRID_USE_250410_JOINT_WEEKLY_POINTS,patch_anchored_nominal_thursday_week_label,,False
250410,production_sources,2025-02-06,boss,1208.5552937215957,1209,347.0,direct_weekly_rgb,11.916375287812984,azmoth_launch_first_pixel_plus_patch_week_spacing,PROVISIONAL_EQUAL_GRID_USE_250410_JOINT_WEEKLY_POINTS,patch_anchored_nominal_thursday_week_label,18.519216742411402,True
250410,production_sources,2025-02-06,field,1208.5552937215957,1209,681.0,direct_weekly_rgb,22.135943621178654,azmoth_launch_first_pixel_plus_patch_week_spacing,PROVISIONAL_EQUAL_GRID_USE_250410_JOINT_WEEKLY_POINTS,patch_anchored_nominal_thursday_week_label,2.2596083712056725,False
250410,production_sources,2025-02-06,azmoth,1208.5552937215957,1209,730.0,direct_weekly_rgb,13.638181696985855,azmoth_launch_first_pixel_plus_patch_week_spacing,PROVISIONAL_EQUAL_GRID_USE_250410_JOINT_WEEKLY_POINTS,patch_anchored_nominal_thursday_week_label,,False
250410,production_sources,2025-02-06,other_coin,1208.5552937215957,1209,740.0,direct_weekly_rgb,12.083045973594572,azmoth_launch_first_pixel_plus_patch_week_spacing,PROVISIONAL_EQUAL_GRID_USE_250410_JOINT_WEEKLY_POINTS,patch_anchored_nominal_thursday_week_label,,False
250410,production_sources,2025-02-06,other,1208.5552937215957,1209,,unresolved_no_local_guide,,azmoth_launch_first_pixel_plus_patch_week_spacing,PROVISIONAL_EQUAL_GRID_USE_250410_JOINT_WEEKLY_POINTS,patch_anchored_nominal_thursday_week_label,,False
250410,production_sources,2025-02-13,boss,1216.1524995791956,1216,350.0,direct_weekly_rgb,12.569805089976535,azmoth_launch_first_pixel_plus_patch_week_spacing,PROVISIONAL_EQUAL_GRID_USE_250410_JOINT_WEEKLY_POINTS,patch_anchored_nominal_thursday_week_label,2.73999887785493,False
250410,production_sources,2025-02-13,field,1216.1524995791956,1216,680.0,direct_weekly_rgb,16.30950643030009,azmoth_launch_first_pixel_plus_patch_week_spacing,PROVISIONAL_EQUAL_GRID_USE_250410_JOINT_WEEKLY_POINTS,patch_anchored_nominal_thursday_week_label,4.43499971946369,False
250410,production_sources,2025-02-13,azmoth,1216.1524995791956,1216,731.0,direct_weekly_rgb,7.681145747868608,azmoth_launch_first_pixel_plus_patch_week_spacing,PROVISIONAL_EQUAL_GRID_USE_250410_JOINT_WEEKLY_POINTS,patch_anchored_nominal_thursday_week_label,,False
250410,production_sources,2025-02-13,other_coin,1216.1524995791956,1216,741.0,direct_weekly_rgb,19.44222209522358,azmoth_launch_first_pixel_plus_patch_week_spacing,PROVISIONAL_EQUAL_GRID_USE_250410_JOINT_WEEKLY_POINTS,patch_anchored_nominal_thursday_week_label,,False
250410,production_sources,2025-02-13,other,1216.1524995791956,1216,,unresolved_no_local_guide,,azmoth_launch_first_pixel_plus_patch_week_spacing,PROVISIONAL_EQUAL_GRID_USE_250410_JOINT_WEEKLY_POINTS,patch_anchored_nominal_thursday_week_label,,False
250410,production_sources,2025-02-20,boss,1223.7497054367952,1224,336.0,direct_weekly_rgb,13.30413469565007,azmoth_launch_first_pixel_plus_patch_week_spacing,PROVISIONAL_EQUAL_GRID_USE_250410_JOINT_WEEKLY_POINTS,patch_anchored_nominal_thursday_week_label,10.999214498120637,True
250410,production_sources,2025-02-20,field,1223.7497054367952,1224,661.0,direct_weekly_rgb,15.811388300841896,azmoth_launch_first_pixel_plus_patch_week_spacing,PROVISIONAL_EQUAL_GRID_USE_250410_JOINT_WEEKLY_POINTS,patch_anchored_nominal_thursday_week_label,11.001178252819045,True
250410,production_sources,2025-02-20,azmoth,1223.7497054367952,1224,725.0,direct_weekly_rgb,8.717797887081348,azmoth_launch_first_pixel_plus_patch_week_spacing,PROVISIONAL_EQUAL_GRID_USE_250410_JOINT_WEEKLY_POINTS,patch_anchored_nominal_thursday_week_label,,False
250410,production_sources,2025-02-20,other_coin,1223.7497054367952,1224,738.0,direct_weekly_rgb,21.61018278497431,azmoth_launch_first_pixel_plus_patch_week_spacing,PROVISIONAL_EQUAL_GRID_USE_250410_JOINT_WEEKLY_POINTS,patch_anchored_nominal_thursday_week_label,,False
250410,production_sources,2025-02-20,other,1223.7497054367952,1224,,unresolved_no_local_guide,,azmoth_launch_first_pixel_plus_patch_week_spacing,PROVISIONAL_EQUAL_GRID_USE_250410_JOINT_WEEKLY_POINTS,patch_anchored_nominal_thursday_week_label,,False
250410,production_sources,2025-02-27,boss,1231.3469112943949,1231,322.0,direct_weekly_rgb,10.488088481701515,azmoth_launch_first_pixel_plus_patch_week_spacing,PROVISIONAL_EQUAL_GRID_USE_250410_JOINT_WEEKLY_POINTS,patch_anchored_nominal_thursday_week_label,5.394658587218771,False
250410,production_sources,2025-02-27,field,1231.3469112943949,1231,665.0,direct_weekly_rgb,27.09243436828813,azmoth_launch_first_pixel_plus_patch_week_spacing,PROVISIONAL_EQUAL_GRID_USE_250410_JOINT_WEEKLY_POINTS,patch_anchored_nominal_thursday_week_label,6.346911294394886,False
250410,production_sources,2025-02-27,azmoth,1231.3469112943949,1231,719.0,direct_weekly_rgb,12.206555615733702,azmoth_launch_first_pixel_plus_patch_week_spacing,PROVISIONAL_EQUAL_GRID_USE_250410_JOINT_WEEKLY_POINTS,patch_anchored_nominal_thursday_week_label,,False
250410,production_sources,2025-02-27,other_coin,1231.3469112943949,1231,725.0,direct_weekly_rgb,12.083045973594572,azmoth_launch_first_pixel_plus_patch_week_spacing,PROVISIONAL_EQUAL_GRID_USE_250410_JOINT_WEEKLY_POINTS,patch_anchored_nominal_thursday_week_label,,False
250410,production_sources,2025-02-27,other,1231.3469112943949,1231,,unresolved_no_local_guide,,azmoth_launch_first_pixel_plus_patch_week_spacing,PROVISIONAL_EQUAL_GRID_USE_250410_JOINT_WEEKLY_POINTS,patch_anchored_nominal_thursday_week_label,,False
250410,production_sources,2025-03-06,boss,1238.9441171519948,1239,351.0,direct_weekly_rgb,16.186414056238647,azmoth_launch_first_pixel_plus_patch_week_spacing,PROVISIONAL_EQUAL_GRID_USE_250410_JOINT_WEEKLY_POINTS,patch_anchored_nominal_thursday_week_label,33.90882567468935,True
250410,production_sources,2025-03-06,field,1238.9441171519948,1239,670.0,direct_weekly_rgb,25.709920264364882,azmoth_launch_first_pixel_plus_patch_week_spacing,PROVISIONAL_EQUAL_GRID_USE_250410_JOINT_WEEKLY_POINTS,patch_anchored_nominal_thursday_week_label,6.0,False
250410,production_sources,2025-03-06,azmoth,1238.9441171519948,1239,722.0,direct_weekly_rgb,3.0,azmoth_launch_first_pixel_plus_patch_week_spacing,PROVISIONAL_EQUAL_GRID_USE_250410_JOINT_WEEKLY_POINTS,patch_anchored_nominal_thursday_week_label,,False
250410,production_sources,2025-03-06,other_coin,1238.9441171519948,1239,754.0,direct_weekly_rgb,20.73644135332772,azmoth_launch_first_pixel_plus_patch_week_spacing,PROVISIONAL_EQUAL_GRID_USE_250410_JOINT_WEEKLY_POINTS,patch_anchored_nominal_thursday_week_label,,False
250410,production_sources,2025-03-06,other,1238.9441171519948,1239,,unresolved_no_local_guide,,azmoth_launch_first_pixel_plus_patch_week_spacing,PROVISIONAL_EQUAL_GRID_USE_250410_JOINT_WEEKLY_POINTS,patch_anchored_nominal_thursday_week_label,,False
250410,production_sources,2025-03-13,boss,1246.5413230095946,1247,363.0,direct_weekly_rgb,3.605551275463989,azmoth_launch_first_pixel_plus_patch_week_spacing,PROVISIONAL_EQUAL_GRID_USE_250410_JOINT_WEEKLY_POINTS,patch_anchored_nominal_thursday_week_label,0.38843067945947496,False
250410,production_sources,2025-03-13,field,1246.5413230095946,1247,676.0,direct_weekly_rgb,22.40535650240808,azmoth_launch_first_pixel_plus_patch_week_spacing,PROVISIONAL_EQUAL_GRID_USE_250410_JOINT_WEEKLY_POINTS,patch_anchored_nominal_thursday_week_label,2.1528923301351597,False
250410,production_sources,2025-03-13,azmoth,1246.5413230095946,1247,719.0,direct_weekly_rgb,3.605551275463989,azmoth_launch_first_pixel_plus_patch_week_spacing,PROVISIONAL_EQUAL_GRID_USE_250410_JOINT_WEEKLY_POINTS,patch_anchored_nominal_thursday_week_label,,False
250410,production_sources,2025-03-13,other_coin,1246.5413230095946,1247,761.0,direct_weekly_rgb,16.431676725154983,azmoth_launch_first_pixel_plus_patch_week_spacing,PROVISIONAL_EQUAL_GRID_USE_250410_JOINT_WEEKLY_POINTS,patch_anchored_nominal_thursday_week_label,,False
250410,production_sources,2025-03-13,other,1246.5413230095946,1247,,unresolved_no_local_guide,,azmoth_launch_first_pixel_plus_patch_week_spacing,PROVISIONAL_EQUAL_GRID_USE_250410_JOINT_WEEKLY_POINTS,patch_anchored_nominal_thursday_week_label,,False
250410,production_sources,2025-03-20,boss,1254.1385288671943,1254,355.0,direct_weekly_rgb,12.727922061357855,azmoth_launch_first_pixel_plus_patch_week_spacing,PROVISIONAL_EQUAL_GRID_USE_250410_JOINT_WEEKLY_POINTS,patch_anchored_nominal_thursday_week_label,8.277057734388563,False
250410,production_sources,2025-03-20,field,1254.1385288671943,1254,680.0,direct_weekly_rgb,19.261360284258224,azmoth_launch_first_pixel_plus_patch_week_spacing,PROVISIONAL_EQUAL_GRID_USE_250410_JOINT_WEEKLY_POINTS,patch_anchored_nominal_thursday_week_label,1.6204903776018682,False
250410,production_sources,2025-03-20,azmoth,1254.1385288671943,1254,718.0,direct_weekly_rgb,6.708203932499369,azmoth_launch_first_pixel_plus_patch_week_spacing,PROVISIONAL_EQUAL_GRID_USE_250410_JOINT_WEEKLY_POINTS,patch_anchored_nominal_thursday_week_label,,False
250410,production_sources,2025-03-20,other_coin,1254.1385288671943,1254,760.0,direct_weekly_rgb,19.849433241279208,azmoth_launch_first_pixel_plus_patch_week_spacing,PROVISIONAL_EQUAL_GRID_USE_250410_JOINT_WEEKLY_POINTS,patch_anchored_nominal_thursday_week_label,,False
250410,production_sources,2025-03-20,other,1254.1385288671943,1254,,unresolved_no_local_guide,,azmoth_launch_first_pixel_plus_patch_week_spacing,PROVISIONAL_EQUAL_GRID_USE_250410_JOINT_WEEKLY_POINTS,patch_anchored_nominal_thursday_week_label,,False
250410,production_sources,2025-03-27,boss,1261.735734724794,1262,337.0,direct_weekly_rgb,21.470910553583888,azmoth_launch_first_pixel_plus_patch_week_spacing,PROVISIONAL_EQUAL_GRID_USE_250410_JOINT_WEEKLY_POINTS,patch_anchored_nominal_thursday_week_label,10.704707400549523,True
250410,production_sources,2025-03-27,field,1261.735734724794,1262,683.0,direct_weekly_rgb,28.6705423736629,azmoth_launch_first_pixel_plus_patch_week_spacing,PROVISIONAL_EQUAL_GRID_USE_250410_JOINT_WEEKLY_POINTS,patch_anchored_nominal_thursday_week_label,3.0,False
250410,production_sources,2025-03-27,azmoth,1261.735734724794,1262,717.0,direct_weekly_rgb,4.69041575982343,azmoth_launch_first_pixel_plus_patch_week_spacing,PROVISIONAL_EQUAL_GRID_USE_250410_JOINT_WEEKLY_POINTS,patch_anchored_nominal_thursday_week_label,,False
250410,production_sources,2025-03-27,other_coin,1261.735734724794,1262,748.0,direct_weekly_rgb,20.688160865577203,azmoth_launch_first_pixel_plus_patch_week_spacing,PROVISIONAL_EQUAL_GRID_USE_250410_JOINT_WEEKLY_POINTS,patch_anchored_nominal_thursday_week_label,,False
250410,production_sources,2025-03-27,other,1261.735734724794,1262,,unresolved_no_local_guide,,azmoth_launch_first_pixel_plus_patch_week_spacing,PROVISIONAL_EQUAL_GRID_USE_250410_JOINT_WEEKLY_POINTS,patch_anchored_nominal_thursday_week_label,,False
251016,production_sources,2025-04-17,boss,136.0,136,537.0,direct_weekly_rgb,26.49528259898354,first_last_week_and_line_vertices,SOURCE_WEEKLY_PIXEL_READING,printed_tick_or_endpoint_thursday_label,,False
251016,production_sources,2025-04-17,field,136.0,136,677.0,direct_weekly_rgb,30.199337741083,first_last_week_and_line_vertices,SOURCE_WEEKLY_PIXEL_READING,printed_tick_or_endpoint_thursday_label,,False
251016,production_sources,2025-04-17,azmoth_coin,136.0,136,715.0,direct_weekly_rgb,20.591260281974,first_last_week_and_line_vertices,SOURCE_WEEKLY_PIXEL_READING,printed_tick_or_endpoint_thursday_label,,False
251016,production_sources,2025-04-17,other_coin,136.0,136,713.0,direct_weekly_rgb,20.493901531919196,first_last_week_and_line_vertices,SOURCE_WEEKLY_PIXEL_READING,printed_tick_or_endpoint_thursday_label,,False
251016,production_sources,2025-04-17,other,136.0,136,,unresolved_no_local_guide,,first_last_week_and_line_vertices,SOURCE_WEEKLY_PIXEL_READING,printed_tick_or_endpoint_thursday_label,,False
251016,production_sources,2025-04-24,boss,185.0,185,558.0,direct_weekly_rgb,35.185224171518364,first_last_week_and_line_vertices,SOURCE_WEEKLY_PIXEL_READING,printed_tick_or_endpoint_thursday_label,,False
251016,production_sources,2025-04-24,field,185.0,185,681.0,direct_weekly_rgb,24.919871588754223,first_last_week_and_line_vertices,SOURCE_WEEKLY_PIXEL_READING,printed_tick_or_endpoint_thursday_label,,False
251016,production_sources,2025-04-24,azmoth_coin,185.0,185,,unresolved_no_local_guide,,first_last_week_and_line_vertices,SOURCE_WEEKLY_PIXEL_READING,printed_tick_or_endpoint_thursday_label,,False
251016,production_sources,2025-04-24,other_coin,185.0,185,720.0,direct_weekly_rgb,6.708203932499369,first_last_week_and_line_vertices,SOURCE_WEEKLY_PIXEL_READING,printed_tick_or_endpoint_thursday_label,,False
251016,production_sources,2025-04-24,other,185.0,185,,unresolved_no_local_guide,,first_last_week_and_line_vertices,SOURCE_WEEKLY_PIXEL_READING,printed_tick_or_endpoint_thursday_label,,False
251016,production_sources,2025-05-01,boss,234.0,234,537.0,direct_weekly_rgb,19.209372712298546,first_last_week_and_line_vertices,SOURCE_WEEKLY_PIXEL_READING,printed_tick_or_endpoint_thursday_label,,False
251016,production_sources,2025-05-01,field,234.0,234,678.0,direct_weekly_rgb,19.949937343260004,first_last_week_and_line_vertices,SOURCE_WEEKLY_PIXEL_READING,printed_tick_or_endpoint_thursday_label,,False
251016,production_sources,2025-05-01,azmoth_coin,234.0,234,722.0,direct_weekly_rgb,17.663521732655695,first_last_week_and_line_vertices,SOURCE_WEEKLY_PIXEL_READING,printed_tick_or_endpoint_thursday_label,,False
251016,production_sources,2025-05-01,other_coin,234.0,234,717.0,direct_weekly_rgb,18.35755975068582,first_last_week_and_line_vertices,SOURCE_WEEKLY_PIXEL_READING,printed_tick_or_endpoint_thursday_label,,False
251016,production_sources,2025-05-01,other,234.0,234,,unresolved_no_local_guide,,first_last_week_and_line_vertices,SOURCE_WEEKLY_PIXEL_READING,printed_tick_or_endpoint_thursday_label,,False
251016,production_sources,2025-05-08,boss,283.0,283,558.0,direct_weekly_rgb,31.78049716414141,first_last_week_and_line_vertices,SOURCE_WEEKLY_PIXEL_READING,printed_tick_or_endpoint_thursday_label,,False
251016,production_sources,2025-05-08,field,283.0,283,683.0,direct_weekly_rgb,22.561028345356956,first_last_week_and_line_vertices,SOURCE_WEEKLY_PIXEL_READING,printed_tick_or_endpoint_thursday_label,,False
251016,production_sources,2025-05-08,azmoth_coin,283.0,283,722.0,direct_weekly_rgb,14.035668847618199,first_last_week_and_line_vertices,SOURCE_WEEKLY_PIXEL_READING,printed_tick_or_endpoint_thursday_label,,False
251016,production_sources,2025-05-08,other_coin,283.0,283,730.0,direct_weekly_rgb,22.891046284519195,first_last_week_and_line_vertices,SOURCE_WEEKLY_PIXEL_READING,printed_tick_or_endpoint_thursday_label,,False
251016,production_sources,2025-05-08,other,283.0,283,,unresolved_no_local_guide,,first_last_week_and_line_vertices,SOURCE_WEEKLY_PIXEL_READING,printed_tick_or_endpoint_thursday_label,,False
251016,production_sources,2025-05-15,boss,332.0,332,561.0,direct_weekly_rgb,33.391615714128,first_last_week_and_line_vertices,SOURCE_WEEKLY_PIXEL_READING,printed_tick_or_endpoint_thursday_label,,False
251016,production_sources,2025-05-15,field,332.0,332,683.0,direct_weekly_rgb,19.235384061671343,first_last_week_and_line_vertices,SOURCE_WEEKLY_PIXEL_READING,printed_tick_or_endpoint_thursday_label,,False
251016,production_sources,2025-05-15,azmoth_coin,332.0,332,723.0,direct_weekly_rgb,7.810249675906654,first_last_week_and_line_vertices,SOURCE_WEEKLY_PIXEL_READING,printed_tick_or_endpoint_thursday_label,,False
251016,production_sources,2025-05-15,other_coin,332.0,332,721.0,direct_weekly_rgb,14.177446878757825,first_last_week_and_line_vertices,SOURCE_WEEKLY_PIXEL_READING,printed_tick_or_endpoint_thursday_label,,False
251016,production_sources,2025-05-15,other,332.0,332,,unresolved_no_local_guide,,first_last_week_and_line_vertices,SOURCE_WEEKLY_PIXEL_READING,printed_tick_or_endpoint_thursday_label,,False
251016,production_sources,2025-05-22,boss,381.0,381,559.0,direct_weekly_rgb,19.339079605813716,first_last_week_and_line_vertices,SOURCE_WEEKLY_PIXEL_READING,printed_tick_or_endpoint_thursday_label,,False
251016,production_sources,2025-05-22,field,381.0,381,688.0,direct_weekly_rgb,23.895606290697042,first_last_week_and_line_vertices,SOURCE_WEEKLY_PIXEL_READING,printed_tick_or_endpoint_thursday_label,,False
251016,production_sources,2025-05-22,azmoth_coin,381.0,381,721.0,direct_weekly_rgb,13.152946437965905,first_last_week_and_line_vertices,SOURCE_WEEKLY_PIXEL_READING,printed_tick_or_endpoint_thursday_label,,False
251016,production_sources,2025-05-22,other_coin,381.0,381,727.0,direct_weekly_rgb,20.83266665599966,first_last_week_and_line_vertices,SOURCE_WEEKLY_PIXEL_READING,printed_tick_or_endpoint_thursday_label,,False
251016,production_sources,2025-05-22,other,381.0,381,,unresolved_no_local_guide,,first_last_week_and_line_vertices,SOURCE_WEEKLY_PIXEL_READING,printed_tick_or_endpoint_thursday_label,,False
251016,production_sources,2025-05-29,boss,430.0,430,538.0,direct_weekly_rgb,15.652475842498529,first_last_week_and_line_vertices,SOURCE_WEEKLY_PIXEL_READING,printed_tick_or_endpoint_thursday_label,,False
251016,production_sources,2025-05-29,field,430.0,430,683.0,direct_weekly_rgb,26.570660511172846,first_last_week_and_line_vertices,SOURCE_WEEKLY_PIXEL_READING,printed_tick_or_endpoint_thursday_label,,False
251016,production_sources,2025-05-29,azmoth_coin,430.0,430,,unresolved_no_local_guide,,first_last_week_and_line_vertices,SOURCE_WEEKLY_PIXEL_READING,printed_tick_or_endpoint_thursday_label,,False
251016,production_sources,2025-05-29,other_coin,430.0,430,719.0,direct_weekly_rgb,10.677078252031311,first_last_week_and_line_vertices,SOURCE_WEEKLY_PIXEL_READING,printed_tick_or_endpoint_thursday_label,,False
251016,production_sources,2025-05-29,other,430.0,430,,unresolved_no_local_guide,,first_last_week_and_line_vertices,SOURCE_WEEKLY_PIXEL_READING,printed_tick_or_endpoint_thursday_label,,False
251016,production_sources,2025-06-05,boss,479.0,479,531.0,direct_weekly_rgb,35.91656999213594,first_last_week_and_line_vertices,SOURCE_WEEKLY_PIXEL_READING,printed_tick_or_endpoint_thursday_label,,False
251016,production_sources,2025-06-05,field,479.0,479,675.0,direct_weekly_rgb,13.45362404707371,first_last_week_and_line_vertices,SOURCE_WEEKLY_PIXEL_READING,printed_tick_or_endpoint_thursday_label,,False
251016,production_sources,2025-06-05,azmoth_coin,479.0,479,720.0,direct_weekly_rgb,29.274562336608895,first_last_week_and_line_vertices,SOURCE_WEEKLY_PIXEL_READING,printed_tick_or_endpoint_thursday_label,,False
251016,production_sources,2025-06-05,other_coin,479.0,479,718.0,direct_weekly_rgb,13.601470508735444,first_last_week_and_line_vertices,SOURCE_WEEKLY_PIXEL_READING,printed_tick_or_endpoint_thursday_label,,False
251016,production_sources,2025-06-05,other,479.0,479,,unresolved_no_local_guide,,first_last_week_and_line_vertices,SOURCE_WEEKLY_PIXEL_READING,printed_tick_or_endpoint_thursday_label,,False
251016,production_sources,2025-06-12,boss,528.0,528,527.0,direct_weekly_rgb,22.847319317591726,first_last_week_and_line_vertices,SOURCE_WEEKLY_PIXEL_READING,printed_tick_or_endpoint_thursday_label,,False
251016,production_sources,2025-06-12,field,528.0,528,673.0,direct_weekly_rgb,13.601470508735444,first_last_week_and_line_vertices,SOURCE_WEEKLY_PIXEL_READING,printed_tick_or_endpoint_thursday_label,,False
251016,production_sources,2025-06-12,azmoth_coin,528.0,528,721.0,direct_weekly_rgb,10.246950765959598,first_last_week_and_line_vertices,SOURCE_WEEKLY_PIXEL_READING,printed_tick_or_endpoint_thursday_label,,False
251016,production_sources,2025-06-12,other_coin,528.0,528,729.0,direct_weekly_rgb,26.739483914241877,first_last_week_and_line_vertices,SOURCE_WEEKLY_PIXEL_READING,printed_tick_or_endpoint_thursday_label,,False
251016,production_sources,2025-06-12,other,528.0,528,,unresolved_no_local_guide,,first_last_week_and_line_vertices,SOURCE_WEEKLY_PIXEL_READING,printed_tick_or_endpoint_thursday_label,,False
251016,production_sources,2025-06-19,boss,577.0,577,,unresolved_rgb,,first_last_week_and_line_vertices,SOURCE_WEEKLY_PIXEL_READING,printed_tick_or_endpoint_thursday_label,,False
251016,production_sources,2025-06-19,field,577.0,577,,unresolved_rgb,,first_last_week_and_line_vertices,SOURCE_WEEKLY_PIXEL_READING,printed_tick_or_endpoint_thursday_label,,False
251016,production_sources,2025-06-19,azmoth_coin,577.0,577,727.0,direct_weekly_rgb,12.569805089976535,first_last_week_and_line_vertices,SOURCE_WEEKLY_PIXEL_READING,printed_tick_or_endpoint_thursday_label,,False
251016,production_sources,2025-06-19,other_coin,577.0,577,649.0,direct_weekly_rgb,21.840329667841555,first_last_week_and_line_vertices,SOURCE_WEEKLY_PIXEL_READING,printed_tick_or_endpoint_thursday_label,,False
251016,production_sources,2025-06-19,other,577.0,577,754.0,candidate_axis_unverified,11.916375287812984,first_last_week_and_line_vertices,SOURCE_WEEKLY_PIXEL_READING,printed_tick_or_endpoint_thursday_label,,False
251016,production_sources,2025-06-26,boss,626.0,626,421.0,direct_weekly_rgb,18.81488772222678,first_last_week_and_line_vertices,SOURCE_WEEKLY_PIXEL_READING,printed_tick_or_endpoint_thursday_label,,False
251016,production_sources,2025-06-26,field,626.0,626,629.0,direct_weekly_rgb,20.904544960366874,first_last_week_and_line_vertices,SOURCE_WEEKLY_PIXEL_READING,printed_tick_or_endpoint_thursday_label,,False
251016,production_sources,2025-06-26,azmoth_coin,626.0,626,724.0,direct_weekly_rgb,15.165750888103101,first_last_week_and_line_vertices,SOURCE_WEEKLY_PIXEL_READING,printed_tick_or_endpoint_thursday_label,,False
251016,production_sources,2025-06-26,other_coin,626.0,626,639.0,direct_weekly_rgb,19.339079605813716,first_last_week_and_line_vertices,SOURCE_WEEKLY_PIXEL_READING,printed_tick_or_endpoint_thursday_label,,False
251016,production_sources,2025-06-26,other,626.0,626,,unresolved_no_local_guide,,first_last_week_and_line_vertices,SOURCE_WEEKLY_PIXEL_READING,printed_tick_or_endpoint_thursday_label,,False
251016,production_sources,2025-07-03,boss,675.0,675,400.0,direct_weekly_rgb,33.25657829663178,first_last_week_and_line_vertices,SOURCE_WEEKLY_PIXEL_READING,printed_tick_or_endpoint_thursday_label,,False
251016,production_sources,2025-07-03,field,675.0,675,628.0,direct_weekly_rgb,25.80697580112788,first_last_week_and_line_vertices,SOURCE_WEEKLY_PIXEL_READING,printed_tick_or_endpoint_thursday_label,,False
251016,production_sources,2025-07-03,azmoth_coin,675.0,675,725.0,direct_weekly_rgb,13.74772708486752,first_last_week_and_line_vertices,SOURCE_WEEKLY_PIXEL_READING,printed_tick_or_endpoint_thursday_label,,False
251016,production_sources,2025-07-03,other_coin,675.0,675,663.0,direct_weekly_rgb,21.118712081942874,first_last_week_and_line_vertices,SOURCE_WEEKLY_PIXEL_READING,printed_tick_or_endpoint_thursday_label,,False
251016,production_sources,2025-07-03,other,675.0,675,,unresolved_no_local_guide,,first_last_week_and_line_vertices,SOURCE_WEEKLY_PIXEL_READING,printed_tick_or_endpoint_thursday_label,,False
251016,production_sources,2025-07-10,boss,724.0,724,395.0,direct_weekly_rgb,29.086079144497972,first_last_week_and_line_vertices,SOURCE_WEEKLY_PIXEL_READING,printed_tick_or_endpoint_thursday_label,,False
251016,production_sources,2025-07-10,field,724.0,724,617.0,direct_weekly_rgb,10.63014581273465,first_last_week_and_line_vertices,SOURCE_WEEKLY_PIXEL_READING,printed_tick_or_endpoint_thursday_label,,False
251016,production_sources,2025-07-10,azmoth_coin,724.0,724,727.0,direct_weekly_rgb,26.419689627245813,first_last_week_and_line_vertices,SOURCE_WEEKLY_PIXEL_READING,printed_tick_or_endpoint_thursday_label,,False
251016,production_sources,2025-07-10,other_coin,724.0,724,678.0,direct_weekly_rgb,24.879710609249457,first_last_week_and_line_vertices,SOURCE_WEEKLY_PIXEL_READING,printed_tick_or_endpoint_thursday_label,,False
251016,production_sources,2025-07-10,other,724.0,724,,unresolved_no_local_guide,,first_last_week_and_line_vertices,SOURCE_WEEKLY_PIXEL_READING,printed_tick_or_endpoint_thursday_label,,False
251016,production_sources,2025-07-17,boss,773.0,773,362.0,direct_weekly_rgb,25.69046515733026,first_last_week_and_line_vertices,SOURCE_WEEKLY_PIXEL_READING,printed_tick_or_endpoint_thursday_label,,False
251016,production_sources,2025-07-17,field,773.0,773,607.0,direct_weekly_rgb,28.178005607210743,first_last_week_and_line_vertices,SOURCE_WEEKLY_PIXEL_READING,printed_tick_or_endpoint_thursday_label,,False
251016,production_sources,2025-07-17,azmoth_coin,773.0,773,726.0,direct_weekly_rgb,17.349351572897472,first_last_week_and_line_vertices,SOURCE_WEEKLY_PIXEL_READING,printed_tick_or_endpoint_thursday_label,,False
251016,production_sources,2025-07-17,other_coin,773.0,773,,unresolved_no_local_guide,,first_last_week_and_line_vertices,SOURCE_WEEKLY_PIXEL_READING,printed_tick_or_endpoint_thursday_label,,False
251016,production_sources,2025-07-17,other,773.0,773,,unresolved_no_local_guide,,first_last_week_and_line_vertices,SOURCE_WEEKLY_PIXEL_READING,printed_tick_or_endpoint_thursday_label,,False
251016,production_sources,2025-07-24,boss,822.0,822,359.0,direct_weekly_rgb,12.68857754044952,first_last_week_and_line_vertices,SOURCE_WEEKLY_PIXEL_READING,printed_tick_or_endpoint_thursday_label,,False
251016,production_sources,2025-07-24,field,822.0,822,605.0,direct_weekly_rgb,16.15549442140351,first_last_week_and_line_vertices,SOURCE_WEEKLY_PIXEL_READING,printed_tick_or_endpoint_thursday_label,,False
251016,production_sources,2025-07-24,azmoth_coin,822.0,822,718.0,direct_weekly_rgb,11.445523142259598,first_last_week_and_line_vertices,SOURCE_WEEKLY_PIXEL_READING,printed_tick_or_endpoint_thursday_label,,False
251016,production_sources,2025-07-24,other_coin,822.0,822,677.0,direct_weekly_rgb,23.558437978779494,first_last_week_and_line_vertices,SOURCE_WEEKLY_PIXEL_READING,printed_tick_or_endpoint_thursday_label,,False
251016,production_sources,2025-07-24,other,822.0,822,,unresolved_no_local_guide,,first_last_week_and_line_vertices,SOURCE_WEEKLY_PIXEL_READING,printed_tick_or_endpoint_thursday_label,,False
251016,production_sources,2025-07-31,boss,871.0,871,330.0,direct_weekly_rgb,10.04987562112089,first_last_week_and_line_vertices,SOURCE_WEEKLY_PIXEL_READING,printed_tick_or_endpoint_thursday_label,,False
251016,production_sources,2025-07-31,field,871.0,871,614.0,direct_weekly_rgb,23.280893453645632,first_last_week_and_line_vertices,SOURCE_WEEKLY_PIXEL_READING,printed_tick_or_endpoint_thursday_label,,False
251016,production_sources,2025-07-31,azmoth_coin,871.0,871,715.0,direct_weekly_rgb,16.186414056238647,first_last_week_and_line_vertices,SOURCE_WEEKLY_PIXEL_READING,printed_tick_or_endpoint_thursday_label,,False
251016,production_sources,2025-07-31,other_coin,871.0,871,673.0,direct_weekly_rgb,16.822603841260722,first_last_week_and_line_vertices,SOURCE_WEEKLY_PIXEL_READING,printed_tick_or_endpoint_thursday_label,,False
251016,production_sources,2025-07-31,other,871.0,871,,unresolved_no_local_guide,,first_last_week_and_line_vertices,SOURCE_WEEKLY_PIXEL_READING,printed_tick_or_endpoint_thursday_label,,False
251016,production_sources,2025-08-07,boss,920.0,920,354.0,direct_weekly_rgb,31.11269837220809,first_last_week_and_line_vertices,SOURCE_WEEKLY_PIXEL_READING,printed_tick_or_endpoint_thursday_label,,False
251016,production_sources,2025-08-07,field,920.0,920,615.0,direct_weekly_rgb,13.076696830622021,first_last_week_and_line_vertices,SOURCE_WEEKLY_PIXEL_READING,printed_tick_or_endpoint_thursday_label,,False
251016,production_sources,2025-08-07,azmoth_coin,920.0,920,716.0,direct_weekly_rgb,21.283796653792763,first_last_week_and_line_vertices,SOURCE_WEEKLY_PIXEL_READING,printed_tick_or_endpoint_thursday_label,,False
251016,production_sources,2025-08-07,other_coin,920.0,920,696.0,direct_weekly_rgb,25.96150997149434,first_last_week_and_line_vertices,SOURCE_WEEKLY_PIXEL_READING,printed_tick_or_endpoint_thursday_label,,False
251016,production_sources,2025-08-07,other,920.0,920,,unresolved_no_local_guide,,first_last_week_and_line_vertices,SOURCE_WEEKLY_PIXEL_READING,printed_tick_or_endpoint_thursday_label,,False
251016,production_sources,2025-08-14,boss,969.0,969,354.0,direct_weekly_rgb,30.886890422961002,first_last_week_and_line_vertices,SOURCE_WEEKLY_PIXEL_READING,printed_tick_or_endpoint_thursday_label,,False
251016,production_sources,2025-08-14,field,969.0,969,610.0,direct_weekly_rgb,17.146428199482248,first_last_week_and_line_vertices,SOURCE_WEEKLY_PIXEL_READING,printed_tick_or_endpoint_thursday_label,,False
251016,production_sources,2025-08-14,azmoth_coin,969.0,969,716.0,direct_weekly_rgb,14.45683229480096,first_last_week_and_line_vertices,SOURCE_WEEKLY_PIXEL_READING,printed_tick_or_endpoint_thursday_label,,False
251016,production_sources,2025-08-14,other_coin,969.0,969,697.0,direct_weekly_rgb,19.1049731745428,first_last_week_and_line_vertices,SOURCE_WEEKLY_PIXEL_READING,printed_tick_or_endpoint_thursday_label,,False
251016,production_sources,2025-08-14,other,969.0,969,,unresolved_no_local_guide,,first_last_week_and_line_vertices,SOURCE_WEEKLY_PIXEL_READING,printed_tick_or_endpoint_thursday_label,,False
251016,production_sources,2025-08-21,boss,1018.0,1018,337.0,direct_weekly_rgb,32.32645975048923,first_last_week_and_line_vertices,SOURCE_WEEKLY_PIXEL_READING,printed_tick_or_endpoint_thursday_label,,False
251016,production_sources,2025-08-21,field,1018.0,1018,631.0,direct_weekly_rgb,28.035691537752374,first_last_week_and_line_vertices,SOURCE_WEEKLY_PIXEL_READING,printed_tick_or_endpoint_thursday_label,,False
251016,production_sources,2025-08-21,azmoth_coin,1018.0,1018,711.0,direct_weekly_rgb,12.806248474865697,first_last_week_and_line_vertices,SOURCE_WEEKLY_PIXEL_READING,printed_tick_or_endpoint_thursday_label,,False
251016,production_sources,2025-08-21,other_coin,1018.0,1018,,unresolved_rgb,,first_last_week_and_line_vertices,SOURCE_WEEKLY_PIXEL_READING,printed_tick_or_endpoint_thursday_label,,False
251016,production_sources,2025-08-21,other,1018.0,1018,,unresolved_no_local_guide,,first_last_week_and_line_vertices,SOURCE_WEEKLY_PIXEL_READING,printed_tick_or_endpoint_thursday_label,,False
251016,production_sources,2025-08-28,boss,1067.0,1067,310.0,direct_weekly_rgb,27.386127875258307,first_last_week_and_line_vertices,SOURCE_WEEKLY_PIXEL_READING,printed_tick_or_endpoint_thursday_label,,False
251016,production_sources,2025-08-28,field,1067.0,1067,630.0,direct_weekly_rgb,19.72308292331602,first_last_week_and_line_vertices,SOURCE_WEEKLY_PIXEL_READING,printed_tick_or_endpoint_thursday_label,,False
251016,production_sources,2025-08-28,azmoth_coin,1067.0,1067,705.0,direct_weekly_rgb,27.0,first_last_week_and_line_vertices,SOURCE_WEEKLY_PIXEL_READING,printed_tick_or_endpoint_thursday_label,,False
251016,production_sources,2025-08-28,other_coin,1067.0,1067,703.0,direct_weekly_rgb,17.0,first_last_week_and_line_vertices,SOURCE_WEEKLY_PIXEL_READING,printed_tick_or_endpoint_thursday_label,,False
251016,production_sources,2025-08-28,other,1067.0,1067,,unresolved_no_local_guide,,first_last_week_and_line_vertices,SOURCE_WEEKLY_PIXEL_READING,printed_tick_or_endpoint_thursday_label,,False
251016,production_sources,2025-09-04,boss,1116.0,1116,319.0,direct_weekly_rgb,28.24889378365107,first_last_week_and_line_vertices,SOURCE_WEEKLY_PIXEL_READING,printed_tick_or_endpoint_thursday_label,,False
251016,production_sources,2025-09-04,field,1116.0,1116,622.0,direct_weekly_rgb,23.706539182259394,first_last_week_and_line_vertices,SOURCE_WEEKLY_PIXEL_READING,printed_tick_or_endpoint_thursday_label,,False
251016,production_sources,2025-09-04,azmoth_coin,1116.0,1116,704.0,direct_weekly_rgb,11.74734012447073,first_last_week_and_line_vertices,SOURCE_WEEKLY_PIXEL_READING,printed_tick_or_endpoint_thursday_label,,False
251016,production_sources,2025-09-04,other_coin,1116.0,1116,692.0,direct_weekly_rgb,21.213203435596427,first_last_week_and_line_vertices,SOURCE_WEEKLY_PIXEL_READING,printed_tick_or_endpoint_thursday_label,,False
251016,production_sources,2025-09-04,other,1116.0,1116,,unresolved_no_local_guide,,first_last_week_and_line_vertices,SOURCE_WEEKLY_PIXEL_READING,printed_tick_or_endpoint_thursday_label,,False
251016,production_sources,2025-09-11,boss,1165.0,1165,337.0,direct_weekly_rgb,16.76305461424021,first_last_week_and_line_vertices,SOURCE_WEEKLY_PIXEL_READING,printed_tick_or_endpoint_thursday_label,,False
251016,production_sources,2025-09-11,field,1165.0,1165,622.0,direct_weekly_rgb,25.573423705088842,first_last_week_and_line_vertices,SOURCE_WEEKLY_PIXEL_READING,printed_tick_or_endpoint_thursday_label,,False
251016,production_sources,2025-09-11,azmoth_coin,1165.0,1165,704.0,direct_weekly_rgb,16.76305461424021,first_last_week_and_line_vertices,SOURCE_WEEKLY_PIXEL_READING,printed_tick_or_endpoint_thursday_label,,False
251016,production_sources,2025-09-11,other_coin,1165.0,1165,699.0,direct_weekly_rgb,17.146428199482248,first_last_week_and_line_vertices,SOURCE_WEEKLY_PIXEL_READING,printed_tick_or_endpoint_thursday_label,,False
251016,production_sources,2025-09-11,other,1165.0,1165,,unresolved_no_local_guide,,first_last_week_and_line_vertices,SOURCE_WEEKLY_PIXEL_READING,printed_tick_or_endpoint_thursday_label,,False
251016,production_sources,2025-09-18,boss,1214.0,1214,337.0,direct_weekly_rgb,23.93741840717165,first_last_week_and_line_vertices,SOURCE_WEEKLY_PIXEL_READING,printed_tick_or_endpoint_thursday_label,,False
251016,production_sources,2025-09-18,field,1214.0,1214,618.0,direct_weekly_rgb,12.806248474865697,first_last_week_and_line_vertices,SOURCE_WEEKLY_PIXEL_READING,printed_tick_or_endpoint_thursday_label,,False
251016,production_sources,2025-09-18,azmoth_coin,1214.0,1214,704.0,direct_weekly_rgb,11.661903789690601,first_last_week_and_line_vertices,SOURCE_WEEKLY_PIXEL_READING,printed_tick_or_endpoint_thursday_label,,False
251016,production_sources,2025-09-18,other_coin,1214.0,1214,702.0,direct_weekly_rgb,19.209372712298546,first_last_week_and_line_vertices,SOURCE_WEEKLY_PIXEL_READING,printed_tick_or_endpoint_thursday_label,,False
251016,production_sources,2025-09-18,other,1214.0,1214,,unresolved_no_local_guide,,first_last_week_and_line_vertices,SOURCE_WEEKLY_PIXEL_READING,printed_tick_or_endpoint_thursday_label,,False
251016,production_sources,2025-09-25,boss,1263.0,1263,356.0,direct_weekly_rgb,24.535688292770594,first_last_week_and_line_vertices,SOURCE_WEEKLY_PIXEL_READING,printed_tick_or_endpoint_thursday_label,,False
251016,production_sources,2025-09-25,field,1263.0,1263,626.0,direct_weekly_rgb,27.2213151776324,first_last_week_and_line_vertices,SOURCE_WEEKLY_PIXEL_READING,printed_tick_or_endpoint_thursday_label,,False
251016,production_sources,2025-09-25,azmoth_coin,1263.0,1263,704.0,direct_weekly_rgb,13.379088160259652,first_last_week_and_line_vertices,SOURCE_WEEKLY_PIXEL_READING,printed_tick_or_endpoint_thursday_label,,False
251016,production_sources,2025-09-25,other_coin,1263.0,1263,694.0,direct_weekly_rgb,9.055385138137417,first_last_week_and_line_vertices,SOURCE_WEEKLY_PIXEL_READING,printed_tick_or_endpoint_thursday_label,,False
251016,production_sources,2025-09-25,other,1263.0,1263,,unresolved_no_local_guide,,first_last_week_and_line_vertices,SOURCE_WEEKLY_PIXEL_READING,printed_tick_or_endpoint_thursday_label,,False
251016,production_sources,2025-10-02,boss,1312.0,1312,,unresolved_rgb,,first_last_week_and_line_vertices,SOURCE_WEEKLY_PIXEL_READING,printed_tick_or_endpoint_thursday_label,,False
251016,production_sources,2025-10-02,field,1312.0,1312,,unresolved_rgb,,first_last_week_and_line_vertices,SOURCE_WEEKLY_PIXEL_READING,printed_tick_or_endpoint_thursday_label,,False
251016,production_sources,2025-10-02,azmoth_coin,1312.0,1312,,unresolved_no_local_guide,,first_last_week_and_line_vertices,SOURCE_WEEKLY_PIXEL_READING,printed_tick_or_endpoint_thursday_label,,False
251016,production_sources,2025-10-02,other_coin,1312.0,1312,,unresolved_rgb,,first_last_week_and_line_vertices,SOURCE_WEEKLY_PIXEL_READING,printed_tick_or_endpoint_thursday_label,,False
251016,production_sources,2025-10-02,other,1312.0,1312,,unresolved_no_local_guide,,first_last_week_and_line_vertices,SOURCE_WEEKLY_PIXEL_READING,printed_tick_or_endpoint_thursday_label,,False
260910,production_sources,2025-08-21,boss,192.0,192,577.0,direct_weekly_rgb,39.63584236521283,first_last_week_and_line_vertices,SOURCE_WEEKLY_PIXEL_READING,printed_tick_or_endpoint_thursday_label,,False
260910,production_sources,2025-08-21,field,192.0,192,,unresolved_no_local_guide,,first_last_week_and_line_vertices,SOURCE_WEEKLY_PIXEL_READING,printed_tick_or_endpoint_thursday_label,,False
260910,production_sources,2025-08-21,serazar_coin,192.0,192,,unresolved_no_local_guide,,first_last_week_and_line_vertices,SOURCE_WEEKLY_PIXEL_READING,printed_tick_or_endpoint_thursday_label,,False
260910,production_sources,2025-08-21,coin_exchange,192.0,192,676.0,direct_weekly_rgb,26.70205984563738,first_last_week_and_line_vertices,SOURCE_WEEKLY_PIXEL_READING,printed_tick_or_endpoint_thursday_label,,False
260910,production_sources,2025-08-21,other,192.0,192,,unresolved_no_local_guide,,first_last_week_and_line_vertices,SOURCE_WEEKLY_PIXEL_READING,printed_tick_or_endpoint_thursday_label,,False
260910,production_sources,2025-08-28,boss,210.03846153846155,210,569.0,direct_weekly_rgb,39.698866482558415,first_last_week_and_line_vertices,SOURCE_WEEKLY_PIXEL_READING,printed_tick_or_endpoint_thursday_label,,False
260910,production_sources,2025-08-28,field,210.03846153846155,210,674.0,direct_weekly_rgb,29.698484809834994,first_last_week_and_line_vertices,SOURCE_WEEKLY_PIXEL_READING,printed_tick_or_endpoint_thursday_label,,False
260910,production_sources,2025-08-28,serazar_coin,210.03846153846155,210,,unresolved_no_local_guide,,first_last_week_and_line_vertices,SOURCE_WEEKLY_PIXEL_READING,printed_tick_or_endpoint_thursday_label,,False
260910,production_sources,2025-08-28,coin_exchange,210.03846153846155,210,,unresolved_rgb,,first_last_week_and_line_vertices,SOURCE_WEEKLY_PIXEL_READING,printed_tick_or_endpoint_thursday_label,,False
260910,production_sources,2025-08-28,other,210.03846153846155,210,,unresolved_no_local_guide,,first_last_week_and_line_vertices,SOURCE_WEEKLY_PIXEL_READING,printed_tick_or_endpoint_thursday_label,,False
260910,production_sources,2025-09-04,boss,228.0769230769231,228,572.0,direct_weekly_rgb,38.8329756778952,first_last_week_and_line_vertices,SOURCE_WEEKLY_PIXEL_READING,printed_tick_or_endpoint_thursday_label,,False
260910,production_sources,2025-09-04,field,228.0769230769231,228,671.0,direct_weekly_rgb,29.563490998188964,first_last_week_and_line_vertices,SOURCE_WEEKLY_PIXEL_READING,printed_tick_or_endpoint_thursday_label,,False
260910,production_sources,2025-09-04,serazar_coin,228.0769230769231,228,,unresolved_no_local_guide,,first_last_week_and_line_vertices,SOURCE_WEEKLY_PIXEL_READING,printed_tick_or_endpoint_thursday_label,,False
260910,production_sources,2025-09-04,coin_exchange,228.0769230769231,228,676.0,direct_weekly_rgb,22.22611077089287,first_last_week_and_line_vertices,SOURCE_WEEKLY_PIXEL_READING,printed_tick_or_endpoint_thursday_label,,False
260910,production_sources,2025-09-04,other,228.0769230769231,228,,unresolved_no_local_guide,,first_last_week_and_line_vertices,SOURCE_WEEKLY_PIXEL_READING,printed_tick_or_endpoint_thursday_label,,False
260910,production_sources,2025-09-11,boss,246.1153846153846,246,578.0,direct_weekly_rgb,30.099833886584822,first_last_week_and_line_vertices,SOURCE_WEEKLY_PIXEL_READING,printed_tick_or_endpoint_thursday_label,,False
260910,production_sources,2025-09-11,field,246.1153846153846,246,671.0,direct_weekly_rgb,35.4400902933387,first_last_week_and_line_vertices,SOURCE_WEEKLY_PIXEL_READING,printed_tick_or_endpoint_thursday_label,,False
260910,production_sources,2025-09-11,serazar_coin,246.1153846153846,246,,unresolved_no_local_guide,,first_last_week_and_line_vertices,SOURCE_WEEKLY_PIXEL_READING,printed_tick_or_endpoint_thursday_label,,False
260910,production_sources,2025-09-11,coin_exchange,246.1153846153846,246,678.0,direct_weekly_rgb,22.38302928559939,first_last_week_and_line_vertices,SOURCE_WEEKLY_PIXEL_READING,printed_tick_or_endpoint_thursday_label,,False
260910,production_sources,2025-09-11,other,246.1153846153846,246,,unresolved_no_local_guide,,first_last_week_and_line_vertices,SOURCE_WEEKLY_PIXEL_READING,printed_tick_or_endpoint_thursday_label,,False
260910,production_sources,2025-09-18,boss,264.1538461538462,264,578.0,direct_weekly_rgb,24.43358344574123,first_last_week_and_line_vertices,SOURCE_WEEKLY_PIXEL_READING,printed_tick_or_endpoint_thursday_label,,False
260910,production_sources,2025-09-18,field,264.1538461538462,264,670.0,direct_weekly_rgb,23.08679276123039,first_last_week_and_line_vertices,SOURCE_WEEKLY_PIXEL_READING,printed_tick_or_endpoint_thursday_label,,False
260910,production_sources,2025-09-18,serazar_coin,264.1538461538462,264,,unresolved_no_local_guide,,first_last_week_and_line_vertices,SOURCE_WEEKLY_PIXEL_READING,printed_tick_or_endpoint_thursday_label,,False
260910,production_sources,2025-09-18,coin_exchange,264.1538461538462,264,678.0,direct_weekly_rgb,23.173260452512935,first_last_week_and_line_vertices,SOURCE_WEEKLY_PIXEL_READING,printed_tick_or_endpoint_thursday_label,,False
260910,production_sources,2025-09-18,other,264.1538461538462,264,,unresolved_no_local_guide,,first_last_week_and_line_vertices,SOURCE_WEEKLY_PIXEL_READING,printed_tick_or_endpoint_thursday_label,,False
260910,production_sources,2025-09-25,boss,282.1923076923077,282,584.0,direct_weekly_rgb,28.460498941515414,first_last_week_and_line_vertices,SOURCE_WEEKLY_PIXEL_READING,printed_tick_or_endpoint_thursday_label,,False
260910,production_sources,2025-09-25,field,282.1923076923077,282,672.0,direct_weekly_rgb,24.899799195977465,first_last_week_and_line_vertices,SOURCE_WEEKLY_PIXEL_READING,printed_tick_or_endpoint_thursday_label,,False
260910,production_sources,2025-09-25,serazar_coin,282.1923076923077,282,,unresolved_no_local_guide,,first_last_week_and_line_vertices,SOURCE_WEEKLY_PIXEL_READING,printed_tick_or_endpoint_thursday_label,,False
260910,production_sources,2025-09-25,coin_exchange,282.1923076923077,282,677.0,direct_weekly_rgb,29.223278392404914,first_last_week_and_line_vertices,SOURCE_WEEKLY_PIXEL_READING,printed_tick_or_endpoint_thursday_label,,False
260910,production_sources,2025-09-25,other,282.1923076923077,282,,unresolved_no_local_guide,,first_last_week_and_line_vertices,SOURCE_WEEKLY_PIXEL_READING,printed_tick_or_endpoint_thursday_label,,False
260910,production_sources,2025-10-02,boss,300.2307692307692,300,582.0,direct_weekly_rgb,16.431676725154983,first_last_week_and_line_vertices,SOURCE_WEEKLY_PIXEL_READING,printed_tick_or_endpoint_thursday_label,,False
260910,production_sources,2025-10-02,field,300.2307692307692,300,674.0,direct_weekly_rgb,26.43860813280457,first_last_week_and_line_vertices,SOURCE_WEEKLY_PIXEL_READING,printed_tick_or_endpoint_thursday_label,,False
260910,production_sources,2025-10-02,serazar_coin,300.2307692307692,300,,unresolved_no_local_guide,,first_last_week_and_line_vertices,SOURCE_WEEKLY_PIXEL_READING,printed_tick_or_endpoint_thursday_label,,False
260910,production_sources,2025-10-02,coin_exchange,300.2307692307692,300,680.0,direct_weekly_rgb,22.38302928559939,first_last_week_and_line_vertices,SOURCE_WEEKLY_PIXEL_READING,printed_tick_or_endpoint_thursday_label,,False
260910,production_sources,2025-10-02,other,300.2307692307692,300,,unresolved_no_local_guide,,first_last_week_and_line_vertices,SOURCE_WEEKLY_PIXEL_READING,printed_tick_or_endpoint_thursday_label,,False
260910,production_sources,2025-10-09,boss,318.2692307692308,318,588.0,direct_weekly_rgb,36.51027252705737,first_last_week_and_line_vertices,SOURCE_WEEKLY_PIXEL_READING,printed_tick_or_endpoint_thursday_label,,False
260910,production_sources,2025-10-09,field,318.2692307692308,318,674.0,direct_weekly_rgb,25.495097567963924,first_last_week_and_line_vertices,SOURCE_WEEKLY_PIXEL_READING,printed_tick_or_endpoint_thursday_label,,False
260910,production_sources,2025-10-09,serazar_coin,318.2692307692308,318,,unresolved_no_local_guide,,first_last_week_and_line_vertices,SOURCE_WEEKLY_PIXEL_READING,printed_tick_or_endpoint_thursday_label,,False
260910,production_sources,2025-10-09,coin_exchange,318.2692307692308,318,683.0,direct_weekly_rgb,26.248809496813376,first_last_week_and_line_vertices,SOURCE_WEEKLY_PIXEL_READING,printed_tick_or_endpoint_thursday_label,,False
260910,production_sources,2025-10-09,other,318.2692307692308,318,,unresolved_no_local_guide,,first_last_week_and_line_vertices,SOURCE_WEEKLY_PIXEL_READING,printed_tick_or_endpoint_thursday_label,,False
260910,production_sources,2025-10-16,boss,336.3076923076923,336,592.0,direct_weekly_rgb,34.77067730142742,first_last_week_and_line_vertices,SOURCE_WEEKLY_PIXEL_READING,printed_tick_or_endpoint_thursday_label,,False
260910,production_sources,2025-10-16,field,336.3076923076923,336,678.0,direct_weekly_rgb,27.53179979587241,first_last_week_and_line_vertices,SOURCE_WEEKLY_PIXEL_READING,printed_tick_or_endpoint_thursday_label,,False
260910,production_sources,2025-10-16,serazar_coin,336.3076923076923,336,,unresolved_no_local_guide,,first_last_week_and_line_vertices,SOURCE_WEEKLY_PIXEL_READING,printed_tick_or_endpoint_thursday_label,,False
260910,production_sources,2025-10-16,coin_exchange,336.3076923076923,336,683.0,direct_weekly_rgb,24.43358344574123,first_last_week_and_line_vertices,SOURCE_WEEKLY_PIXEL_READING,printed_tick_or_endpoint_thursday_label,,False
260910,production_sources,2025-10-16,other,336.3076923076923,336,,unresolved_no_local_guide,,first_last_week_and_line_vertices,SOURCE_WEEKLY_PIXEL_READING,printed_tick_or_endpoint_thursday_label,,False
260910,production_sources,2025-10-23,boss,354.3461538461538,354,609.0,direct_weekly_rgb,39.06404996924922,first_last_week_and_line_vertices,SOURCE_WEEKLY_PIXEL_READING,printed_tick_or_endpoint_thursday_label,,False
260910,production_sources,2025-10-23,field,354.3461538461538,354,681.0,direct_weekly_rgb,29.223278392404914,first_last_week_and_line_vertices,SOURCE_WEEKLY_PIXEL_READING,printed_tick_or_endpoint_thursday_label,,False
260910,production_sources,2025-10-23,serazar_coin,354.3461538461538,354,,unresolved_no_local_guide,,first_last_week_and_line_vertices,SOURCE_WEEKLY_PIXEL_READING,printed_tick_or_endpoint_thursday_label,,False
260910,production_sources,2025-10-23,coin_exchange,354.3461538461538,354,685.0,direct_weekly_rgb,27.331300737432898,first_last_week_and_line_vertices,SOURCE_WEEKLY_PIXEL_READING,printed_tick_or_endpoint_thursday_label,,False
260910,production_sources,2025-10-23,other,354.3461538461538,354,,unresolved_no_local_guide,,first_last_week_and_line_vertices,SOURCE_WEEKLY_PIXEL_READING,printed_tick_or_endpoint_thursday_label,,False
260910,production_sources,2025-10-30,boss,372.38461538461536,372,607.0,direct_weekly_rgb,23.345235059857504,first_last_week_and_line_vertices,SOURCE_WEEKLY_PIXEL_READING,printed_tick_or_endpoint_thursday_label,,False
260910,production_sources,2025-10-30,field,372.38461538461536,372,,unresolved_no_local_guide,,first_last_week_and_line_vertices,SOURCE_WEEKLY_PIXEL_READING,printed_tick_or_endpoint_thursday_label,,False
260910,production_sources,2025-10-30,serazar_coin,372.38461538461536,372,,unresolved_no_local_guide,,first_last_week_and_line_vertices,SOURCE_WEEKLY_PIXEL_READING,printed_tick_or_endpoint_thursday_label,,False
260910,production_sources,2025-10-30,coin_exchange,372.38461538461536,372,682.0,direct_weekly_rgb,27.0,first_last_week_and_line_vertices,SOURCE_WEEKLY_PIXEL_READING,printed_tick_or_endpoint_thursday_label,,False
260910,production_sources,2025-10-30,other,372.38461538461536,372,,unresolved_no_local_guide,,first_last_week_and_line_vertices,SOURCE_WEEKLY_PIXEL_READING,printed_tick_or_endpoint_thursday_label,,False
260910,production_sources,2025-11-06,boss,390.4230769230769,390,616.0,direct_weekly_rgb,41.15823125451335,first_last_week_and_line_vertices,SOURCE_WEEKLY_PIXEL_READING,printed_tick_or_endpoint_thursday_label,,False
260910,production_sources,2025-11-06,field,390.4230769230769,390,,unresolved_rgb,,first_last_week_and_line_vertices,SOURCE_WEEKLY_PIXEL_READING,printed_tick_or_endpoint_thursday_label,,False
260910,production_sources,2025-11-06,serazar_coin,390.4230769230769,390,,unresolved_no_local_guide,,first_last_week_and_line_vertices,SOURCE_WEEKLY_PIXEL_READING,printed_tick_or_endpoint_thursday_label,,False
260910,production_sources,2025-11-06,coin_exchange,390.4230769230769,390,688.0,direct_weekly_rgb,24.269322199023193,first_last_week_and_line_vertices,SOURCE_WEEKLY_PIXEL_READING,printed_tick_or_endpoint_thursday_label,,False
260910,production_sources,2025-11-06,other,390.4230769230769,390,,unresolved_no_local_guide,,first_last_week_and_line_vertices,SOURCE_WEEKLY_PIXEL_READING,printed_tick_or_endpoint_thursday_label,,False
260910,production_sources,2025-11-13,boss,408.46153846153845,408,617.0,direct_weekly_rgb,37.376463182061514,first_last_week_and_line_vertices,SOURCE_WEEKLY_PIXEL_READING,printed_tick_or_endpoint_thursday_label,,False
260910,production_sources,2025-11-13,field,408.46153846153845,408,,unresolved_rgb,,first_last_week_and_line_vertices,SOURCE_WEEKLY_PIXEL_READING,printed_tick_or_endpoint_thursday_label,,False
260910,production_sources,2025-11-13,serazar_coin,408.46153846153845,408,,unresolved_no_local_guide,,first_last_week_and_line_vertices,SOURCE_WEEKLY_PIXEL_READING,printed_tick_or_endpoint_thursday_label,,False
260910,production_sources,2025-11-13,coin_exchange,408.46153846153845,408,,unresolved_no_local_guide,,first_last_week_and_line_vertices,SOURCE_WEEKLY_PIXEL_READING,printed_tick_or_endpoint_thursday_label,,False
260910,production_sources,2025-11-13,other,408.46153846153845,408,,unresolved_no_local_guide,,first_last_week_and_line_vertices,SOURCE_WEEKLY_PIXEL_READING,printed_tick_or_endpoint_thursday_label,,False
260910,production_sources,2025-11-20,boss,426.5,426,622.0,direct_weekly_rgb,33.91164991562634,first_last_week_and_line_vertices,SOURCE_WEEKLY_PIXEL_READING,printed_tick_or_endpoint_thursday_label,,False
260910,production_sources,2025-11-20,field,426.5,426,,unresolved_no_local_guide,,first_last_week_and_line_vertices,SOURCE_WEEKLY_PIXEL_READING,printed_tick_or_endpoint_thursday_label,,False
260910,production_sources,2025-11-20,serazar_coin,426.5,426,,unresolved_no_local_guide,,first_last_week_and_line_vertices,SOURCE_WEEKLY_PIXEL_READING,printed_tick_or_endpoint_thursday_label,,False
260910,production_sources,2025-11-20,coin_exchange,426.5,426,688.0,direct_weekly_rgb,28.6705423736629,first_last_week_and_line_vertices,SOURCE_WEEKLY_PIXEL_READING,printed_tick_or_endpoint_thursday_label,,False
260910,production_sources,2025-11-20,other,426.5,426,,unresolved_no_local_guide,,first_last_week_and_line_vertices,SOURCE_WEEKLY_PIXEL_READING,printed_tick_or_endpoint_thursday_label,,False
260910,production_sources,2025-11-27,boss,444.53846153846155,445,624.0,direct_weekly_rgb,29.444863728670914,first_last_week_and_line_vertices,SOURCE_WEEKLY_PIXEL_READING,printed_tick_or_endpoint_thursday_label,,False
260910,production_sources,2025-11-27,field,444.53846153846155,445,,unresolved_rgb,,first_last_week_and_line_vertices,SOURCE_WEEKLY_PIXEL_READING,printed_tick_or_endpoint_thursday_label,,False
260910,production_sources,2025-11-27,serazar_coin,444.53846153846155,445,,unresolved_no_local_guide,,first_last_week_and_line_vertices,SOURCE_WEEKLY_PIXEL_READING,printed_tick_or_endpoint_thursday_label,,False
260910,production_sources,2025-11-27,coin_exchange,444.53846153846155,445,,unresolved_no_local_guide,,first_last_week_and_line_vertices,SOURCE_WEEKLY_PIXEL_READING,printed_tick_or_endpoint_thursday_label,,False
260910,production_sources,2025-11-27,other,444.53846153846155,445,,unresolved_no_local_guide,,first_last_week_and_line_vertices,SOURCE_WEEKLY_PIXEL_READING,printed_tick_or_endpoint_thursday_label,,False
260910,production_sources,2025-12-04,boss,462.5769230769231,463,622.0,direct_weekly_rgb,39.230090491866065,first_last_week_and_line_vertices,SOURCE_WEEKLY_PIXEL_READING,printed_tick_or_endpoint_thursday_label,,False
260910,production_sources,2025-12-04,field,462.5769230769231,463,,unresolved_rgb,,first_last_week_and_line_vertices,SOURCE_WEEKLY_PIXEL_READING,printed_tick_or_endpoint_thursday_label,,False
260910,production_sources,2025-12-04,serazar_coin,462.5769230769231,463,,unresolved_no_local_guide,,first_last_week_and_line_vertices,SOURCE_WEEKLY_PIXEL_READING,printed_tick_or_endpoint_thursday_label,,False
260910,production_sources,2025-12-04,coin_exchange,462.5769230769231,463,,unresolved_rgb,,first_last_week_and_line_vertices,SOURCE_WEEKLY_PIXEL_READING,printed_tick_or_endpoint_thursday_label,,False
260910,production_sources,2025-12-04,other,462.5769230769231,463,,unresolved_no_local_guide,,first_last_week_and_line_vertices,SOURCE_WEEKLY_PIXEL_READING,printed_tick_or_endpoint_thursday_label,,False
260910,production_sources,2025-12-11,boss,480.61538461538464,481,622.0,direct_weekly_rgb,37.8549864614954,first_last_week_and_line_vertices,SOURCE_WEEKLY_PIXEL_READING,printed_tick_or_endpoint_thursday_label,,False
260910,production_sources,2025-12-11,field,480.61538461538464,481,684.0,direct_weekly_rgb,23.194827009486403,first_last_week_and_line_vertices,SOURCE_WEEKLY_PIXEL_READING,printed_tick_or_endpoint_thursday_label,,False
260910,production_sources,2025-12-11,serazar_coin,480.61538461538464,481,,unresolved_no_local_guide,,first_last_week_and_line_vertices,SOURCE_WEEKLY_PIXEL_READING,printed_tick_or_endpoint_thursday_label,,False
260910,production_sources,2025-12-11,coin_exchange,480.61538461538464,481,688.0,direct_weekly_rgb,24.657656011875904,first_last_week_and_line_vertices,SOURCE_WEEKLY_PIXEL_READING,printed_tick_or_endpoint_thursday_label,,False
260910,production_sources,2025-12-11,other,480.61538461538464,481,,unresolved_no_local_guide,,first_last_week_and_line_vertices,SOURCE_WEEKLY_PIXEL_READING,printed_tick_or_endpoint_thursday_label,,False
260910,production_sources,2025-12-18,boss,498.65384615384613,499,616.0,direct_weekly_rgb,37.05401462729781,first_last_week_and_line_vertices,SOURCE_WEEKLY_PIXEL_READING,printed_tick_or_endpoint_thursday_label,,False
260910,production_sources,2025-12-18,field,498.65384615384613,499,,unresolved_rgb,,first_last_week_and_line_vertices,SOURCE_WEEKLY_PIXEL_READING,printed_tick_or_endpoint_thursday_label,,False
260910,production_sources,2025-12-18,serazar_coin,498.65384615384613,499,,unresolved_no_local_guide,,first_last_week_and_line_vertices,SOURCE_WEEKLY_PIXEL_READING,printed_tick_or_endpoint_thursday_label,,False
260910,production_sources,2025-12-18,coin_exchange,498.65384615384613,499,680.0,direct_weekly_rgb,19.261360284258224,first_last_week_and_line_vertices,SOURCE_WEEKLY_PIXEL_READING,printed_tick_or_endpoint_thursday_label,,False
260910,production_sources,2025-12-18,other,498.65384615384613,499,,unresolved_no_local_guide,,first_last_week_and_line_vertices,SOURCE_WEEKLY_PIXEL_READING,printed_tick_or_endpoint_thursday_label,,False
260910,production_sources,2025-12-25,boss,516.6923076923076,517,606.0,direct_weekly_rgb,21.213203435596427,first_last_week_and_line_vertices,SOURCE_WEEKLY_PIXEL_READING,printed_tick_or_endpoint_thursday_label,,False
260910,production_sources,2025-12-25,field,516.6923076923076,517,677.0,direct_weekly_rgb,30.28200785945344,first_last_week_and_line_vertices,SOURCE_WEEKLY_PIXEL_READING,printed_tick_or_endpoint_thursday_label,,False
260910,production_sources,2025-12-25,serazar_coin,516.6923076923076,517,,unresolved_no_local_guide,,first_last_week_and_line_vertices,SOURCE_WEEKLY_PIXEL_READING,printed_tick_or_endpoint_thursday_label,,False
260910,production_sources,2025-12-25,coin_exchange,516.6923076923076,517,671.0,direct_weekly_rgb,19.72308292331602,first_last_week_and_line_vertices,SOURCE_WEEKLY_PIXEL_READING,printed_tick_or_endpoint_thursday_label,,False
260910,production_sources,2025-12-25,other,516.6923076923076,517,,unresolved_no_local_guide,,first_last_week_and_line_vertices,SOURCE_WEEKLY_PIXEL_READING,printed_tick_or_endpoint_thursday_label,,False
260910,production_sources,2026-01-01,boss,534.7307692307693,535,599.0,direct_weekly_rgb,30.56141357987225,first_last_week_and_line_vertices,SOURCE_WEEKLY_PIXEL_READING,printed_tick_or_endpoint_thursday_label,,False
260910,production_sources,2026-01-01,field,534.7307692307693,535,679.0,direct_weekly_rgb,22.40535650240808,first_last_week_and_line_vertices,SOURCE_WEEKLY_PIXEL_READING,printed_tick_or_endpoint_thursday_label,,False
260910,production_sources,2026-01-01,serazar_coin,534.7307692307693,535,,unresolved_no_local_guide,,first_last_week_and_line_vertices,SOURCE_WEEKLY_PIXEL_READING,printed_tick_or_endpoint_thursday_label,,False
260910,production_sources,2026-01-01,coin_exchange,534.7307692307693,535,666.0,direct_weekly_rgb,20.049937655763422,first_last_week_and_line_vertices,SOURCE_WEEKLY_PIXEL_READING,printed_tick_or_endpoint_thursday_label,,False
260910,production_sources,2026-01-01,other,534.7307692307693,535,,unresolved_no_local_guide,,first_last_week_and_line_vertices,SOURCE_WEEKLY_PIXEL_READING,printed_tick_or_endpoint_thursday_label,,False
260910,production_sources,2026-01-08,boss,552.7692307692307,553,605.0,direct_weekly_rgb,37.49666651850535,first_last_week_and_line_vertices,SOURCE_WEEKLY_PIXEL_READING,printed_tick_or_endpoint_thursday_label,,False
260910,production_sources,2026-01-08,field,552.7692307692307,553,679.0,direct_weekly_rgb,27.147743920996454,first_last_week_and_line_vertices,SOURCE_WEEKLY_PIXEL_READING,printed_tick_or_endpoint_thursday_label,,False
260910,production_sources,2026-01-08,serazar_coin,552.7692307692307,553,,unresolved_no_local_guide,,first_last_week_and_line_vertices,SOURCE_WEEKLY_PIXEL_READING,printed_tick_or_endpoint_thursday_label,,False
260910,production_sources,2026-01-08,coin_exchange,552.7692307692307,553,672.0,direct_weekly_rgb,18.867962264113206,first_last_week_and_line_vertices,SOURCE_WEEKLY_PIXEL_READING,printed_tick_or_endpoint_thursday_label,,False
260910,production_sources,2026-01-08,other,552.7692307692307,553,,unresolved_no_local_guide,,first_last_week_and_line_vertices,SOURCE_WEEKLY_PIXEL_READING,printed_tick_or_endpoint_thursday_label,,False
260910,production_sources,2026-01-15,boss,570.8076923076924,571,597.0,direct_weekly_rgb,41.82104733265297,first_last_week_and_line_vertices,SOURCE_WEEKLY_PIXEL_READING,printed_tick_or_endpoint_thursday_label,,False
260910,production_sources,2026-01-15,field,570.8076923076924,571,679.0,direct_weekly_rgb,24.0,first_last_week_and_line_vertices,SOURCE_WEEKLY_PIXEL_READING,printed_tick_or_endpoint_thursday_label,,False
260910,production_sources,2026-01-15,serazar_coin,570.8076923076924,571,705.0,direct_weekly_rgb,34.36568055487916,first_last_week_and_line_vertices,SOURCE_WEEKLY_PIXEL_READING,printed_tick_or_endpoint_thursday_label,,False
260910,production_sources,2026-01-15,coin_exchange,570.8076923076924,571,705.0,direct_weekly_rgb,9.899494936611665,first_last_week_and_line_vertices,SOURCE_WEEKLY_PIXEL_READING,printed_tick_or_endpoint_thursday_label,,False
260910,production_sources,2026-01-15,other,570.8076923076924,571,713.0,candidate_axis_unverified,12.449899597988733,first_last_week_and_line_vertices,SOURCE_WEEKLY_PIXEL_READING,printed_tick_or_endpoint_thursday_label,,False
260910,production_sources,2026-01-22,boss,588.8461538461538,589,594.0,direct_weekly_rgb,37.907782842049734,first_last_week_and_line_vertices,SOURCE_WEEKLY_PIXEL_READING,printed_tick_or_endpoint_thursday_label,,False
260910,production_sources,2026-01-22,field,588.8461538461538,589,677.0,direct_weekly_rgb,32.264531609803356,first_last_week_and_line_vertices,SOURCE_WEEKLY_PIXEL_READING,printed_tick_or_endpoint_thursday_label,,False
260910,production_sources,2026-01-22,serazar_coin,588.8461538461538,589,705.0,direct_weekly_rgb,14.491376746189438,first_last_week_and_line_vertices,SOURCE_WEEKLY_PIXEL_READING,printed_tick_or_endpoint_thursday_label,,False
260910,production_sources,2026-01-22,coin_exchange,588.8461538461538,589,703.0,direct_weekly_rgb,28.39013913315678,first_last_week_and_line_vertices,SOURCE_WEEKLY_PIXEL_READING,printed_tick_or_endpoint_thursday_label,,False
260910,production_sources,2026-01-22,other,588.8461538461538,589,,unresolved_no_local_guide,,first_last_week_and_line_vertices,SOURCE_WEEKLY_PIXEL_READING,printed_tick_or_endpoint_thursday_label,,False
260910,production_sources,2026-01-29,boss,606.8846153846154,607,585.0,direct_weekly_rgb,32.69556544854363,first_last_week_and_line_vertices,SOURCE_WEEKLY_PIXEL_READING,printed_tick_or_endpoint_thursday_label,,False
260910,production_sources,2026-01-29,field,606.8846153846154,607,678.0,direct_weekly_rgb,29.359836511806396,first_last_week_and_line_vertices,SOURCE_WEEKLY_PIXEL_READING,printed_tick_or_endpoint_thursday_label,,False
260910,production_sources,2026-01-29,serazar_coin,606.8846153846154,607,706.0,direct_weekly_rgb,9.219544457292887,first_last_week_and_line_vertices,SOURCE_WEEKLY_PIXEL_READING,printed_tick_or_endpoint_thursday_label,,False
260910,production_sources,2026-01-29,coin_exchange,606.8846153846154,607,,unresolved_rgb,,first_last_week_and_line_vertices,SOURCE_WEEKLY_PIXEL_READING,printed_tick_or_endpoint_thursday_label,,False
260910,production_sources,2026-01-29,other,606.8846153846154,607,714.0,candidate_axis_unverified,6.0,first_last_week_and_line_vertices,SOURCE_WEEKLY_PIXEL_READING,printed_tick_or_endpoint_thursday_label,,False
260910,production_sources,2026-02-05,boss,624.9230769230769,625,589.0,direct_weekly_rgb,39.0,first_last_week_and_line_vertices,SOURCE_WEEKLY_PIXEL_READING,printed_tick_or_endpoint_thursday_label,,False
260910,production_sources,2026-02-05,field,624.9230769230769,625,678.0,direct_weekly_rgb,24.392621835300936,first_last_week_and_line_vertices,SOURCE_WEEKLY_PIXEL_READING,printed_tick_or_endpoint_thursday_label,,False
260910,production_sources,2026-02-05,serazar_coin,624.9230769230769,625,706.0,direct_weekly_rgb,7.3484692283495345,first_last_week_and_line_vertices,SOURCE_WEEKLY_PIXEL_READING,printed_tick_or_endpoint_thursday_label,,False
260910,production_sources,2026-02-05,coin_exchange,624.9230769230769,625,,unresolved_rgb,,first_last_week_and_line_vertices,SOURCE_WEEKLY_PIXEL_READING,printed_tick_or_endpoint_thursday_label,,False
260910,production_sources,2026-02-05,other,624.9230769230769,625,,unresolved_no_local_guide,,first_last_week_and_line_vertices,SOURCE_WEEKLY_PIXEL_READING,printed_tick_or_endpoint_thursday_label,,False
260910,production_sources,2026-02-12,boss,642.9615384615385,643,590.0,direct_weekly_rgb,37.76241517699841,first_last_week_and_line_vertices,SOURCE_WEEKLY_PIXEL_READING,printed_tick_or_endpoint_thursday_label,,False
260910,production_sources,2026-02-12,field,642.9615384615385,643,677.0,direct_weekly_rgb,31.064449134018133,first_last_week_and_line_vertices,SOURCE_WEEKLY_PIXEL_READING,printed_tick_or_endpoint_thursday_label,,False
260910,production_sources,2026-02-12,serazar_coin,642.9615384615385,643,707.0,direct_weekly_rgb,18.867962264113206,first_last_week_and_line_vertices,SOURCE_WEEKLY_PIXEL_READING,printed_tick_or_endpoint_thursday_label,,False
260910,production_sources,2026-02-12,coin_exchange,642.9615384615385,643,705.0,direct_weekly_rgb,24.758836806279895,first_last_week_and_line_vertices,SOURCE_WEEKLY_PIXEL_READING,printed_tick_or_endpoint_thursday_label,,False
260910,production_sources,2026-02-12,other,642.9615384615385,643,715.0,candidate_axis_unverified,14.45683229480096,first_last_week_and_line_vertices,SOURCE_WEEKLY_PIXEL_READING,printed_tick_or_endpoint_thursday_label,,False
260910,production_sources,2026-02-19,boss,661.0,661,586.0,direct_weekly_rgb,31.654383582688826,first_last_week_and_line_vertices,SOURCE_WEEKLY_PIXEL_READING,printed_tick_or_endpoint_thursday_label,,False
260910,production_sources,2026-02-19,field,661.0,661,679.0,direct_weekly_rgb,28.948229652260256,first_last_week_and_line_vertices,SOURCE_WEEKLY_PIXEL_READING,printed_tick_or_endpoint_thursday_label,,False
260910,production_sources,2026-02-19,serazar_coin,661.0,661,707.0,direct_weekly_rgb,11.224972160321824,first_last_week_and_line_vertices,SOURCE_WEEKLY_PIXEL_READING,printed_tick_or_endpoint_thursday_label,,False
260910,production_sources,2026-02-19,coin_exchange,661.0,661,,unresolved_no_local_guide,,first_last_week_and_line_vertices,SOURCE_WEEKLY_PIXEL_READING,printed_tick_or_endpoint_thursday_label,,False
260910,production_sources,2026-02-19,other,661.0,661,,unresolved_no_local_guide,,first_last_week_and_line_vertices,SOURCE_WEEKLY_PIXEL_READING,printed_tick_or_endpoint_thursday_label,,False
260910,production_sources,2026-02-26,boss,679.0384615384615,679,570.0,direct_weekly_rgb,28.513154858766505,first_last_week_and_line_vertices,SOURCE_WEEKLY_PIXEL_READING,printed_tick_or_endpoint_thursday_label,,False
260910,production_sources,2026-02-26,field,679.0384615384615,679,680.0,direct_weekly_rgb,24.73863375370596,first_last_week_and_line_vertices,SOURCE_WEEKLY_PIXEL_READING,printed_tick_or_endpoint_thursday_label,,False
260910,production_sources,2026-02-26,serazar_coin,679.0384615384615,679,708.0,direct_weekly_rgb,26.115129714401192,first_last_week_and_line_vertices,SOURCE_WEEKLY_PIXEL_READING,printed_tick_or_endpoint_thursday_label,,False
260910,production_sources,2026-02-26,coin_exchange,679.0384615384615,679,706.0,direct_weekly_rgb,15.937377450509228,first_last_week_and_line_vertices,SOURCE_WEEKLY_PIXEL_READING,printed_tick_or_endpoint_thursday_label,,False
260910,production_sources,2026-02-26,other,679.0384615384615,679,709.0,candidate_axis_unverified,20.09975124224178,first_last_week_and_line_vertices,SOURCE_WEEKLY_PIXEL_READING,printed_tick_or_endpoint_thursday_label,,False
260910,production_sources,2026-03-05,boss,697.0769230769231,697,582.0,direct_weekly_rgb,22.9128784747792,first_last_week_and_line_vertices,SOURCE_WEEKLY_PIXEL_READING,printed_tick_or_endpoint_thursday_label,,False
260910,production_sources,2026-03-05,field,697.0769230769231,697,681.0,direct_weekly_rgb,36.98648401781386,first_last_week_and_line_vertices,SOURCE_WEEKLY_PIXEL_READING,printed_tick_or_endpoint_thursday_label,,False
260910,production_sources,2026-03-05,serazar_coin,697.0769230769231,697,708.0,direct_weekly_rgb,13.92838827718412,first_last_week_and_line_vertices,SOURCE_WEEKLY_PIXEL_READING,printed_tick_or_endpoint_thursday_label,,False
260910,production_sources,2026-03-05,coin_exchange,697.0769230769231,697,,unresolved_no_local_guide,,first_last_week_and_line_vertices,SOURCE_WEEKLY_PIXEL_READING,printed_tick_or_endpoint_thursday_label,,False
260910,production_sources,2026-03-05,other,697.0769230769231,697,,unresolved_no_local_guide,,first_last_week_and_line_vertices,SOURCE_WEEKLY_PIXEL_READING,printed_tick_or_endpoint_thursday_label,,False
260910,production_sources,2026-03-12,boss,715.1153846153846,715,582.0,direct_weekly_rgb,20.85665361461421,first_last_week_and_line_vertices,SOURCE_WEEKLY_PIXEL_READING,printed_tick_or_endpoint_thursday_label,,False
260910,production_sources,2026-03-12,field,715.1153846153846,715,680.0,direct_weekly_rgb,22.38302928559939,first_last_week_and_line_vertices,SOURCE_WEEKLY_PIXEL_READING,printed_tick_or_endpoint_thursday_label,,False
260910,production_sources,2026-03-12,serazar_coin,715.1153846153846,715,708.0,direct_weekly_rgb,20.149441679609886,first_last_week_and_line_vertices,SOURCE_WEEKLY_PIXEL_READING,printed_tick_or_endpoint_thursday_label,,False
260910,production_sources,2026-03-12,coin_exchange,715.1153846153846,715,,unresolved_no_local_guide,,first_last_week_and_line_vertices,SOURCE_WEEKLY_PIXEL_READING,printed_tick_or_endpoint_thursday_label,,False
260910,production_sources,2026-03-12,other,715.1153846153846,715,,unresolved_no_local_guide,,first_last_week_and_line_vertices,SOURCE_WEEKLY_PIXEL_READING,printed_tick_or_endpoint_thursday_label,,False
260910,production_sources,2026-03-19,boss,733.1538461538462,733,572.0,direct_weekly_rgb,36.742346141747674,first_last_week_and_line_vertices,SOURCE_WEEKLY_PIXEL_READING,printed_tick_or_endpoint_thursday_label,,False
260910,production_sources,2026-03-19,field,733.1538461538462,733,679.0,direct_weekly_rgb,30.740852297878796,first_last_week_and_line_vertices,SOURCE_WEEKLY_PIXEL_READING,printed_tick_or_endpoint_thursday_label,,False
260910,production_sources,2026-03-19,serazar_coin,733.1538461538462,733,708.0,direct_weekly_rgb,5.196152422706632,first_last_week_and_line_vertices,SOURCE_WEEKLY_PIXEL_READING,printed_tick_or_endpoint_thursday_label,,False
260910,production_sources,2026-03-19,coin_exchange,733.1538461538462,733,,unresolved_no_local_guide,,first_last_week_and_line_vertices,SOURCE_WEEKLY_PIXEL_READING,printed_tick_or_endpoint_thursday_label,,False
260910,production_sources,2026-03-19,other,733.1538461538462,733,710.0,candidate_axis_unverified,10.954451150103322,first_last_week_and_line_vertices,SOURCE_WEEKLY_PIXEL_READING,printed_tick_or_endpoint_thursday_label,,False
260910,production_sources,2026-03-26,boss,751.1923076923077,751,567.0,direct_weekly_rgb,39.45883931389772,first_last_week_and_line_vertices,SOURCE_WEEKLY_PIXEL_READING,printed_tick_or_endpoint_thursday_label,,False
260910,production_sources,2026-03-26,field,751.1923076923077,751,678.0,direct_weekly_rgb,30.54504869860253,first_last_week_and_line_vertices,SOURCE_WEEKLY_PIXEL_READING,printed_tick_or_endpoint_thursday_label,,False
260910,production_sources,2026-03-26,serazar_coin,751.1923076923077,751,708.0,direct_weekly_rgb,7.681145747868608,first_last_week_and_line_vertices,SOURCE_WEEKLY_PIXEL_READING,printed_tick_or_endpoint_thursday_label,,False
260910,production_sources,2026-03-26,coin_exchange,751.1923076923077,751,,unresolved_no_local_guide,,first_last_week_and_line_vertices,SOURCE_WEEKLY_PIXEL_READING,printed_tick_or_endpoint_thursday_label,,False
260910,production_sources,2026-03-26,other,751.1923076923077,751,,unresolved_no_local_guide,,first_last_week_and_line_vertices,SOURCE_WEEKLY_PIXEL_READING,printed_tick_or_endpoint_thursday_label,,False
260910,production_sources,2026-04-02,boss,769.2307692307693,769,560.0,direct_weekly_rgb,28.583211855912904,first_last_week_and_line_vertices,SOURCE_WEEKLY_PIXEL_READING,printed_tick_or_endpoint_thursday_label,,False
260910,production_sources,2026-04-02,field,769.2307692307693,769,678.0,direct_weekly_rgb,23.706539182259394,first_last_week_and_line_vertices,SOURCE_WEEKLY_PIXEL_READING,printed_tick_or_endpoint_thursday_label,,False
260910,production_sources,2026-04-02,serazar_coin,769.2307692307693,769,709.0,direct_weekly_rgb,28.24889378365107,first_last_week_and_line_vertices,SOURCE_WEEKLY_PIXEL_READING,printed_tick_or_endpoint_thursday_label,,False
260910,production_sources,2026-04-02,coin_exchange,769.2307692307693,769,707.0,direct_weekly_rgb,17.291616465790582,first_last_week_and_line_vertices,SOURCE_WEEKLY_PIXEL_READING,printed_tick_or_endpoint_thursday_label,,False
260910,production_sources,2026-04-02,other,769.2307692307693,769,710.0,candidate_axis_unverified,14.035668847618199,first_last_week_and_line_vertices,SOURCE_WEEKLY_PIXEL_READING,printed_tick_or_endpoint_thursday_label,,False
260910,production_sources,2026-04-09,boss,787.2692307692307,787,566.0,direct_weekly_rgb,39.534794801541594,first_last_week_and_line_vertices,SOURCE_WEEKLY_PIXEL_READING,printed_tick_or_endpoint_thursday_label,,False
260910,production_sources,2026-04-09,field,787.2692307692307,787,678.0,direct_weekly_rgb,27.03701166919155,first_last_week_and_line_vertices,SOURCE_WEEKLY_PIXEL_READING,printed_tick_or_endpoint_thursday_label,,False
260910,production_sources,2026-04-09,serazar_coin,787.2692307692307,787,709.0,direct_weekly_rgb,14.7648230602334,first_last_week_and_line_vertices,SOURCE_WEEKLY_PIXEL_READING,printed_tick_or_endpoint_thursday_label,,False
260910,production_sources,2026-04-09,coin_exchange,787.2692307692307,787,,unresolved_rgb,,first_last_week_and_line_vertices,SOURCE_WEEKLY_PIXEL_READING,printed_tick_or_endpoint_thursday_label,,False
260910,production_sources,2026-04-09,other,787.2692307692307,787,,unresolved_no_local_guide,,first_last_week_and_line_vertices,SOURCE_WEEKLY_PIXEL_READING,printed_tick_or_endpoint_thursday_label,,False
260910,production_sources,2026-04-16,boss,805.3076923076923,805,564.0,direct_weekly_rgb,29.427877939124322,first_last_week_and_line_vertices,SOURCE_WEEKLY_PIXEL_READING,printed_tick_or_endpoint_thursday_label,,False
260910,production_sources,2026-04-16,field,805.3076923076923,805,676.0,direct_weekly_rgb,29.832867780352597,first_last_week_and_line_vertices,SOURCE_WEEKLY_PIXEL_READING,printed_tick_or_endpoint_thursday_label,,False
260910,production_sources,2026-04-16,serazar_coin,805.3076923076923,805,709.0,direct_weekly_rgb,9.643650760992955,first_last_week_and_line_vertices,SOURCE_WEEKLY_PIXEL_READING,printed_tick_or_endpoint_thursday_label,,False
260910,production_sources,2026-04-16,coin_exchange,805.3076923076923,805,706.0,direct_weekly_rgb,15.362291495737216,first_last_week_and_line_vertices,SOURCE_WEEKLY_PIXEL_READING,printed_tick_or_endpoint_thursday_label,,False
260910,production_sources,2026-04-16,other,805.3076923076923,805,714.0,candidate_axis_unverified,12.569805089976535,first_last_week_and_line_vertices,SOURCE_WEEKLY_PIXEL_READING,printed_tick_or_endpoint_thursday_label,,False
260910,production_sources,2026-04-23,boss,823.3461538461538,823,566.0,direct_weekly_rgb,31.843366656181317,first_last_week_and_line_vertices,SOURCE_WEEKLY_PIXEL_READING,printed_tick_or_endpoint_thursday_label,,False
260910,production_sources,2026-04-23,field,823.3461538461538,823,676.0,direct_weekly_rgb,35.749125863438955,first_last_week_and_line_vertices,SOURCE_WEEKLY_PIXEL_READING,printed_tick_or_endpoint_thursday_label,,False
260910,production_sources,2026-04-23,serazar_coin,823.3461538461538,823,709.0,direct_weekly_rgb,7.3484692283495345,first_last_week_and_line_vertices,SOURCE_WEEKLY_PIXEL_READING,printed_tick_or_endpoint_thursday_label,,False
260910,production_sources,2026-04-23,coin_exchange,823.3461538461538,823,,unresolved_no_local_guide,,first_last_week_and_line_vertices,SOURCE_WEEKLY_PIXEL_READING,printed_tick_or_endpoint_thursday_label,,False
260910,production_sources,2026-04-23,other,823.3461538461538,823,,unresolved_no_local_guide,,first_last_week_and_line_vertices,SOURCE_WEEKLY_PIXEL_READING,printed_tick_or_endpoint_thursday_label,,False
260910,production_sources,2026-04-30,boss,841.3846153846154,841,545.0,direct_weekly_rgb,21.6794833886788,first_last_week_and_line_vertices,SOURCE_WEEKLY_PIXEL_READING,printed_tick_or_endpoint_thursday_label,,False
260910,production_sources,2026-04-30,field,841.3846153846154,841,675.0,direct_weekly_rgb,26.038433132583073,first_last_week_and_line_vertices,SOURCE_WEEKLY_PIXEL_READING,printed_tick_or_endpoint_thursday_label,,False
260910,production_sources,2026-04-30,serazar_coin,841.3846153846154,841,709.0,direct_weekly_rgb,11.704699910719626,first_last_week_and_line_vertices,SOURCE_WEEKLY_PIXEL_READING,printed_tick_or_endpoint_thursday_label,,False
260910,production_sources,2026-04-30,coin_exchange,841.3846153846154,841,,unresolved_no_local_guide,,first_last_week_and_line_vertices,SOURCE_WEEKLY_PIXEL_READING,printed_tick_or_endpoint_thursday_label,,False
260910,production_sources,2026-04-30,other,841.3846153846154,841,,unresolved_no_local_guide,,first_last_week_and_line_vertices,SOURCE_WEEKLY_PIXEL_READING,printed_tick_or_endpoint_thursday_label,,False
260910,production_sources,2026-05-07,boss,859.4230769230769,859,560.0,direct_weekly_rgb,30.822070014844883,first_last_week_and_line_vertices,SOURCE_WEEKLY_PIXEL_READING,printed_tick_or_endpoint_thursday_label,,False
260910,production_sources,2026-05-07,field,859.4230769230769,859,,unresolved_rgb,,first_last_week_and_line_vertices,SOURCE_WEEKLY_PIXEL_READING,printed_tick_or_endpoint_thursday_label,,False
260910,production_sources,2026-05-07,serazar_coin,859.4230769230769,859,710.0,direct_weekly_rgb,19.390719429665317,first_last_week_and_line_vertices,SOURCE_WEEKLY_PIXEL_READING,printed_tick_or_endpoint_thursday_label,,False
260910,production_sources,2026-05-07,coin_exchange,859.4230769230769,859,708.0,direct_weekly_rgb,25.826343140289914,first_last_week_and_line_vertices,SOURCE_WEEKLY_PIXEL_READING,printed_tick_or_endpoint_thursday_label,,False
260910,production_sources,2026-05-07,other,859.4230769230769,859,,unresolved_no_local_guide,,first_last_week_and_line_vertices,SOURCE_WEEKLY_PIXEL_READING,printed_tick_or_endpoint_thursday_label,,False
260910,production_sources,2026-05-14,boss,877.4615384615385,877,564.0,direct_weekly_rgb,43.78355855797927,first_last_week_and_line_vertices,SOURCE_WEEKLY_PIXEL_READING,printed_tick_or_endpoint_thursday_label,,False
260910,production_sources,2026-05-14,field,877.4615384615385,877,678.0,direct_weekly_rgb,32.37282811247729,first_last_week_and_line_vertices,SOURCE_WEEKLY_PIXEL_READING,printed_tick_or_endpoint_thursday_label,,False
260910,production_sources,2026-05-14,serazar_coin,877.4615384615385,877,710.0,direct_weekly_rgb,15.0,first_last_week_and_line_vertices,SOURCE_WEEKLY_PIXEL_READING,printed_tick_or_endpoint_thursday_label,,False
260910,production_sources,2026-05-14,coin_exchange,877.4615384615385,877,708.0,direct_weekly_rgb,15.652475842498529,first_last_week_and_line_vertices,SOURCE_WEEKLY_PIXEL_READING,printed_tick_or_endpoint_thursday_label,,False
260910,production_sources,2026-05-14,other,877.4615384615385,877,715.0,candidate_axis_unverified,13.45362404707371,first_last_week_and_line_vertices,SOURCE_WEEKLY_PIXEL_READING,printed_tick_or_endpoint_thursday_label,,False
260910,production_sources,2026-05-21,boss,895.5,896,559.0,direct_weekly_rgb,23.727621035409346,first_last_week_and_line_vertices,SOURCE_WEEKLY_PIXEL_READING,printed_tick_or_endpoint_thursday_label,,False
260910,production_sources,2026-05-21,field,895.5,896,677.0,direct_weekly_rgb,31.68595903550972,first_last_week_and_line_vertices,SOURCE_WEEKLY_PIXEL_READING,printed_tick_or_endpoint_thursday_label,,False
260910,production_sources,2026-05-21,serazar_coin,895.5,896,710.0,direct_weekly_rgb,17.029386365926403,first_last_week_and_line_vertices,SOURCE_WEEKLY_PIXEL_READING,printed_tick_or_endpoint_thursday_label,,False
260910,production_sources,2026-05-21,coin_exchange,895.5,896,708.0,direct_weekly_rgb,21.118712081942874,first_last_week_and_line_vertices,SOURCE_WEEKLY_PIXEL_READING,printed_tick_or_endpoint_thursday_label,,False
260910,production_sources,2026-05-21,other,895.5,896,715.0,candidate_axis_unverified,17.378147196982766,first_last_week_and_line_vertices,SOURCE_WEEKLY_PIXEL_READING,printed_tick_or_endpoint_thursday_label,,False
260910,production_sources,2026-05-28,boss,913.5384615384615,914,536.0,direct_weekly_rgb,13.0,first_last_week_and_line_vertices,SOURCE_WEEKLY_PIXEL_READING,printed_tick_or_endpoint_thursday_label,,False
260910,production_sources,2026-05-28,field,913.5384615384615,914,677.0,direct_weekly_rgb,32.264531609803356,first_last_week_and_line_vertices,SOURCE_WEEKLY_PIXEL_READING,printed_tick_or_endpoint_thursday_label,,False
260910,production_sources,2026-05-28,serazar_coin,913.5384615384615,914,710.0,direct_weekly_rgb,11.704699910719626,first_last_week_and_line_vertices,SOURCE_WEEKLY_PIXEL_READING,printed_tick_or_endpoint_thursday_label,,False
260910,production_sources,2026-05-28,coin_exchange,913.5384615384615,914,,unresolved_no_local_guide,,first_last_week_and_line_vertices,SOURCE_WEEKLY_PIXEL_READING,printed_tick_or_endpoint_thursday_label,,False
260910,production_sources,2026-05-28,other,913.5384615384615,914,,unresolved_no_local_guide,,first_last_week_and_line_vertices,SOURCE_WEEKLY_PIXEL_READING,printed_tick_or_endpoint_thursday_label,,False
260910,production_sources,2026-06-04,boss,931.5769230769231,932,542.0,direct_weekly_rgb,37.68288736283355,first_last_week_and_line_vertices,SOURCE_WEEKLY_PIXEL_READING,printed_tick_or_endpoint_thursday_label,,False
260910,production_sources,2026-06-04,field,931.5769230769231,932,677.0,direct_weekly_rgb,31.32091952673165,first_last_week_and_line_vertices,SOURCE_WEEKLY_PIXEL_READING,printed_tick_or_endpoint_thursday_label,,False
260910,production_sources,2026-06-04,serazar_coin,931.5769230769231,932,710.0,direct_weekly_rgb,11.575836902790225,first_last_week_and_line_vertices,SOURCE_WEEKLY_PIXEL_READING,printed_tick_or_endpoint_thursday_label,,False
260910,production_sources,2026-06-04,coin_exchange,931.5769230769231,932,,unresolved_no_local_guide,,first_last_week_and_line_vertices,SOURCE_WEEKLY_PIXEL_READING,printed_tick_or_endpoint_thursday_label,,False
260910,production_sources,2026-06-04,other,931.5769230769231,932,,unresolved_no_local_guide,,first_last_week_and_line_vertices,SOURCE_WEEKLY_PIXEL_READING,printed_tick_or_endpoint_thursday_label,,False
260910,production_sources,2026-06-11,boss,949.6153846153846,950,544.0,direct_weekly_rgb,30.740852297878796,first_last_week_and_line_vertices,SOURCE_WEEKLY_PIXEL_READING,printed_tick_or_endpoint_thursday_label,,False
260910,production_sources,2026-06-11,field,949.6153846153846,950,673.0,direct_weekly_rgb,24.899799195977465,first_last_week_and_line_vertices,SOURCE_WEEKLY_PIXEL_READING,printed_tick_or_endpoint_thursday_label,,False
260910,production_sources,2026-06-11,serazar_coin,949.6153846153846,950,710.0,direct_weekly_rgb,4.358898943540674,first_last_week_and_line_vertices,SOURCE_WEEKLY_PIXEL_READING,printed_tick_or_endpoint_thursday_label,,False
260910,production_sources,2026-06-11,coin_exchange,949.6153846153846,950,708.0,direct_weekly_rgb,22.825424421026653,first_last_week_and_line_vertices,SOURCE_WEEKLY_PIXEL_READING,printed_tick_or_endpoint_thursday_label,,False
260910,production_sources,2026-06-11,other,949.6153846153846,950,,unresolved_no_local_guide,,first_last_week_and_line_vertices,SOURCE_WEEKLY_PIXEL_READING,printed_tick_or_endpoint_thursday_label,,False
260910,production_sources,2026-06-18,boss,967.6538461538462,968,491.0,direct_weekly_rgb,19.519221295943137,first_last_week_and_line_vertices,SOURCE_WEEKLY_PIXEL_READING,printed_tick_or_endpoint_thursday_label,,False
260910,production_sources,2026-06-18,field,967.6538461538462,968,665.0,direct_weekly_rgb,28.178005607210743,first_last_week_and_line_vertices,SOURCE_WEEKLY_PIXEL_READING,printed_tick_or_endpoint_thursday_label,,False
260910,production_sources,2026-06-18,serazar_coin,967.6538461538462,968,702.0,direct_weekly_rgb,6.4031242374328485,first_last_week_and_line_vertices,SOURCE_WEEKLY_PIXEL_READING,printed_tick_or_endpoint_thursday_label,,False
260910,production_sources,2026-06-18,coin_exchange,967.6538461538462,968,700.0,direct_weekly_rgb,20.46948949045872,first_last_week_and_line_vertices,SOURCE_WEEKLY_PIXEL_READING,printed_tick_or_endpoint_thursday_label,,False
260910,production_sources,2026-06-18,other,967.6538461538462,968,714.0,candidate_axis_unverified,5.916079783099616,first_last_week_and_line_vertices,SOURCE_WEEKLY_PIXEL_READING,printed_tick_or_endpoint_thursday_label,,False
260910,production_sources,2026-06-25,boss,985.6923076923077,986,422.0,direct_weekly_rgb,12.206555615733702,first_last_week_and_line_vertices,SOURCE_WEEKLY_PIXEL_READING,printed_tick_or_endpoint_thursday_label,,False
260910,production_sources,2026-06-25,field,985.6923076923077,986,660.0,direct_weekly_rgb,31.448370387032774,first_last_week_and_line_vertices,SOURCE_WEEKLY_PIXEL_READING,printed_tick_or_endpoint_thursday_label,,False
260910,production_sources,2026-06-25,serazar_coin,985.6923076923077,986,702.0,direct_weekly_rgb,17.72004514666935,first_last_week_and_line_vertices,SOURCE_WEEKLY_PIXEL_READING,printed_tick_or_endpoint_thursday_label,,False
260910,production_sources,2026-06-25,coin_exchange,985.6923076923077,986,700.0,direct_weekly_rgb,12.409673645990857,first_last_week_and_line_vertices,SOURCE_WEEKLY_PIXEL_READING,printed_tick_or_endpoint_thursday_label,,False
260910,production_sources,2026-06-25,other,985.6923076923077,986,,unresolved_no_local_guide,,first_last_week_and_line_vertices,SOURCE_WEEKLY_PIXEL_READING,printed_tick_or_endpoint_thursday_label,,False
260910,production_sources,2026-07-02,boss,1003.7307692307693,1004,436.0,direct_weekly_rgb,21.118712081942874,first_last_week_and_line_vertices,SOURCE_WEEKLY_PIXEL_READING,printed_tick_or_endpoint_thursday_label,,False
260910,production_sources,2026-07-02,field,1003.7307692307693,1004,656.0,direct_weekly_rgb,24.1039415863879,first_last_week_and_line_vertices,SOURCE_WEEKLY_PIXEL_READING,printed_tick_or_endpoint_thursday_label,,False
260910,production_sources,2026-07-02,serazar_coin,1003.7307692307693,1004,703.0,direct_weekly_rgb,8.06225774829855,first_last_week_and_line_vertices,SOURCE_WEEKLY_PIXEL_READING,printed_tick_or_endpoint_thursday_label,,False
260910,production_sources,2026-07-02,coin_exchange,1003.7307692307693,1004,,unresolved_rgb,,first_last_week_and_line_vertices,SOURCE_WEEKLY_PIXEL_READING,printed_tick_or_endpoint_thursday_label,,False
260910,production_sources,2026-07-02,other,1003.7307692307693,1004,,unresolved_no_local_guide,,first_last_week_and_line_vertices,SOURCE_WEEKLY_PIXEL_READING,printed_tick_or_endpoint_thursday_label,,False
260910,production_sources,2026-07-09,boss,1021.7692307692307,1022,446.0,direct_weekly_rgb,31.921779399024736,first_last_week_and_line_vertices,SOURCE_WEEKLY_PIXEL_READING,printed_tick_or_endpoint_thursday_label,,False
260910,production_sources,2026-07-09,field,1021.7692307692307,1022,654.0,direct_weekly_rgb,29.0516780926679,first_last_week_and_line_vertices,SOURCE_WEEKLY_PIXEL_READING,printed_tick_or_endpoint_thursday_label,,False
260910,production_sources,2026-07-09,serazar_coin,1021.7692307692307,1022,704.0,direct_weekly_rgb,6.4031242374328485,first_last_week_and_line_vertices,SOURCE_WEEKLY_PIXEL_READING,printed_tick_or_endpoint_thursday_label,,False
260910,production_sources,2026-07-09,coin_exchange,1021.7692307692307,1022,,unresolved_rgb,,first_last_week_and_line_vertices,SOURCE_WEEKLY_PIXEL_READING,printed_tick_or_endpoint_thursday_label,,False
260910,production_sources,2026-07-09,other,1021.7692307692307,1022,712.0,candidate_axis_unverified,15.0996688705415,first_last_week_and_line_vertices,SOURCE_WEEKLY_PIXEL_READING,printed_tick_or_endpoint_thursday_label,,False
260910,production_sources,2026-07-16,boss,1039.8076923076924,1040,438.0,direct_weekly_rgb,24.71841418861655,first_last_week_and_line_vertices,SOURCE_WEEKLY_PIXEL_READING,printed_tick_or_endpoint_thursday_label,,False
260910,production_sources,2026-07-16,field,1039.8076923076924,1040,651.0,direct_weekly_rgb,28.722813232690143,first_last_week_and_line_vertices,SOURCE_WEEKLY_PIXEL_READING,printed_tick_or_endpoint_thursday_label,,False
260910,production_sources,2026-07-16,serazar_coin,1039.8076923076924,1040,705.0,direct_weekly_rgb,5.744562646538029,first_last_week_and_line_vertices,SOURCE_WEEKLY_PIXEL_READING,printed_tick_or_endpoint_thursday_label,,False
260910,production_sources,2026-07-16,coin_exchange,1039.8076923076924,1040,704.0,direct_weekly_rgb,24.61706725018234,first_last_week_and_line_vertices,SOURCE_WEEKLY_PIXEL_READING,printed_tick_or_endpoint_thursday_label,,False
260910,production_sources,2026-07-16,other,1039.8076923076924,1040,,unresolved_rgb,,first_last_week_and_line_vertices,SOURCE_WEEKLY_PIXEL_READING,printed_tick_or_endpoint_thursday_label,,False
260910,production_sources,2026-07-23,boss,1057.8461538461538,1058,419.0,direct_weekly_rgb,31.32091952673165,first_last_week_and_line_vertices,SOURCE_WEEKLY_PIXEL_READING,printed_tick_or_endpoint_thursday_label,,False
260910,production_sources,2026-07-23,field,1057.8461538461538,1058,650.0,direct_weekly_rgb,24.1039415863879,first_last_week_and_line_vertices,SOURCE_WEEKLY_PIXEL_READING,printed_tick_or_endpoint_thursday_label,,False
260910,production_sources,2026-07-23,serazar_coin,1057.8461538461538,1058,706.0,direct_weekly_rgb,9.695359714832659,first_last_week_and_line_vertices,SOURCE_WEEKLY_PIXEL_READING,printed_tick_or_endpoint_thursday_label,,False
260910,production_sources,2026-07-23,coin_exchange,1057.8461538461538,1058,705.0,direct_weekly_rgb,27.2213151776324,first_last_week_and_line_vertices,SOURCE_WEEKLY_PIXEL_READING,printed_tick_or_endpoint_thursday_label,,False
260910,production_sources,2026-07-23,other,1057.8461538461538,1058,713.0,candidate_axis_unverified,6.082762530298219,first_last_week_and_line_vertices,SOURCE_WEEKLY_PIXEL_READING,printed_tick_or_endpoint_thursday_label,,False
260910,production_sources,2026-07-30,boss,1075.8846153846152,1076,346.0,direct_weekly_rgb,9.1104335791443,first_last_week_and_line_vertices,SOURCE_WEEKLY_PIXEL_READING,printed_tick_or_endpoint_thursday_label,,False
260910,production_sources,2026-07-30,field,1075.8846153846152,1076,657.0,direct_weekly_rgb,31.701734968294716,first_last_week_and_line_vertices,SOURCE_WEEKLY_PIXEL_READING,printed_tick_or_endpoint_thursday_label,,False
260910,production_sources,2026-07-30,serazar_coin,1075.8846153846152,1076,708.0,direct_weekly_rgb,12.24744871391589,first_last_week_and_line_vertices,SOURCE_WEEKLY_PIXEL_READING,printed_tick_or_endpoint_thursday_label,,False
260910,production_sources,2026-07-30,coin_exchange,1075.8846153846152,1076,706.0,direct_weekly_rgb,19.544820285692065,first_last_week_and_line_vertices,SOURCE_WEEKLY_PIXEL_READING,printed_tick_or_endpoint_thursday_label,,False
260910,production_sources,2026-07-30,other,1075.8846153846152,1076,709.0,candidate_axis_unverified,14.89966442575134,first_last_week_and_line_vertices,SOURCE_WEEKLY_PIXEL_READING,printed_tick_or_endpoint_thursday_label,,False
260910,production_sources,2026-08-06,boss,1093.923076923077,1094,386.0,direct_weekly_rgb,26.248809496813376,first_last_week_and_line_vertices,SOURCE_WEEKLY_PIXEL_READING,printed_tick_or_endpoint_thursday_label,,False
260910,production_sources,2026-08-06,field,1093.923076923077,1094,656.0,direct_weekly_rgb,25.98076211353316,first_last_week_and_line_vertices,SOURCE_WEEKLY_PIXEL_READING,printed_tick_or_endpoint_thursday_label,,False
260910,production_sources,2026-08-06,serazar_coin,1093.923076923077,1094,709.0,direct_weekly_rgb,16.76305461424021,first_last_week_and_line_vertices,SOURCE_WEEKLY_PIXEL_READING,printed_tick_or_endpoint_thursday_label,,False
260910,production_sources,2026-08-06,coin_exchange,1093.923076923077,1094,707.0,direct_weekly_rgb,16.911534525287763,first_last_week_and_line_vertices,SOURCE_WEEKLY_PIXEL_READING,printed_tick_or_endpoint_thursday_label,,False
260910,production_sources,2026-08-06,other,1093.923076923077,1094,714.0,candidate_axis_unverified,13.856406460551018,first_last_week_and_line_vertices,SOURCE_WEEKLY_PIXEL_READING,printed_tick_or_endpoint_thursday_label,,False
260910,production_sources,2026-08-13,boss,1111.9615384615386,1112,392.0,direct_weekly_rgb,36.013886210738214,first_last_week_and_line_vertices,SOURCE_WEEKLY_PIXEL_READING,printed_tick_or_endpoint_thursday_label,,False
260910,production_sources,2026-08-13,field,1111.9615384615386,1112,656.0,direct_weekly_rgb,25.514701644346147,first_last_week_and_line_vertices,SOURCE_WEEKLY_PIXEL_READING,printed_tick_or_endpoint_thursday_label,,False
260910,production_sources,2026-08-13,serazar_coin,1111.9615384615386,1112,710.0,direct_weekly_rgb,14.45683229480096,first_last_week_and_line_vertices,SOURCE_WEEKLY_PIXEL_READING,printed_tick_or_endpoint_thursday_label,,False
260910,production_sources,2026-08-13,coin_exchange,1111.9615384615386,1112,708.0,direct_weekly_rgb,16.278820596099706,first_last_week_and_line_vertices,SOURCE_WEEKLY_PIXEL_READING,printed_tick_or_endpoint_thursday_label,,False
260910,production_sources,2026-08-13,other,1111.9615384615386,1112,714.0,candidate_axis_unverified,14.142135623730951,first_last_week_and_line_vertices,SOURCE_WEEKLY_PIXEL_READING,printed_tick_or_endpoint_thursday_label,,False
260910,production_sources,2026-08-20,boss,1130.0,1130,384.0,direct_weekly_rgb,27.386127875258307,first_last_week_and_line_vertices,SOURCE_WEEKLY_PIXEL_READING,printed_tick_or_endpoint_thursday_label,,False
260910,production_sources,2026-08-20,field,1130.0,1130,654.0,direct_weekly_rgb,27.331300737432898,first_last_week_and_line_vertices,SOURCE_WEEKLY_PIXEL_READING,printed_tick_or_endpoint_thursday_label,,False
260910,production_sources,2026-08-20,serazar_coin,1130.0,1130,710.0,direct_weekly_rgb,28.30194339616981,first_last_week_and_line_vertices,SOURCE_WEEKLY_PIXEL_READING,printed_tick_or_endpoint_thursday_label,,False
260910,production_sources,2026-08-20,coin_exchange,1130.0,1130,709.0,direct_weekly_rgb,25.15949125081825,first_last_week_and_line_vertices,SOURCE_WEEKLY_PIXEL_READING,printed_tick_or_endpoint_thursday_label,,False
260910,production_sources,2026-08-20,other,1130.0,1130,712.0,candidate_axis_unverified,10.246950765959598,first_last_week_and_line_vertices,SOURCE_WEEKLY_PIXEL_READING,printed_tick_or_endpoint_thursday_label,,False
251016,total_production,2022-12-29,total,154.80814132104447,155,716.0,direct_weekly_rgb,23.430749027719962,six_printed_jan_jul_ticks,SOURCE_WEEKLY_PIXEL_READING,printed_tick_or_endpoint_thursday_label,,False
251016,total_production,2023-01-05,total,163.1447004608294,163,715.0,direct_weekly_rgb,7.810249675906654,six_printed_jan_jul_ticks,SOURCE_WEEKLY_PIXEL_READING,printed_tick_or_endpoint_thursday_label,,False
251016,total_production,2023-01-12,total,171.48125960061435,171,714.0,direct_weekly_rgb,24.06241883103193,six_printed_jan_jul_ticks,SOURCE_WEEKLY_PIXEL_READING,printed_tick_or_endpoint_thursday_label,,False
251016,total_production,2023-01-19,total,179.8178187403993,180,714.0,direct_weekly_rgb,35.90264614203248,six_printed_jan_jul_ticks,SOURCE_WEEKLY_PIXEL_READING,printed_tick_or_endpoint_thursday_label,,False
251016,total_production,2023-01-26,total,188.15437788018423,188,713.0,direct_weekly_rgb,10.677078252031311,six_printed_jan_jul_ticks,SOURCE_WEEKLY_PIXEL_READING,printed_tick_or_endpoint_thursday_label,,False
251016,total_production,2023-02-02,total,196.61853741496589,197,711.0,direct_weekly_rgb,7.280109889280518,six_printed_jan_jul_ticks,SOURCE_WEEKLY_PIXEL_READING,printed_tick_or_endpoint_thursday_label,,False
251016,total_production,2023-02-09,total,205.8482993197278,206,715.0,direct_weekly_rgb,13.92838827718412,six_printed_jan_jul_ticks,SOURCE_WEEKLY_PIXEL_READING,printed_tick_or_endpoint_thursday_label,,False
251016,total_production,2023-02-16,total,215.0780612244897,215,720.0,direct_weekly_rgb,14.177446878757825,six_printed_jan_jul_ticks,SOURCE_WEEKLY_PIXEL_READING,printed_tick_or_endpoint_thursday_label,,False
251016,total_production,2023-02-23,total,224.30782312925157,224,719.0,direct_weekly_rgb,15.588457268119896,six_printed_jan_jul_ticks,SOURCE_WEEKLY_PIXEL_READING,printed_tick_or_endpoint_thursday_label,,False
251016,total_production,2023-03-02,total,233.40998463901678,233,721.0,direct_weekly_rgb,5.385164807134504,six_printed_jan_jul_ticks,SOURCE_WEEKLY_PIXEL_READING,printed_tick_or_endpoint_thursday_label,,False
251016,total_production,2023-03-09,total,241.7465437788017,242,727.0,direct_weekly_rgb,17.69180601295413,six_printed_jan_jul_ticks,SOURCE_WEEKLY_PIXEL_READING,printed_tick_or_endpoint_thursday_label,,False
251016,total_production,2023-03-16,total,250.0831029185867,250,731.0,direct_weekly_rgb,24.413111231467404,six_printed_jan_jul_ticks,SOURCE_WEEKLY_PIXEL_READING,printed_tick_or_endpoint_thursday_label,,False
251016,total_production,2023-03-23,total,258.4196620583716,258,733.0,direct_weekly_rgb,12.449899597988733,six_printed_jan_jul_ticks,SOURCE_WEEKLY_PIXEL_READING,printed_tick_or_endpoint_thursday_label,,False
251016,total_production,2023-03-30,total,266.7562211981566,267,733.0,direct_weekly_rgb,16.673332000533065,six_printed_jan_jul_ticks,SOURCE_WEEKLY_PIXEL_READING,printed_tick_or_endpoint_thursday_label,,False
251016,total_production,2023-04-06,total,275.2912698412697,275,733.0,direct_weekly_rgb,14.035668847618199,six_printed_jan_jul_ticks,SOURCE_WEEKLY_PIXEL_READING,printed_tick_or_endpoint_thursday_label,,False
251016,total_production,2023-04-13,total,283.90571428571417,284,731.0,direct_weekly_rgb,22.045407685048602,six_printed_jan_jul_ticks,SOURCE_WEEKLY_PIXEL_READING,printed_tick_or_endpoint_thursday_label,,False
251016,total_production,2023-04-20,total,292.52015873015864,293,729.0,direct_weekly_rgb,23.108440016582687,six_printed_jan_jul_ticks,SOURCE_WEEKLY_PIXEL_READING,printed_tick_or_endpoint_thursday_label,,False
251016,total_production,2023-04-27,total,301.13460317460306,301,726.0,direct_weekly_rgb,21.470910553583888,six_printed_jan_jul_ticks,SOURCE_WEEKLY_PIXEL_READING,printed_tick_or_endpoint_thursday_label,,False
251016,total_production,2023-05-04,total,309.62995391705056,310,725.0,direct_weekly_rgb,9.899494936611665,six_printed_jan_jul_ticks,SOURCE_WEEKLY_PIXEL_READING,printed_tick_or_endpoint_thursday_label,,False
251016,total_production,2023-05-11,total,317.96651305683554,318,725.0,direct_weekly_rgb,22.825424421026653,six_printed_jan_jul_ticks,SOURCE_WEEKLY_PIXEL_READING,printed_tick_or_endpoint_thursday_label,,False
251016,total_production,2023-05-18,total,326.30307219662046,326,725.0,direct_weekly_rgb,19.261360284258224,six_printed_jan_jul_ticks,SOURCE_WEEKLY_PIXEL_READING,printed_tick_or_endpoint_thursday_label,,False
251016,total_production,2023-05-25,total,334.6396313364054,335,723.0,direct_weekly_rgb,12.884098726725126,six_printed_jan_jul_ticks,SOURCE_WEEKLY_PIXEL_READING,printed_tick_or_endpoint_thursday_label,,False
251016,total_production,2023-06-01,total,342.97619047619037,343,722.0,direct_weekly_rgb,13.92838827718412,six_printed_jan_jul_ticks,SOURCE_WEEKLY_PIXEL_READING,printed_tick_or_endpoint_thursday_label,,False
251016,total_production,2023-06-08,total,351.5906349206348,352,713.0,direct_weekly_rgb,9.0,six_printed_jan_jul_ticks,SOURCE_WEEKLY_PIXEL_READING,printed_tick_or_endpoint_thursday_label,,False
251016,total_production,2023-06-15,total,360.2050793650792,360,702.0,direct_weekly_rgb,36.26292872893749,six_printed_jan_jul_ticks,SOURCE_WEEKLY_PIXEL_READING,printed_tick_or_endpoint_thursday_label,,False
251016,total_production,2023-06-22,total,368.8195238095237,369,696.0,direct_weekly_rgb,18.81488772222678,six_printed_jan_jul_ticks,SOURCE_WEEKLY_PIXEL_READING,printed_tick_or_endpoint_thursday_label,,False
251016,total_production,2023-06-29,total,377.43396825396815,377,688.0,direct_weekly_rgb,15.811388300841896,six_printed_jan_jul_ticks,SOURCE_WEEKLY_PIXEL_READING,printed_tick_or_endpoint_thursday_label,,False
251016,total_production,2023-07-06,total,385.84992319508433,386,675.0,direct_weekly_rgb,5.385164807134504,six_printed_jan_jul_ticks,SOURCE_WEEKLY_PIXEL_READING,printed_tick_or_endpoint_thursday_label,,False
251016,total_production,2023-07-13,total,394.1864823348693,394,658.0,direct_weekly_rgb,8.12403840463596,six_printed_jan_jul_ticks,SOURCE_WEEKLY_PIXEL_READING,printed_tick_or_endpoint_thursday_label,,False
251016,total_production,2023-07-20,total,402.52304147465424,403,655.0,direct_weekly_rgb,32.63433774416144,six_printed_jan_jul_ticks,SOURCE_WEEKLY_PIXEL_READING,printed_tick_or_endpoint_thursday_label,,False
251016,total_production,2023-07-27,total,410.85960061443916,411,654.0,direct_weekly_rgb,20.09975124224178,six_printed_jan_jul_ticks,SOURCE_WEEKLY_PIXEL_READING,printed_tick_or_endpoint_thursday_label,,False
251016,total_production,2023-08-03,total,419.19615975422414,419,653.0,direct_weekly_rgb,18.841443681416774,six_printed_jan_jul_ticks,SOURCE_WEEKLY_PIXEL_READING,printed_tick_or_endpoint_thursday_label,,False
251016,total_production,2023-08-10,total,427.53271889400907,428,650.0,direct_weekly_rgb,16.97056274847714,six_printed_jan_jul_ticks,SOURCE_WEEKLY_PIXEL_READING,printed_tick_or_endpoint_thursday_label,,False
251016,total_production,2023-08-17,total,435.869278033794,436,655.0,direct_weekly_rgb,25.632011235952593,six_printed_jan_jul_ticks,SOURCE_WEEKLY_PIXEL_READING,printed_tick_or_endpoint_thursday_label,,False
251016,total_production,2023-08-24,total,444.20583717357897,444,655.0,direct_weekly_rgb,30.265491900843113,six_printed_jan_jul_ticks,SOURCE_WEEKLY_PIXEL_READING,printed_tick_or_endpoint_thursday_label,,False
251016,total_production,2023-08-31,total,452.5423963133639,453,655.0,direct_weekly_rgb,12.206555615733702,six_printed_jan_jul_ticks,SOURCE_WEEKLY_PIXEL_READING,printed_tick_or_endpoint_thursday_label,,False
251016,total_production,2023-09-07,total,461.11714285714265,461,661.0,direct_weekly_rgb,15.297058540778355,six_printed_jan_jul_ticks,SOURCE_WEEKLY_PIXEL_READING,printed_tick_or_endpoint_thursday_label,,False
251016,total_production,2023-09-14,total,469.7315873015871,470,661.0,direct_weekly_rgb,34.07345007480164,six_printed_jan_jul_ticks,SOURCE_WEEKLY_PIXEL_READING,printed_tick_or_endpoint_thursday_label,,False
251016,total_production,2023-09-21,total,478.34603174603154,478,661.0,direct_weekly_rgb,17.549928774784245,six_printed_jan_jul_ticks,SOURCE_WEEKLY_PIXEL_READING,printed_tick_or_endpoint_thursday_label,,False
251016,total_production,2023-09-28,total,486.960476190476,487,655.0,direct_weekly_rgb,5.196152422706632,six_printed_jan_jul_ticks,SOURCE_WEEKLY_PIXEL_READING,printed_tick_or_endpoint_thursday_label,,False
251016,total_production,2023-10-05,total,495.4161290322579,495,662.0,direct_weekly_rgb,9.643650760992955,six_printed_jan_jul_ticks,SOURCE_WEEKLY_PIXEL_READING,printed_tick_or_endpoint_thursday_label,,False
251016,total_production,2023-10-12,total,503.75268817204284,504,665.0,direct_weekly_rgb,9.539392014169456,six_printed_jan_jul_ticks,SOURCE_WEEKLY_PIXEL_READING,printed_tick_or_endpoint_thursday_label,,False
251016,total_production,2023-10-19,total,512.0892473118278,512,665.0,direct_weekly_rgb,15.427248620541512,six_printed_jan_jul_ticks,SOURCE_WEEKLY_PIXEL_READING,printed_tick_or_endpoint_thursday_label,,False
251016,total_production,2023-10-26,total,520.4258064516127,520,663.0,direct_weekly_rgb,6.6332495807108,six_printed_jan_jul_ticks,SOURCE_WEEKLY_PIXEL_READING,printed_tick_or_endpoint_thursday_label,,False
251016,total_production,2023-11-02,total,528.8020634920633,529,663.0,direct_weekly_rgb,3.7416573867739413,six_printed_jan_jul_ticks,SOURCE_WEEKLY_PIXEL_READING,printed_tick_or_endpoint_thursday_label,,False
251016,total_production,2023-11-09,total,537.4165079365077,537,665.0,direct_weekly_rgb,6.4031242374328485,six_printed_jan_jul_ticks,SOURCE_WEEKLY_PIXEL_READING,printed_tick_or_endpoint_thursday_label,,False
251016,total_production,2023-11-16,total,546.0309523809522,546,669.0,direct_weekly_rgb,4.123105625617661,six_printed_jan_jul_ticks,SOURCE_WEEKLY_PIXEL_READING,printed_tick_or_endpoint_thursday_label,,False
251016,total_production,2023-11-23,total,554.6453968253966,555,675.0,direct_weekly_rgb,17.578395831246947,six_printed_jan_jul_ticks,SOURCE_WEEKLY_PIXEL_READING,printed_tick_or_endpoint_thursday_label,,False
251016,total_production,2023-11-30,total,563.2598412698411,563,675.0,direct_weekly_rgb,12.68857754044952,six_printed_jan_jul_ticks,SOURCE_WEEKLY_PIXEL_READING,printed_tick_or_endpoint_thursday_label,,False
251016,total_production,2023-12-07,total,571.6360983102917,572,680.0,direct_weekly_rgb,21.470910553583888,six_printed_jan_jul_ticks,SOURCE_WEEKLY_PIXEL_READING,printed_tick_or_endpoint_thursday_label,,False
251016,total_production,2023-12-14,total,579.9726574500767,580,675.0,direct_weekly_rgb,25.317977802344327,six_printed_jan_jul_ticks,SOURCE_WEEKLY_PIXEL_READING,printed_tick_or_endpoint_thursday_label,,False
251016,total_production,2023-12-21,total,588.3092165898615,588,666.0,direct_weekly_rgb,12.529964086141668,six_printed_jan_jul_ticks,SOURCE_WEEKLY_PIXEL_READING,printed_tick_or_endpoint_thursday_label,,False
251016,total_production,2023-12-28,total,596.6457757296465,597,657.0,direct_weekly_rgb,4.358898943540674,six_printed_jan_jul_ticks,SOURCE_WEEKLY_PIXEL_READING,printed_tick_or_endpoint_thursday_label,,False
251016,total_production,2024-01-04,total,604.9823348694315,605,660.0,direct_weekly_rgb,16.431676725154983,six_printed_jan_jul_ticks,SOURCE_WEEKLY_PIXEL_READING,printed_tick_or_endpoint_thursday_label,,False
251016,total_production,2024-01-11,total,613.3188940092164,613,656.0,direct_weekly_rgb,13.490737563232042,six_printed_jan_jul_ticks,SOURCE_WEEKLY_PIXEL_READING,printed_tick_or_endpoint_thursday_label,,False
251016,total_production,2024-01-18,total,621.6554531490013,622,650.0,direct_weekly_rgb,9.486832980505138,six_printed_jan_jul_ticks,SOURCE_WEEKLY_PIXEL_READING,printed_tick_or_endpoint_thursday_label,,False
251016,total_production,2024-01-25,total,629.9920122887863,630,656.0,direct_weekly_rgb,15.84297951775486,six_printed_jan_jul_ticks,SOURCE_WEEKLY_PIXEL_READING,printed_tick_or_endpoint_thursday_label,,False
251016,total_production,2024-02-01,total,638.3285714285712,638,654.0,direct_weekly_rgb,19.390719429665317,six_printed_jan_jul_ticks,SOURCE_WEEKLY_PIXEL_READING,printed_tick_or_endpoint_thursday_label,,False
251016,total_production,2024-02-08,total,647.2400656814448,647,661.0,direct_weekly_rgb,14.798648586948742,six_printed_jan_jul_ticks,SOURCE_WEEKLY_PIXEL_READING,printed_tick_or_endpoint_thursday_label,,False
251016,total_production,2024-02-15,total,656.1515599343184,656,661.0,direct_weekly_rgb,10.816653826391969,six_printed_jan_jul_ticks,SOURCE_WEEKLY_PIXEL_READING,printed_tick_or_endpoint_thursday_label,,False
251016,total_production,2024-02-22,total,665.0630541871919,665,659.0,direct_weekly_rgb,13.74772708486752,six_printed_jan_jul_ticks,SOURCE_WEEKLY_PIXEL_READING,printed_tick_or_endpoint_thursday_label,,False
251016,total_production,2024-02-29,total,673.9745484400654,674,653.0,direct_weekly_rgb,8.306623862918075,six_printed_jan_jul_ticks,SOURCE_WEEKLY_PIXEL_READING,printed_tick_or_endpoint_thursday_label,,False
251016,total_production,2024-03-07,total,682.3932411674346,682,658.0,direct_weekly_rgb,23.68543856465402,six_printed_jan_jul_ticks,SOURCE_WEEKLY_PIXEL_READING,printed_tick_or_endpoint_thursday_label,,False
251016,total_production,2024-03-14,total,690.7298003072194,691,659.0,direct_weekly_rgb,13.0,six_printed_jan_jul_ticks,SOURCE_WEEKLY_PIXEL_READING,printed_tick_or_endpoint_thursday_label,,False
251016,total_production,2024-03-21,total,699.0663594470044,699,665.0,direct_weekly_rgb,25.238858928247925,six_printed_jan_jul_ticks,SOURCE_WEEKLY_PIXEL_READING,printed_tick_or_endpoint_thursday_label,,False
251016,total_production,2024-03-28,total,707.4029185867894,707,662.0,direct_weekly_rgb,12.409673645990857,six_printed_jan_jul_ticks,SOURCE_WEEKLY_PIXEL_READING,printed_tick_or_endpoint_thursday_label,,False
251016,total_production,2024-04-04,total,715.8585714285712,716,652.0,direct_weekly_rgb,9.695359714832659,six_printed_jan_jul_ticks,SOURCE_WEEKLY_PIXEL_READING,printed_tick_or_endpoint_thursday_label,,False
251016,total_production,2024-04-11,total,724.4730158730157,724,657.0,direct_weekly_rgb,15.329709716755891,six_printed_jan_jul_ticks,SOURCE_WEEKLY_PIXEL_READING,printed_tick_or_endpoint_thursday_label,,False
251016,total_production,2024-04-18,total,733.0874603174601,733,659.0,direct_weekly_rgb,14.45683229480096,six_printed_jan_jul_ticks,SOURCE_WEEKLY_PIXEL_READING,printed_tick_or_endpoint_thursday_label,,False
251016,total_production,2024-04-25,total,741.7019047619045,742,654.0,direct_weekly_rgb,13.152946437965905,six_printed_jan_jul_ticks,SOURCE_WEEKLY_PIXEL_READING,printed_tick_or_endpoint_thursday_label,,False
251016,total_production,2024-05-02,total,750.2766513056833,750,654.0,direct_weekly_rgb,18.708286933869708,six_printed_jan_jul_ticks,SOURCE_WEEKLY_PIXEL_READING,printed_tick_or_endpoint_thursday_label,,False
251016,total_production,2024-05-09,total,758.6132104454683,759,658.0,direct_weekly_rgb,18.81488772222678,six_printed_jan_jul_ticks,SOURCE_WEEKLY_PIXEL_READING,printed_tick_or_endpoint_thursday_label,,False
251016,total_production,2024-05-16,total,766.9497695852532,767,660.0,direct_weekly_rgb,25.03996805109783,six_printed_jan_jul_ticks,SOURCE_WEEKLY_PIXEL_READING,printed_tick_or_endpoint_thursday_label,,False
251016,total_production,2024-05-23,total,775.2863287250382,775,655.0,direct_weekly_rgb,13.601470508735444,six_printed_jan_jul_ticks,SOURCE_WEEKLY_PIXEL_READING,printed_tick_or_endpoint_thursday_label,,False
251016,total_production,2024-05-30,total,783.622887864823,784,648.0,direct_weekly_rgb,18.05547008526779,six_printed_jan_jul_ticks,SOURCE_WEEKLY_PIXEL_READING,printed_tick_or_endpoint_thursday_label,,False
251016,total_production,2024-06-06,total,792.1579365079364,792,647.0,direct_weekly_rgb,7.3484692283495345,six_printed_jan_jul_ticks,SOURCE_WEEKLY_PIXEL_READING,printed_tick_or_endpoint_thursday_label,,False
251016,total_production,2024-06-13,total,800.7723809523807,801,649.0,direct_weekly_rgb,18.920887928424502,six_printed_jan_jul_ticks,SOURCE_WEEKLY_PIXEL_READING,printed_tick_or_endpoint_thursday_label,,False
251016,total_production,2024-06-20,total,809.3868253968251,809,647.0,direct_weekly_rgb,14.696938456699069,six_printed_jan_jul_ticks,SOURCE_WEEKLY_PIXEL_READING,printed_tick_or_endpoint_thursday_label,,False
251016,total_production,2024-06-27,total,818.0012698412696,818,635.0,direct_weekly_rgb,5.656854249492381,six_printed_jan_jul_ticks,SOURCE_WEEKLY_PIXEL_READING,printed_tick_or_endpoint_thursday_label,,False
251016,total_production,2024-07-04,total,826.4966205837171,826,636.0,direct_weekly_rgb,21.863211109075447,six_printed_jan_jul_ticks,SOURCE_WEEKLY_PIXEL_READING,printed_tick_or_endpoint_thursday_label,,False
251016,total_production,2024-07-11,total,834.8331797235021,835,638.0,direct_weekly_rgb,17.549928774784245,six_printed_jan_jul_ticks,SOURCE_WEEKLY_PIXEL_READING,printed_tick_or_endpoint_thursday_label,,False
251016,total_production,2024-07-18,total,843.169738863287,843,637.0,direct_weekly_rgb,9.219544457292887,six_printed_jan_jul_ticks,SOURCE_WEEKLY_PIXEL_READING,printed_tick_or_endpoint_thursday_label,,False
251016,total_production,2024-07-25,total,851.506298003072,852,635.0,direct_weekly_rgb,13.038404810405298,six_printed_jan_jul_ticks,SOURCE_WEEKLY_PIXEL_READING,printed_tick_or_endpoint_thursday_label,,False
251016,total_production,2024-08-01,total,859.8428571428569,860,625.0,direct_weekly_rgb,9.486832980505138,six_printed_jan_jul_ticks,SOURCE_WEEKLY_PIXEL_READING,printed_tick_or_endpoint_thursday_label,,False
251016,total_production,2024-08-08,total,868.1794162826419,868,629.0,direct_weekly_rgb,12.68857754044952,six_printed_jan_jul_ticks,SOURCE_WEEKLY_PIXEL_READING,printed_tick_or_endpoint_thursday_label,,False
251016,total_production,2024-08-15,total,876.5159754224268,877,629.0,direct_weekly_rgb,24.535688292770594,six_printed_jan_jul_ticks,SOURCE_WEEKLY_PIXEL_READING,printed_tick_or_endpoint_thursday_label,,False
251016,total_production,2024-08-22,total,884.8525345622116,885,629.0,direct_weekly_rgb,27.459060435491963,six_printed_jan_jul_ticks,SOURCE_WEEKLY_PIXEL_READING,printed_tick_or_endpoint_thursday_label,,False
251016,total_production,2024-08-29,total,893.1890937019966,893,623.0,direct_weekly_rgb,18.81488772222678,six_printed_jan_jul_ticks,SOURCE_WEEKLY_PIXEL_READING,printed_tick_or_endpoint_thursday_label,,False
251016,total_production,2024-09-05,total,901.6844444444441,902,623.0,direct_weekly_rgb,12.165525060596439,six_printed_jan_jul_ticks,SOURCE_WEEKLY_PIXEL_READING,printed_tick_or_endpoint_thursday_label,,False
251016,total_production,2024-09-12,total,910.2988888888887,910,619.0,direct_weekly_rgb,6.6332495807108,six_printed_jan_jul_ticks,SOURCE_WEEKLY_PIXEL_READING,printed_tick_or_endpoint_thursday_label,,False
251016,total_production,2024-09-19,total,918.9133333333331,919,616.0,direct_weekly_rgb,8.306623862918075,six_printed_jan_jul_ticks,SOURCE_WEEKLY_PIXEL_READING,printed_tick_or_endpoint_thursday_label,,False
251016,total_production,2024-09-26,total,927.5277777777775,928,607.0,direct_weekly_rgb,10.344080432788601,six_printed_jan_jul_ticks,SOURCE_WEEKLY_PIXEL_READING,printed_tick_or_endpoint_thursday_label,,False
251016,total_production,2024-10-03,total,936.0628264208907,936,603.0,direct_weekly_rgb,9.219544457292887,six_printed_jan_jul_ticks,SOURCE_WEEKLY_PIXEL_READING,printed_tick_or_endpoint_thursday_label,,False
251016,total_production,2024-10-10,total,944.3993855606756,944,609.0,direct_weekly_rgb,25.199206336708304,six_printed_jan_jul_ticks,SOURCE_WEEKLY_PIXEL_READING,printed_tick_or_endpoint_thursday_label,,False
251016,total_production,2024-10-17,total,952.7359447004605,953,624.0,direct_weekly_rgb,8.774964387392123,six_printed_jan_jul_ticks,SOURCE_WEEKLY_PIXEL_READING,printed_tick_or_endpoint_thursday_label,,False
251016,total_production,2024-10-24,total,961.0725038402455,961,628.0,direct_weekly_rgb,26.5329983228432,six_printed_jan_jul_ticks,SOURCE_WEEKLY_PIXEL_READING,printed_tick_or_endpoint_thursday_label,,False
251016,total_production,2024-10-31,total,969.4090629800305,969,626.0,direct_weekly_rgb,10.862780491200215,six_printed_jan_jul_ticks,SOURCE_WEEKLY_PIXEL_READING,printed_tick_or_endpoint_thursday_label,,False
251016,total_production,2024-11-07,total,977.9838095238092,978,634.0,direct_weekly_rgb,22.22611077089287,six_printed_jan_jul_ticks,SOURCE_WEEKLY_PIXEL_READING,printed_tick_or_endpoint_thursday_label,,False
251016,total_production,2024-11-14,total,986.5982539682537,987,635.0,direct_weekly_rgb,12.041594578792296,six_printed_jan_jul_ticks,SOURCE_WEEKLY_PIXEL_READING,printed_tick_or_endpoint_thursday_label,,False
251016,total_production,2024-11-21,total,995.2126984126982,995,640.0,direct_weekly_rgb,4.58257569495584,six_printed_jan_jul_ticks,SOURCE_WEEKLY_PIXEL_READING,printed_tick_or_endpoint_thursday_label,,False
251016,total_production,2024-11-28,total,1003.8271428571426,1004,629.0,direct_weekly_rgb,19.078784028338912,six_printed_jan_jul_ticks,SOURCE_WEEKLY_PIXEL_READING,printed_tick_or_endpoint_thursday_label,,False
251016,total_production,2024-12-05,total,1012.2827956989245,1012,622.0,direct_weekly_rgb,16.0312195418814,six_printed_jan_jul_ticks,SOURCE_WEEKLY_PIXEL_READING,printed_tick_or_endpoint_thursday_label,,False
251016,total_production,2024-12-12,total,1020.6193548387095,1021,613.0,direct_weekly_rgb,11.532562594670797,six_printed_jan_jul_ticks,SOURCE_WEEKLY_PIXEL_READING,printed_tick_or_endpoint_thursday_label,,False
251016,total_production,2024-12-19,total,1028.9559139784944,1029,588.0,direct_weekly_rgb,4.58257569495584,six_printed_jan_jul_ticks,SOURCE_WEEKLY_PIXEL_READING,printed_tick_or_endpoint_thursday_label,,False
251016,total_production,2024-12-26,total,1037.2924731182793,1037,561.0,direct_weekly_rgb,13.076696830622021,six_printed_jan_jul_ticks,SOURCE_WEEKLY_PIXEL_READING,printed_tick_or_endpoint_thursday_label,,False
251016,total_production,2025-01-02,total,1045.6290322580642,1046,561.0,direct_weekly_rgb,12.529964086141668,six_printed_jan_jul_ticks,SOURCE_WEEKLY_PIXEL_READING,printed_tick_or_endpoint_thursday_label,,False
251016,total_production,2025-01-09,total,1053.965591397849,1054,566.0,direct_weekly_rgb,9.273618495495704,six_printed_jan_jul_ticks,SOURCE_WEEKLY_PIXEL_READING,printed_tick_or_endpoint_thursday_label,,False
251016,total_production,2025-01-16,total,1062.3021505376341,1062,563.0,direct_weekly_rgb,4.47213595499958,six_printed_jan_jul_ticks,SOURCE_WEEKLY_PIXEL_READING,printed_tick_or_endpoint_thursday_label,,False
251016,total_production,2025-01-23,total,1070.6387096774192,1071,565.0,direct_weekly_rgb,7.615773105863909,six_printed_jan_jul_ticks,SOURCE_WEEKLY_PIXEL_READING,printed_tick_or_endpoint_thursday_label,,False
251016,total_production,2025-01-30,total,1078.9752688172039,1079,551.0,direct_weekly_rgb,8.06225774829855,six_printed_jan_jul_ticks,SOURCE_WEEKLY_PIXEL_READING,printed_tick_or_endpoint_thursday_label,,False
251016,total_production,2025-02-06,total,1087.9498299319725,1088,556.0,direct_weekly_rgb,2.0,six_printed_jan_jul_ticks,SOURCE_WEEKLY_PIXEL_READING,printed_tick_or_endpoint_thursday_label,,False
251016,total_production,2025-02-13,total,1097.1795918367343,1097,561.0,direct_weekly_rgb,10.816653826391969,six_printed_jan_jul_ticks,SOURCE_WEEKLY_PIXEL_READING,printed_tick_or_endpoint_thursday_label,,False
251016,total_production,2025-02-20,total,1106.4093537414963,1106,549.0,direct_weekly_rgb,13.152946437965905,six_printed_jan_jul_ticks,SOURCE_WEEKLY_PIXEL_READING,printed_tick_or_endpoint_thursday_label,,False
251016,total_production,2025-02-27,total,1115.6391156462582,1116,546.0,direct_weekly_rgb,14.352700094407323,six_printed_jan_jul_ticks,SOURCE_WEEKLY_PIXEL_READING,printed_tick_or_endpoint_thursday_label,,False
251016,total_production,2025-03-06,total,1124.2308755760364,1124,563.0,direct_weekly_rgb,9.433981132056603,six_printed_jan_jul_ticks,SOURCE_WEEKLY_PIXEL_READING,printed_tick_or_endpoint_thursday_label,,False
251016,total_production,2025-03-13,total,1132.5674347158215,1133,566.0,direct_weekly_rgb,14.035668847618199,six_printed_jan_jul_ticks,SOURCE_WEEKLY_PIXEL_READING,printed_tick_or_endpoint_thursday_label,,False
251016,total_production,2025-03-20,total,1140.9039938556066,1141,563.0,direct_weekly_rgb,10.862780491200215,six_printed_jan_jul_ticks,SOURCE_WEEKLY_PIXEL_READING,printed_tick_or_endpoint_thursday_label,,False
251016,total_production,2025-03-27,total,1149.2405529953915,1149,556.0,direct_weekly_rgb,7.3484692283495345,six_printed_jan_jul_ticks,SOURCE_WEEKLY_PIXEL_READING,printed_tick_or_endpoint_thursday_label,,False
251016,total_production,2025-04-03,total,1157.6565079365078,1158,558.0,direct_weekly_rgb,17.4928556845359,six_printed_jan_jul_ticks,SOURCE_WEEKLY_PIXEL_READING,printed_tick_or_endpoint_thursday_label,,False
251016,total_production,2025-04-10,total,1166.2709523809522,1166,560.0,direct_weekly_rgb,5.385164807134504,six_printed_jan_jul_ticks,SOURCE_WEEKLY_PIXEL_READING,printed_tick_or_endpoint_thursday_label,,False
251016,total_production,2025-04-17,total,1174.8853968253966,1175,536.0,direct_weekly_rgb,10.04987562112089,six_printed_jan_jul_ticks,SOURCE_WEEKLY_PIXEL_READING,printed_tick_or_endpoint_thursday_label,,False
251016,total_production,2025-04-24,total,1183.499841269841,1183,546.0,direct_weekly_rgb,9.1104335791443,six_printed_jan_jul_ticks,SOURCE_WEEKLY_PIXEL_READING,printed_tick_or_endpoint_thursday_label,,False
251016,total_production,2025-05-01,total,1192.1142857142854,1192,535.0,direct_weekly_rgb,3.1622776601683795,six_printed_jan_jul_ticks,SOURCE_WEEKLY_PIXEL_READING,printed_tick_or_endpoint_thursday_label,,False
251016,total_production,2025-05-08,total,1200.4508448540703,1200,557.0,direct_weekly_rgb,15.556349186104045,six_printed_jan_jul_ticks,SOURCE_WEEKLY_PIXEL_READING,printed_tick_or_endpoint_thursday_label,,False
251016,total_production,2025-05-15,total,1208.7874039938554,1209,559.0,direct_weekly_rgb,9.539392014169456,six_printed_jan_jul_ticks,SOURCE_WEEKLY_PIXEL_READING,printed_tick_or_endpoint_thursday_label,,False
251016,total_production,2025-05-22,total,1217.1239631336402,1217,559.0,direct_weekly_rgb,5.0990195135927845,six_printed_jan_jul_ticks,SOURCE_WEEKLY_PIXEL_READING,printed_tick_or_endpoint_thursday_label,,False
251016,total_production,2025-05-29,total,1225.460522273425,1225,535.0,direct_weekly_rgb,14.352700094407323,six_printed_jan_jul_ticks,SOURCE_WEEKLY_PIXEL_READING,printed_tick_or_endpoint_thursday_label,,False
251016,total_production,2025-06-05,total,1233.9558730158726,1234,531.0,direct_weekly_rgb,9.899494936611665,six_printed_jan_jul_ticks,SOURCE_WEEKLY_PIXEL_READING,printed_tick_or_endpoint_thursday_label,,False
251016,total_production,2025-06-12,total,1242.570317460317,1243,518.0,direct_weekly_rgb,2.23606797749979,six_printed_jan_jul_ticks,SOURCE_WEEKLY_PIXEL_READING,printed_tick_or_endpoint_thursday_label,,False
251016,total_production,2025-06-19,total,1251.1847619047617,1251,427.0,direct_weekly_rgb,36.6333181680284,six_printed_jan_jul_ticks,SOURCE_WEEKLY_PIXEL_READING,printed_tick_or_endpoint_thursday_label,,False
251016,total_production,2025-06-26,total,1259.7992063492059,1260,370.0,direct_weekly_rgb,10.488088481701515,six_printed_jan_jul_ticks,SOURCE_WEEKLY_PIXEL_READING,printed_tick_or_endpoint_thursday_label,,False
251016,total_production,2025-07-03,total,1268.3342549923193,1268,373.0,direct_weekly_rgb,16.15549442140351,six_printed_jan_jul_ticks,SOURCE_WEEKLY_PIXEL_READING,printed_tick_or_endpoint_thursday_label,,False
251016,total_production,2025-07-10,total,1276.6708141321042,1277,374.0,direct_weekly_rgb,6.164414002968976,six_printed_jan_jul_ticks,SOURCE_WEEKLY_PIXEL_READING,printed_tick_or_endpoint_thursday_label,,False
251016,total_production,2025-07-17,total,1285.007373271889,1285,358.0,direct_weekly_rgb,23.021728866442675,six_printed_jan_jul_ticks,SOURCE_WEEKLY_PIXEL_READING,printed_tick_or_endpoint_thursday_label,,False
251016,total_production,2025-07-24,total,1293.343932411674,1293,339.0,direct_weekly_rgb,10.392304845413264,six_printed_jan_jul_ticks,SOURCE_WEEKLY_PIXEL_READING,printed_tick_or_endpoint_thursday_label,,False
251016,total_production,2025-07-31,total,1301.680491551459,1302,322.0,direct_weekly_rgb,7.874007874011811,six_printed_jan_jul_ticks,SOURCE_WEEKLY_PIXEL_READING,printed_tick_or_endpoint_thursday_label,,False
251016,total_production,2025-08-07,total,1310.0170506912439,1310,347.0,direct_weekly_rgb,13.96424004376894,six_printed_jan_jul_ticks,SOURCE_WEEKLY_PIXEL_READING,printed_tick_or_endpoint_thursday_label,,False
251016,total_production,2025-08-14,total,1318.3536098310287,1318,349.0,direct_weekly_rgb,24.596747752497688,six_printed_jan_jul_ticks,SOURCE_WEEKLY_PIXEL_READING,printed_tick_or_endpoint_thursday_label,,False
251016,total_production,2025-08-21,total,1326.6901689708138,1327,342.0,direct_weekly_rgb,26.038433132583073,six_printed_jan_jul_ticks,SOURCE_WEEKLY_PIXEL_READING,printed_tick_or_endpoint_thursday_label,,False
251016,total_production,2025-08-28,total,1335.0267281105987,1335,315.0,direct_weekly_rgb,5.744562646538029,six_printed_jan_jul_ticks,SOURCE_WEEKLY_PIXEL_READING,printed_tick_or_endpoint_thursday_label,,False
251016,total_production,2025-09-04,total,1343.4823809523807,1343,320.0,direct_weekly_rgb,4.123105625617661,six_printed_jan_jul_ticks,SOURCE_WEEKLY_PIXEL_READING,printed_tick_or_endpoint_thursday_label,,False
251016,total_production,2025-09-11,total,1352.0968253968251,1352,332.0,direct_weekly_rgb,14.071247279470288,six_printed_jan_jul_ticks,SOURCE_WEEKLY_PIXEL_READING,printed_tick_or_endpoint_thursday_label,,False
251016,total_production,2025-09-18,total,1360.7112698412695,1361,337.0,direct_weekly_rgb,12.529964086141668,six_printed_jan_jul_ticks,SOURCE_WEEKLY_PIXEL_READING,printed_tick_or_endpoint_thursday_label,,False
251016,total_production,2025-09-25,total,1369.3257142857137,1369,346.0,direct_weekly_rgb,6.782329983125268,six_printed_jan_jul_ticks,SOURCE_WEEKLY_PIXEL_READING,printed_tick_or_endpoint_thursday_label,,False
251016,total_production,2025-10-02,total,1377.9004608294927,1378,355.0,direct_weekly_rgb,12.96148139681572,six_printed_jan_jul_ticks,SOURCE_WEEKLY_PIXEL_READING,printed_tick_or_endpoint_thursday_label,,False
231116,boss_tier_lines,2023-04-06,hard_damien_to_hard_jinhilla,130.4485981308411,130,1044.0,direct_weekly_rgb,4.358898943540674,two_printed_month_ticks_approximate,SOURCE_WEEKLY_PIXEL_READING,approximate_month_tick_week_label,,False
231116,boss_tier_lines,2023-04-06,normal_suu_to_normal_dunkel,130.4485981308411,130,1051.0,direct_weekly_rgb,17.204650534085253,two_printed_month_ticks_approximate,SOURCE_WEEKLY_PIXEL_READING,approximate_month_tick_week_label,,False
231116,boss_tier_lines,2023-04-06,easy_cygnus_to_chaos_bellum,130.4485981308411,130,1035.0,direct_weekly_rgb,6.4031242374328485,two_printed_month_ticks_approximate,SOURCE_WEEKLY_PIXEL_READING,approximate_month_tick_week_label,,False
231116,boss_tier_lines,2023-04-06,daily_boss,130.4485981308411,130,1305.0,direct_weekly_rgb,22.93468988235943,two_printed_month_ticks_approximate,SOURCE_WEEKLY_PIXEL_READING,approximate_month_tick_week_label,,False
231116,boss_tier_lines,2023-04-06,normal_seren_to_extreme_kalos,130.4485981308411,130,1338.0,direct_weekly_rgb,4.58257569495584,two_printed_month_ticks_approximate,SOURCE_WEEKLY_PIXEL_READING,approximate_month_tick_week_label,,False
231116,boss_tier_lines,2023-04-13,hard_damien_to_hard_jinhilla,181.4766355140187,181,1037.0,direct_weekly_rgb,14.45683229480096,two_printed_month_ticks_approximate,SOURCE_WEEKLY_PIXEL_READING,approximate_month_tick_week_label,,False
231116,boss_tier_lines,2023-04-13,normal_suu_to_normal_dunkel,181.4766355140187,181,1035.0,direct_weekly_rgb,20.663978319771825,two_printed_month_ticks_approximate,SOURCE_WEEKLY_PIXEL_READING,approximate_month_tick_week_label,,False
231116,boss_tier_lines,2023-04-13,easy_cygnus_to_chaos_bellum,181.4766355140187,181,1051.0,direct_weekly_rgb,14.730919862656235,two_printed_month_ticks_approximate,SOURCE_WEEKLY_PIXEL_READING,approximate_month_tick_week_label,,False
231116,boss_tier_lines,2023-04-13,daily_boss,181.4766355140187,181,1304.0,direct_weekly_rgb,17.72004514666935,two_printed_month_ticks_approximate,SOURCE_WEEKLY_PIXEL_READING,approximate_month_tick_week_label,,False
231116,boss_tier_lines,2023-04-13,normal_seren_to_extreme_kalos,181.4766355140187,181,1338.0,direct_weekly_rgb,3.7416573867739413,two_printed_month_ticks_approximate,SOURCE_WEEKLY_PIXEL_READING,approximate_month_tick_week_label,,False
231116,boss_tier_lines,2023-04-20,hard_damien_to_hard_jinhilla,232.50467289719626,233,1033.0,direct_weekly_rgb,8.774964387392123,two_printed_month_ticks_approximate,SOURCE_WEEKLY_PIXEL_READING,approximate_month_tick_week_label,,False
231116,boss_tier_lines,2023-04-20,normal_suu_to_normal_dunkel,232.50467289719626,233,1047.0,direct_weekly_rgb,30.822070014844883,two_printed_month_ticks_approximate,SOURCE_WEEKLY_PIXEL_READING,approximate_month_tick_week_label,,False
231116,boss_tier_lines,2023-04-20,easy_cygnus_to_chaos_bellum,232.50467289719626,233,1037.0,direct_weekly_rgb,14.730919862656235,two_printed_month_ticks_approximate,SOURCE_WEEKLY_PIXEL_READING,approximate_month_tick_week_label,,False
231116,boss_tier_lines,2023-04-20,daily_boss,232.50467289719626,233,1305.0,direct_weekly_rgb,30.62678566222711,two_printed_month_ticks_approximate,SOURCE_WEEKLY_PIXEL_READING,approximate_month_tick_week_label,,False
231116,boss_tier_lines,2023-04-20,normal_seren_to_extreme_kalos,232.50467289719626,233,1338.0,direct_weekly_rgb,3.7416573867739413,two_printed_month_ticks_approximate,SOURCE_WEEKLY_PIXEL_READING,approximate_month_tick_week_label,,False
231116,boss_tier_lines,2023-04-27,hard_damien_to_hard_jinhilla,283.53271028037386,284,1028.0,direct_weekly_rgb,7.874007874011811,two_printed_month_ticks_approximate,SOURCE_WEEKLY_PIXEL_READING,approximate_month_tick_week_label,,False
231116,boss_tier_lines,2023-04-27,normal_suu_to_normal_dunkel,283.53271028037386,284,1046.0,direct_weekly_rgb,22.825424421026653,two_printed_month_ticks_approximate,SOURCE_WEEKLY_PIXEL_READING,approximate_month_tick_week_label,,False
231116,boss_tier_lines,2023-04-27,easy_cygnus_to_chaos_bellum,283.53271028037386,284,1036.0,direct_weekly_rgb,4.123105625617661,two_printed_month_ticks_approximate,SOURCE_WEEKLY_PIXEL_READING,approximate_month_tick_week_label,,False
231116,boss_tier_lines,2023-04-27,daily_boss,283.53271028037386,284,1305.0,direct_weekly_rgb,24.596747752497688,two_printed_month_ticks_approximate,SOURCE_WEEKLY_PIXEL_READING,approximate_month_tick_week_label,,False
231116,boss_tier_lines,2023-04-27,normal_seren_to_extreme_kalos,283.53271028037386,284,1338.0,direct_weekly_rgb,2.23606797749979,two_printed_month_ticks_approximate,SOURCE_WEEKLY_PIXEL_READING,approximate_month_tick_week_label,,False
231116,boss_tier_lines,2023-05-04,hard_damien_to_hard_jinhilla,334.5607476635514,335,1024.0,direct_weekly_rgb,9.486832980505138,two_printed_month_ticks_approximate,SOURCE_WEEKLY_PIXEL_READING,approximate_month_tick_week_label,,False
231116,boss_tier_lines,2023-05-04,normal_suu_to_normal_dunkel,334.5607476635514,335,1040.0,direct_weekly_rgb,23.53720459187964,two_printed_month_ticks_approximate,SOURCE_WEEKLY_PIXEL_READING,approximate_month_tick_week_label,,False
231116,boss_tier_lines,2023-05-04,easy_cygnus_to_chaos_bellum,334.5607476635514,335,1033.0,direct_weekly_rgb,5.385164807134504,two_printed_month_ticks_approximate,SOURCE_WEEKLY_PIXEL_READING,approximate_month_tick_week_label,,False
231116,boss_tier_lines,2023-05-04,daily_boss,334.5607476635514,335,1305.0,direct_weekly_rgb,22.15851980616034,two_printed_month_ticks_approximate,SOURCE_WEEKLY_PIXEL_READING,approximate_month_tick_week_label,,False
231116,boss_tier_lines,2023-05-04,normal_seren_to_extreme_kalos,334.5607476635514,335,1337.0,direct_weekly_rgb,5.0990195135927845,two_printed_month_ticks_approximate,SOURCE_WEEKLY_PIXEL_READING,approximate_month_tick_week_label,,False
231116,boss_tier_lines,2023-05-11,hard_damien_to_hard_jinhilla,385.58878504672896,386,1018.0,direct_weekly_rgb,5.477225575051661,two_printed_month_ticks_approximate,SOURCE_WEEKLY_PIXEL_READING,approximate_month_tick_week_label,,False
231116,boss_tier_lines,2023-05-11,normal_suu_to_normal_dunkel,385.58878504672896,386,1036.0,direct_weekly_rgb,29.966648127543394,two_printed_month_ticks_approximate,SOURCE_WEEKLY_PIXEL_READING,approximate_month_tick_week_label,,False
231116,boss_tier_lines,2023-05-11,easy_cygnus_to_chaos_bellum,385.58878504672896,386,1030.0,direct_weekly_rgb,21.470910553583888,two_printed_month_ticks_approximate,SOURCE_WEEKLY_PIXEL_READING,approximate_month_tick_week_label,,False
231116,boss_tier_lines,2023-05-11,daily_boss,385.58878504672896,386,1305.0,direct_weekly_rgb,23.600847442411894,two_printed_month_ticks_approximate,SOURCE_WEEKLY_PIXEL_READING,approximate_month_tick_week_label,,False
231116,boss_tier_lines,2023-05-11,normal_seren_to_extreme_kalos,385.58878504672896,386,1337.0,direct_weekly_rgb,0.0,two_printed_month_ticks_approximate,SOURCE_WEEKLY_PIXEL_READING,approximate_month_tick_week_label,,False
231116,boss_tier_lines,2023-05-18,hard_damien_to_hard_jinhilla,436.61682242990656,437,1008.0,direct_weekly_rgb,6.324555320336759,two_printed_month_ticks_approximate,SOURCE_WEEKLY_PIXEL_READING,approximate_month_tick_week_label,,False
231116,boss_tier_lines,2023-05-18,normal_suu_to_normal_dunkel,436.61682242990656,437,1014.0,direct_weekly_rgb,29.13760456866693,two_printed_month_ticks_approximate,SOURCE_WEEKLY_PIXEL_READING,approximate_month_tick_week_label,,False
231116,boss_tier_lines,2023-05-18,easy_cygnus_to_chaos_bellum,436.61682242990656,437,1014.0,direct_weekly_rgb,17.11724276862369,two_printed_month_ticks_approximate,SOURCE_WEEKLY_PIXEL_READING,approximate_month_tick_week_label,,False
231116,boss_tier_lines,2023-05-18,daily_boss,436.61682242990656,437,1303.0,direct_weekly_rgb,13.92838827718412,two_printed_month_ticks_approximate,SOURCE_WEEKLY_PIXEL_READING,approximate_month_tick_week_label,,False
231116,boss_tier_lines,2023-05-18,normal_seren_to_extreme_kalos,436.61682242990656,437,1337.0,direct_weekly_rgb,3.0,two_printed_month_ticks_approximate,SOURCE_WEEKLY_PIXEL_READING,approximate_month_tick_week_label,,False
231116,boss_tier_lines,2023-05-25,hard_damien_to_hard_jinhilla,487.6448598130841,488,1001.0,direct_weekly_rgb,5.830951894845301,two_printed_month_ticks_approximate,SOURCE_WEEKLY_PIXEL_READING,approximate_month_tick_week_label,,False
231116,boss_tier_lines,2023-05-25,normal_suu_to_normal_dunkel,487.6448598130841,488,980.0,direct_weekly_rgb,27.09243436828813,two_printed_month_ticks_approximate,SOURCE_WEEKLY_PIXEL_READING,approximate_month_tick_week_label,,False
231116,boss_tier_lines,2023-05-25,easy_cygnus_to_chaos_bellum,487.6448598130841,488,957.0,direct_weekly_rgb,3.3166247903554,two_printed_month_ticks_approximate,SOURCE_WEEKLY_PIXEL_READING,approximate_month_tick_week_label,,False
231116,boss_tier_lines,2023-05-25,daily_boss,487.6448598130841,488,1291.0,direct_weekly_rgb,11.045361017187261,two_printed_month_ticks_approximate,SOURCE_WEEKLY_PIXEL_READING,approximate_month_tick_week_label,,False
231116,boss_tier_lines,2023-05-25,normal_seren_to_extreme_kalos,487.6448598130841,488,1337.0,direct_weekly_rgb,4.69041575982343,two_printed_month_ticks_approximate,SOURCE_WEEKLY_PIXEL_READING,approximate_month_tick_week_label,,False
231116,boss_tier_lines,2023-06-01,hard_damien_to_hard_jinhilla,538.6728971962616,539,989.0,direct_weekly_rgb,5.477225575051661,two_printed_month_ticks_approximate,SOURCE_WEEKLY_PIXEL_READING,approximate_month_tick_week_label,,False
231116,boss_tier_lines,2023-06-01,normal_suu_to_normal_dunkel,538.6728971962616,539,943.0,direct_weekly_rgb,22.22611077089287,two_printed_month_ticks_approximate,SOURCE_WEEKLY_PIXEL_READING,approximate_month_tick_week_label,,False
231116,boss_tier_lines,2023-06-01,easy_cygnus_to_chaos_bellum,538.6728971962616,539,889.0,direct_weekly_rgb,4.58257569495584,two_printed_month_ticks_approximate,SOURCE_WEEKLY_PIXEL_READING,approximate_month_tick_week_label,,False
231116,boss_tier_lines,2023-06-01,daily_boss,538.6728971962616,539,1266.0,direct_weekly_rgb,7.0710678118654755,two_printed_month_ticks_approximate,SOURCE_WEEKLY_PIXEL_READING,approximate_month_tick_week_label,,False
231116,boss_tier_lines,2023-06-01,normal_seren_to_extreme_kalos,538.6728971962616,539,1336.0,direct_weekly_rgb,6.0,two_printed_month_ticks_approximate,SOURCE_WEEKLY_PIXEL_READING,approximate_month_tick_week_label,,False
231116,boss_tier_lines,2023-06-08,hard_damien_to_hard_jinhilla,589.7009345794393,590,976.0,direct_weekly_rgb,7.0,two_printed_month_ticks_approximate,SOURCE_WEEKLY_PIXEL_READING,approximate_month_tick_week_label,,False
231116,boss_tier_lines,2023-06-08,normal_suu_to_normal_dunkel,589.7009345794393,590,907.0,direct_weekly_rgb,31.0,two_printed_month_ticks_approximate,SOURCE_WEEKLY_PIXEL_READING,approximate_month_tick_week_label,,False
231116,boss_tier_lines,2023-06-08,easy_cygnus_to_chaos_bellum,589.7009345794393,590,829.0,direct_weekly_rgb,3.0,two_printed_month_ticks_approximate,SOURCE_WEEKLY_PIXEL_READING,approximate_month_tick_week_label,,False
231116,boss_tier_lines,2023-06-08,daily_boss,589.7009345794393,590,1248.0,direct_weekly_rgb,6.0,two_printed_month_ticks_approximate,SOURCE_WEEKLY_PIXEL_READING,approximate_month_tick_week_label,,False
231116,boss_tier_lines,2023-06-08,normal_seren_to_extreme_kalos,589.7009345794393,590,1336.0,direct_weekly_rgb,4.69041575982343,two_printed_month_ticks_approximate,SOURCE_WEEKLY_PIXEL_READING,approximate_month_tick_week_label,,False
231116,boss_tier_lines,2023-06-15,hard_damien_to_hard_jinhilla,640.7289719626168,641,964.0,direct_weekly_rgb,6.0,two_printed_month_ticks_approximate,SOURCE_WEEKLY_PIXEL_READING,approximate_month_tick_week_label,,False
231116,boss_tier_lines,2023-06-15,normal_suu_to_normal_dunkel,640.7289719626168,641,872.0,direct_weekly_rgb,19.209372712298546,two_printed_month_ticks_approximate,SOURCE_WEEKLY_PIXEL_READING,approximate_month_tick_week_label,,False
231116,boss_tier_lines,2023-06-15,easy_cygnus_to_chaos_bellum,640.7289719626168,641,782.0,direct_weekly_rgb,1.7320508075688772,two_printed_month_ticks_approximate,SOURCE_WEEKLY_PIXEL_READING,approximate_month_tick_week_label,,False
231116,boss_tier_lines,2023-06-15,daily_boss,640.7289719626168,641,1236.0,direct_weekly_rgb,11.224972160321824,two_printed_month_ticks_approximate,SOURCE_WEEKLY_PIXEL_READING,approximate_month_tick_week_label,,False
231116,boss_tier_lines,2023-06-15,normal_seren_to_extreme_kalos,640.7289719626168,641,1336.0,direct_weekly_rgb,1.7320508075688772,two_printed_month_ticks_approximate,SOURCE_WEEKLY_PIXEL_READING,approximate_month_tick_week_label,,False
231116,boss_tier_lines,2023-06-22,hard_damien_to_hard_jinhilla,691.7570093457944,692,951.0,direct_weekly_rgb,4.123105625617661,two_printed_month_ticks_approximate,SOURCE_WEEKLY_PIXEL_READING,approximate_month_tick_week_label,,False
231116,boss_tier_lines,2023-06-22,normal_suu_to_normal_dunkel,691.7570093457944,692,836.0,direct_weekly_rgb,25.298221281347036,two_printed_month_ticks_approximate,SOURCE_WEEKLY_PIXEL_READING,approximate_month_tick_week_label,,False
231116,boss_tier_lines,2023-06-22,easy_cygnus_to_chaos_bellum,691.7570093457944,692,748.0,direct_weekly_rgb,1.7320508075688772,two_printed_month_ticks_approximate,SOURCE_WEEKLY_PIXEL_READING,approximate_month_tick_week_label,,False
231116,boss_tier_lines,2023-06-22,daily_boss,691.7570093457944,692,1227.0,direct_weekly_rgb,4.242640687119285,two_printed_month_ticks_approximate,SOURCE_WEEKLY_PIXEL_READING,approximate_month_tick_week_label,,False
231116,boss_tier_lines,2023-06-22,normal_seren_to_extreme_kalos,691.7570093457944,692,1335.0,direct_weekly_rgb,3.3166247903554,two_printed_month_ticks_approximate,SOURCE_WEEKLY_PIXEL_READING,approximate_month_tick_week_label,,False
231116,boss_tier_lines,2023-06-29,hard_damien_to_hard_jinhilla,742.7850467289719,743,912.0,direct_weekly_rgb,3.605551275463989,two_printed_month_ticks_approximate,SOURCE_WEEKLY_PIXEL_READING,approximate_month_tick_week_label,,False
231116,boss_tier_lines,2023-06-29,normal_suu_to_normal_dunkel,742.7850467289719,743,815.0,direct_weekly_rgb,23.430749027719962,two_printed_month_ticks_approximate,SOURCE_WEEKLY_PIXEL_READING,approximate_month_tick_week_label,,False
231116,boss_tier_lines,2023-06-29,easy_cygnus_to_chaos_bellum,742.7850467289719,743,731.0,direct_weekly_rgb,4.69041575982343,two_printed_month_ticks_approximate,SOURCE_WEEKLY_PIXEL_READING,approximate_month_tick_week_label,,False
231116,boss_tier_lines,2023-06-29,daily_boss,742.7850467289719,743,1221.0,direct_weekly_rgb,14.798648586948742,two_printed_month_ticks_approximate,SOURCE_WEEKLY_PIXEL_READING,approximate_month_tick_week_label,,False
231116,boss_tier_lines,2023-06-29,normal_seren_to_extreme_kalos,742.7850467289719,743,1333.0,direct_weekly_rgb,1.0,two_printed_month_ticks_approximate,SOURCE_WEEKLY_PIXEL_READING,approximate_month_tick_week_label,,False
231116,boss_tier_lines,2023-07-06,hard_damien_to_hard_jinhilla,793.8130841121496,794,880.0,direct_weekly_rgb,6.48074069840786,two_printed_month_ticks_approximate,SOURCE_WEEKLY_PIXEL_READING,approximate_month_tick_week_label,,False
231116,boss_tier_lines,2023-07-06,normal_suu_to_normal_dunkel,793.8130841121496,794,793.0,direct_weekly_rgb,25.39685019840059,two_printed_month_ticks_approximate,SOURCE_WEEKLY_PIXEL_READING,approximate_month_tick_week_label,,False
231116,boss_tier_lines,2023-07-06,easy_cygnus_to_chaos_bellum,793.8130841121496,794,717.0,direct_weekly_rgb,2.0,two_printed_month_ticks_approximate,SOURCE_WEEKLY_PIXEL_READING,approximate_month_tick_week_label,,False
231116,boss_tier_lines,2023-07-06,daily_boss,793.8130841121496,794,1220.0,direct_weekly_rgb,13.601470508735444,two_printed_month_ticks_approximate,SOURCE_WEEKLY_PIXEL_READING,approximate_month_tick_week_label,,False
231116,boss_tier_lines,2023-07-06,normal_seren_to_extreme_kalos,793.8130841121496,794,1331.0,direct_weekly_rgb,2.0,two_printed_month_ticks_approximate,SOURCE_WEEKLY_PIXEL_READING,approximate_month_tick_week_label,,False
231116,boss_tier_lines,2023-07-13,hard_damien_to_hard_jinhilla,844.8411214953271,845,853.0,direct_weekly_rgb,3.605551275463989,two_printed_month_ticks_approximate,SOURCE_WEEKLY_PIXEL_READING,approximate_month_tick_week_label,,False
231116,boss_tier_lines,2023-07-13,normal_suu_to_normal_dunkel,844.8411214953271,845,776.0,direct_weekly_rgb,23.173260452512935,two_printed_month_ticks_approximate,SOURCE_WEEKLY_PIXEL_READING,approximate_month_tick_week_label,,False
231116,boss_tier_lines,2023-07-13,easy_cygnus_to_chaos_bellum,844.8411214953271,845,719.0,direct_weekly_rgb,1.4142135623730951,two_printed_month_ticks_approximate,SOURCE_WEEKLY_PIXEL_READING,approximate_month_tick_week_label,,False
231116,boss_tier_lines,2023-07-13,daily_boss,844.8411214953271,845,1224.0,direct_weekly_rgb,11.789826122551595,two_printed_month_ticks_approximate,SOURCE_WEEKLY_PIXEL_READING,approximate_month_tick_week_label,,False
231116,boss_tier_lines,2023-07-13,normal_seren_to_extreme_kalos,844.8411214953271,845,1331.0,direct_weekly_rgb,2.23606797749979,two_printed_month_ticks_approximate,SOURCE_WEEKLY_PIXEL_READING,approximate_month_tick_week_label,,False
231116,boss_tier_lines,2023-07-20,hard_damien_to_hard_jinhilla,895.8691588785047,896,829.0,direct_weekly_rgb,3.0,two_printed_month_ticks_approximate,SOURCE_WEEKLY_PIXEL_READING,approximate_month_tick_week_label,,False
231116,boss_tier_lines,2023-07-20,normal_suu_to_normal_dunkel,895.8691588785047,896,760.0,direct_weekly_rgb,19.924858845171276,two_printed_month_ticks_approximate,SOURCE_WEEKLY_PIXEL_READING,approximate_month_tick_week_label,,False
231116,boss_tier_lines,2023-07-20,easy_cygnus_to_chaos_bellum,895.8691588785047,896,718.0,direct_weekly_rgb,14.45683229480096,two_printed_month_ticks_approximate,SOURCE_WEEKLY_PIXEL_READING,approximate_month_tick_week_label,,False
231116,boss_tier_lines,2023-07-20,daily_boss,895.8691588785047,896,1227.0,direct_weekly_rgb,7.3484692283495345,two_printed_month_ticks_approximate,SOURCE_WEEKLY_PIXEL_READING,approximate_month_tick_week_label,,False
231116,boss_tier_lines,2023-07-20,normal_seren_to_extreme_kalos,895.8691588785047,896,1329.0,direct_weekly_rgb,6.708203932499369,two_printed_month_ticks_approximate,SOURCE_WEEKLY_PIXEL_READING,approximate_month_tick_week_label,,False
231116,boss_tier_lines,2023-07-27,hard_damien_to_hard_jinhilla,946.8971962616822,947,795.0,direct_weekly_rgb,4.123105625617661,two_printed_month_ticks_approximate,SOURCE_WEEKLY_PIXEL_READING,approximate_month_tick_week_label,,False
231116,boss_tier_lines,2023-07-27,normal_suu_to_normal_dunkel,946.8971962616822,947,749.0,direct_weekly_rgb,24.859605789312106,two_printed_month_ticks_approximate,SOURCE_WEEKLY_PIXEL_READING,approximate_month_tick_week_label,,False
231116,boss_tier_lines,2023-07-27,easy_cygnus_to_chaos_bellum,946.8971962616822,947,723.0,direct_weekly_rgb,5.0,two_printed_month_ticks_approximate,SOURCE_WEEKLY_PIXEL_READING,approximate_month_tick_week_label,,False
231116,boss_tier_lines,2023-07-27,daily_boss,946.8971962616822,947,1231.0,direct_weekly_rgb,5.0,two_printed_month_ticks_approximate,SOURCE_WEEKLY_PIXEL_READING,approximate_month_tick_week_label,,False
231116,boss_tier_lines,2023-07-27,normal_seren_to_extreme_kalos,946.8971962616822,947,1325.0,direct_weekly_rgb,2.23606797749979,two_printed_month_ticks_approximate,SOURCE_WEEKLY_PIXEL_READING,approximate_month_tick_week_label,,False
231116,boss_tier_lines,2023-08-03,hard_damien_to_hard_jinhilla,997.9252336448598,998,763.0,direct_weekly_rgb,6.48074069840786,two_printed_month_ticks_approximate,SOURCE_WEEKLY_PIXEL_READING,approximate_month_tick_week_label,,False
231116,boss_tier_lines,2023-08-03,normal_suu_to_normal_dunkel,997.9252336448598,998,749.0,direct_weekly_rgb,28.160255680657446,two_printed_month_ticks_approximate,SOURCE_WEEKLY_PIXEL_READING,approximate_month_tick_week_label,,False
231116,boss_tier_lines,2023-08-03,easy_cygnus_to_chaos_bellum,997.9252336448598,998,740.0,direct_weekly_rgb,4.898979485566356,two_printed_month_ticks_approximate,SOURCE_WEEKLY_PIXEL_READING,approximate_month_tick_week_label,,False
231116,boss_tier_lines,2023-08-03,daily_boss,997.9252336448598,998,1237.0,direct_weekly_rgb,7.280109889280518,two_printed_month_ticks_approximate,SOURCE_WEEKLY_PIXEL_READING,approximate_month_tick_week_label,,False
231116,boss_tier_lines,2023-08-03,normal_seren_to_extreme_kalos,997.9252336448598,998,1320.0,direct_weekly_rgb,6.708203932499369,two_printed_month_ticks_approximate,SOURCE_WEEKLY_PIXEL_READING,approximate_month_tick_week_label,,False
231116,boss_tier_lines,2023-08-10,hard_damien_to_hard_jinhilla,1048.9532710280373,1049,748.0,direct_weekly_rgb,4.69041575982343,two_printed_month_ticks_approximate,SOURCE_WEEKLY_PIXEL_READING,approximate_month_tick_week_label,,False
231116,boss_tier_lines,2023-08-10,normal_suu_to_normal_dunkel,1048.9532710280373,1049,756.0,direct_weekly_rgb,38.262252939417984,two_printed_month_ticks_approximate,SOURCE_WEEKLY_PIXEL_READING,approximate_month_tick_week_label,,False
231116,boss_tier_lines,2023-08-10,easy_cygnus_to_chaos_bellum,1048.9532710280373,1049,,unresolved_rgb,,two_printed_month_ticks_approximate,SOURCE_WEEKLY_PIXEL_READING,approximate_month_tick_week_label,,False
231116,boss_tier_lines,2023-08-10,daily_boss,1048.9532710280373,1049,1248.0,direct_weekly_rgb,3.0,two_printed_month_ticks_approximate,SOURCE_WEEKLY_PIXEL_READING,approximate_month_tick_week_label,,False
231116,boss_tier_lines,2023-08-10,normal_seren_to_extreme_kalos,1048.9532710280373,1049,1317.0,direct_weekly_rgb,1.4142135623730951,two_printed_month_ticks_approximate,SOURCE_WEEKLY_PIXEL_READING,approximate_month_tick_week_label,,False
231116,boss_tier_lines,2023-08-17,hard_damien_to_hard_jinhilla,1099.981308411215,1100,738.0,direct_weekly_rgb,9.273618495495704,two_printed_month_ticks_approximate,SOURCE_WEEKLY_PIXEL_READING,approximate_month_tick_week_label,,False
231116,boss_tier_lines,2023-08-17,normal_suu_to_normal_dunkel,1099.981308411215,1100,752.0,direct_weekly_rgb,28.442925306655784,two_printed_month_ticks_approximate,SOURCE_WEEKLY_PIXEL_READING,approximate_month_tick_week_label,,False
231116,boss_tier_lines,2023-08-17,easy_cygnus_to_chaos_bellum,1099.981308411215,1100,756.0,direct_weekly_rgb,4.898979485566356,two_printed_month_ticks_approximate,SOURCE_WEEKLY_PIXEL_READING,approximate_month_tick_week_label,,False
231116,boss_tier_lines,2023-08-17,daily_boss,1099.981308411215,1100,1256.0,direct_weekly_rgb,6.082762530298219,two_printed_month_ticks_approximate,SOURCE_WEEKLY_PIXEL_READING,approximate_month_tick_week_label,,False
231116,boss_tier_lines,2023-08-17,normal_seren_to_extreme_kalos,1099.981308411215,1100,1314.0,direct_weekly_rgb,1.0,two_printed_month_ticks_approximate,SOURCE_WEEKLY_PIXEL_READING,approximate_month_tick_week_label,,False
231116,boss_tier_lines,2023-08-24,hard_damien_to_hard_jinhilla,1151.0093457943926,1151,743.0,direct_weekly_rgb,4.58257569495584,two_printed_month_ticks_approximate,SOURCE_WEEKLY_PIXEL_READING,approximate_month_tick_week_label,,False
231116,boss_tier_lines,2023-08-24,normal_suu_to_normal_dunkel,1151.0093457943926,1151,759.0,direct_weekly_rgb,37.013511046643494,two_printed_month_ticks_approximate,SOURCE_WEEKLY_PIXEL_READING,approximate_month_tick_week_label,,False
231116,boss_tier_lines,2023-08-24,easy_cygnus_to_chaos_bellum,1151.0093457943926,1151,788.0,direct_weekly_rgb,6.4031242374328485,two_printed_month_ticks_approximate,SOURCE_WEEKLY_PIXEL_READING,approximate_month_tick_week_label,,False
231116,boss_tier_lines,2023-08-24,daily_boss,1151.0093457943926,1151,1258.0,direct_weekly_rgb,6.164414002968976,two_printed_month_ticks_approximate,SOURCE_WEEKLY_PIXEL_READING,approximate_month_tick_week_label,,False
231116,boss_tier_lines,2023-08-24,normal_seren_to_extreme_kalos,1151.0093457943926,1151,1312.0,direct_weekly_rgb,1.0,two_printed_month_ticks_approximate,SOURCE_WEEKLY_PIXEL_READING,approximate_month_tick_week_label,,False
231116,boss_tier_lines,2023-08-31,hard_damien_to_hard_jinhilla,1202.03738317757,1202,726.0,direct_weekly_rgb,4.242640687119285,two_printed_month_ticks_approximate,SOURCE_WEEKLY_PIXEL_READING,approximate_month_tick_week_label,,False
231116,boss_tier_lines,2023-08-31,normal_suu_to_normal_dunkel,1202.03738317757,1202,763.0,direct_weekly_rgb,44.91102314577124,two_printed_month_ticks_approximate,SOURCE_WEEKLY_PIXEL_READING,approximate_month_tick_week_label,,False
231116,boss_tier_lines,2023-08-31,easy_cygnus_to_chaos_bellum,1202.03738317757,1202,767.0,direct_weekly_rgb,4.58257569495584,two_printed_month_ticks_approximate,SOURCE_WEEKLY_PIXEL_READING,approximate_month_tick_week_label,,False
231116,boss_tier_lines,2023-08-31,daily_boss,1202.03738317757,1202,1264.0,direct_weekly_rgb,5.385164807134504,two_printed_month_ticks_approximate,SOURCE_WEEKLY_PIXEL_READING,approximate_month_tick_week_label,,False
231116,boss_tier_lines,2023-08-31,normal_seren_to_extreme_kalos,1202.03738317757,1202,1311.0,direct_weekly_rgb,5.196152422706632,two_printed_month_ticks_approximate,SOURCE_WEEKLY_PIXEL_READING,approximate_month_tick_week_label,,False
231116,boss_tier_lines,2023-09-07,hard_damien_to_hard_jinhilla,1253.0654205607477,1253,712.0,direct_weekly_rgb,5.0,two_printed_month_ticks_approximate,SOURCE_WEEKLY_PIXEL_READING,approximate_month_tick_week_label,,False
231116,boss_tier_lines,2023-09-07,normal_suu_to_normal_dunkel,1253.0654205607477,1253,,unresolved_rgb,,two_printed_month_ticks_approximate,SOURCE_WEEKLY_PIXEL_READING,approximate_month_tick_week_label,,False
231116,boss_tier_lines,2023-09-07,easy_cygnus_to_chaos_bellum,1253.0654205607477,1253,769.0,direct_weekly_rgb,18.027756377319946,two_printed_month_ticks_approximate,SOURCE_WEEKLY_PIXEL_READING,approximate_month_tick_week_label,,False
231116,boss_tier_lines,2023-09-07,daily_boss,1253.0654205607477,1253,1268.0,direct_weekly_rgb,5.0990195135927845,two_printed_month_ticks_approximate,SOURCE_WEEKLY_PIXEL_READING,approximate_month_tick_week_label,,False
231116,boss_tier_lines,2023-09-07,normal_seren_to_extreme_kalos,1253.0654205607477,1253,1309.0,direct_weekly_rgb,1.7320508075688772,two_printed_month_ticks_approximate,SOURCE_WEEKLY_PIXEL_READING,approximate_month_tick_week_label,,False
231116,boss_tier_lines,2023-09-14,hard_damien_to_hard_jinhilla,1304.0934579439252,1304,675.0,direct_weekly_rgb,1.4142135623730951,two_printed_month_ticks_approximate,SOURCE_WEEKLY_PIXEL_READING,approximate_month_tick_week_label,,False
231116,boss_tier_lines,2023-09-14,normal_suu_to_normal_dunkel,1304.0934579439252,1304,767.0,direct_weekly_rgb,40.024992192379,two_printed_month_ticks_approximate,SOURCE_WEEKLY_PIXEL_READING,approximate_month_tick_week_label,,False
231116,boss_tier_lines,2023-09-14,easy_cygnus_to_chaos_bellum,1304.0934579439252,1304,803.0,direct_weekly_rgb,1.7320508075688772,two_printed_month_ticks_approximate,SOURCE_WEEKLY_PIXEL_READING,approximate_month_tick_week_label,,False
231116,boss_tier_lines,2023-09-14,daily_boss,1304.0934579439252,1304,1269.0,direct_weekly_rgb,3.605551275463989,two_printed_month_ticks_approximate,SOURCE_WEEKLY_PIXEL_READING,approximate_month_tick_week_label,,False
231116,boss_tier_lines,2023-09-14,normal_seren_to_extreme_kalos,1304.0934579439252,1304,1307.0,direct_weekly_rgb,2.23606797749979,two_printed_month_ticks_approximate,SOURCE_WEEKLY_PIXEL_READING,approximate_month_tick_week_label,,False
231116,boss_tier_lines,2023-09-21,hard_damien_to_hard_jinhilla,1355.1214953271028,1355,651.0,direct_weekly_rgb,5.0990195135927845,two_printed_month_ticks_approximate,SOURCE_WEEKLY_PIXEL_READING,approximate_month_tick_week_label,,False
231116,boss_tier_lines,2023-09-21,normal_suu_to_normal_dunkel,1355.1214953271028,1355,,unresolved_no_local_guide,,two_printed_month_ticks_approximate,SOURCE_WEEKLY_PIXEL_READING,approximate_month_tick_week_label,,False
231116,boss_tier_lines,2023-09-21,easy_cygnus_to_chaos_bellum,1355.1214953271028,1355,804.0,direct_weekly_rgb,3.4641016151377544,two_printed_month_ticks_approximate,SOURCE_WEEKLY_PIXEL_READING,approximate_month_tick_week_label,,False
231116,boss_tier_lines,2023-09-21,daily_boss,1355.1214953271028,1355,1270.0,direct_weekly_rgb,16.0312195418814,two_printed_month_ticks_approximate,SOURCE_WEEKLY_PIXEL_READING,approximate_month_tick_week_label,,False
231116,boss_tier_lines,2023-09-21,normal_seren_to_extreme_kalos,1355.1214953271028,1355,1305.0,direct_weekly_rgb,2.0,two_printed_month_ticks_approximate,SOURCE_WEEKLY_PIXEL_READING,approximate_month_tick_week_label,,False
231116,boss_tier_lines,2023-09-28,hard_damien_to_hard_jinhilla,1406.1495327102805,1406,648.0,direct_weekly_rgb,8.12403840463596,two_printed_month_ticks_approximate,SOURCE_WEEKLY_PIXEL_READING,approximate_month_tick_week_label,,False
231116,boss_tier_lines,2023-09-28,normal_suu_to_normal_dunkel,1406.1495327102805,1406,783.0,direct_weekly_rgb,28.460498941515414,two_printed_month_ticks_approximate,SOURCE_WEEKLY_PIXEL_READING,approximate_month_tick_week_label,,False
231116,boss_tier_lines,2023-09-28,easy_cygnus_to_chaos_bellum,1406.1495327102805,1406,816.0,direct_weekly_rgb,5.0990195135927845,two_printed_month_ticks_approximate,SOURCE_WEEKLY_PIXEL_READING,approximate_month_tick_week_label,,False
231116,boss_tier_lines,2023-09-28,daily_boss,1406.1495327102805,1406,1272.0,direct_weekly_rgb,16.55294535724685,two_printed_month_ticks_approximate,SOURCE_WEEKLY_PIXEL_READING,approximate_month_tick_week_label,,False
231116,boss_tier_lines,2023-09-28,normal_seren_to_extreme_kalos,1406.1495327102805,1406,1305.0,direct_weekly_rgb,1.4142135623730951,two_printed_month_ticks_approximate,SOURCE_WEEKLY_PIXEL_READING,approximate_month_tick_week_label,,False
231116,boss_tier_lines,2023-10-05,hard_damien_to_hard_jinhilla,1457.177570093458,1457,651.0,direct_weekly_rgb,9.433981132056603,two_printed_month_ticks_approximate,SOURCE_WEEKLY_PIXEL_READING,approximate_month_tick_week_label,,False
231116,boss_tier_lines,2023-10-05,normal_suu_to_normal_dunkel,1457.177570093458,1457,800.0,direct_weekly_rgb,20.92844953645635,two_printed_month_ticks_approximate,SOURCE_WEEKLY_PIXEL_READING,approximate_month_tick_week_label,,False
231116,boss_tier_lines,2023-10-05,easy_cygnus_to_chaos_bellum,1457.177570093458,1457,833.0,direct_weekly_rgb,3.3166247903554,two_printed_month_ticks_approximate,SOURCE_WEEKLY_PIXEL_READING,approximate_month_tick_week_label,,False
231116,boss_tier_lines,2023-10-05,daily_boss,1457.177570093458,1457,1275.0,direct_weekly_rgb,6.324555320336759,two_printed_month_ticks_approximate,SOURCE_WEEKLY_PIXEL_READING,approximate_month_tick_week_label,,False
231116,boss_tier_lines,2023-10-05,normal_seren_to_extreme_kalos,1457.177570093458,1457,1304.0,direct_weekly_rgb,11.090536506409418,two_printed_month_ticks_approximate,SOURCE_WEEKLY_PIXEL_READING,approximate_month_tick_week_label,,False
231116,boss_tier_lines,2023-10-12,hard_damien_to_hard_jinhilla,1508.2056074766356,1508,644.0,direct_weekly_rgb,2.0,two_printed_month_ticks_approximate,SOURCE_WEEKLY_PIXEL_READING,approximate_month_tick_week_label,,False
231116,boss_tier_lines,2023-10-12,normal_suu_to_normal_dunkel,1508.2056074766356,1508,807.0,direct_weekly_rgb,29.614185789921695,two_printed_month_ticks_approximate,SOURCE_WEEKLY_PIXEL_READING,approximate_month_tick_week_label,,False
231116,boss_tier_lines,2023-10-12,easy_cygnus_to_chaos_bellum,1508.2056074766356,1508,846.0,direct_weekly_rgb,0.0,two_printed_month_ticks_approximate,SOURCE_WEEKLY_PIXEL_READING,approximate_month_tick_week_label,,False
231116,boss_tier_lines,2023-10-12,daily_boss,1508.2056074766356,1508,1279.0,direct_weekly_rgb,23.280893453645632,two_printed_month_ticks_approximate,SOURCE_WEEKLY_PIXEL_READING,approximate_month_tick_week_label,,False
231116,boss_tier_lines,2023-10-12,normal_seren_to_extreme_kalos,1508.2056074766356,1508,1301.0,direct_weekly_rgb,5.830951894845301,two_printed_month_ticks_approximate,SOURCE_WEEKLY_PIXEL_READING,approximate_month_tick_week_label,,False
231116,boss_tier_lines,2023-10-19,hard_damien_to_hard_jinhilla,1559.233644859813,1559,638.0,direct_weekly_rgb,6.164414002968976,two_printed_month_ticks_approximate,SOURCE_WEEKLY_PIXEL_READING,approximate_month_tick_week_label,,False
231116,boss_tier_lines,2023-10-19,normal_suu_to_normal_dunkel,1559.233644859813,1559,801.0,direct_weekly_rgb,23.706539182259394,two_printed_month_ticks_approximate,SOURCE_WEEKLY_PIXEL_READING,approximate_month_tick_week_label,,False
231116,boss_tier_lines,2023-10-19,easy_cygnus_to_chaos_bellum,1559.233644859813,1559,847.0,direct_weekly_rgb,1.4142135623730951,two_printed_month_ticks_approximate,SOURCE_WEEKLY_PIXEL_READING,approximate_month_tick_week_label,,False
231116,boss_tier_lines,2023-10-19,daily_boss,1559.233644859813,1559,1279.0,direct_weekly_rgb,17.72004514666935,two_printed_month_ticks_approximate,SOURCE_WEEKLY_PIXEL_READING,approximate_month_tick_week_label,,False
231116,boss_tier_lines,2023-10-19,normal_seren_to_extreme_kalos,1559.233644859813,1559,1299.0,direct_weekly_rgb,1.0,two_printed_month_ticks_approximate,SOURCE_WEEKLY_PIXEL_READING,approximate_month_tick_week_label,,False
231116,boss_tier_lines,2023-10-26,hard_damien_to_hard_jinhilla,1610.2616822429907,1610,635.0,direct_weekly_rgb,5.0990195135927845,two_printed_month_ticks_approximate,SOURCE_WEEKLY_PIXEL_READING,approximate_month_tick_week_label,,False
231116,boss_tier_lines,2023-10-26,normal_suu_to_normal_dunkel,1610.2616822429907,1610,790.0,direct_weekly_rgb,35.014282800023196,two_printed_month_ticks_approximate,SOURCE_WEEKLY_PIXEL_READING,approximate_month_tick_week_label,,False
231116,boss_tier_lines,2023-10-26,easy_cygnus_to_chaos_bellum,1610.2616822429907,1610,850.0,direct_weekly_rgb,5.830951894845301,two_printed_month_ticks_approximate,SOURCE_WEEKLY_PIXEL_READING,approximate_month_tick_week_label,,False
231116,boss_tier_lines,2023-10-26,daily_boss,1610.2616822429907,1610,1279.0,direct_weekly_rgb,16.61324772583615,two_printed_month_ticks_approximate,SOURCE_WEEKLY_PIXEL_READING,approximate_month_tick_week_label,,False
231116,boss_tier_lines,2023-10-26,normal_seren_to_extreme_kalos,1610.2616822429907,1610,1299.0,direct_weekly_rgb,2.23606797749979,two_printed_month_ticks_approximate,SOURCE_WEEKLY_PIXEL_READING,approximate_month_tick_week_label,,False
