series_key,date,world,changed_count,within_analysis_cutoff,source_url
population,2026-09-06,스카니아,82290,False,https://chuchu.gg/statistics/population
population,2026-09-06,베라,35427,False,https://chuchu.gg/statistics/population
population,2026-09-06,루나,58614,False,https://chuchu.gg/statistics/population
population,2026-09-06,제니스,3468,False,https://chuchu.gg/statistics/population
population,2026-09-06,크로아,42421,False,https://chuchu.gg/statistics/population
population,2026-09-06,유니온,4367,False,https://chuchu.gg/statistics/population
population,2026-09-06,엘리시움,46756,False,https://chuchu.gg/statistics/population
population,2026-09-06,이노시스,4288,False,https://chuchu.gg/statistics/population
population,2026-09-06,레드,2287,False,https://chuchu.gg/statistics/population
population,2026-09-06,오로라,24960,False,https://chuchu.gg/statistics/population
population,2026-09-06,아케인,896,False,https://chuchu.gg/statistics/population
population,2026-09-06,노바,744,False,https://chuchu.gg/statistics/population
population,2026-09-06,에오스,18701,False,https://chuchu.gg/statistics/population
population,2026-09-06,핼리오스,3673,False,https://chuchu.gg/statistics/population
population,2026-08-30,스카니아,81136,False,https://chuchu.gg/statistics/population
population,2026-08-30,베라,35462,False,https://chuchu.gg/statistics/population
population,2026-08-30,루나,58320,False,https://chuchu.gg/statistics/population
population,2026-08-30,제니스,3457,False,https://chuchu.gg/statistics/population
population,2026-08-30,크로아,42289,False,https://chuchu.gg/statistics/population
population,2026-08-30,유니온,4332,False,https://chuchu.gg/statistics/population
population,2026-08-30,엘리시움,46731,False,https://chuchu.gg/statistics/population
population,2026-08-30,이노시스,4286,False,https://chuchu.gg/statistics/population
population,2026-08-30,레드,2280,False,https://chuchu.gg/statistics/population
population,2026-08-30,오로라,24963,False,https://chuchu.gg/statistics/population
population,2026-08-30,아케인,893,False,https://chuchu.gg/statistics/population
population,2026-08-30,노바,740,False,https://chuchu.gg/statistics/population
population,2026-08-30,에오스,18801,False,https://chuchu.gg/statistics/population
population,2026-08-30,핼리오스,3635,False,https://chuchu.gg/statistics/population
population,2026-08-23,스카니아,83944,False,https://chuchu.gg/statistics/population
population,2026-08-23,베라,36454,False,https://chuchu.gg/statistics/population
population,2026-08-23,루나,60164,False,https://chuchu.gg/statistics/population
population,2026-08-23,제니스,3636,False,https://chuchu.gg/statistics/population
population,2026-08-23,크로아,43459,False,https://chuchu.gg/statistics/population
population,2026-08-23,유니온,4525,False,https://chuchu.gg/statistics/population
population,2026-08-23,엘리시움,50755,False,https://chuchu.gg/statistics/population
population,2026-08-23,이노시스,4472,False,https://chuchu.gg/statistics/population
population,2026-08-23,레드,2373,False,https://chuchu.gg/statistics/population
population,2026-08-23,오로라,25757,False,https://chuchu.gg/statistics/population
population,2026-08-23,아케인,933,False,https://chuchu.gg/statistics/population
population,2026-08-23,노바,777,False,https://chuchu.gg/statistics/population
population,2026-08-23,에오스,19437,False,https://chuchu.gg/statistics/population
population,2026-08-23,핼리오스,3886,False,https://chuchu.gg/statistics/population
population,2026-08-16,스카니아,83364,True,https://chuchu.gg/statistics/population
population,2026-08-16,베라,36459,True,https://chuchu.gg/statistics/population
population,2026-08-16,루나,60028,True,https://chuchu.gg/statistics/population
population,2026-08-16,제니스,3656,True,https://chuchu.gg/statistics/population
population,2026-08-16,크로아,43426,True,https://chuchu.gg/statistics/population
population,2026-08-16,유니온,4530,True,https://chuchu.gg/statistics/population
population,2026-08-16,엘리시움,47778,True,https://chuchu.gg/statistics/population
population,2026-08-16,이노시스,4491,True,https://chuchu.gg/statistics/population
population,2026-08-16,레드,2404,True,https://chuchu.gg/statistics/population
population,2026-08-16,오로라,25953,True,https://chuchu.gg/statistics/population
population,2026-08-16,아케인,955,True,https://chuchu.gg/statistics/population
population,2026-08-16,노바,767,True,https://chuchu.gg/statistics/population
population,2026-08-16,에오스,19514,True,https://chuchu.gg/statistics/population
population,2026-08-16,핼리오스,3957,True,https://chuchu.gg/statistics/population
population,2026-08-09,스카니아,84204,True,https://chuchu.gg/statistics/population
population,2026-08-09,베라,36805,True,https://chuchu.gg/statistics/population
population,2026-08-09,루나,60686,True,https://chuchu.gg/statistics/population
population,2026-08-09,제니스,3615,True,https://chuchu.gg/statistics/population
population,2026-08-09,크로아,43928,True,https://chuchu.gg/statistics/population
population,2026-08-09,유니온,4557,True,https://chuchu.gg/statistics/population
population,2026-08-09,엘리시움,48192,True,https://chuchu.gg/statistics/population
population,2026-08-09,이노시스,4518,True,https://chuchu.gg/statistics/population
population,2026-08-09,레드,2478,True,https://chuchu.gg/statistics/population
population,2026-08-09,오로라,26358,True,https://chuchu.gg/statistics/population
population,2026-08-09,아케인,931,True,https://chuchu.gg/statistics/population
population,2026-08-09,노바,771,True,https://chuchu.gg/statistics/population
population,2026-08-09,에오스,19837,True,https://chuchu.gg/statistics/population
population,2026-08-09,핼리오스,4057,True,https://chuchu.gg/statistics/population
population,2026-08-02,스카니아,84454,True,https://chuchu.gg/statistics/population
population,2026-08-02,베라,37071,True,https://chuchu.gg/statistics/population
population,2026-08-02,루나,61147,True,https://chuchu.gg/statistics/population
population,2026-08-02,제니스,3625,True,https://chuchu.gg/statistics/population
population,2026-08-02,크로아,44424,True,https://chuchu.gg/statistics/population
population,2026-08-02,유니온,4593,True,https://chuchu.gg/statistics/population
population,2026-08-02,엘리시움,48576,True,https://chuchu.gg/statistics/population
population,2026-08-02,이노시스,4554,True,https://chuchu.gg/statistics/population
population,2026-08-02,레드,2444,True,https://chuchu.gg/statistics/population
population,2026-08-02,오로라,26550,True,https://chuchu.gg/statistics/population
population,2026-08-02,아케인,972,True,https://chuchu.gg/statistics/population
population,2026-08-02,노바,788,True,https://chuchu.gg/statistics/population
population,2026-08-02,에오스,19956,True,https://chuchu.gg/statistics/population
population,2026-08-02,핼리오스,4123,True,https://chuchu.gg/statistics/population
population,2026-07-26,스카니아,88339,True,https://chuchu.gg/statistics/population
population,2026-07-26,베라,38765,True,https://chuchu.gg/statistics/population
population,2026-07-26,루나,63559,True,https://chuchu.gg/statistics/population
population,2026-07-26,제니스,3796,True,https://chuchu.gg/statistics/population
population,2026-07-26,크로아,46076,True,https://chuchu.gg/statistics/population
population,2026-07-26,유니온,4723,True,https://chuchu.gg/statistics/population
population,2026-07-26,엘리시움,50722,True,https://chuchu.gg/statistics/population
population,2026-07-26,이노시스,4742,True,https://chuchu.gg/statistics/population
population,2026-07-26,레드,2611,True,https://chuchu.gg/statistics/population
population,2026-07-26,오로라,27945,True,https://chuchu.gg/statistics/population
population,2026-07-26,아케인,1024,True,https://chuchu.gg/statistics/population
population,2026-07-26,노바,831,True,https://chuchu.gg/statistics/population
population,2026-07-26,에오스,21052,True,https://chuchu.gg/statistics/population
population,2026-07-26,핼리오스,4483,True,https://chuchu.gg/statistics/population
population,2026-07-19,스카니아,92900,True,https://chuchu.gg/statistics/population
population,2026-07-19,베라,40676,True,https://chuchu.gg/statistics/population
population,2026-07-19,루나,66418,True,https://chuchu.gg/statistics/population
population,2026-07-19,제니스,3930,True,https://chuchu.gg/statistics/population
population,2026-07-19,크로아,48338,True,https://chuchu.gg/statistics/population
population,2026-07-19,유니온,4912,True,https://chuchu.gg/statistics/population
population,2026-07-19,엘리시움,52721,True,https://chuchu.gg/statistics/population
population,2026-07-19,이노시스,4980,True,https://chuchu.gg/statistics/population
population,2026-07-19,레드,2789,True,https://chuchu.gg/statistics/population
population,2026-07-19,오로라,29514,True,https://chuchu.gg/statistics/population
population,2026-07-19,아케인,1086,True,https://chuchu.gg/statistics/population
population,2026-07-19,노바,864,True,https://chuchu.gg/statistics/population
population,2026-07-19,에오스,21989,True,https://chuchu.gg/statistics/population
population,2026-07-19,핼리오스,4905,True,https://chuchu.gg/statistics/population
population,2026-07-12,스카니아,92123,True,https://chuchu.gg/statistics/population
population,2026-07-12,베라,40766,True,https://chuchu.gg/statistics/population
population,2026-07-12,루나,66254,True,https://chuchu.gg/statistics/population
population,2026-07-12,제니스,3902,True,https://chuchu.gg/statistics/population
population,2026-07-12,크로아,48314,True,https://chuchu.gg/statistics/population
population,2026-07-12,유니온,4936,True,https://chuchu.gg/statistics/population
population,2026-07-12,엘리시움,52523,True,https://chuchu.gg/statistics/population
population,2026-07-12,이노시스,5005,True,https://chuchu.gg/statistics/population
population,2026-07-12,레드,2795,True,https://chuchu.gg/statistics/population
population,2026-07-12,오로라,29741,True,https://chuchu.gg/statistics/population
population,2026-07-12,아케인,1087,True,https://chuchu.gg/statistics/population
population,2026-07-12,노바,864,True,https://chuchu.gg/statistics/population
population,2026-07-12,에오스,22580,True,https://chuchu.gg/statistics/population
population,2026-07-12,핼리오스,5195,True,https://chuchu.gg/statistics/population
population,2026-07-05,스카니아,97384,True,https://chuchu.gg/statistics/population
population,2026-07-05,베라,43086,True,https://chuchu.gg/statistics/population
population,2026-07-05,루나,70322,True,https://chuchu.gg/statistics/population
population,2026-07-05,제니스,4149,True,https://chuchu.gg/statistics/population
population,2026-07-05,크로아,51249,True,https://chuchu.gg/statistics/population
population,2026-07-05,유니온,5295,True,https://chuchu.gg/statistics/population
population,2026-07-05,엘리시움,55439,True,https://chuchu.gg/statistics/population
population,2026-07-05,이노시스,5330,True,https://chuchu.gg/statistics/population
population,2026-07-05,레드,2982,True,https://chuchu.gg/statistics/population
population,2026-07-05,오로라,31428,True,https://chuchu.gg/statistics/population
population,2026-07-05,아케인,1191,True,https://chuchu.gg/statistics/population
population,2026-07-05,노바,974,True,https://chuchu.gg/statistics/population
population,2026-07-05,에오스,23848,True,https://chuchu.gg/statistics/population
population,2026-07-05,핼리오스,5709,True,https://chuchu.gg/statistics/population
population,2026-06-28,스카니아,101799,True,https://chuchu.gg/statistics/population
population,2026-06-28,베라,45226,True,https://chuchu.gg/statistics/population
population,2026-06-28,루나,73326,True,https://chuchu.gg/statistics/population
population,2026-06-28,제니스,4321,True,https://chuchu.gg/statistics/population
population,2026-06-28,크로아,53631,True,https://chuchu.gg/statistics/population
population,2026-06-28,유니온,5483,True,https://chuchu.gg/statistics/population
population,2026-06-28,엘리시움,58055,True,https://chuchu.gg/statistics/population
population,2026-06-28,이노시스,5524,True,https://chuchu.gg/statistics/population
population,2026-06-28,레드,3135,True,https://chuchu.gg/statistics/population
population,2026-06-28,오로라,33160,True,https://chuchu.gg/statistics/population
population,2026-06-28,아케인,1225,True,https://chuchu.gg/statistics/population
population,2026-06-28,노바,1036,True,https://chuchu.gg/statistics/population
population,2026-06-28,에오스,24917,True,https://chuchu.gg/statistics/population
population,2026-06-28,핼리오스,6138,True,https://chuchu.gg/statistics/population
population,2026-06-21,스카니아,98884,True,https://chuchu.gg/statistics/population
population,2026-06-21,베라,42039,True,https://chuchu.gg/statistics/population
population,2026-06-21,루나,69176,True,https://chuchu.gg/statistics/population
population,2026-06-21,제니스,3954,True,https://chuchu.gg/statistics/population
population,2026-06-21,크로아,49556,True,https://chuchu.gg/statistics/population
population,2026-06-21,유니온,5019,True,https://chuchu.gg/statistics/population
population,2026-06-21,엘리시움,53981,True,https://chuchu.gg/statistics/population
population,2026-06-21,이노시스,5152,True,https://chuchu.gg/statistics/population
population,2026-06-21,레드,2878,True,https://chuchu.gg/statistics/population
population,2026-06-21,오로라,30962,True,https://chuchu.gg/statistics/population
population,2026-06-21,아케인,1135,True,https://chuchu.gg/statistics/population
population,2026-06-21,노바,884,True,https://chuchu.gg/statistics/population
population,2026-06-21,에오스,22894,True,https://chuchu.gg/statistics/population
population,2026-06-21,핼리오스,6015,True,https://chuchu.gg/statistics/population
population,2026-06-14,스카니아,90509,True,https://chuchu.gg/statistics/population
population,2026-06-14,베라,38759,True,https://chuchu.gg/statistics/population
population,2026-06-14,루나,64857,True,https://chuchu.gg/statistics/population
population,2026-06-14,제니스,3898,True,https://chuchu.gg/statistics/population
population,2026-06-14,크로아,45853,True,https://chuchu.gg/statistics/population
population,2026-06-14,유니온,4949,True,https://chuchu.gg/statistics/population
population,2026-06-14,엘리시움,51026,True,https://chuchu.gg/statistics/population
population,2026-06-14,이노시스,4664,True,https://chuchu.gg/statistics/population
population,2026-06-14,레드,2565,True,https://chuchu.gg/statistics/population
population,2026-06-14,오로라,27197,True,https://chuchu.gg/statistics/population
population,2026-06-14,아케인,990,True,https://chuchu.gg/statistics/population
population,2026-06-14,노바,867,True,https://chuchu.gg/statistics/population
population,2026-06-14,에오스,19457,True,https://chuchu.gg/statistics/population
population,2026-06-14,핼리오스,3931,True,https://chuchu.gg/statistics/population
population,2026-06-07,스카니아,85994,True,https://chuchu.gg/statistics/population
population,2026-06-07,베라,37136,True,https://chuchu.gg/statistics/population
population,2026-06-07,루나,62586,True,https://chuchu.gg/statistics/population
population,2026-06-07,제니스,3772,True,https://chuchu.gg/statistics/population
population,2026-06-07,크로아,43809,True,https://chuchu.gg/statistics/population
population,2026-06-07,유니온,4836,True,https://chuchu.gg/statistics/population
population,2026-06-07,엘리시움,49235,True,https://chuchu.gg/statistics/population
population,2026-06-07,이노시스,4536,True,https://chuchu.gg/statistics/population
population,2026-06-07,레드,2485,True,https://chuchu.gg/statistics/population
population,2026-06-07,오로라,25778,True,https://chuchu.gg/statistics/population
population,2026-06-07,아케인,947,True,https://chuchu.gg/statistics/population
population,2026-06-07,노바,847,True,https://chuchu.gg/statistics/population
population,2026-06-07,에오스,18576,True,https://chuchu.gg/statistics/population
population,2026-06-07,핼리오스,3530,True,https://chuchu.gg/statistics/population
population,2026-05-31,스카니아,84894,True,https://chuchu.gg/statistics/population
population,2026-05-31,베라,36701,True,https://chuchu.gg/statistics/population
population,2026-05-31,루나,62048,True,https://chuchu.gg/statistics/population
population,2026-05-31,제니스,3724,True,https://chuchu.gg/statistics/population
population,2026-05-31,크로아,43336,True,https://chuchu.gg/statistics/population
population,2026-05-31,유니온,4808,True,https://chuchu.gg/statistics/population
population,2026-05-31,엘리시움,48833,True,https://chuchu.gg/statistics/population
population,2026-05-31,이노시스,4524,True,https://chuchu.gg/statistics/population
population,2026-05-31,레드,2468,True,https://chuchu.gg/statistics/population
population,2026-05-31,오로라,25633,True,https://chuchu.gg/statistics/population
population,2026-05-31,아케인,955,True,https://chuchu.gg/statistics/population
population,2026-05-31,노바,808,True,https://chuchu.gg/statistics/population
population,2026-05-31,에오스,18367,True,https://chuchu.gg/statistics/population
population,2026-05-31,핼리오스,3491,True,https://chuchu.gg/statistics/population
population,2026-05-24,스카니아,84124,True,https://chuchu.gg/statistics/population
population,2026-05-24,베라,36448,True,https://chuchu.gg/statistics/population
population,2026-05-24,루나,61505,True,https://chuchu.gg/statistics/population
population,2026-05-24,제니스,3730,True,https://chuchu.gg/statistics/population
population,2026-05-24,크로아,43131,True,https://chuchu.gg/statistics/population
population,2026-05-24,유니온,4827,True,https://chuchu.gg/statistics/population
population,2026-05-24,엘리시움,48452,True,https://chuchu.gg/statistics/population
population,2026-05-24,이노시스,4510,True,https://chuchu.gg/statistics/population
population,2026-05-24,레드,2426,True,https://chuchu.gg/statistics/population
population,2026-05-24,오로라,25558,True,https://chuchu.gg/statistics/population
population,2026-05-24,아케인,951,True,https://chuchu.gg/statistics/population
population,2026-05-24,노바,825,True,https://chuchu.gg/statistics/population
population,2026-05-24,에오스,18429,True,https://chuchu.gg/statistics/population
population,2026-05-24,핼리오스,3467,True,https://chuchu.gg/statistics/population
population,2026-05-17,스카니아,84531,True,https://chuchu.gg/statistics/population
population,2026-05-17,베라,36618,True,https://chuchu.gg/statistics/population
population,2026-05-17,루나,62046,True,https://chuchu.gg/statistics/population
population,2026-05-17,제니스,3751,True,https://chuchu.gg/statistics/population
population,2026-05-17,크로아,43138,True,https://chuchu.gg/statistics/population
population,2026-05-17,유니온,4845,True,https://chuchu.gg/statistics/population
population,2026-05-17,엘리시움,48979,True,https://chuchu.gg/statistics/population
population,2026-05-17,이노시스,4642,True,https://chuchu.gg/statistics/population
population,2026-05-17,레드,2433,True,https://chuchu.gg/statistics/population
population,2026-05-17,오로라,25586,True,https://chuchu.gg/statistics/population
population,2026-05-17,아케인,941,True,https://chuchu.gg/statistics/population
population,2026-05-17,노바,817,True,https://chuchu.gg/statistics/population
population,2026-05-17,에오스,18508,True,https://chuchu.gg/statistics/population
population,2026-05-17,핼리오스,3493,True,https://chuchu.gg/statistics/population
population,2026-05-10,스카니아,83152,True,https://chuchu.gg/statistics/population
population,2026-05-10,베라,36283,True,https://chuchu.gg/statistics/population
population,2026-05-10,루나,61337,True,https://chuchu.gg/statistics/population
population,2026-05-10,제니스,3728,True,https://chuchu.gg/statistics/population
population,2026-05-10,크로아,42721,True,https://chuchu.gg/statistics/population
population,2026-05-10,유니온,4776,True,https://chuchu.gg/statistics/population
population,2026-05-10,엘리시움,48551,True,https://chuchu.gg/statistics/population
population,2026-05-10,이노시스,4515,True,https://chuchu.gg/statistics/population
population,2026-05-10,레드,2398,True,https://chuchu.gg/statistics/population
population,2026-05-10,오로라,25227,True,https://chuchu.gg/statistics/population
population,2026-05-10,아케인,940,True,https://chuchu.gg/statistics/population
population,2026-05-10,노바,818,True,https://chuchu.gg/statistics/population
population,2026-05-10,에오스,18461,True,https://chuchu.gg/statistics/population
population,2026-05-10,핼리오스,3430,True,https://chuchu.gg/statistics/population
population,2026-05-03,스카니아,84177,True,https://chuchu.gg/statistics/population
population,2026-05-03,베라,36697,True,https://chuchu.gg/statistics/population
population,2026-05-03,루나,62146,True,https://chuchu.gg/statistics/population
population,2026-05-03,제니스,3754,True,https://chuchu.gg/statistics/population
population,2026-05-03,크로아,43256,True,https://chuchu.gg/statistics/population
population,2026-05-03,유니온,4824,True,https://chuchu.gg/statistics/population
population,2026-05-03,엘리시움,48897,True,https://chuchu.gg/statistics/population
population,2026-05-03,이노시스,4561,True,https://chuchu.gg/statistics/population
population,2026-05-03,레드,2421,True,https://chuchu.gg/statistics/population
population,2026-05-03,오로라,25579,True,https://chuchu.gg/statistics/population
population,2026-05-03,아케인,946,True,https://chuchu.gg/statistics/population
population,2026-05-03,노바,829,True,https://chuchu.gg/statistics/population
population,2026-05-03,에오스,18818,True,https://chuchu.gg/statistics/population
population,2026-05-03,핼리오스,3517,True,https://chuchu.gg/statistics/population
population,2026-04-26,스카니아,86292,True,https://chuchu.gg/statistics/population
population,2026-04-26,베라,37680,True,https://chuchu.gg/statistics/population
population,2026-04-26,루나,63655,True,https://chuchu.gg/statistics/population
population,2026-04-26,제니스,3901,True,https://chuchu.gg/statistics/population
population,2026-04-26,크로아,44340,True,https://chuchu.gg/statistics/population
population,2026-04-26,유니온,4902,True,https://chuchu.gg/statistics/population
population,2026-04-26,엘리시움,50126,True,https://chuchu.gg/statistics/population
population,2026-04-26,이노시스,4752,True,https://chuchu.gg/statistics/population
population,2026-04-26,레드,2480,True,https://chuchu.gg/statistics/population
population,2026-04-26,오로라,26303,True,https://chuchu.gg/statistics/population
population,2026-04-26,아케인,980,True,https://chuchu.gg/statistics/population
population,2026-04-26,노바,843,True,https://chuchu.gg/statistics/population
population,2026-04-26,에오스,19472,True,https://chuchu.gg/statistics/population
population,2026-04-26,핼리오스,3771,True,https://chuchu.gg/statistics/population
population,2026-04-19,스카니아,85025,True,https://chuchu.gg/statistics/population
population,2026-04-19,베라,37352,True,https://chuchu.gg/statistics/population
population,2026-04-19,루나,62674,True,https://chuchu.gg/statistics/population
population,2026-04-19,제니스,3808,True,https://chuchu.gg/statistics/population
population,2026-04-19,크로아,43840,True,https://chuchu.gg/statistics/population
population,2026-04-19,유니온,4851,True,https://chuchu.gg/statistics/population
population,2026-04-19,엘리시움,49554,True,https://chuchu.gg/statistics/population
population,2026-04-19,이노시스,4676,True,https://chuchu.gg/statistics/population
population,2026-04-19,레드,2498,True,https://chuchu.gg/statistics/population
population,2026-04-19,오로라,26128,True,https://chuchu.gg/statistics/population
population,2026-04-19,아케인,954,True,https://chuchu.gg/statistics/population
population,2026-04-19,노바,826,True,https://chuchu.gg/statistics/population
population,2026-04-19,에오스,19448,True,https://chuchu.gg/statistics/population
population,2026-04-19,핼리오스,3696,True,https://chuchu.gg/statistics/population
population,2026-04-12,스카니아,78703,True,https://chuchu.gg/statistics/population
population,2026-04-12,베라,35844,True,https://chuchu.gg/statistics/population
population,2026-04-12,루나,59247,True,https://chuchu.gg/statistics/population
population,2026-04-12,제니스,3647,True,https://chuchu.gg/statistics/population
population,2026-04-12,크로아,41870,True,https://chuchu.gg/statistics/population
population,2026-04-12,유니온,4634,True,https://chuchu.gg/statistics/population
population,2026-04-12,엘리시움,47186,True,https://chuchu.gg/statistics/population
population,2026-04-12,이노시스,4495,True,https://chuchu.gg/statistics/population
population,2026-04-12,레드,2368,True,https://chuchu.gg/statistics/population
population,2026-04-12,오로라,24888,True,https://chuchu.gg/statistics/population
population,2026-04-12,아케인,912,True,https://chuchu.gg/statistics/population
population,2026-04-12,노바,802,True,https://chuchu.gg/statistics/population
population,2026-04-12,에오스,19081,True,https://chuchu.gg/statistics/population
population,2026-04-12,핼리오스,3631,True,https://chuchu.gg/statistics/population
population,2026-04-05,스카니아,77558,True,https://chuchu.gg/statistics/population
population,2026-04-05,베라,35650,True,https://chuchu.gg/statistics/population
population,2026-04-05,루나,58854,True,https://chuchu.gg/statistics/population
population,2026-04-05,제니스,3600,True,https://chuchu.gg/statistics/population
population,2026-04-05,크로아,41730,True,https://chuchu.gg/statistics/population
population,2026-04-05,유니온,4549,True,https://chuchu.gg/statistics/population
population,2026-04-05,엘리시움,46778,True,https://chuchu.gg/statistics/population
population,2026-04-05,이노시스,4434,True,https://chuchu.gg/statistics/population
population,2026-04-05,레드,2375,True,https://chuchu.gg/statistics/population
population,2026-04-05,오로라,24845,True,https://chuchu.gg/statistics/population
population,2026-04-05,아케인,929,True,https://chuchu.gg/statistics/population
population,2026-04-05,노바,785,True,https://chuchu.gg/statistics/population
population,2026-04-05,에오스,19168,True,https://chuchu.gg/statistics/population
population,2026-04-05,핼리오스,3599,True,https://chuchu.gg/statistics/population
population,2026-03-29,스카니아,79028,True,https://chuchu.gg/statistics/population
population,2026-03-29,베라,36302,True,https://chuchu.gg/statistics/population
population,2026-03-29,루나,59861,True,https://chuchu.gg/statistics/population
population,2026-03-29,제니스,3684,True,https://chuchu.gg/statistics/population
population,2026-03-29,크로아,42621,True,https://chuchu.gg/statistics/population
population,2026-03-29,유니온,4658,True,https://chuchu.gg/statistics/population
population,2026-03-29,엘리시움,47814,True,https://chuchu.gg/statistics/population
population,2026-03-29,이노시스,4514,True,https://chuchu.gg/statistics/population
population,2026-03-29,레드,2370,True,https://chuchu.gg/statistics/population
population,2026-03-29,오로라,25497,True,https://chuchu.gg/statistics/population
population,2026-03-29,아케인,950,True,https://chuchu.gg/statistics/population
population,2026-03-29,노바,824,True,https://chuchu.gg/statistics/population
population,2026-03-29,에오스,19769,True,https://chuchu.gg/statistics/population
population,2026-03-29,핼리오스,3897,True,https://chuchu.gg/statistics/population
population,2026-03-22,스카니아,76900,True,https://chuchu.gg/statistics/population
population,2026-03-22,베라,35355,True,https://chuchu.gg/statistics/population
population,2026-03-22,루나,58439,True,https://chuchu.gg/statistics/population
population,2026-03-22,제니스,3637,True,https://chuchu.gg/statistics/population
population,2026-03-22,크로아,41306,True,https://chuchu.gg/statistics/population
population,2026-03-22,유니온,4541,True,https://chuchu.gg/statistics/population
population,2026-03-22,엘리시움,46663,True,https://chuchu.gg/statistics/population
population,2026-03-22,이노시스,4424,True,https://chuchu.gg/statistics/population
population,2026-03-22,레드,2259,True,https://chuchu.gg/statistics/population
population,2026-03-22,오로라,24879,True,https://chuchu.gg/statistics/population
population,2026-03-22,아케인,923,True,https://chuchu.gg/statistics/population
population,2026-03-22,노바,764,True,https://chuchu.gg/statistics/population
population,2026-03-22,에오스,19217,True,https://chuchu.gg/statistics/population
population,2026-03-22,핼리오스,3685,True,https://chuchu.gg/statistics/population
population,2026-03-15,스카니아,61028,True,https://chuchu.gg/statistics/population
population,2026-03-15,베라,28410,True,https://chuchu.gg/statistics/population
population,2026-03-15,루나,47654,True,https://chuchu.gg/statistics/population
population,2026-03-15,제니스,3137,True,https://chuchu.gg/statistics/population
population,2026-03-15,크로아,33185,True,https://chuchu.gg/statistics/population
population,2026-03-15,유니온,3820,True,https://chuchu.gg/statistics/population
population,2026-03-15,엘리시움,38367,True,https://chuchu.gg/statistics/population
population,2026-03-15,이노시스,3509,True,https://chuchu.gg/statistics/population
population,2026-03-15,레드,1802,True,https://chuchu.gg/statistics/population
population,2026-03-15,오로라,18877,True,https://chuchu.gg/statistics/population
population,2026-03-15,아케인,717,True,https://chuchu.gg/statistics/population
population,2026-03-15,노바,621,True,https://chuchu.gg/statistics/population
population,2026-03-15,에오스,15326,True,https://chuchu.gg/statistics/population
population,2026-03-15,핼리오스,2597,True,https://chuchu.gg/statistics/population
population,2026-03-08,스카니아,60607,True,https://chuchu.gg/statistics/population
population,2026-03-08,베라,28297,True,https://chuchu.gg/statistics/population
population,2026-03-08,루나,47265,True,https://chuchu.gg/statistics/population
population,2026-03-08,제니스,3141,True,https://chuchu.gg/statistics/population
population,2026-03-08,크로아,32954,True,https://chuchu.gg/statistics/population
population,2026-03-08,유니온,3826,True,https://chuchu.gg/statistics/population
population,2026-03-08,엘리시움,38075,True,https://chuchu.gg/statistics/population
population,2026-03-08,이노시스,3501,True,https://chuchu.gg/statistics/population
population,2026-03-08,레드,1830,True,https://chuchu.gg/statistics/population
population,2026-03-08,오로라,18616,True,https://chuchu.gg/statistics/population
population,2026-03-08,아케인,751,True,https://chuchu.gg/statistics/population
population,2026-03-08,노바,636,True,https://chuchu.gg/statistics/population
population,2026-03-08,에오스,15250,True,https://chuchu.gg/statistics/population
population,2026-03-08,핼리오스,2549,True,https://chuchu.gg/statistics/population
population,2026-03-01,스카니아,61045,True,https://chuchu.gg/statistics/population
population,2026-03-01,베라,28616,True,https://chuchu.gg/statistics/population
population,2026-03-01,루나,47723,True,https://chuchu.gg/statistics/population
population,2026-03-01,제니스,3148,True,https://chuchu.gg/statistics/population
population,2026-03-01,크로아,33367,True,https://chuchu.gg/statistics/population
population,2026-03-01,유니온,3885,True,https://chuchu.gg/statistics/population
population,2026-03-01,엘리시움,38421,True,https://chuchu.gg/statistics/population
population,2026-03-01,이노시스,3529,True,https://chuchu.gg/statistics/population
population,2026-03-01,레드,1837,True,https://chuchu.gg/statistics/population
population,2026-03-01,오로라,19032,True,https://chuchu.gg/statistics/population
population,2026-03-01,아케인,751,True,https://chuchu.gg/statistics/population
population,2026-03-01,노바,644,True,https://chuchu.gg/statistics/population
population,2026-03-01,에오스,15396,True,https://chuchu.gg/statistics/population
population,2026-03-01,핼리오스,2549,True,https://chuchu.gg/statistics/population
population,2026-02-22,스카니아,61962,True,https://chuchu.gg/statistics/population
population,2026-02-22,베라,29056,True,https://chuchu.gg/statistics/population
population,2026-02-22,루나,48390,True,https://chuchu.gg/statistics/population
population,2026-02-22,제니스,3154,True,https://chuchu.gg/statistics/population
population,2026-02-22,크로아,33825,True,https://chuchu.gg/statistics/population
population,2026-02-22,유니온,3893,True,https://chuchu.gg/statistics/population
population,2026-02-22,엘리시움,39009,True,https://chuchu.gg/statistics/population
population,2026-02-22,이노시스,3615,True,https://chuchu.gg/statistics/population
population,2026-02-22,레드,1866,True,https://chuchu.gg/statistics/population
population,2026-02-22,오로라,19324,True,https://chuchu.gg/statistics/population
population,2026-02-22,아케인,752,True,https://chuchu.gg/statistics/population
population,2026-02-22,노바,636,True,https://chuchu.gg/statistics/population
population,2026-02-22,에오스,15684,True,https://chuchu.gg/statistics/population
population,2026-02-22,핼리오스,2606,True,https://chuchu.gg/statistics/population
population,2026-02-15,스카니아,62786,True,https://chuchu.gg/statistics/population
population,2026-02-15,베라,29444,True,https://chuchu.gg/statistics/population
population,2026-02-15,루나,48981,True,https://chuchu.gg/statistics/population
population,2026-02-15,제니스,3250,True,https://chuchu.gg/statistics/population
population,2026-02-15,크로아,34320,True,https://chuchu.gg/statistics/population
population,2026-02-15,유니온,3949,True,https://chuchu.gg/statistics/population
population,2026-02-15,엘리시움,39474,True,https://chuchu.gg/statistics/population
population,2026-02-15,이노시스,3591,True,https://chuchu.gg/statistics/population
population,2026-02-15,레드,1915,True,https://chuchu.gg/statistics/population
population,2026-02-15,오로라,19681,True,https://chuchu.gg/statistics/population
population,2026-02-15,아케인,753,True,https://chuchu.gg/statistics/population
population,2026-02-15,노바,654,True,https://chuchu.gg/statistics/population
population,2026-02-15,에오스,15841,True,https://chuchu.gg/statistics/population
population,2026-02-15,핼리오스,2618,True,https://chuchu.gg/statistics/population
population,2026-02-08,스카니아,62814,True,https://chuchu.gg/statistics/population
population,2026-02-08,베라,29394,True,https://chuchu.gg/statistics/population
population,2026-02-08,루나,48695,True,https://chuchu.gg/statistics/population
population,2026-02-08,제니스,3155,True,https://chuchu.gg/statistics/population
population,2026-02-08,크로아,34070,True,https://chuchu.gg/statistics/population
population,2026-02-08,유니온,3915,True,https://chuchu.gg/statistics/population
population,2026-02-08,엘리시움,39310,True,https://chuchu.gg/statistics/population
population,2026-02-08,이노시스,3555,True,https://chuchu.gg/statistics/population
population,2026-02-08,레드,1900,True,https://chuchu.gg/statistics/population
population,2026-02-08,오로라,19546,True,https://chuchu.gg/statistics/population
population,2026-02-08,아케인,785,True,https://chuchu.gg/statistics/population
population,2026-02-08,노바,644,True,https://chuchu.gg/statistics/population
population,2026-02-08,에오스,15907,True,https://chuchu.gg/statistics/population
population,2026-02-08,핼리오스,2654,True,https://chuchu.gg/statistics/population
population,2026-02-01,스카니아,64504,True,https://chuchu.gg/statistics/population
population,2026-02-01,베라,30295,True,https://chuchu.gg/statistics/population
population,2026-02-01,루나,50147,True,https://chuchu.gg/statistics/population
population,2026-02-01,제니스,3275,True,https://chuchu.gg/statistics/population
population,2026-02-01,크로아,35242,True,https://chuchu.gg/statistics/population
population,2026-02-01,유니온,3970,True,https://chuchu.gg/statistics/population
population,2026-02-01,엘리시움,40298,True,https://chuchu.gg/statistics/population
population,2026-02-01,이노시스,3665,True,https://chuchu.gg/statistics/population
population,2026-02-01,레드,1908,True,https://chuchu.gg/statistics/population
population,2026-02-01,오로라,20244,True,https://chuchu.gg/statistics/population
population,2026-02-01,아케인,793,True,https://chuchu.gg/statistics/population
population,2026-02-01,노바,659,True,https://chuchu.gg/statistics/population
population,2026-02-01,에오스,16294,True,https://chuchu.gg/statistics/population
population,2026-02-01,핼리오스,2714,True,https://chuchu.gg/statistics/population
population,2026-01-25,스카니아,66520,True,https://chuchu.gg/statistics/population
population,2026-01-25,베라,30780,True,https://chuchu.gg/statistics/population
population,2026-01-25,루나,50506,True,https://chuchu.gg/statistics/population
population,2026-01-25,제니스,3285,True,https://chuchu.gg/statistics/population
population,2026-01-25,크로아,35705,True,https://chuchu.gg/statistics/population
population,2026-01-25,유니온,4004,True,https://chuchu.gg/statistics/population
population,2026-01-25,엘리시움,40768,True,https://chuchu.gg/statistics/population
population,2026-01-25,이노시스,3678,True,https://chuchu.gg/statistics/population
population,2026-01-25,레드,1986,True,https://chuchu.gg/statistics/population
population,2026-01-25,오로라,20718,True,https://chuchu.gg/statistics/population
population,2026-01-25,아케인,771,True,https://chuchu.gg/statistics/population
population,2026-01-25,노바,665,True,https://chuchu.gg/statistics/population
population,2026-01-25,에오스,16920,True,https://chuchu.gg/statistics/population
population,2026-01-25,핼리오스,2800,True,https://chuchu.gg/statistics/population
population,2026-01-18,스카니아,69870,True,https://chuchu.gg/statistics/population
population,2026-01-18,베라,32351,True,https://chuchu.gg/statistics/population
population,2026-01-18,루나,53090,True,https://chuchu.gg/statistics/population
population,2026-01-18,제니스,3453,True,https://chuchu.gg/statistics/population
population,2026-01-18,크로아,37565,True,https://chuchu.gg/statistics/population
population,2026-01-18,유니온,4219,True,https://chuchu.gg/statistics/population
population,2026-01-18,엘리시움,42844,True,https://chuchu.gg/statistics/population
population,2026-01-18,이노시스,3987,True,https://chuchu.gg/statistics/population
population,2026-01-18,레드,2090,True,https://chuchu.gg/statistics/population
population,2026-01-18,오로라,22052,True,https://chuchu.gg/statistics/population
population,2026-01-18,아케인,850,True,https://chuchu.gg/statistics/population
population,2026-01-18,노바,706,True,https://chuchu.gg/statistics/population
population,2026-01-18,에오스,17656,True,https://chuchu.gg/statistics/population
population,2026-01-18,핼리오스,3188,True,https://chuchu.gg/statistics/population
population,2026-01-11,스카니아,69085,True,https://chuchu.gg/statistics/population
population,2026-01-11,베라,32582,True,https://chuchu.gg/statistics/population
population,2026-01-11,루나,53499,True,https://chuchu.gg/statistics/population
population,2026-01-11,제니스,3443,True,https://chuchu.gg/statistics/population
population,2026-01-11,크로아,37981,True,https://chuchu.gg/statistics/population
population,2026-01-11,유니온,4168,True,https://chuchu.gg/statistics/population
population,2026-01-11,엘리시움,43033,True,https://chuchu.gg/statistics/population
population,2026-01-11,이노시스,3985,True,https://chuchu.gg/statistics/population
population,2026-01-11,레드,2078,True,https://chuchu.gg/statistics/population
population,2026-01-11,오로라,22392,True,https://chuchu.gg/statistics/population
population,2026-01-11,아케인,826,True,https://chuchu.gg/statistics/population
population,2026-01-11,노바,718,True,https://chuchu.gg/statistics/population
population,2026-01-11,에오스,18099,True,https://chuchu.gg/statistics/population
population,2026-01-11,핼리오스,3299,True,https://chuchu.gg/statistics/population
population,2026-01-04,스카니아,74052,True,https://chuchu.gg/statistics/population
population,2026-01-04,베라,35023,True,https://chuchu.gg/statistics/population
population,2026-01-04,루나,57115,True,https://chuchu.gg/statistics/population
population,2026-01-04,제니스,3681,True,https://chuchu.gg/statistics/population
population,2026-01-04,크로아,40226,True,https://chuchu.gg/statistics/population
population,2026-01-04,유니온,4468,True,https://chuchu.gg/statistics/population
population,2026-01-04,엘리시움,45659,True,https://chuchu.gg/statistics/population
population,2026-01-04,이노시스,4273,True,https://chuchu.gg/statistics/population
population,2026-01-04,레드,2250,True,https://chuchu.gg/statistics/population
population,2026-01-04,오로라,24448,True,https://chuchu.gg/statistics/population
population,2026-01-04,아케인,900,True,https://chuchu.gg/statistics/population
population,2026-01-04,노바,751,True,https://chuchu.gg/statistics/population
population,2026-01-04,에오스,19443,True,https://chuchu.gg/statistics/population
population,2026-01-04,핼리오스,3783,True,https://chuchu.gg/statistics/population
population,2025-12-28,스카니아,80165,True,https://chuchu.gg/statistics/population
population,2025-12-28,베라,37720,True,https://chuchu.gg/statistics/population
population,2025-12-28,루나,61097,True,https://chuchu.gg/statistics/population
population,2025-12-28,제니스,3789,True,https://chuchu.gg/statistics/population
population,2025-12-28,크로아,43828,True,https://chuchu.gg/statistics/population
population,2025-12-28,유니온,4712,True,https://chuchu.gg/statistics/population
population,2025-12-28,엘리시움,48868,True,https://chuchu.gg/statistics/population
population,2025-12-28,이노시스,4665,True,https://chuchu.gg/statistics/population
population,2025-12-28,레드,2414,True,https://chuchu.gg/statistics/population
population,2025-12-28,오로라,26938,True,https://chuchu.gg/statistics/population
population,2025-12-28,아케인,979,True,https://chuchu.gg/statistics/population
population,2025-12-28,노바,807,True,https://chuchu.gg/statistics/population
population,2025-12-28,에오스,20677,True,https://chuchu.gg/statistics/population
population,2025-12-28,핼리오스,4379,True,https://chuchu.gg/statistics/population
population,2025-12-21,스카니아,85416,True,https://chuchu.gg/statistics/population
population,2025-12-21,베라,38315,True,https://chuchu.gg/statistics/population
population,2025-12-21,루나,63444,True,https://chuchu.gg/statistics/population
population,2025-12-21,제니스,3950,True,https://chuchu.gg/statistics/population
population,2025-12-21,크로아,45347,True,https://chuchu.gg/statistics/population
population,2025-12-21,유니온,4850,True,https://chuchu.gg/statistics/population
population,2025-12-21,엘리시움,50371,True,https://chuchu.gg/statistics/population
population,2025-12-21,이노시스,4796,True,https://chuchu.gg/statistics/population
population,2025-12-21,레드,2484,True,https://chuchu.gg/statistics/population
population,2025-12-21,오로라,27594,True,https://chuchu.gg/statistics/population
population,2025-12-21,아케인,1001,True,https://chuchu.gg/statistics/population
population,2025-12-21,노바,839,True,https://chuchu.gg/statistics/population
population,2025-12-21,에오스,20948,True,https://chuchu.gg/statistics/population
population,2025-12-21,핼리오스,4581,True,https://chuchu.gg/statistics/population
population,2025-12-14,스카니아,73784,True,https://chuchu.gg/statistics/population
population,2025-12-14,베라,32018,True,https://chuchu.gg/statistics/population
population,2025-12-14,루나,55214,True,https://chuchu.gg/statistics/population
population,2025-12-14,제니스,3457,True,https://chuchu.gg/statistics/population
population,2025-12-14,크로아,38292,True,https://chuchu.gg/statistics/population
population,2025-12-14,유니온,4273,True,https://chuchu.gg/statistics/population
population,2025-12-14,엘리시움,43649,True,https://chuchu.gg/statistics/population
population,2025-12-14,이노시스,3964,True,https://chuchu.gg/statistics/population
population,2025-12-14,레드,2122,True,https://chuchu.gg/statistics/population
population,2025-12-14,오로라,22274,True,https://chuchu.gg/statistics/population
population,2025-12-14,아케인,847,True,https://chuchu.gg/statistics/population
population,2025-12-14,노바,690,True,https://chuchu.gg/statistics/population
population,2025-12-14,에오스,17420,True,https://chuchu.gg/statistics/population
population,2025-12-14,핼리오스,3396,True,https://chuchu.gg/statistics/population
population,2025-12-07,스카니아,73458,True,https://chuchu.gg/statistics/population
population,2025-12-07,베라,32450,True,https://chuchu.gg/statistics/population
population,2025-12-07,루나,56189,True,https://chuchu.gg/statistics/population
population,2025-12-07,제니스,3508,True,https://chuchu.gg/statistics/population
population,2025-12-07,크로아,38891,True,https://chuchu.gg/statistics/population
population,2025-12-07,유니온,4269,True,https://chuchu.gg/statistics/population
population,2025-12-07,엘리시움,44474,True,https://chuchu.gg/statistics/population
population,2025-12-07,이노시스,4012,True,https://chuchu.gg/statistics/population
population,2025-12-07,레드,2128,True,https://chuchu.gg/statistics/population
population,2025-12-07,오로라,22428,True,https://chuchu.gg/statistics/population
population,2025-12-07,아케인,859,True,https://chuchu.gg/statistics/population
population,2025-12-07,노바,702,True,https://chuchu.gg/statistics/population
population,2025-12-07,에오스,17698,True,https://chuchu.gg/statistics/population
population,2025-12-07,핼리오스,3501,True,https://chuchu.gg/statistics/population
population,2025-11-30,스카니아,75568,True,https://chuchu.gg/statistics/population
population,2025-11-30,베라,33356,True,https://chuchu.gg/statistics/population
population,2025-11-30,루나,57649,True,https://chuchu.gg/statistics/population
population,2025-11-30,제니스,3556,True,https://chuchu.gg/statistics/population
population,2025-11-30,크로아,39784,True,https://chuchu.gg/statistics/population
population,2025-11-30,유니온,4357,True,https://chuchu.gg/statistics/population
population,2025-11-30,엘리시움,45475,True,https://chuchu.gg/statistics/population
population,2025-11-30,이노시스,4104,True,https://chuchu.gg/statistics/population
population,2025-11-30,레드,2201,True,https://chuchu.gg/statistics/population
population,2025-11-30,오로라,23246,True,https://chuchu.gg/statistics/population
population,2025-11-30,아케인,903,True,https://chuchu.gg/statistics/population
population,2025-11-30,노바,744,True,https://chuchu.gg/statistics/population
population,2025-11-30,에오스,18306,True,https://chuchu.gg/statistics/population
population,2025-11-30,핼리오스,3720,True,https://chuchu.gg/statistics/population
population,2025-11-23,스카니아,83791,True,https://chuchu.gg/statistics/population
population,2025-11-23,베라,36447,True,https://chuchu.gg/statistics/population
population,2025-11-23,루나,62884,True,https://chuchu.gg/statistics/population
population,2025-11-23,제니스,3837,True,https://chuchu.gg/statistics/population
population,2025-11-23,크로아,43631,True,https://chuchu.gg/statistics/population
population,2025-11-23,유니온,4668,True,https://chuchu.gg/statistics/population
population,2025-11-23,엘리시움,49736,True,https://chuchu.gg/statistics/population
population,2025-11-23,이노시스,4529,True,https://chuchu.gg/statistics/population
population,2025-11-23,레드,2379,True,https://chuchu.gg/statistics/population
population,2025-11-23,오로라,25547,True,https://chuchu.gg/statistics/population
population,2025-11-23,아케인,951,True,https://chuchu.gg/statistics/population
population,2025-11-23,노바,763,True,https://chuchu.gg/statistics/population
population,2025-11-23,에오스,19719,True,https://chuchu.gg/statistics/population
population,2025-11-23,핼리오스,4032,True,https://chuchu.gg/statistics/population
population,2025-11-16,스카니아,72954,True,https://chuchu.gg/statistics/population
population,2025-11-16,베라,33563,True,https://chuchu.gg/statistics/population
population,2025-11-16,루나,56654,True,https://chuchu.gg/statistics/population
population,2025-11-16,제니스,3528,True,https://chuchu.gg/statistics/population
population,2025-11-16,크로아,39934,True,https://chuchu.gg/statistics/population
population,2025-11-16,유니온,4285,True,https://chuchu.gg/statistics/population
population,2025-11-16,엘리시움,45478,True,https://chuchu.gg/statistics/population
population,2025-11-16,이노시스,4113,True,https://chuchu.gg/statistics/population
population,2025-11-16,레드,2218,True,https://chuchu.gg/statistics/population
population,2025-11-16,오로라,23206,True,https://chuchu.gg/statistics/population
population,2025-11-16,아케인,854,True,https://chuchu.gg/statistics/population
population,2025-11-16,노바,675,True,https://chuchu.gg/statistics/population
population,2025-11-16,에오스,19218,True,https://chuchu.gg/statistics/population
population,2025-11-16,핼리오스,3785,True,https://chuchu.gg/statistics/population
population,2025-11-09,스카니아,70120,True,https://chuchu.gg/statistics/population
population,2025-11-09,베라,32903,True,https://chuchu.gg/statistics/population
population,2025-11-09,루나,55147,True,https://chuchu.gg/statistics/population
population,2025-11-09,제니스,3486,True,https://chuchu.gg/statistics/population
population,2025-11-09,크로아,38787,True,https://chuchu.gg/statistics/population
population,2025-11-09,유니온,4194,True,https://chuchu.gg/statistics/population
population,2025-11-09,엘리시움,44391,True,https://chuchu.gg/statistics/population
population,2025-11-09,이노시스,3918,True,https://chuchu.gg/statistics/population
population,2025-11-09,레드,2161,True,https://chuchu.gg/statistics/population
population,2025-11-09,오로라,22354,True,https://chuchu.gg/statistics/population
population,2025-11-09,아케인,841,True,https://chuchu.gg/statistics/population
population,2025-11-09,노바,680,True,https://chuchu.gg/statistics/population
population,2025-11-09,에오스,19174,True,https://chuchu.gg/statistics/population
population,2025-11-09,핼리오스,3774,True,https://chuchu.gg/statistics/population
population,2025-11-02,스카니아,71189,True,https://chuchu.gg/statistics/population
population,2025-11-02,베라,33520,True,https://chuchu.gg/statistics/population
population,2025-11-02,루나,56280,True,https://chuchu.gg/statistics/population
population,2025-11-02,제니스,3513,True,https://chuchu.gg/statistics/population
population,2025-11-02,크로아,39511,True,https://chuchu.gg/statistics/population
population,2025-11-02,유니온,4355,True,https://chuchu.gg/statistics/population
population,2025-11-02,엘리시움,45116,True,https://chuchu.gg/statistics/population
population,2025-11-02,이노시스,4054,True,https://chuchu.gg/statistics/population
population,2025-11-02,레드,2167,True,https://chuchu.gg/statistics/population
population,2025-11-02,오로라,23096,True,https://chuchu.gg/statistics/population
population,2025-11-02,아케인,847,True,https://chuchu.gg/statistics/population
population,2025-11-02,노바,671,True,https://chuchu.gg/statistics/population
population,2025-11-02,에오스,19912,True,https://chuchu.gg/statistics/population
population,2025-11-02,핼리오스,3974,True,https://chuchu.gg/statistics/population
population,2025-10-26,스카니아,72617,True,https://chuchu.gg/statistics/population
population,2025-10-26,베라,34225,True,https://chuchu.gg/statistics/population
population,2025-10-26,루나,57003,True,https://chuchu.gg/statistics/population
population,2025-10-26,제니스,3612,True,https://chuchu.gg/statistics/population
population,2025-10-26,크로아,40293,True,https://chuchu.gg/statistics/population
population,2025-10-26,유니온,4379,True,https://chuchu.gg/statistics/population
population,2025-10-26,엘리시움,45937,True,https://chuchu.gg/statistics/population
population,2025-10-26,이노시스,4116,True,https://chuchu.gg/statistics/population
population,2025-10-26,레드,2208,True,https://chuchu.gg/statistics/population
population,2025-10-26,오로라,23635,True,https://chuchu.gg/statistics/population
population,2025-10-26,아케인,843,True,https://chuchu.gg/statistics/population
population,2025-10-26,노바,691,True,https://chuchu.gg/statistics/population
population,2025-10-26,에오스,20834,True,https://chuchu.gg/statistics/population
population,2025-10-26,핼리오스,4216,True,https://chuchu.gg/statistics/population
population,2025-10-19,스카니아,71526,True,https://chuchu.gg/statistics/population
population,2025-10-19,베라,34047,True,https://chuchu.gg/statistics/population
population,2025-10-19,루나,56355,True,https://chuchu.gg/statistics/population
population,2025-10-19,제니스,3557,True,https://chuchu.gg/statistics/population
population,2025-10-19,크로아,39998,True,https://chuchu.gg/statistics/population
population,2025-10-19,유니온,4383,True,https://chuchu.gg/statistics/population
population,2025-10-19,엘리시움,45535,True,https://chuchu.gg/statistics/population
population,2025-10-19,이노시스,4115,True,https://chuchu.gg/statistics/population
population,2025-10-19,레드,2235,True,https://chuchu.gg/statistics/population
population,2025-10-19,오로라,23402,True,https://chuchu.gg/statistics/population
population,2025-10-19,아케인,864,True,https://chuchu.gg/statistics/population
population,2025-10-19,노바,713,True,https://chuchu.gg/statistics/population
population,2025-10-19,에오스,21209,True,https://chuchu.gg/statistics/population
population,2025-10-19,핼리오스,4274,True,https://chuchu.gg/statistics/population
population,2025-10-12,스카니아,73253,True,https://chuchu.gg/statistics/population
population,2025-10-12,베라,34992,True,https://chuchu.gg/statistics/population
population,2025-10-12,루나,57925,True,https://chuchu.gg/statistics/population
population,2025-10-12,제니스,3672,True,https://chuchu.gg/statistics/population
population,2025-10-12,크로아,41117,True,https://chuchu.gg/statistics/population
population,2025-10-12,유니온,4490,True,https://chuchu.gg/statistics/population
population,2025-10-12,엘리시움,46772,True,https://chuchu.gg/statistics/population
population,2025-10-12,이노시스,4256,True,https://chuchu.gg/statistics/population
population,2025-10-12,레드,2289,True,https://chuchu.gg/statistics/population
population,2025-10-12,오로라,23941,True,https://chuchu.gg/statistics/population
population,2025-10-12,아케인,892,True,https://chuchu.gg/statistics/population
population,2025-10-12,노바,738,True,https://chuchu.gg/statistics/population
population,2025-10-12,에오스,21748,True,https://chuchu.gg/statistics/population
population,2025-10-12,핼리오스,4549,True,https://chuchu.gg/statistics/population
population,2025-10-05,스카니아,75049,True,https://chuchu.gg/statistics/population
population,2025-10-05,베라,36025,True,https://chuchu.gg/statistics/population
population,2025-10-05,루나,59136,True,https://chuchu.gg/statistics/population
population,2025-10-05,제니스,3707,True,https://chuchu.gg/statistics/population
population,2025-10-05,크로아,42270,True,https://chuchu.gg/statistics/population
population,2025-10-05,유니온,4509,True,https://chuchu.gg/statistics/population
population,2025-10-05,엘리시움,47713,True,https://chuchu.gg/statistics/population
population,2025-10-05,이노시스,4327,True,https://chuchu.gg/statistics/population
population,2025-10-05,레드,2353,True,https://chuchu.gg/statistics/population
population,2025-10-05,오로라,24847,True,https://chuchu.gg/statistics/population
population,2025-10-05,아케인,887,True,https://chuchu.gg/statistics/population
population,2025-10-05,노바,741,True,https://chuchu.gg/statistics/population
population,2025-10-05,에오스,22450,True,https://chuchu.gg/statistics/population
population,2025-10-05,핼리오스,4728,True,https://chuchu.gg/statistics/population
population,2025-09-28,스카니아,78027,True,https://chuchu.gg/statistics/population
population,2025-09-28,베라,37390,True,https://chuchu.gg/statistics/population
population,2025-09-28,루나,60976,True,https://chuchu.gg/statistics/population
population,2025-09-28,제니스,3817,True,https://chuchu.gg/statistics/population
population,2025-09-28,크로아,43837,True,https://chuchu.gg/statistics/population
population,2025-09-28,유니온,4708,True,https://chuchu.gg/statistics/population
population,2025-09-28,엘리시움,49307,True,https://chuchu.gg/statistics/population
population,2025-09-28,이노시스,4445,True,https://chuchu.gg/statistics/population
population,2025-09-28,레드,2406,True,https://chuchu.gg/statistics/population
population,2025-09-28,오로라,26035,True,https://chuchu.gg/statistics/population
population,2025-09-28,아케인,924,True,https://chuchu.gg/statistics/population
population,2025-09-28,노바,763,True,https://chuchu.gg/statistics/population
population,2025-09-28,에오스,23471,True,https://chuchu.gg/statistics/population
population,2025-09-28,핼리오스,5089,True,https://chuchu.gg/statistics/population
population,2025-09-21,스카니아,84546,True,https://chuchu.gg/statistics/population
population,2025-09-21,베라,40162,True,https://chuchu.gg/statistics/population
population,2025-09-21,루나,65945,True,https://chuchu.gg/statistics/population
population,2025-09-21,제니스,4088,True,https://chuchu.gg/statistics/population
population,2025-09-21,크로아,47217,True,https://chuchu.gg/statistics/population
population,2025-09-21,유니온,5038,True,https://chuchu.gg/statistics/population
population,2025-09-21,엘리시움,52851,True,https://chuchu.gg/statistics/population
population,2025-09-21,이노시스,4822,True,https://chuchu.gg/statistics/population
population,2025-09-21,레드,2630,True,https://chuchu.gg/statistics/population
population,2025-09-21,오로라,28117,True,https://chuchu.gg/statistics/population
population,2025-09-21,아케인,1010,True,https://chuchu.gg/statistics/population
population,2025-09-21,노바,804,True,https://chuchu.gg/statistics/population
population,2025-09-21,에오스,24256,True,https://chuchu.gg/statistics/population
population,2025-09-21,핼리오스,5177,True,https://chuchu.gg/statistics/population
population,2025-09-14,스카니아,82306,True,https://chuchu.gg/statistics/population
population,2025-09-14,베라,39181,True,https://chuchu.gg/statistics/population
population,2025-09-14,루나,63964,True,https://chuchu.gg/statistics/population
population,2025-09-14,제니스,3956,True,https://chuchu.gg/statistics/population
population,2025-09-14,크로아,45977,True,https://chuchu.gg/statistics/population
population,2025-09-14,유니온,4879,True,https://chuchu.gg/statistics/population
population,2025-09-14,엘리시움,51666,True,https://chuchu.gg/statistics/population
population,2025-09-14,이노시스,4746,True,https://chuchu.gg/statistics/population
population,2025-09-14,레드,2575,True,https://chuchu.gg/statistics/population
population,2025-09-14,오로라,27723,True,https://chuchu.gg/statistics/population
population,2025-09-14,아케인,999,True,https://chuchu.gg/statistics/population
population,2025-09-14,노바,793,True,https://chuchu.gg/statistics/population
population,2025-09-14,에오스,23909,True,https://chuchu.gg/statistics/population
population,2025-09-14,핼리오스,5170,True,https://chuchu.gg/statistics/population
population,2025-09-07,스카니아,82710,True,https://chuchu.gg/statistics/population
population,2025-09-07,베라,39550,True,https://chuchu.gg/statistics/population
population,2025-09-07,루나,64467,True,https://chuchu.gg/statistics/population
population,2025-09-07,제니스,3975,True,https://chuchu.gg/statistics/population
population,2025-09-07,크로아,46157,True,https://chuchu.gg/statistics/population
population,2025-09-07,유니온,4848,True,https://chuchu.gg/statistics/population
population,2025-09-07,엘리시움,51711,True,https://chuchu.gg/statistics/population
population,2025-09-07,이노시스,4767,True,https://chuchu.gg/statistics/population
population,2025-09-07,레드,2577,True,https://chuchu.gg/statistics/population
population,2025-09-07,오로라,28014,True,https://chuchu.gg/statistics/population
population,2025-09-07,아케인,1006,True,https://chuchu.gg/statistics/population
population,2025-09-07,노바,781,True,https://chuchu.gg/statistics/population
population,2025-09-07,에오스,24367,True,https://chuchu.gg/statistics/population
population,2025-09-07,핼리오스,5293,True,https://chuchu.gg/statistics/population
population,2025-08-31,스카니아,83405,True,https://chuchu.gg/statistics/population
population,2025-08-31,베라,40238,True,https://chuchu.gg/statistics/population
population,2025-08-31,루나,65220,True,https://chuchu.gg/statistics/population
population,2025-08-31,제니스,4042,True,https://chuchu.gg/statistics/population
population,2025-08-31,크로아,46945,True,https://chuchu.gg/statistics/population
population,2025-08-31,유니온,4908,True,https://chuchu.gg/statistics/population
population,2025-08-31,엘리시움,52486,True,https://chuchu.gg/statistics/population
population,2025-08-31,이노시스,4832,True,https://chuchu.gg/statistics/population
population,2025-08-31,레드,2664,True,https://chuchu.gg/statistics/population
population,2025-08-31,오로라,28724,True,https://chuchu.gg/statistics/population
population,2025-08-31,아케인,1011,True,https://chuchu.gg/statistics/population
population,2025-08-31,노바,814,True,https://chuchu.gg/statistics/population
population,2025-08-31,에오스,24990,True,https://chuchu.gg/statistics/population
population,2025-08-31,핼리오스,5549,True,https://chuchu.gg/statistics/population
population,2025-08-24,스카니아,84179,True,https://chuchu.gg/statistics/population
population,2025-08-24,베라,40662,True,https://chuchu.gg/statistics/population
population,2025-08-24,루나,65751,True,https://chuchu.gg/statistics/population
population,2025-08-24,제니스,4063,True,https://chuchu.gg/statistics/population
population,2025-08-24,크로아,47473,True,https://chuchu.gg/statistics/population
population,2025-08-24,유니온,4928,True,https://chuchu.gg/statistics/population
population,2025-08-24,엘리시움,53040,True,https://chuchu.gg/statistics/population
population,2025-08-24,이노시스,4884,True,https://chuchu.gg/statistics/population
population,2025-08-24,레드,2725,True,https://chuchu.gg/statistics/population
population,2025-08-24,오로라,29052,True,https://chuchu.gg/statistics/population
population,2025-08-24,아케인,1056,True,https://chuchu.gg/statistics/population
population,2025-08-24,노바,837,True,https://chuchu.gg/statistics/population
population,2025-08-24,에오스,25730,True,https://chuchu.gg/statistics/population
population,2025-08-24,핼리오스,5775,True,https://chuchu.gg/statistics/population
population,2025-08-17,스카니아,87240,True,https://chuchu.gg/statistics/population
population,2025-08-17,베라,41818,True,https://chuchu.gg/statistics/population
population,2025-08-17,루나,68080,True,https://chuchu.gg/statistics/population
population,2025-08-17,제니스,4188,True,https://chuchu.gg/statistics/population
population,2025-08-17,크로아,48929,True,https://chuchu.gg/statistics/population
population,2025-08-17,유니온,5158,True,https://chuchu.gg/statistics/population
population,2025-08-17,엘리시움,54700,True,https://chuchu.gg/statistics/population
population,2025-08-17,이노시스,5091,True,https://chuchu.gg/statistics/population
population,2025-08-17,레드,2800,True,https://chuchu.gg/statistics/population
population,2025-08-17,오로라,30256,True,https://chuchu.gg/statistics/population
population,2025-08-17,아케인,1104,True,https://chuchu.gg/statistics/population
population,2025-08-17,노바,868,True,https://chuchu.gg/statistics/population
population,2025-08-17,에오스,26611,True,https://chuchu.gg/statistics/population
population,2025-08-17,핼리오스,6264,True,https://chuchu.gg/statistics/population
population,2025-08-10,스카니아,85717,True,https://chuchu.gg/statistics/population
population,2025-08-10,베라,41581,True,https://chuchu.gg/statistics/population
population,2025-08-10,루나,67536,True,https://chuchu.gg/statistics/population
population,2025-08-10,제니스,4188,True,https://chuchu.gg/statistics/population
population,2025-08-10,크로아,48907,True,https://chuchu.gg/statistics/population
population,2025-08-10,유니온,5075,True,https://chuchu.gg/statistics/population
population,2025-08-10,엘리시움,54230,True,https://chuchu.gg/statistics/population
population,2025-08-10,이노시스,5131,True,https://chuchu.gg/statistics/population
population,2025-08-10,레드,2848,True,https://chuchu.gg/statistics/population
population,2025-08-10,오로라,30132,True,https://chuchu.gg/statistics/population
population,2025-08-10,아케인,1108,True,https://chuchu.gg/statistics/population
population,2025-08-10,노바,844,True,https://chuchu.gg/statistics/population
population,2025-08-10,에오스,26976,True,https://chuchu.gg/statistics/population
population,2025-08-10,핼리오스,6385,True,https://chuchu.gg/statistics/population
population,2025-08-03,스카니아,87312,True,https://chuchu.gg/statistics/population
population,2025-08-03,베라,42587,True,https://chuchu.gg/statistics/population
population,2025-08-03,루나,69036,True,https://chuchu.gg/statistics/population
population,2025-08-03,제니스,4372,True,https://chuchu.gg/statistics/population
population,2025-08-03,크로아,50052,True,https://chuchu.gg/statistics/population
population,2025-08-03,유니온,5199,True,https://chuchu.gg/statistics/population
population,2025-08-03,엘리시움,55720,True,https://chuchu.gg/statistics/population
population,2025-08-03,이노시스,5265,True,https://chuchu.gg/statistics/population
population,2025-08-03,레드,2950,True,https://chuchu.gg/statistics/population
population,2025-08-03,오로라,31195,True,https://chuchu.gg/statistics/population
population,2025-08-03,아케인,1159,True,https://chuchu.gg/statistics/population
population,2025-08-03,노바,921,True,https://chuchu.gg/statistics/population
population,2025-08-03,에오스,28092,True,https://chuchu.gg/statistics/population
population,2025-08-03,핼리오스,6850,True,https://chuchu.gg/statistics/population
population,2025-07-27,스카니아,90475,True,https://chuchu.gg/statistics/population
population,2025-07-27,베라,44434,True,https://chuchu.gg/statistics/population
population,2025-07-27,루나,71460,True,https://chuchu.gg/statistics/population
population,2025-07-27,제니스,4463,True,https://chuchu.gg/statistics/population
population,2025-07-27,크로아,52160,True,https://chuchu.gg/statistics/population
population,2025-07-27,유니온,5455,True,https://chuchu.gg/statistics/population
population,2025-07-27,엘리시움,57661,True,https://chuchu.gg/statistics/population
population,2025-07-27,이노시스,5440,True,https://chuchu.gg/statistics/population
population,2025-07-27,레드,3061,True,https://chuchu.gg/statistics/population
population,2025-07-27,오로라,32816,True,https://chuchu.gg/statistics/population
population,2025-07-27,아케인,1226,True,https://chuchu.gg/statistics/population
population,2025-07-27,노바,973,True,https://chuchu.gg/statistics/population
population,2025-07-27,에오스,29831,True,https://chuchu.gg/statistics/population
population,2025-07-27,핼리오스,7531,True,https://chuchu.gg/statistics/population
population,2025-07-20,스카니아,89456,True,https://chuchu.gg/statistics/population
population,2025-07-20,베라,44830,True,https://chuchu.gg/statistics/population
population,2025-07-20,루나,71885,True,https://chuchu.gg/statistics/population
population,2025-07-20,제니스,4533,True,https://chuchu.gg/statistics/population
population,2025-07-20,크로아,52303,True,https://chuchu.gg/statistics/population
population,2025-07-20,유니온,5434,True,https://chuchu.gg/statistics/population
population,2025-07-20,엘리시움,58257,True,https://chuchu.gg/statistics/population
population,2025-07-20,이노시스,5518,True,https://chuchu.gg/statistics/population
population,2025-07-20,레드,3147,True,https://chuchu.gg/statistics/population
population,2025-07-20,오로라,33080,True,https://chuchu.gg/statistics/population
population,2025-07-20,아케인,1225,True,https://chuchu.gg/statistics/population
population,2025-07-20,노바,957,True,https://chuchu.gg/statistics/population
population,2025-07-20,에오스,30356,True,https://chuchu.gg/statistics/population
population,2025-07-20,핼리오스,7933,True,https://chuchu.gg/statistics/population
population,2025-07-13,스카니아,91792,True,https://chuchu.gg/statistics/population
population,2025-07-13,베라,46358,True,https://chuchu.gg/statistics/population
population,2025-07-13,루나,74383,True,https://chuchu.gg/statistics/population
population,2025-07-13,제니스,4620,True,https://chuchu.gg/statistics/population
population,2025-07-13,크로아,54374,True,https://chuchu.gg/statistics/population
population,2025-07-13,유니온,5649,True,https://chuchu.gg/statistics/population
population,2025-07-13,엘리시움,60067,True,https://chuchu.gg/statistics/population
population,2025-07-13,이노시스,5747,True,https://chuchu.gg/statistics/population
population,2025-07-13,레드,3391,True,https://chuchu.gg/statistics/population
population,2025-07-13,오로라,34729,True,https://chuchu.gg/statistics/population
population,2025-07-13,아케인,1275,True,https://chuchu.gg/statistics/population
population,2025-07-13,노바,1029,True,https://chuchu.gg/statistics/population
population,2025-07-13,에오스,32164,True,https://chuchu.gg/statistics/population
population,2025-07-13,핼리오스,8644,True,https://chuchu.gg/statistics/population
population,2025-07-06,스카니아,92023,True,https://chuchu.gg/statistics/population
population,2025-07-06,베라,47145,True,https://chuchu.gg/statistics/population
population,2025-07-06,루나,75534,True,https://chuchu.gg/statistics/population
population,2025-07-06,제니스,4827,True,https://chuchu.gg/statistics/population
population,2025-07-06,크로아,55628,True,https://chuchu.gg/statistics/population
population,2025-07-06,유니온,5738,True,https://chuchu.gg/statistics/population
population,2025-07-06,엘리시움,60896,True,https://chuchu.gg/statistics/population
population,2025-07-06,이노시스,5958,True,https://chuchu.gg/statistics/population
population,2025-07-06,레드,3545,True,https://chuchu.gg/statistics/population
population,2025-07-06,오로라,35690,True,https://chuchu.gg/statistics/population
population,2025-07-06,아케인,1321,True,https://chuchu.gg/statistics/population
population,2025-07-06,노바,1102,True,https://chuchu.gg/statistics/population
population,2025-07-06,에오스,34202,True,https://chuchu.gg/statistics/population
population,2025-07-06,핼리오스,9573,True,https://chuchu.gg/statistics/population
population,2025-06-29,이노시스,6911,True,https://chuchu.gg/statistics/population
population,2025-06-29,엘리시움,68653,True,https://chuchu.gg/statistics/population
population,2025-06-29,오로라,40841,True,https://chuchu.gg/statistics/population
population,2025-06-29,크로아,62844,True,https://chuchu.gg/statistics/population
population,2025-06-29,베라,51814,True,https://chuchu.gg/statistics/population
population,2025-06-29,루나,85496,True,https://chuchu.gg/statistics/population
population,2025-06-29,스카니아,105577,True,https://chuchu.gg/statistics/population
population,2025-06-29,유니온,6397,True,https://chuchu.gg/statistics/population
population,2025-06-29,레드,4153,True,https://chuchu.gg/statistics/population
population,2025-06-29,제니스,5374,True,https://chuchu.gg/statistics/population
population,2025-06-29,노바,1238,True,https://chuchu.gg/statistics/population
population,2025-06-29,아케인,1545,True,https://chuchu.gg/statistics/population
population,2025-06-29,에오스,38542,True,https://chuchu.gg/statistics/population
population,2025-06-29,핼리오스,12550,True,https://chuchu.gg/statistics/population
population,2025-06-22,이노시스,7450,True,https://chuchu.gg/statistics/population
population,2025-06-22,엘리시움,74294,True,https://chuchu.gg/statistics/population
population,2025-06-22,오로라,44560,True,https://chuchu.gg/statistics/population
population,2025-06-22,크로아,68723,True,https://chuchu.gg/statistics/population
population,2025-06-22,베라,53754,True,https://chuchu.gg/statistics/population
population,2025-06-22,루나,92881,True,https://chuchu.gg/statistics/population
population,2025-06-22,스카니아,120535,True,https://chuchu.gg/statistics/population
population,2025-06-22,유니온,6811,True,https://chuchu.gg/statistics/population
population,2025-06-22,레드,4694,True,https://chuchu.gg/statistics/population
population,2025-06-22,제니스,5682,True,https://chuchu.gg/statistics/population
population,2025-06-22,노바,1379,True,https://chuchu.gg/statistics/population
population,2025-06-22,아케인,1840,True,https://chuchu.gg/statistics/population
population,2025-06-22,에오스,42056,True,https://chuchu.gg/statistics/population
population,2025-06-22,핼리오스,16329,True,https://chuchu.gg/statistics/population
population,2025-06-15,베라,48332,True,https://chuchu.gg/statistics/population
population,2025-06-15,엘리시움,67693,True,https://chuchu.gg/statistics/population
population,2025-06-15,오로라,40093,True,https://chuchu.gg/statistics/population
population,2025-06-15,크로아,62777,True,https://chuchu.gg/statistics/population
population,2025-06-15,스카니아,109512,True,https://chuchu.gg/statistics/population
population,2025-06-15,유니온,6147,True,https://chuchu.gg/statistics/population
population,2025-06-15,제니스,5090,True,https://chuchu.gg/statistics/population
population,2025-06-15,루나,84521,True,https://chuchu.gg/statistics/population
population,2025-06-15,노바,1244,True,https://chuchu.gg/statistics/population
population,2025-06-15,아케인,1595,True,https://chuchu.gg/statistics/population
population,2025-06-15,이노시스,6704,True,https://chuchu.gg/statistics/population
population,2025-06-15,레드,4119,True,https://chuchu.gg/statistics/population
population,2025-06-15,에오스,38962,True,https://chuchu.gg/statistics/population
population,2025-06-15,핼리오스,15237,True,https://chuchu.gg/statistics/population
population,2025-06-08,이노시스,4793,True,https://chuchu.gg/statistics/population
population,2025-06-08,엘리시움,51276,True,https://chuchu.gg/statistics/population
population,2025-06-08,오로라,28085,True,https://chuchu.gg/statistics/population
population,2025-06-08,크로아,46570,True,https://chuchu.gg/statistics/population
population,2025-06-08,베라,36034,True,https://chuchu.gg/statistics/population
population,2025-06-08,루나,63738,True,https://chuchu.gg/statistics/population
population,2025-06-08,스카니아,80012,True,https://chuchu.gg/statistics/population
population,2025-06-08,유니온,4911,True,https://chuchu.gg/statistics/population
population,2025-06-08,레드,2854,True,https://chuchu.gg/statistics/population
population,2025-06-08,제니스,4001,True,https://chuchu.gg/statistics/population
population,2025-06-08,노바,862,True,https://chuchu.gg/statistics/population
population,2025-06-08,아케인,1058,True,https://chuchu.gg/statistics/population
population,2025-06-08,에오스,26775,True,https://chuchu.gg/statistics/population
population,2025-06-08,핼리오스,8513,True,https://chuchu.gg/statistics/population
population,2025-06-01,베라,32264,True,https://chuchu.gg/statistics/population
population,2025-06-01,엘리시움,46047,True,https://chuchu.gg/statistics/population
population,2025-06-01,오로라,24311,True,https://chuchu.gg/statistics/population
population,2025-06-01,크로아,40995,True,https://chuchu.gg/statistics/population
population,2025-06-01,스카니아,69246,True,https://chuchu.gg/statistics/population
population,2025-06-01,유니온,4440,True,https://chuchu.gg/statistics/population
population,2025-06-01,제니스,3734,True,https://chuchu.gg/statistics/population
population,2025-06-01,루나,57242,True,https://chuchu.gg/statistics/population
population,2025-06-01,노바,763,True,https://chuchu.gg/statistics/population
population,2025-06-01,아케인,967,True,https://chuchu.gg/statistics/population
population,2025-06-01,이노시스,4272,True,https://chuchu.gg/statistics/population
population,2025-06-01,레드,2465,True,https://chuchu.gg/statistics/population
population,2025-06-01,에오스,23767,True,https://chuchu.gg/statistics/population
population,2025-06-01,핼리오스,6936,True,https://chuchu.gg/statistics/population
population,2025-05-25,베라,31032,True,https://chuchu.gg/statistics/population
population,2025-05-25,엘리시움,44544,True,https://chuchu.gg/statistics/population
population,2025-05-25,오로라,23313,True,https://chuchu.gg/statistics/population
population,2025-05-25,크로아,39334,True,https://chuchu.gg/statistics/population
population,2025-05-25,스카니아,64811,True,https://chuchu.gg/statistics/population
population,2025-05-25,유니온,4406,True,https://chuchu.gg/statistics/population
population,2025-05-25,제니스,3658,True,https://chuchu.gg/statistics/population
population,2025-05-25,루나,55018,True,https://chuchu.gg/statistics/population
population,2025-05-25,노바,744,True,https://chuchu.gg/statistics/population
population,2025-05-25,아케인,947,True,https://chuchu.gg/statistics/population
population,2025-05-25,이노시스,4140,True,https://chuchu.gg/statistics/population
population,2025-05-25,레드,2380,True,https://chuchu.gg/statistics/population
population,2025-05-25,에오스,22725,True,https://chuchu.gg/statistics/population
population,2025-05-25,핼리오스,6436,True,https://chuchu.gg/statistics/population
population,2025-05-18,이노시스,3966,True,https://chuchu.gg/statistics/population
population,2025-05-18,엘리시움,42278,True,https://chuchu.gg/statistics/population
population,2025-05-18,오로라,22021,True,https://chuchu.gg/statistics/population
population,2025-05-18,크로아,37496,True,https://chuchu.gg/statistics/population
population,2025-05-18,베라,29439,True,https://chuchu.gg/statistics/population
population,2025-05-18,루나,51891,True,https://chuchu.gg/statistics/population
population,2025-05-18,스카니아,60293,True,https://chuchu.gg/statistics/population
population,2025-05-18,유니온,4287,True,https://chuchu.gg/statistics/population
population,2025-05-18,레드,2241,True,https://chuchu.gg/statistics/population
population,2025-05-18,제니스,3490,True,https://chuchu.gg/statistics/population
population,2025-05-18,노바,707,True,https://chuchu.gg/statistics/population
population,2025-05-18,아케인,892,True,https://chuchu.gg/statistics/population
population,2025-05-18,에오스,22084,True,https://chuchu.gg/statistics/population
population,2025-05-18,핼리오스,6138,True,https://chuchu.gg/statistics/population
population,2025-05-11,이노시스,4161,True,https://chuchu.gg/statistics/population
population,2025-05-11,엘리시움,44160,True,https://chuchu.gg/statistics/population
population,2025-05-11,오로라,23083,True,https://chuchu.gg/statistics/population
population,2025-05-11,크로아,39116,True,https://chuchu.gg/statistics/population
population,2025-05-11,베라,30519,True,https://chuchu.gg/statistics/population
population,2025-05-11,루나,53544,True,https://chuchu.gg/statistics/population
population,2025-05-11,스카니아,63260,True,https://chuchu.gg/statistics/population
population,2025-05-11,유니온,4441,True,https://chuchu.gg/statistics/population
population,2025-05-11,레드,2366,True,https://chuchu.gg/statistics/population
population,2025-05-11,제니스,3608,True,https://chuchu.gg/statistics/population
population,2025-05-11,노바,745,True,https://chuchu.gg/statistics/population
population,2025-05-11,아케인,952,True,https://chuchu.gg/statistics/population
population,2025-05-11,에오스,23086,True,https://chuchu.gg/statistics/population
population,2025-05-11,핼리오스,6525,True,https://chuchu.gg/statistics/population
population,2025-05-04,이노시스,4290,True,https://chuchu.gg/statistics/population
population,2025-05-04,엘리시움,45947,True,https://chuchu.gg/statistics/population
population,2025-05-04,오로라,23817,True,https://chuchu.gg/statistics/population
population,2025-05-04,크로아,40928,True,https://chuchu.gg/statistics/population
population,2025-05-04,베라,31522,True,https://chuchu.gg/statistics/population
population,2025-05-04,루나,55065,True,https://chuchu.gg/statistics/population
population,2025-05-04,스카니아,66253,True,https://chuchu.gg/statistics/population
population,2025-05-04,유니온,4585,True,https://chuchu.gg/statistics/population
population,2025-05-04,레드,2399,True,https://chuchu.gg/statistics/population
population,2025-05-04,제니스,3689,True,https://chuchu.gg/statistics/population
population,2025-05-04,노바,754,True,https://chuchu.gg/statistics/population
population,2025-05-04,아케인,960,True,https://chuchu.gg/statistics/population
population,2025-05-04,에오스,23916,True,https://chuchu.gg/statistics/population
population,2025-05-04,핼리오스,6747,True,https://chuchu.gg/statistics/population
population,2025-04-27,이노시스,4369,True,https://chuchu.gg/statistics/population
population,2025-04-27,엘리시움,46119,True,https://chuchu.gg/statistics/population
population,2025-04-27,오로라,24292,True,https://chuchu.gg/statistics/population
population,2025-04-27,크로아,40967,True,https://chuchu.gg/statistics/population
population,2025-04-27,베라,31695,True,https://chuchu.gg/statistics/population
population,2025-04-27,루나,55043,True,https://chuchu.gg/statistics/population
population,2025-04-27,스카니아,64940,True,https://chuchu.gg/statistics/population
population,2025-04-27,유니온,4528,True,https://chuchu.gg/statistics/population
population,2025-04-27,레드,2352,True,https://chuchu.gg/statistics/population
population,2025-04-27,제니스,3702,True,https://chuchu.gg/statistics/population
population,2025-04-27,노바,760,True,https://chuchu.gg/statistics/population
population,2025-04-27,아케인,945,True,https://chuchu.gg/statistics/population
population,2025-04-27,에오스,24375,True,https://chuchu.gg/statistics/population
population,2025-04-27,핼리오스,6904,True,https://chuchu.gg/statistics/population
population,2025-04-20,이노시스,4685,True,https://chuchu.gg/statistics/population
population,2025-04-20,엘리시움,48399,True,https://chuchu.gg/statistics/population
population,2025-04-20,오로라,25678,True,https://chuchu.gg/statistics/population
population,2025-04-20,크로아,42801,True,https://chuchu.gg/statistics/population
population,2025-04-20,베라,33719,True,https://chuchu.gg/statistics/population
population,2025-04-20,루나,58971,True,https://chuchu.gg/statistics/population
population,2025-04-20,스카니아,68506,True,https://chuchu.gg/statistics/population
population,2025-04-20,유니온,4852,True,https://chuchu.gg/statistics/population
population,2025-04-20,레드,2580,True,https://chuchu.gg/statistics/population
population,2025-04-20,제니스,3964,True,https://chuchu.gg/statistics/population
population,2025-04-20,노바,803,True,https://chuchu.gg/statistics/population
population,2025-04-20,아케인,1016,True,https://chuchu.gg/statistics/population
population,2025-04-20,에오스,25499,True,https://chuchu.gg/statistics/population
population,2025-04-20,핼리오스,7141,True,https://chuchu.gg/statistics/population
population,2025-04-13,베라,31551,True,https://chuchu.gg/statistics/population
population,2025-04-13,엘리시움,44231,True,https://chuchu.gg/statistics/population
population,2025-04-13,오로라,23784,True,https://chuchu.gg/statistics/population
population,2025-04-13,크로아,38771,True,https://chuchu.gg/statistics/population
population,2025-04-13,스카니아,61340,True,https://chuchu.gg/statistics/population
population,2025-04-13,유니온,4577,True,https://chuchu.gg/statistics/population
population,2025-04-13,제니스,3738,True,https://chuchu.gg/statistics/population
population,2025-04-13,루나,54756,True,https://chuchu.gg/statistics/population
population,2025-04-13,노바,736,True,https://chuchu.gg/statistics/population
population,2025-04-13,아케인,931,True,https://chuchu.gg/statistics/population
population,2025-04-13,이노시스,4283,True,https://chuchu.gg/statistics/population
population,2025-04-13,레드,2332,True,https://chuchu.gg/statistics/population
population,2025-04-13,에오스,23578,True,https://chuchu.gg/statistics/population
population,2025-04-13,핼리오스,6337,True,https://chuchu.gg/statistics/population
population,2025-04-06,이노시스,4246,True,https://chuchu.gg/statistics/population
population,2025-04-06,엘리시움,43491,True,https://chuchu.gg/statistics/population
population,2025-04-06,오로라,23450,True,https://chuchu.gg/statistics/population
population,2025-04-06,크로아,38144,True,https://chuchu.gg/statistics/population
population,2025-04-06,베라,31206,True,https://chuchu.gg/statistics/population
population,2025-04-06,루나,54126,True,https://chuchu.gg/statistics/population
population,2025-04-06,스카니아,60487,True,https://chuchu.gg/statistics/population
population,2025-04-06,유니온,4490,True,https://chuchu.gg/statistics/population
population,2025-04-06,레드,2329,True,https://chuchu.gg/statistics/population
population,2025-04-06,제니스,3705,True,https://chuchu.gg/statistics/population
population,2025-04-06,노바,718,True,https://chuchu.gg/statistics/population
population,2025-04-06,아케인,937,True,https://chuchu.gg/statistics/population
population,2025-04-06,에오스,23582,True,https://chuchu.gg/statistics/population
population,2025-04-06,핼리오스,6365,True,https://chuchu.gg/statistics/population
population,2025-03-30,베라,31882,True,https://chuchu.gg/statistics/population
population,2025-03-30,엘리시움,44319,True,https://chuchu.gg/statistics/population
population,2025-03-30,오로라,24119,True,https://chuchu.gg/statistics/population
population,2025-03-30,크로아,38906,True,https://chuchu.gg/statistics/population
population,2025-03-30,스카니아,61569,True,https://chuchu.gg/statistics/population
population,2025-03-30,유니온,4577,True,https://chuchu.gg/statistics/population
population,2025-03-30,제니스,3770,True,https://chuchu.gg/statistics/population
population,2025-03-30,루나,54943,True,https://chuchu.gg/statistics/population
population,2025-03-30,노바,739,True,https://chuchu.gg/statistics/population
population,2025-03-30,아케인,985,True,https://chuchu.gg/statistics/population
population,2025-03-30,이노시스,4357,True,https://chuchu.gg/statistics/population
population,2025-03-30,레드,2386,True,https://chuchu.gg/statistics/population
population,2025-03-30,에오스,24144,True,https://chuchu.gg/statistics/population
population,2025-03-30,핼리오스,6534,True,https://chuchu.gg/statistics/population
population,2025-03-23,이노시스,4369,True,https://chuchu.gg/statistics/population
population,2025-03-23,엘리시움,45029,True,https://chuchu.gg/statistics/population
population,2025-03-23,오로라,24662,True,https://chuchu.gg/statistics/population
population,2025-03-23,크로아,39696,True,https://chuchu.gg/statistics/population
population,2025-03-23,베라,32275,True,https://chuchu.gg/statistics/population
population,2025-03-23,루나,56031,True,https://chuchu.gg/statistics/population
population,2025-03-23,스카니아,62718,True,https://chuchu.gg/statistics/population
population,2025-03-23,유니온,4648,True,https://chuchu.gg/statistics/population
population,2025-03-23,레드,2458,True,https://chuchu.gg/statistics/population
population,2025-03-23,제니스,3793,True,https://chuchu.gg/statistics/population
population,2025-03-23,노바,736,True,https://chuchu.gg/statistics/population
population,2025-03-23,아케인,983,True,https://chuchu.gg/statistics/population
population,2025-03-23,에오스,24628,True,https://chuchu.gg/statistics/population
population,2025-03-23,핼리오스,6762,True,https://chuchu.gg/statistics/population
population,2025-03-16,베라,32490,True,https://chuchu.gg/statistics/population
population,2025-03-16,엘리시움,45186,True,https://chuchu.gg/statistics/population
population,2025-03-16,오로라,24895,True,https://chuchu.gg/statistics/population
population,2025-03-16,크로아,39634,True,https://chuchu.gg/statistics/population
population,2025-03-16,스카니아,62722,True,https://chuchu.gg/statistics/population
population,2025-03-16,유니온,4694,True,https://chuchu.gg/statistics/population
population,2025-03-16,제니스,3810,True,https://chuchu.gg/statistics/population
population,2025-03-16,루나,55923,True,https://chuchu.gg/statistics/population
population,2025-03-16,노바,751,True,https://chuchu.gg/statistics/population
population,2025-03-16,아케인,989,True,https://chuchu.gg/statistics/population
population,2025-03-16,이노시스,4390,True,https://chuchu.gg/statistics/population
population,2025-03-16,레드,2484,True,https://chuchu.gg/statistics/population
population,2025-03-16,에오스,25011,True,https://chuchu.gg/statistics/population
population,2025-03-16,핼리오스,6832,True,https://chuchu.gg/statistics/population
population,2025-03-09,이노시스,4627,True,https://chuchu.gg/statistics/population
population,2025-03-09,엘리시움,47184,True,https://chuchu.gg/statistics/population
population,2025-03-09,오로라,26298,True,https://chuchu.gg/statistics/population
population,2025-03-09,크로아,41499,True,https://chuchu.gg/statistics/population
population,2025-03-09,베라,33908,True,https://chuchu.gg/statistics/population
population,2025-03-09,루나,58073,True,https://chuchu.gg/statistics/population
population,2025-03-09,스카니아,65565,True,https://chuchu.gg/statistics/population
population,2025-03-09,유니온,4836,True,https://chuchu.gg/statistics/population
population,2025-03-09,레드,2597,True,https://chuchu.gg/statistics/population
population,2025-03-09,제니스,3973,True,https://chuchu.gg/statistics/population
population,2025-03-09,노바,778,True,https://chuchu.gg/statistics/population
population,2025-03-09,아케인,1020,True,https://chuchu.gg/statistics/population
population,2025-03-09,에오스,25931,True,https://chuchu.gg/statistics/population
population,2025-03-09,핼리오스,7248,True,https://chuchu.gg/statistics/population
population,2025-03-02,이노시스,4829,True,https://chuchu.gg/statistics/population
population,2025-03-02,엘리시움,48722,True,https://chuchu.gg/statistics/population
population,2025-03-02,오로라,27563,True,https://chuchu.gg/statistics/population
population,2025-03-02,크로아,42971,True,https://chuchu.gg/statistics/population
population,2025-03-02,베라,35032,True,https://chuchu.gg/statistics/population
population,2025-03-02,루나,59902,True,https://chuchu.gg/statistics/population
population,2025-03-02,스카니아,67692,True,https://chuchu.gg/statistics/population
population,2025-03-02,유니온,4945,True,https://chuchu.gg/statistics/population
population,2025-03-02,레드,2710,True,https://chuchu.gg/statistics/population
population,2025-03-02,제니스,4025,True,https://chuchu.gg/statistics/population
population,2025-03-02,노바,793,True,https://chuchu.gg/statistics/population
population,2025-03-02,아케인,1058,True,https://chuchu.gg/statistics/population
population,2025-03-02,에오스,27007,True,https://chuchu.gg/statistics/population
population,2025-03-02,핼리오스,7622,True,https://chuchu.gg/statistics/population
population,2025-02-23,베라,36463,True,https://chuchu.gg/statistics/population
population,2025-02-23,엘리시움,50303,True,https://chuchu.gg/statistics/population
population,2025-02-23,오로라,28476,True,https://chuchu.gg/statistics/population
population,2025-02-23,크로아,44545,True,https://chuchu.gg/statistics/population
population,2025-02-23,스카니아,70367,True,https://chuchu.gg/statistics/population
population,2025-02-23,유니온,5147,True,https://chuchu.gg/statistics/population
population,2025-02-23,제니스,4240,True,https://chuchu.gg/statistics/population
population,2025-02-23,루나,62285,True,https://chuchu.gg/statistics/population
population,2025-02-23,노바,851,True,https://chuchu.gg/statistics/population
population,2025-02-23,아케인,1084,True,https://chuchu.gg/statistics/population
population,2025-02-23,이노시스,5046,True,https://chuchu.gg/statistics/population
population,2025-02-23,레드,2807,True,https://chuchu.gg/statistics/population
population,2025-02-23,에오스,27611,True,https://chuchu.gg/statistics/population
population,2025-02-23,핼리오스,7935,True,https://chuchu.gg/statistics/population
population,2025-02-16,베라,35937,True,https://chuchu.gg/statistics/population
population,2025-02-16,엘리시움,49197,True,https://chuchu.gg/statistics/population
population,2025-02-16,오로라,27940,True,https://chuchu.gg/statistics/population
population,2025-02-16,크로아,43545,True,https://chuchu.gg/statistics/population
population,2025-02-16,스카니아,68272,True,https://chuchu.gg/statistics/population
population,2025-02-16,유니온,5081,True,https://chuchu.gg/statistics/population
population,2025-02-16,제니스,4172,True,https://chuchu.gg/statistics/population
population,2025-02-16,루나,60452,True,https://chuchu.gg/statistics/population
population,2025-02-16,노바,847,True,https://chuchu.gg/statistics/population
population,2025-02-16,아케인,1090,True,https://chuchu.gg/statistics/population
population,2025-02-16,이노시스,5000,True,https://chuchu.gg/statistics/population
population,2025-02-16,레드,2776,True,https://chuchu.gg/statistics/population
population,2025-02-16,에오스,27671,True,https://chuchu.gg/statistics/population
population,2025-02-16,핼리오스,8087,True,https://chuchu.gg/statistics/population
population,2025-02-09,이노시스,4918,True,https://chuchu.gg/statistics/population
population,2025-02-09,엘리시움,48370,True,https://chuchu.gg/statistics/population
population,2025-02-09,오로라,27708,True,https://chuchu.gg/statistics/population
population,2025-02-09,크로아,43105,True,https://chuchu.gg/statistics/population
population,2025-02-09,베라,35423,True,https://chuchu.gg/statistics/population
population,2025-02-09,루나,59558,True,https://chuchu.gg/statistics/population
population,2025-02-09,스카니아,66741,True,https://chuchu.gg/statistics/population
population,2025-02-09,유니온,5060,True,https://chuchu.gg/statistics/population
population,2025-02-09,레드,2754,True,https://chuchu.gg/statistics/population
population,2025-02-09,제니스,4122,True,https://chuchu.gg/statistics/population
population,2025-02-09,노바,845,True,https://chuchu.gg/statistics/population
population,2025-02-09,아케인,1071,True,https://chuchu.gg/statistics/population
population,2025-02-09,에오스,27699,True,https://chuchu.gg/statistics/population
population,2025-02-09,핼리오스,8064,True,https://chuchu.gg/statistics/population
population,2025-02-03,이노시스,5075,True,https://chuchu.gg/statistics/population
population,2025-02-03,엘리시움,49351,True,https://chuchu.gg/statistics/population
population,2025-02-03,오로라,28283,True,https://chuchu.gg/statistics/population
population,2025-02-03,크로아,43607,True,https://chuchu.gg/statistics/population
population,2025-02-03,베라,36201,True,https://chuchu.gg/statistics/population
population,2025-02-03,루나,60627,True,https://chuchu.gg/statistics/population
population,2025-02-03,스카니아,67333,True,https://chuchu.gg/statistics/population
population,2025-02-03,유니온,5129,True,https://chuchu.gg/statistics/population
population,2025-02-03,레드,2856,True,https://chuchu.gg/statistics/population
population,2025-02-03,제니스,4250,True,https://chuchu.gg/statistics/population
population,2025-02-03,노바,890,True,https://chuchu.gg/statistics/population
population,2025-02-03,아케인,1151,True,https://chuchu.gg/statistics/population
population,2025-02-03,에오스,28483,True,https://chuchu.gg/statistics/population
population,2025-02-03,핼리오스,8693,True,https://chuchu.gg/statistics/population
population,2025-01-26,베라,36857,True,https://chuchu.gg/statistics/population
population,2025-01-26,엘리시움,50071,True,https://chuchu.gg/statistics/population
population,2025-01-26,오로라,29057,True,https://chuchu.gg/statistics/population
population,2025-01-26,크로아,44328,True,https://chuchu.gg/statistics/population
population,2025-01-26,스카니아,68403,True,https://chuchu.gg/statistics/population
population,2025-01-26,유니온,5150,True,https://chuchu.gg/statistics/population
population,2025-01-26,제니스,4256,True,https://chuchu.gg/statistics/population
population,2025-01-26,루나,61111,True,https://chuchu.gg/statistics/population
population,2025-01-26,노바,879,True,https://chuchu.gg/statistics/population
population,2025-01-26,아케인,1158,True,https://chuchu.gg/statistics/population
population,2025-01-26,이노시스,5131,True,https://chuchu.gg/statistics/population
population,2025-01-26,레드,2914,True,https://chuchu.gg/statistics/population
population,2025-01-26,에오스,29378,True,https://chuchu.gg/statistics/population
population,2025-01-26,핼리오스,8824,True,https://chuchu.gg/statistics/population
population,2025-01-19,이노시스,5364,True,https://chuchu.gg/statistics/population
population,2025-01-19,엘리시움,52120,True,https://chuchu.gg/statistics/population
population,2025-01-19,오로라,30571,True,https://chuchu.gg/statistics/population
population,2025-01-19,크로아,46302,True,https://chuchu.gg/statistics/population
population,2025-01-19,베라,38415,True,https://chuchu.gg/statistics/population
population,2025-01-19,루나,64050,True,https://chuchu.gg/statistics/population
population,2025-01-19,스카니아,71599,True,https://chuchu.gg/statistics/population
population,2025-01-19,유니온,5322,True,https://chuchu.gg/statistics/population
population,2025-01-19,레드,3051,True,https://chuchu.gg/statistics/population
population,2025-01-19,제니스,4477,True,https://chuchu.gg/statistics/population
population,2025-01-19,노바,936,True,https://chuchu.gg/statistics/population
population,2025-01-19,아케인,1231,True,https://chuchu.gg/statistics/population
population,2025-01-19,에오스,30395,True,https://chuchu.gg/statistics/population
population,2025-01-19,핼리오스,9356,True,https://chuchu.gg/statistics/population
population,2025-01-12,이노시스,5308,True,https://chuchu.gg/statistics/population
population,2025-01-12,엘리시움,51771,True,https://chuchu.gg/statistics/population
population,2025-01-12,오로라,30307,True,https://chuchu.gg/statistics/population
population,2025-01-12,크로아,46095,True,https://chuchu.gg/statistics/population
population,2025-01-12,베라,38278,True,https://chuchu.gg/statistics/population
population,2025-01-12,루나,63260,True,https://chuchu.gg/statistics/population
population,2025-01-12,스카니아,70576,True,https://chuchu.gg/statistics/population
population,2025-01-12,유니온,5246,True,https://chuchu.gg/statistics/population
population,2025-01-12,레드,3087,True,https://chuchu.gg/statistics/population
population,2025-01-12,제니스,4429,True,https://chuchu.gg/statistics/population
population,2025-01-12,노바,931,True,https://chuchu.gg/statistics/population
population,2025-01-12,아케인,1205,True,https://chuchu.gg/statistics/population
population,2025-01-12,에오스,30540,True,https://chuchu.gg/statistics/population
population,2025-01-12,핼리오스,9569,True,https://chuchu.gg/statistics/population
population,2025-01-05,베라,40298,True,https://chuchu.gg/statistics/population
population,2025-01-05,엘리시움,54260,True,https://chuchu.gg/statistics/population
population,2025-01-05,오로라,32512,True,https://chuchu.gg/statistics/population
population,2025-01-05,크로아,48295,True,https://chuchu.gg/statistics/population
population,2025-01-05,스카니아,74106,True,https://chuchu.gg/statistics/population
population,2025-01-05,유니온,5574,True,https://chuchu.gg/statistics/population
population,2025-01-05,제니스,4631,True,https://chuchu.gg/statistics/population
population,2025-01-05,루나,66282,True,https://chuchu.gg/statistics/population
population,2025-01-05,노바,984,True,https://chuchu.gg/statistics/population
population,2025-01-05,아케인,1331,True,https://chuchu.gg/statistics/population
population,2025-01-05,이노시스,5672,True,https://chuchu.gg/statistics/population
population,2025-01-05,레드,3201,True,https://chuchu.gg/statistics/population
population,2025-01-05,에오스,32847,True,https://chuchu.gg/statistics/population
population,2025-01-05,핼리오스,10405,True,https://chuchu.gg/statistics/population
population,2024-12-29,베라,42653,True,https://chuchu.gg/statistics/population
population,2024-12-29,엘리시움,56731,True,https://chuchu.gg/statistics/population
population,2024-12-29,오로라,34030,True,https://chuchu.gg/statistics/population
population,2024-12-29,크로아,51183,True,https://chuchu.gg/statistics/population
population,2024-12-29,스카니아,78566,True,https://chuchu.gg/statistics/population
population,2024-12-29,유니온,5760,True,https://chuchu.gg/statistics/population
population,2024-12-29,제니스,4752,True,https://chuchu.gg/statistics/population
population,2024-12-29,루나,69453,True,https://chuchu.gg/statistics/population
population,2024-12-29,노바,1028,True,https://chuchu.gg/statistics/population
population,2024-12-29,아케인,1371,True,https://chuchu.gg/statistics/population
population,2024-12-29,이노시스,5890,True,https://chuchu.gg/statistics/population
population,2024-12-29,레드,3372,True,https://chuchu.gg/statistics/population
population,2024-12-29,에오스,33662,True,https://chuchu.gg/statistics/population
population,2024-12-29,핼리오스,12551,True,https://chuchu.gg/statistics/population
population,2024-12-22,베라,44892,True,https://chuchu.gg/statistics/population
population,2024-12-22,엘리시움,59756,True,https://chuchu.gg/statistics/population
population,2024-12-22,오로라,34462,True,https://chuchu.gg/statistics/population
population,2024-12-22,크로아,53941,True,https://chuchu.gg/statistics/population
population,2024-12-22,스카니아,83921,True,https://chuchu.gg/statistics/population
population,2024-12-22,유니온,5907,True,https://chuchu.gg/statistics/population
population,2024-12-22,제니스,4871,True,https://chuchu.gg/statistics/population
population,2024-12-22,루나,73496,True,https://chuchu.gg/statistics/population
population,2024-12-22,노바,1050,True,https://chuchu.gg/statistics/population
population,2024-12-22,아케인,1451,True,https://chuchu.gg/statistics/population
population,2024-12-22,이노시스,6257,True,https://chuchu.gg/statistics/population
population,2024-12-22,레드,3532,True,https://chuchu.gg/statistics/population
population,2024-12-22,에오스,33349,True,https://chuchu.gg/statistics/population
population,2024-12-22,핼리오스,14980,True,https://chuchu.gg/statistics/population
population,2024-12-15,베라,43365,True,https://chuchu.gg/statistics/population
population,2024-12-15,엘리시움,57355,True,https://chuchu.gg/statistics/population
population,2024-12-15,오로라,31905,True,https://chuchu.gg/statistics/population
population,2024-12-15,크로아,52073,True,https://chuchu.gg/statistics/population
population,2024-12-15,스카니아,80100,True,https://chuchu.gg/statistics/population
population,2024-12-15,유니온,5613,True,https://chuchu.gg/statistics/population
population,2024-12-15,제니스,4568,True,https://chuchu.gg/statistics/population
population,2024-12-15,루나,70780,True,https://chuchu.gg/statistics/population
population,2024-12-15,노바,937,True,https://chuchu.gg/statistics/population
population,2024-12-15,아케인,1373,True,https://chuchu.gg/statistics/population
population,2024-12-15,이노시스,5950,True,https://chuchu.gg/statistics/population
population,2024-12-15,레드,3295,True,https://chuchu.gg/statistics/population
population,2024-12-15,에오스,30343,True,https://chuchu.gg/statistics/population
population,2024-12-15,핼리오스,15848,True,https://chuchu.gg/statistics/population
population,2024-12-08,이노시스,4556,True,https://chuchu.gg/statistics/population
population,2024-12-08,엘리시움,45349,True,https://chuchu.gg/statistics/population
population,2024-12-08,오로라,23102,True,https://chuchu.gg/statistics/population
population,2024-12-08,크로아,40318,True,https://chuchu.gg/statistics/population
population,2024-12-08,베라,33627,True,https://chuchu.gg/statistics/population
population,2024-12-08,루나,55697,True,https://chuchu.gg/statistics/population
population,2024-12-08,스카니아,62670,True,https://chuchu.gg/statistics/population
population,2024-12-08,유니온,4556,True,https://chuchu.gg/statistics/population
population,2024-12-08,레드,2502,True,https://chuchu.gg/statistics/population
population,2024-12-08,제니스,3725,True,https://chuchu.gg/statistics/population
population,2024-12-08,노바,706,True,https://chuchu.gg/statistics/population
population,2024-12-08,아케인,1029,True,https://chuchu.gg/statistics/population
population,2024-12-08,에오스,22376,True,https://chuchu.gg/statistics/population
population,2024-12-08,핼리오스,11293,True,https://chuchu.gg/statistics/population
population,2024-12-01,이노시스,4301,True,https://chuchu.gg/statistics/population
population,2024-12-01,엘리시움,43651,True,https://chuchu.gg/statistics/population
population,2024-12-01,오로라,21761,True,https://chuchu.gg/statistics/population
population,2024-12-01,크로아,38169,True,https://chuchu.gg/statistics/population
population,2024-12-01,베라,31944,True,https://chuchu.gg/statistics/population
population,2024-12-01,루나,53883,True,https://chuchu.gg/statistics/population
population,2024-12-01,스카니아,60082,True,https://chuchu.gg/statistics/population
population,2024-12-01,유니온,4436,True,https://chuchu.gg/statistics/population
population,2024-12-01,레드,2364,True,https://chuchu.gg/statistics/population
population,2024-12-01,제니스,3584,True,https://chuchu.gg/statistics/population
population,2024-12-01,노바,677,True,https://chuchu.gg/statistics/population
population,2024-12-01,아케인,966,True,https://chuchu.gg/statistics/population
population,2024-12-01,에오스,21051,True,https://chuchu.gg/statistics/population
population,2024-12-01,핼리오스,10566,True,https://chuchu.gg/statistics/population
population,2024-11-24,이노시스,4348,True,https://chuchu.gg/statistics/population
population,2024-11-24,엘리시움,43806,True,https://chuchu.gg/statistics/population
population,2024-11-24,오로라,21737,True,https://chuchu.gg/statistics/population
population,2024-11-24,크로아,38294,True,https://chuchu.gg/statistics/population
population,2024-11-24,베라,32081,True,https://chuchu.gg/statistics/population
population,2024-11-24,루나,54228,True,https://chuchu.gg/statistics/population
population,2024-11-24,스카니아,60146,True,https://chuchu.gg/statistics/population
population,2024-11-24,유니온,4448,True,https://chuchu.gg/statistics/population
population,2024-11-24,레드,2325,True,https://chuchu.gg/statistics/population
population,2024-11-24,제니스,3590,True,https://chuchu.gg/statistics/population
population,2024-11-24,노바,683,True,https://chuchu.gg/statistics/population
population,2024-11-24,아케인,944,True,https://chuchu.gg/statistics/population
population,2024-11-24,에오스,21226,True,https://chuchu.gg/statistics/population
population,2024-11-24,핼리오스,10679,True,https://chuchu.gg/statistics/population
population,2024-11-17,이노시스,4051,True,https://chuchu.gg/statistics/population
population,2024-11-17,엘리시움,41380,True,https://chuchu.gg/statistics/population
population,2024-11-17,오로라,20224,True,https://chuchu.gg/statistics/population
population,2024-11-17,크로아,36221,True,https://chuchu.gg/statistics/population
population,2024-11-17,베라,30349,True,https://chuchu.gg/statistics/population
population,2024-11-17,루나,51366,True,https://chuchu.gg/statistics/population
population,2024-11-17,스카니아,56674,True,https://chuchu.gg/statistics/population
population,2024-11-17,유니온,4234,True,https://chuchu.gg/statistics/population
population,2024-11-17,레드,2198,True,https://chuchu.gg/statistics/population
population,2024-11-17,제니스,3415,True,https://chuchu.gg/statistics/population
population,2024-11-17,노바,655,True,https://chuchu.gg/statistics/population
population,2024-11-17,아케인,888,True,https://chuchu.gg/statistics/population
population,2024-11-17,에오스,20411,True,https://chuchu.gg/statistics/population
population,2024-11-17,핼리오스,10204,True,https://chuchu.gg/statistics/population
population,2024-11-10,이노시스,4113,True,https://chuchu.gg/statistics/population
population,2024-11-10,엘리시움,42065,True,https://chuchu.gg/statistics/population
population,2024-11-10,오로라,20270,True,https://chuchu.gg/statistics/population
population,2024-11-10,크로아,36443,True,https://chuchu.gg/statistics/population
population,2024-11-10,베라,30606,True,https://chuchu.gg/statistics/population
population,2024-11-10,루나,52154,True,https://chuchu.gg/statistics/population
population,2024-11-10,스카니아,57269,True,https://chuchu.gg/statistics/population
population,2024-11-10,유니온,4313,True,https://chuchu.gg/statistics/population
population,2024-11-10,레드,2200,True,https://chuchu.gg/statistics/population
population,2024-11-10,제니스,3417,True,https://chuchu.gg/statistics/population
population,2024-11-10,노바,651,True,https://chuchu.gg/statistics/population
population,2024-11-10,아케인,891,True,https://chuchu.gg/statistics/population
population,2024-11-10,에오스,20748,True,https://chuchu.gg/statistics/population
population,2024-11-10,핼리오스,10257,True,https://chuchu.gg/statistics/population
population,2024-11-03,이노시스,4259,True,https://chuchu.gg/statistics/population
population,2024-11-03,엘리시움,44115,True,https://chuchu.gg/statistics/population
population,2024-11-03,오로라,21333,True,https://chuchu.gg/statistics/population
population,2024-11-03,크로아,38241,True,https://chuchu.gg/statistics/population
population,2024-11-03,베라,32285,True,https://chuchu.gg/statistics/population
population,2024-11-03,루나,54624,True,https://chuchu.gg/statistics/population
population,2024-11-03,스카니아,60118,True,https://chuchu.gg/statistics/population
population,2024-11-03,유니온,4468,True,https://chuchu.gg/statistics/population
population,2024-11-03,레드,2304,True,https://chuchu.gg/statistics/population
population,2024-11-03,제니스,3602,True,https://chuchu.gg/statistics/population
population,2024-11-03,노바,725,True,https://chuchu.gg/statistics/population
population,2024-11-03,아케인,1010,True,https://chuchu.gg/statistics/population
population,2024-11-03,에오스,21807,True,https://chuchu.gg/statistics/population
population,2024-11-03,핼리오스,10775,True,https://chuchu.gg/statistics/population
population,2024-10-27,이노시스,4439,True,https://chuchu.gg/statistics/population
population,2024-10-27,엘리시움,45963,True,https://chuchu.gg/statistics/population
population,2024-10-27,오로라,22230,True,https://chuchu.gg/statistics/population
population,2024-10-27,크로아,39829,True,https://chuchu.gg/statistics/population
population,2024-10-27,베라,33735,True,https://chuchu.gg/statistics/population
population,2024-10-27,루나,57046,True,https://chuchu.gg/statistics/population
population,2024-10-27,스카니아,62966,True,https://chuchu.gg/statistics/population
population,2024-10-27,유니온,4690,True,https://chuchu.gg/statistics/population
population,2024-10-27,레드,2394,True,https://chuchu.gg/statistics/population
population,2024-10-27,제니스,3727,True,https://chuchu.gg/statistics/population
population,2024-10-27,노바,717,True,https://chuchu.gg/statistics/population
population,2024-10-27,아케인,1012,True,https://chuchu.gg/statistics/population
population,2024-10-27,에오스,22648,True,https://chuchu.gg/statistics/population
population,2024-10-27,핼리오스,11188,True,https://chuchu.gg/statistics/population
population,2024-10-20,이노시스,4676,True,https://chuchu.gg/statistics/population
population,2024-10-20,엘리시움,49119,True,https://chuchu.gg/statistics/population
population,2024-10-20,오로라,23779,True,https://chuchu.gg/statistics/population
population,2024-10-20,크로아,42517,True,https://chuchu.gg/statistics/population
population,2024-10-20,베라,36359,True,https://chuchu.gg/statistics/population
population,2024-10-20,루나,61062,True,https://chuchu.gg/statistics/population
population,2024-10-20,스카니아,67505,True,https://chuchu.gg/statistics/population
population,2024-10-20,유니온,5000,True,https://chuchu.gg/statistics/population
population,2024-10-20,레드,2568,True,https://chuchu.gg/statistics/population
population,2024-10-20,제니스,3992,True,https://chuchu.gg/statistics/population
population,2024-10-20,노바,806,True,https://chuchu.gg/statistics/population
population,2024-10-20,아케인,1070,True,https://chuchu.gg/statistics/population
population,2024-10-20,에오스,23773,True,https://chuchu.gg/statistics/population
population,2024-10-20,핼리오스,11776,True,https://chuchu.gg/statistics/population
population,2024-10-13,이노시스,4718,True,https://chuchu.gg/statistics/population
population,2024-10-13,엘리시움,49018,True,https://chuchu.gg/statistics/population
population,2024-10-13,오로라,23849,True,https://chuchu.gg/statistics/population
population,2024-10-13,크로아,42137,True,https://chuchu.gg/statistics/population
population,2024-10-13,베라,36253,True,https://chuchu.gg/statistics/population
population,2024-10-13,루나,60317,True,https://chuchu.gg/statistics/population
population,2024-10-13,스카니아,66423,True,https://chuchu.gg/statistics/population
population,2024-10-13,유니온,4926,True,https://chuchu.gg/statistics/population
population,2024-10-13,레드,2584,True,https://chuchu.gg/statistics/population
population,2024-10-13,제니스,3946,True,https://chuchu.gg/statistics/population
population,2024-10-13,노바,787,True,https://chuchu.gg/statistics/population
population,2024-10-13,아케인,1101,True,https://chuchu.gg/statistics/population
population,2024-10-13,에오스,23828,True,https://chuchu.gg/statistics/population
population,2024-10-13,핼리오스,11787,True,https://chuchu.gg/statistics/population
population,2024-10-06,베라,37312,True,https://chuchu.gg/statistics/population
population,2024-10-06,엘리시움,50184,True,https://chuchu.gg/statistics/population
population,2024-10-06,오로라,24675,True,https://chuchu.gg/statistics/population
population,2024-10-06,크로아,43491,True,https://chuchu.gg/statistics/population
population,2024-10-06,스카니아,67723,True,https://chuchu.gg/statistics/population
population,2024-10-06,유니온,5063,True,https://chuchu.gg/statistics/population
population,2024-10-06,제니스,4115,True,https://chuchu.gg/statistics/population
population,2024-10-06,루나,61765,True,https://chuchu.gg/statistics/population
population,2024-10-06,노바,808,True,https://chuchu.gg/statistics/population
population,2024-10-06,아케인,1117,True,https://chuchu.gg/statistics/population
population,2024-10-06,이노시스,4900,True,https://chuchu.gg/statistics/population
population,2024-10-06,레드,2697,True,https://chuchu.gg/statistics/population
population,2024-10-06,에오스,24553,True,https://chuchu.gg/statistics/population
population,2024-10-06,핼리오스,12126,True,https://chuchu.gg/statistics/population
population,2024-09-29,이노시스,4809,True,https://chuchu.gg/statistics/population
population,2024-09-29,엘리시움,49696,True,https://chuchu.gg/statistics/population
population,2024-09-29,오로라,24791,True,https://chuchu.gg/statistics/population
population,2024-09-29,크로아,43438,True,https://chuchu.gg/statistics/population
population,2024-09-29,베라,37223,True,https://chuchu.gg/statistics/population
population,2024-09-29,루나,61232,True,https://chuchu.gg/statistics/population
population,2024-09-29,스카니아,66941,True,https://chuchu.gg/statistics/population
population,2024-09-29,유니온,5007,True,https://chuchu.gg/statistics/population
population,2024-09-29,레드,2586,True,https://chuchu.gg/statistics/population
population,2024-09-29,제니스,4031,True,https://chuchu.gg/statistics/population
population,2024-09-29,노바,767,True,https://chuchu.gg/statistics/population
population,2024-09-29,아케인,1088,True,https://chuchu.gg/statistics/population
population,2024-09-29,에오스,24286,True,https://chuchu.gg/statistics/population
population,2024-09-29,핼리오스,11956,True,https://chuchu.gg/statistics/population
population,2024-09-22,이노시스,4609,True,https://chuchu.gg/statistics/population
population,2024-09-22,엘리시움,47826,True,https://chuchu.gg/statistics/population
population,2024-09-22,오로라,23493,True,https://chuchu.gg/statistics/population
population,2024-09-22,크로아,41636,True,https://chuchu.gg/statistics/population
population,2024-09-22,베라,35943,True,https://chuchu.gg/statistics/population
population,2024-09-22,루나,59169,True,https://chuchu.gg/statistics/population
population,2024-09-22,스카니아,64494,True,https://chuchu.gg/statistics/population
population,2024-09-22,유니온,4785,True,https://chuchu.gg/statistics/population
population,2024-09-22,레드,2526,True,https://chuchu.gg/statistics/population
population,2024-09-22,제니스,3908,True,https://chuchu.gg/statistics/population
population,2024-09-22,노바,729,True,https://chuchu.gg/statistics/population
population,2024-09-22,아케인,1050,True,https://chuchu.gg/statistics/population
population,2024-09-22,에오스,22965,True,https://chuchu.gg/statistics/population
population,2024-09-22,핼리오스,11291,True,https://chuchu.gg/statistics/population
population,2024-09-15,이노시스,4705,True,https://chuchu.gg/statistics/population
population,2024-09-15,엘리시움,48823,True,https://chuchu.gg/statistics/population
population,2024-09-15,오로라,24130,True,https://chuchu.gg/statistics/population
population,2024-09-15,크로아,42754,True,https://chuchu.gg/statistics/population
population,2024-09-15,베라,36605,True,https://chuchu.gg/statistics/population
population,2024-09-15,루나,60366,True,https://chuchu.gg/statistics/population
population,2024-09-15,스카니아,66235,True,https://chuchu.gg/statistics/population
population,2024-09-15,유니온,4839,True,https://chuchu.gg/statistics/population
population,2024-09-15,레드,2573,True,https://chuchu.gg/statistics/population
population,2024-09-15,제니스,3948,True,https://chuchu.gg/statistics/population
population,2024-09-15,노바,732,True,https://chuchu.gg/statistics/population
population,2024-09-15,아케인,1080,True,https://chuchu.gg/statistics/population
population,2024-09-15,에오스,23133,True,https://chuchu.gg/statistics/population
population,2024-09-15,핼리오스,11237,True,https://chuchu.gg/statistics/population
population,2024-09-08,이노시스,4480,True,https://chuchu.gg/statistics/population
population,2024-09-08,엘리시움,47101,True,https://chuchu.gg/statistics/population
population,2024-09-08,오로라,23112,True,https://chuchu.gg/statistics/population
population,2024-09-08,크로아,41064,True,https://chuchu.gg/statistics/population
population,2024-09-08,베라,35454,True,https://chuchu.gg/statistics/population
population,2024-09-08,루나,57884,True,https://chuchu.gg/statistics/population
population,2024-09-08,스카니아,63565,True,https://chuchu.gg/statistics/population
population,2024-09-08,유니온,4738,True,https://chuchu.gg/statistics/population
population,2024-09-08,레드,2477,True,https://chuchu.gg/statistics/population
population,2024-09-08,제니스,3846,True,https://chuchu.gg/statistics/population
population,2024-09-08,노바,741,True,https://chuchu.gg/statistics/population
population,2024-09-08,아케인,1063,True,https://chuchu.gg/statistics/population
population,2024-09-08,에오스,17240,True,https://chuchu.gg/statistics/population
population,2024-09-08,핼리오스,8542,True,https://chuchu.gg/statistics/population
population,2024-09-01,이노시스,4494,True,https://chuchu.gg/statistics/population
population,2024-09-01,엘리시움,47238,True,https://chuchu.gg/statistics/population
population,2024-09-01,오로라,23041,True,https://chuchu.gg/statistics/population
population,2024-09-01,크로아,41108,True,https://chuchu.gg/statistics/population
population,2024-09-01,베라,35568,True,https://chuchu.gg/statistics/population
population,2024-09-01,루나,57857,True,https://chuchu.gg/statistics/population
population,2024-09-01,스카니아,63479,True,https://chuchu.gg/statistics/population
population,2024-09-01,유니온,4747,True,https://chuchu.gg/statistics/population
population,2024-09-01,레드,2476,True,https://chuchu.gg/statistics/population
population,2024-09-01,제니스,3821,True,https://chuchu.gg/statistics/population
population,2024-09-01,노바,719,True,https://chuchu.gg/statistics/population
population,2024-09-01,아케인,1039,True,https://chuchu.gg/statistics/population
population,2024-09-01,에오스,17255,True,https://chuchu.gg/statistics/population
population,2024-09-01,핼리오스,8493,True,https://chuchu.gg/statistics/population
population,2024-08-25,이노시스,4669,True,https://chuchu.gg/statistics/population
population,2024-08-25,엘리시움,48173,True,https://chuchu.gg/statistics/population
population,2024-08-25,오로라,23748,True,https://chuchu.gg/statistics/population
population,2024-08-25,크로아,42024,True,https://chuchu.gg/statistics/population
population,2024-08-25,베라,36540,True,https://chuchu.gg/statistics/population
population,2024-08-25,루나,59348,True,https://chuchu.gg/statistics/population
population,2024-08-25,스카니아,64902,True,https://chuchu.gg/statistics/population
population,2024-08-25,유니온,4802,True,https://chuchu.gg/statistics/population
population,2024-08-25,레드,2536,True,https://chuchu.gg/statistics/population
population,2024-08-25,제니스,3902,True,https://chuchu.gg/statistics/population
population,2024-08-25,노바,752,True,https://chuchu.gg/statistics/population
population,2024-08-25,아케인,1059,True,https://chuchu.gg/statistics/population
population,2024-08-25,에오스,20383,True,https://chuchu.gg/statistics/population
population,2024-08-25,핼리오스,10187,True,https://chuchu.gg/statistics/population
population,2024-08-18,베라,38153,True,https://chuchu.gg/statistics/population
population,2024-08-18,엘리시움,50146,True,https://chuchu.gg/statistics/population
population,2024-08-18,오로라,24878,True,https://chuchu.gg/statistics/population
population,2024-08-18,크로아,43796,True,https://chuchu.gg/statistics/population
population,2024-08-18,스카니아,67386,True,https://chuchu.gg/statistics/population
population,2024-08-18,유니온,5014,True,https://chuchu.gg/statistics/population
population,2024-08-18,제니스,4034,True,https://chuchu.gg/statistics/population
population,2024-08-18,루나,61694,True,https://chuchu.gg/statistics/population
population,2024-08-18,노바,764,True,https://chuchu.gg/statistics/population
population,2024-08-18,아케인,1079,True,https://chuchu.gg/statistics/population
population,2024-08-18,이노시스,4894,True,https://chuchu.gg/statistics/population
population,2024-08-18,레드,2696,True,https://chuchu.gg/statistics/population
population,2024-08-18,에오스,24132,True,https://chuchu.gg/statistics/population
population,2024-08-18,핼리오스,11937,True,https://chuchu.gg/statistics/population
population,2024-08-11,베라,37782,True,https://chuchu.gg/statistics/population
population,2024-08-11,엘리시움,49698,True,https://chuchu.gg/statistics/population
population,2024-08-11,오로라,24656,True,https://chuchu.gg/statistics/population
population,2024-08-11,크로아,43237,True,https://chuchu.gg/statistics/population
population,2024-08-11,스카니아,66343,True,https://chuchu.gg/statistics/population
population,2024-08-11,유니온,4975,True,https://chuchu.gg/statistics/population
population,2024-08-11,제니스,3959,True,https://chuchu.gg/statistics/population
population,2024-08-11,루나,60717,True,https://chuchu.gg/statistics/population
population,2024-08-11,노바,780,True,https://chuchu.gg/statistics/population
population,2024-08-11,아케인,1055,True,https://chuchu.gg/statistics/population
population,2024-08-11,이노시스,4802,True,https://chuchu.gg/statistics/population
population,2024-08-11,레드,2649,True,https://chuchu.gg/statistics/population
population,2024-08-11,에오스,26066,True,https://chuchu.gg/statistics/population
population,2024-08-11,핼리오스,13030,True,https://chuchu.gg/statistics/population
population,2024-08-04,베라,38307,True,https://chuchu.gg/statistics/population
population,2024-08-04,엘리시움,49780,True,https://chuchu.gg/statistics/population
population,2024-08-04,오로라,24909,True,https://chuchu.gg/statistics/population
population,2024-08-04,크로아,43298,True,https://chuchu.gg/statistics/population
population,2024-08-04,스카니아,66414,True,https://chuchu.gg/statistics/population
population,2024-08-04,유니온,4948,True,https://chuchu.gg/statistics/population
population,2024-08-04,제니스,4024,True,https://chuchu.gg/statistics/population
population,2024-08-04,루나,60748,True,https://chuchu.gg/statistics/population
population,2024-08-04,노바,759,True,https://chuchu.gg/statistics/population
population,2024-08-04,아케인,1057,True,https://chuchu.gg/statistics/population
population,2024-08-04,이노시스,4822,True,https://chuchu.gg/statistics/population
population,2024-08-04,레드,2646,True,https://chuchu.gg/statistics/population
population,2024-08-04,에오스,15845,True,https://chuchu.gg/statistics/population
population,2024-08-04,핼리오스,7837,True,https://chuchu.gg/statistics/population
population,2024-07-28,이노시스,4838,True,https://chuchu.gg/statistics/population
population,2024-07-28,엘리시움,49797,True,https://chuchu.gg/statistics/population
population,2024-07-28,오로라,25132,True,https://chuchu.gg/statistics/population
population,2024-07-28,크로아,43518,True,https://chuchu.gg/statistics/population
population,2024-07-28,베라,38514,True,https://chuchu.gg/statistics/population
population,2024-07-28,루나,60744,True,https://chuchu.gg/statistics/population
population,2024-07-28,스카니아,66184,True,https://chuchu.gg/statistics/population
population,2024-07-28,유니온,4950,True,https://chuchu.gg/statistics/population
population,2024-07-28,레드,2664,True,https://chuchu.gg/statistics/population
population,2024-07-28,제니스,3972,True,https://chuchu.gg/statistics/population
population,2024-07-28,노바,757,True,https://chuchu.gg/statistics/population
population,2024-07-28,아케인,1016,True,https://chuchu.gg/statistics/population
population,2024-07-28,에오스,16223,True,https://chuchu.gg/statistics/population
population,2024-07-28,핼리오스,8024,True,https://chuchu.gg/statistics/population
population,2024-07-21,엘리시움,49730,True,https://chuchu.gg/statistics/population
population,2024-07-21,유니온,4967,True,https://chuchu.gg/statistics/population
population,2024-07-21,크로아,43444,True,https://chuchu.gg/statistics/population
population,2024-07-21,오로라,25205,True,https://chuchu.gg/statistics/population
population,2024-07-21,베라,38394,True,https://chuchu.gg/statistics/population
population,2024-07-21,루나,60463,True,https://chuchu.gg/statistics/population
population,2024-07-21,이노시스,4905,True,https://chuchu.gg/statistics/population
population,2024-07-21,스카니아,65559,True,https://chuchu.gg/statistics/population
population,2024-07-21,제니스,4017,True,https://chuchu.gg/statistics/population
population,2024-07-21,아케인,1058,True,https://chuchu.gg/statistics/population
population,2024-07-21,노바,791,True,https://chuchu.gg/statistics/population
population,2024-07-21,레드,2709,True,https://chuchu.gg/statistics/population
population,2024-07-21,에오스,16244,True,https://chuchu.gg/statistics/population
population,2024-07-21,핼리오스,8251,True,https://chuchu.gg/statistics/population
population,2024-07-14,엘리시움,49857,True,https://chuchu.gg/statistics/population
population,2024-07-14,루나,60386,True,https://chuchu.gg/statistics/population
population,2024-07-14,베라,38933,True,https://chuchu.gg/statistics/population
population,2024-07-14,스카니아,65319,True,https://chuchu.gg/statistics/population
population,2024-07-14,유니온,4974,True,https://chuchu.gg/statistics/population
population,2024-07-14,크로아,43693,True,https://chuchu.gg/statistics/population
population,2024-07-14,제니스,4034,True,https://chuchu.gg/statistics/population
population,2024-07-14,이노시스,4960,True,https://chuchu.gg/statistics/population
population,2024-07-14,오로라,25754,True,https://chuchu.gg/statistics/population
population,2024-07-14,레드,2694,True,https://chuchu.gg/statistics/population
population,2024-07-14,아케인,1099,True,https://chuchu.gg/statistics/population
population,2024-07-14,노바,778,True,https://chuchu.gg/statistics/population
population,2024-07-14,에오스,16842,True,https://chuchu.gg/statistics/population
population,2024-07-14,핼리오스,8666,True,https://chuchu.gg/statistics/population
population,2024-07-07,크로아,44733,True,https://chuchu.gg/statistics/population
population,2024-07-07,루나,61784,True,https://chuchu.gg/statistics/population
population,2024-07-07,스카니아,66754,True,https://chuchu.gg/statistics/population
population,2024-07-07,유니온,5128,True,https://chuchu.gg/statistics/population
population,2024-07-07,엘리시움,51341,True,https://chuchu.gg/statistics/population
population,2024-07-07,오로라,26726,True,https://chuchu.gg/statistics/population
population,2024-07-07,베라,40269,True,https://chuchu.gg/statistics/population
population,2024-07-07,제니스,4168,True,https://chuchu.gg/statistics/population
population,2024-07-07,레드,2782,True,https://chuchu.gg/statistics/population
population,2024-07-07,아케인,1162,True,https://chuchu.gg/statistics/population
population,2024-07-07,이노시스,5113,True,https://chuchu.gg/statistics/population
population,2024-07-07,노바,870,True,https://chuchu.gg/statistics/population
population,2024-07-07,에오스,17794,True,https://chuchu.gg/statistics/population
population,2024-07-07,핼리오스,9129,True,https://chuchu.gg/statistics/population
population,2024-06-30,오로라,28629,True,https://chuchu.gg/statistics/population
population,2024-06-30,유니온,5376,True,https://chuchu.gg/statistics/population
population,2024-06-30,베라,41892,True,https://chuchu.gg/statistics/population
population,2024-06-30,엘리시움,53993,True,https://chuchu.gg/statistics/population
population,2024-06-30,스카니아,70843,True,https://chuchu.gg/statistics/population
population,2024-06-30,크로아,47455,True,https://chuchu.gg/statistics/population
population,2024-06-30,루나,65320,True,https://chuchu.gg/statistics/population
population,2024-06-30,레드,2924,True,https://chuchu.gg/statistics/population
population,2024-06-30,제니스,4338,True,https://chuchu.gg/statistics/population
population,2024-06-30,이노시스,5373,True,https://chuchu.gg/statistics/population
population,2024-06-30,아케인,1200,True,https://chuchu.gg/statistics/population
population,2024-06-30,노바,860,True,https://chuchu.gg/statistics/population
population,2024-06-30,에오스,20233,True,https://chuchu.gg/statistics/population
population,2024-06-30,핼리오스,10723,True,https://chuchu.gg/statistics/population
population,2024-06-23,루나,67443,True,https://chuchu.gg/statistics/population
population,2024-06-23,엘리시움,55468,True,https://chuchu.gg/statistics/population
population,2024-06-23,스카니아,73047,True,https://chuchu.gg/statistics/population
population,2024-06-23,베라,41225,True,https://chuchu.gg/statistics/population
population,2024-06-23,오로라,29398,True,https://chuchu.gg/statistics/population
population,2024-06-23,크로아,48870,True,https://chuchu.gg/statistics/population
population,2024-06-23,제니스,4413,True,https://chuchu.gg/statistics/population
population,2024-06-23,이노시스,5592,True,https://chuchu.gg/statistics/population
population,2024-06-23,유니온,5467,True,https://chuchu.gg/statistics/population
population,2024-06-23,레드,3082,True,https://chuchu.gg/statistics/population
population,2024-06-23,아케인,1263,True,https://chuchu.gg/statistics/population
population,2024-06-23,노바,897,True,https://chuchu.gg/statistics/population
population,2024-06-23,에오스,21614,True,https://chuchu.gg/statistics/population
population,2024-06-23,핼리오스,11389,True,https://chuchu.gg/statistics/population
population,2024-06-16,이노시스,4989,True,https://chuchu.gg/statistics/population
population,2024-06-16,베라,32229,True,https://chuchu.gg/statistics/population
population,2024-06-16,엘리시움,48499,True,https://chuchu.gg/statistics/population
population,2024-06-16,루나,58608,True,https://chuchu.gg/statistics/population
population,2024-06-16,크로아,42035,True,https://chuchu.gg/statistics/population
population,2024-06-16,스카니아,63182,True,https://chuchu.gg/statistics/population
population,2024-06-16,유니온,5031,True,https://chuchu.gg/statistics/population
population,2024-06-16,오로라,24186,True,https://chuchu.gg/statistics/population
population,2024-06-16,제니스,4013,True,https://chuchu.gg/statistics/population
population,2024-06-16,아케인,1171,True,https://chuchu.gg/statistics/population
population,2024-06-16,레드,2817,True,https://chuchu.gg/statistics/population
population,2024-06-16,노바,811,True,https://chuchu.gg/statistics/population
population,2024-06-16,에오스,18513,True,https://chuchu.gg/statistics/population
population,2024-06-16,핼리오스,9538,True,https://chuchu.gg/statistics/population
population,2024-06-09,스카니아,60789,True,https://chuchu.gg/statistics/population
population,2024-06-09,베라,31233,True,https://chuchu.gg/statistics/population
population,2024-06-09,엘리시움,47806,True,https://chuchu.gg/statistics/population
population,2024-06-09,크로아,41469,True,https://chuchu.gg/statistics/population
population,2024-06-09,제니스,4037,True,https://chuchu.gg/statistics/population
population,2024-06-09,루나,57328,True,https://chuchu.gg/statistics/population
population,2024-06-09,이노시스,4937,True,https://chuchu.gg/statistics/population
population,2024-06-09,유니온,5031,True,https://chuchu.gg/statistics/population
population,2024-06-09,오로라,23338,True,https://chuchu.gg/statistics/population
population,2024-06-09,레드,2791,True,https://chuchu.gg/statistics/population
population,2024-06-09,아케인,1173,True,https://chuchu.gg/statistics/population
population,2024-06-09,노바,783,True,https://chuchu.gg/statistics/population
population,2024-06-09,에오스,17981,True,https://chuchu.gg/statistics/population
population,2024-06-09,핼리오스,9284,True,https://chuchu.gg/statistics/population
population,2024-06-02,베라,27739,True,https://chuchu.gg/statistics/population
population,2024-06-02,스카니아,54012,True,https://chuchu.gg/statistics/population
population,2024-06-02,크로아,36341,True,https://chuchu.gg/statistics/population
population,2024-06-02,엘리시움,42647,True,https://chuchu.gg/statistics/population
population,2024-06-02,이노시스,4026,True,https://chuchu.gg/statistics/population
population,2024-06-02,유니온,4462,True,https://chuchu.gg/statistics/population
population,2024-06-02,루나,51677,True,https://chuchu.gg/statistics/population
population,2024-06-02,제니스,3493,True,https://chuchu.gg/statistics/population
population,2024-06-02,오로라,19157,True,https://chuchu.gg/statistics/population
population,2024-06-02,레드,2193,True,https://chuchu.gg/statistics/population
population,2024-06-02,아케인,885,True,https://chuchu.gg/statistics/population
population,2024-06-02,노바,639,True,https://chuchu.gg/statistics/population
population,2024-06-02,에오스,15201,True,https://chuchu.gg/statistics/population
population,2024-06-02,핼리오스,7800,True,https://chuchu.gg/statistics/population
population,2024-05-26,베라,25185,True,https://chuchu.gg/statistics/population
population,2024-05-26,스카니아,48877,True,https://chuchu.gg/statistics/population
population,2024-05-26,크로아,33492,True,https://chuchu.gg/statistics/population
population,2024-05-26,엘리시움,39114,True,https://chuchu.gg/statistics/population
population,2024-05-26,이노시스,3853,True,https://chuchu.gg/statistics/population
population,2024-05-26,유니온,4094,True,https://chuchu.gg/statistics/population
population,2024-05-26,루나,47400,True,https://chuchu.gg/statistics/population
population,2024-05-26,제니스,3316,True,https://chuchu.gg/statistics/population
population,2024-05-26,오로라,17806,True,https://chuchu.gg/statistics/population
population,2024-05-26,레드,2120,True,https://chuchu.gg/statistics/population
population,2024-05-26,아케인,894,True,https://chuchu.gg/statistics/population
population,2024-05-26,노바,623,True,https://chuchu.gg/statistics/population
population,2024-05-26,에오스,13514,True,https://chuchu.gg/statistics/population
population,2024-05-26,핼리오스,6853,True,https://chuchu.gg/statistics/population
population,2024-05-19,베라,25451,True,https://chuchu.gg/statistics/population
population,2024-05-19,스카니아,49301,True,https://chuchu.gg/statistics/population
population,2024-05-19,크로아,33703,True,https://chuchu.gg/statistics/population
population,2024-05-19,엘리시움,39407,True,https://chuchu.gg/statistics/population
population,2024-05-19,이노시스,3909,True,https://chuchu.gg/statistics/population
population,2024-05-19,유니온,4130,True,https://chuchu.gg/statistics/population
population,2024-05-19,루나,47535,True,https://chuchu.gg/statistics/population
population,2024-05-19,제니스,3361,True,https://chuchu.gg/statistics/population
population,2024-05-19,오로라,18154,True,https://chuchu.gg/statistics/population
population,2024-05-19,레드,2129,True,https://chuchu.gg/statistics/population
population,2024-05-19,아케인,914,True,https://chuchu.gg/statistics/population
population,2024-05-19,노바,623,True,https://chuchu.gg/statistics/population
population,2024-05-19,에오스,13768,True,https://chuchu.gg/statistics/population
population,2024-05-19,핼리오스,7051,True,https://chuchu.gg/statistics/population
population,2024-05-12,베라,26077,True,https://chuchu.gg/statistics/population
population,2024-05-12,스카니아,50426,True,https://chuchu.gg/statistics/population
population,2024-05-12,크로아,34626,True,https://chuchu.gg/statistics/population
population,2024-05-12,엘리시움,40226,True,https://chuchu.gg/statistics/population
population,2024-05-12,이노시스,4053,True,https://chuchu.gg/statistics/population
population,2024-05-12,유니온,4280,True,https://chuchu.gg/statistics/population
population,2024-05-12,루나,48676,True,https://chuchu.gg/statistics/population
population,2024-05-12,제니스,3393,True,https://chuchu.gg/statistics/population
population,2024-05-12,오로라,18670,True,https://chuchu.gg/statistics/population
population,2024-05-12,레드,2183,True,https://chuchu.gg/statistics/population
population,2024-05-12,아케인,903,True,https://chuchu.gg/statistics/population
population,2024-05-12,노바,639,True,https://chuchu.gg/statistics/population
population,2024-05-12,에오스,14491,True,https://chuchu.gg/statistics/population
population,2024-05-12,핼리오스,7351,True,https://chuchu.gg/statistics/population
population,2024-05-05,베라,26742,True,https://chuchu.gg/statistics/population
population,2024-05-05,스카니아,51553,True,https://chuchu.gg/statistics/population
population,2024-05-05,크로아,35686,True,https://chuchu.gg/statistics/population
population,2024-05-05,엘리시움,41475,True,https://chuchu.gg/statistics/population
population,2024-05-05,이노시스,4125,True,https://chuchu.gg/statistics/population
population,2024-05-05,유니온,4351,True,https://chuchu.gg/statistics/population
population,2024-05-05,루나,49932,True,https://chuchu.gg/statistics/population
population,2024-05-05,제니스,3489,True,https://chuchu.gg/statistics/population
population,2024-05-05,오로라,19267,True,https://chuchu.gg/statistics/population
population,2024-05-05,레드,2235,True,https://chuchu.gg/statistics/population
population,2024-05-05,아케인,953,True,https://chuchu.gg/statistics/population
population,2024-05-05,노바,685,True,https://chuchu.gg/statistics/population
population,2024-05-05,에오스,15298,True,https://chuchu.gg/statistics/population
population,2024-05-05,핼리오스,7821,True,https://chuchu.gg/statistics/population
population,2024-04-28,베라,27160,True,https://chuchu.gg/statistics/population
population,2024-04-28,스카니아,52465,True,https://chuchu.gg/statistics/population
population,2024-04-28,크로아,36190,True,https://chuchu.gg/statistics/population
population,2024-04-28,엘리시움,41874,True,https://chuchu.gg/statistics/population
population,2024-04-28,이노시스,4172,True,https://chuchu.gg/statistics/population
population,2024-04-28,유니온,4396,True,https://chuchu.gg/statistics/population
population,2024-04-28,루나,50572,True,https://chuchu.gg/statistics/population
population,2024-04-28,제니스,3487,True,https://chuchu.gg/statistics/population
population,2024-04-28,오로라,19619,True,https://chuchu.gg/statistics/population
population,2024-04-28,레드,2243,True,https://chuchu.gg/statistics/population
population,2024-04-28,아케인,951,True,https://chuchu.gg/statistics/population
population,2024-04-28,노바,698,True,https://chuchu.gg/statistics/population
population,2024-04-28,에오스,15697,True,https://chuchu.gg/statistics/population
population,2024-04-28,핼리오스,7987,True,https://chuchu.gg/statistics/population
population,2024-04-21,베라,26440,True,https://chuchu.gg/statistics/population
population,2024-04-21,스카니아,50124,True,https://chuchu.gg/statistics/population
population,2024-04-21,크로아,35151,True,https://chuchu.gg/statistics/population
population,2024-04-21,엘리시움,40673,True,https://chuchu.gg/statistics/population
population,2024-04-21,이노시스,4125,True,https://chuchu.gg/statistics/population
population,2024-04-21,유니온,4291,True,https://chuchu.gg/statistics/population
population,2024-04-21,루나,48836,True,https://chuchu.gg/statistics/population
population,2024-04-21,제니스,3404,True,https://chuchu.gg/statistics/population
population,2024-04-21,레드,2130,True,https://chuchu.gg/statistics/population
population,2024-04-21,오로라,18773,True,https://chuchu.gg/statistics/population
population,2024-04-21,아케인,931,True,https://chuchu.gg/statistics/population
population,2024-04-21,노바,662,True,https://chuchu.gg/statistics/population
population,2024-04-21,에오스,15570,True,https://chuchu.gg/statistics/population
population,2024-04-21,핼리오스,7921,True,https://chuchu.gg/statistics/population
population,2024-04-14,베라,23023,True,https://chuchu.gg/statistics/population
population,2024-04-14,스카니아,43468,True,https://chuchu.gg/statistics/population
population,2024-04-14,크로아,30301,True,https://chuchu.gg/statistics/population
population,2024-04-14,엘리시움,35392,True,https://chuchu.gg/statistics/population
population,2024-04-14,이노시스,3535,True,https://chuchu.gg/statistics/population
population,2024-04-14,유니온,3725,True,https://chuchu.gg/statistics/population
population,2024-04-14,루나,42468,True,https://chuchu.gg/statistics/population
population,2024-04-14,제니스,3019,True,https://chuchu.gg/statistics/population
population,2024-04-14,레드,1897,True,https://chuchu.gg/statistics/population
population,2024-04-14,오로라,16417,True,https://chuchu.gg/statistics/population
population,2024-04-14,아케인,852,True,https://chuchu.gg/statistics/population
population,2024-04-14,노바,583,True,https://chuchu.gg/statistics/population
population,2024-04-14,에오스,13886,True,https://chuchu.gg/statistics/population
population,2024-04-14,핼리오스,7086,True,https://chuchu.gg/statistics/population
population,2024-04-07,베라,25808,True,https://chuchu.gg/statistics/population
population,2024-04-07,스카니아,47943,True,https://chuchu.gg/statistics/population
population,2024-04-07,크로아,33482,True,https://chuchu.gg/statistics/population
population,2024-04-07,엘리시움,39456,True,https://chuchu.gg/statistics/population
population,2024-04-07,이노시스,3972,True,https://chuchu.gg/statistics/population
population,2024-04-07,유니온,4298,True,https://chuchu.gg/statistics/population
population,2024-04-07,루나,47139,True,https://chuchu.gg/statistics/population
population,2024-04-07,제니스,3507,True,https://chuchu.gg/statistics/population
population,2024-04-07,레드,2137,True,https://chuchu.gg/statistics/population
population,2024-04-07,오로라,18096,True,https://chuchu.gg/statistics/population
population,2024-04-07,아케인,987,True,https://chuchu.gg/statistics/population
population,2024-04-07,노바,655,True,https://chuchu.gg/statistics/population
population,2024-04-07,에오스,15955,True,https://chuchu.gg/statistics/population
population,2024-04-07,핼리오스,8135,True,https://chuchu.gg/statistics/population
population,2024-03-31,베라,27847,True,https://chuchu.gg/statistics/population
population,2024-03-31,스카니아,52251,True,https://chuchu.gg/statistics/population
population,2024-03-31,크로아,35958,True,https://chuchu.gg/statistics/population
population,2024-03-31,엘리시움,42478,True,https://chuchu.gg/statistics/population
population,2024-03-31,이노시스,4235,True,https://chuchu.gg/statistics/population
population,2024-03-31,유니온,4637,True,https://chuchu.gg/statistics/population
population,2024-03-31,루나,51145,True,https://chuchu.gg/statistics/population
population,2024-03-31,제니스,3684,True,https://chuchu.gg/statistics/population
population,2024-03-31,레드,2283,True,https://chuchu.gg/statistics/population
population,2024-03-31,오로라,19438,True,https://chuchu.gg/statistics/population
population,2024-03-31,아케인,1049,True,https://chuchu.gg/statistics/population
population,2024-03-31,노바,703,True,https://chuchu.gg/statistics/population
population,2024-03-31,에오스,16230,True,https://chuchu.gg/statistics/population
population,2024-03-31,핼리오스,8230,True,https://chuchu.gg/statistics/population
population,2024-03-24,베라,32166,True,https://chuchu.gg/statistics/population
population,2024-03-24,스카니아,58862,True,https://chuchu.gg/statistics/population
population,2024-03-24,크로아,41104,True,https://chuchu.gg/statistics/population
population,2024-03-24,엘리시움,48616,True,https://chuchu.gg/statistics/population
population,2024-03-24,이노시스,4959,True,https://chuchu.gg/statistics/population
population,2024-03-24,유니온,5249,True,https://chuchu.gg/statistics/population
population,2024-03-24,루나,57750,True,https://chuchu.gg/statistics/population
population,2024-03-24,제니스,4272,True,https://chuchu.gg/statistics/population
population,2024-03-24,레드,2756,True,https://chuchu.gg/statistics/population
population,2024-03-24,오로라,22974,True,https://chuchu.gg/statistics/population
population,2024-03-24,아케인,1291,True,https://chuchu.gg/statistics/population
population,2024-03-24,노바,858,True,https://chuchu.gg/statistics/population
population,2024-03-24,에오스,19318,True,https://chuchu.gg/statistics/population
population,2024-03-24,핼리오스,9875,True,https://chuchu.gg/statistics/population
population,2024-03-17,베라,27040,True,https://chuchu.gg/statistics/population
population,2024-03-17,스카니아,49231,True,https://chuchu.gg/statistics/population
population,2024-03-17,크로아,34474,True,https://chuchu.gg/statistics/population
population,2024-03-17,엘리시움,40688,True,https://chuchu.gg/statistics/population
population,2024-03-17,이노시스,3976,True,https://chuchu.gg/statistics/population
population,2024-03-17,유니온,4196,True,https://chuchu.gg/statistics/population
population,2024-03-17,루나,48653,True,https://chuchu.gg/statistics/population
population,2024-03-17,제니스,3423,True,https://chuchu.gg/statistics/population
population,2024-03-17,레드,2158,True,https://chuchu.gg/statistics/population
population,2024-03-17,오로라,18957,True,https://chuchu.gg/statistics/population
population,2024-03-17,아케인,1005,True,https://chuchu.gg/statistics/population
population,2024-03-17,노바,634,True,https://chuchu.gg/statistics/population
population,2024-03-17,에오스,16541,True,https://chuchu.gg/statistics/population
population,2024-03-17,핼리오스,8575,True,https://chuchu.gg/statistics/population
population,2024-03-10,베라,28181,True,https://chuchu.gg/statistics/population
population,2024-03-10,스카니아,50955,True,https://chuchu.gg/statistics/population
population,2024-03-10,크로아,35760,True,https://chuchu.gg/statistics/population
population,2024-03-10,이노시스,4134,True,https://chuchu.gg/statistics/population
population,2024-03-10,엘리시움,42032,True,https://chuchu.gg/statistics/population
population,2024-03-10,유니온,4332,True,https://chuchu.gg/statistics/population
population,2024-03-10,루나,50441,True,https://chuchu.gg/statistics/population
population,2024-03-10,제니스,3512,True,https://chuchu.gg/statistics/population
population,2024-03-10,레드,2231,True,https://chuchu.gg/statistics/population
population,2024-03-10,오로라,19919,True,https://chuchu.gg/statistics/population
population,2024-03-10,아케인,1038,True,https://chuchu.gg/statistics/population
population,2024-03-10,노바,670,True,https://chuchu.gg/statistics/population
population,2024-03-10,에오스,17886,True,https://chuchu.gg/statistics/population
population,2024-03-10,핼리오스,9425,True,https://chuchu.gg/statistics/population
population,2024-03-03,베라,27228,True,https://chuchu.gg/statistics/population
population,2024-03-03,스카니아,48108,True,https://chuchu.gg/statistics/population
population,2024-03-03,크로아,34384,True,https://chuchu.gg/statistics/population
population,2024-03-03,이노시스,3987,True,https://chuchu.gg/statistics/population
population,2024-03-03,엘리시움,40145,True,https://chuchu.gg/statistics/population
population,2024-03-03,유니온,4076,True,https://chuchu.gg/statistics/population
population,2024-03-03,루나,47694,True,https://chuchu.gg/statistics/population
population,2024-03-03,제니스,3329,True,https://chuchu.gg/statistics/population
population,2024-03-03,레드,2169,True,https://chuchu.gg/statistics/population
population,2024-03-03,오로라,19339,True,https://chuchu.gg/statistics/population
population,2024-03-03,아케인,1041,True,https://chuchu.gg/statistics/population
population,2024-03-03,노바,659,True,https://chuchu.gg/statistics/population
population,2024-03-03,에오스,17847,True,https://chuchu.gg/statistics/population
population,2024-03-03,핼리오스,9531,True,https://chuchu.gg/statistics/population
population,2024-02-25,베라,26016,True,https://chuchu.gg/statistics/population
population,2024-02-25,스카니아,44534,True,https://chuchu.gg/statistics/population
population,2024-02-25,크로아,32648,True,https://chuchu.gg/statistics/population
population,2024-02-25,이노시스,3820,True,https://chuchu.gg/statistics/population
population,2024-02-25,엘리시움,38390,True,https://chuchu.gg/statistics/population
population,2024-02-25,유니온,3947,True,https://chuchu.gg/statistics/population
population,2024-02-25,루나,44933,True,https://chuchu.gg/statistics/population
population,2024-02-25,제니스,3242,True,https://chuchu.gg/statistics/population
population,2024-02-25,레드,2127,True,https://chuchu.gg/statistics/population
population,2024-02-25,오로라,18607,True,https://chuchu.gg/statistics/population
population,2024-02-25,아케인,961,True,https://chuchu.gg/statistics/population
population,2024-02-25,노바,613,True,https://chuchu.gg/statistics/population
population,2024-02-25,에오스,18367,True,https://chuchu.gg/statistics/population
population,2024-02-25,핼리오스,9826,True,https://chuchu.gg/statistics/population
population,2024-02-18,베라,26491,True,https://chuchu.gg/statistics/population
population,2024-02-18,스카니아,44952,True,https://chuchu.gg/statistics/population
population,2024-02-18,크로아,33396,True,https://chuchu.gg/statistics/population
population,2024-02-18,이노시스,3805,True,https://chuchu.gg/statistics/population
population,2024-02-18,엘리시움,38871,True,https://chuchu.gg/statistics/population
population,2024-02-18,유니온,3951,True,https://chuchu.gg/statistics/population
population,2024-02-18,루나,45438,True,https://chuchu.gg/statistics/population
population,2024-02-18,제니스,3252,True,https://chuchu.gg/statistics/population
population,2024-02-18,레드,2092,True,https://chuchu.gg/statistics/population
population,2024-02-18,오로라,18974,True,https://chuchu.gg/statistics/population
population,2024-02-18,아케인,980,True,https://chuchu.gg/statistics/population
population,2024-02-18,노바,612,True,https://chuchu.gg/statistics/population
population,2024-02-18,에오스,20615,True,https://chuchu.gg/statistics/population
population,2024-02-18,핼리오스,11112,True,https://chuchu.gg/statistics/population
population,2024-02-11,베라,27328,True,https://chuchu.gg/statistics/population
population,2024-02-11,스카니아,46003,True,https://chuchu.gg/statistics/population
population,2024-02-11,크로아,34068,True,https://chuchu.gg/statistics/population
population,2024-02-11,이노시스,3934,True,https://chuchu.gg/statistics/population
population,2024-02-11,엘리시움,39782,True,https://chuchu.gg/statistics/population
population,2024-02-11,유니온,3981,True,https://chuchu.gg/statistics/population
population,2024-02-11,루나,46528,True,https://chuchu.gg/statistics/population
population,2024-02-11,제니스,3324,True,https://chuchu.gg/statistics/population
population,2024-02-11,레드,2159,True,https://chuchu.gg/statistics/population
population,2024-02-11,오로라,19777,True,https://chuchu.gg/statistics/population
population,2024-02-11,아케인,983,True,https://chuchu.gg/statistics/population
population,2024-02-11,노바,642,True,https://chuchu.gg/statistics/population
population,2024-02-11,에오스,22743,True,https://chuchu.gg/statistics/population
population,2024-02-11,핼리오스,12153,True,https://chuchu.gg/statistics/population
population,2024-02-04,베라,28804,True,https://chuchu.gg/statistics/population
population,2024-02-04,스카니아,47794,True,https://chuchu.gg/statistics/population
population,2024-02-04,크로아,35628,True,https://chuchu.gg/statistics/population
population,2024-02-04,이노시스,4139,True,https://chuchu.gg/statistics/population
population,2024-02-04,엘리시움,41691,True,https://chuchu.gg/statistics/population
population,2024-02-04,유니온,4086,True,https://chuchu.gg/statistics/population
population,2024-02-04,루나,48007,True,https://chuchu.gg/statistics/population
population,2024-02-04,제니스,3445,True,https://chuchu.gg/statistics/population
population,2024-02-04,레드,2264,True,https://chuchu.gg/statistics/population
population,2024-02-04,오로라,20987,True,https://chuchu.gg/statistics/population
population,2024-02-04,아케인,1010,True,https://chuchu.gg/statistics/population
population,2024-02-04,노바,653,True,https://chuchu.gg/statistics/population
population,2024-02-04,에오스,25839,True,https://chuchu.gg/statistics/population
population,2024-02-04,핼리오스,14086,True,https://chuchu.gg/statistics/population
population,2024-01-28,베라,32339,True,https://chuchu.gg/statistics/population
population,2024-01-28,스카니아,53393,True,https://chuchu.gg/statistics/population
population,2024-01-28,크로아,40278,True,https://chuchu.gg/statistics/population
population,2024-01-28,이노시스,4670,True,https://chuchu.gg/statistics/population
population,2024-01-28,엘리시움,46503,True,https://chuchu.gg/statistics/population
population,2024-01-28,유니온,4560,True,https://chuchu.gg/statistics/population
population,2024-01-28,루나,53979,True,https://chuchu.gg/statistics/population
population,2024-01-28,제니스,3691,True,https://chuchu.gg/statistics/population
population,2024-01-28,레드,2592,True,https://chuchu.gg/statistics/population
population,2024-01-28,오로라,24116,True,https://chuchu.gg/statistics/population
population,2024-01-28,아케인,1149,True,https://chuchu.gg/statistics/population
population,2024-01-28,노바,693,True,https://chuchu.gg/statistics/population
population,2024-01-28,에오스,35805,True,https://chuchu.gg/statistics/population
population,2024-01-28,핼리오스,19869,True,https://chuchu.gg/statistics/population
population,2024-01-21,베라,34994,True,https://chuchu.gg/statistics/population
population,2024-01-21,스카니아,57539,True,https://chuchu.gg/statistics/population
population,2024-01-21,크로아,43493,True,https://chuchu.gg/statistics/population
population,2024-01-21,이노시스,5155,True,https://chuchu.gg/statistics/population
population,2024-01-21,엘리시움,49937,True,https://chuchu.gg/statistics/population
population,2024-01-21,루나,57904,True,https://chuchu.gg/statistics/population
population,2024-01-21,유니온,4901,True,https://chuchu.gg/statistics/population
population,2024-01-21,제니스,4034,True,https://chuchu.gg/statistics/population
population,2024-01-21,레드,2758,True,https://chuchu.gg/statistics/population
population,2024-01-21,오로라,26633,True,https://chuchu.gg/statistics/population
population,2024-01-21,아케인,1207,True,https://chuchu.gg/statistics/population
population,2024-01-21,노바,731,True,https://chuchu.gg/statistics/population
population,2024-01-21,에오스,46930,True,https://chuchu.gg/statistics/population
population,2024-01-21,핼리오스,25889,True,https://chuchu.gg/statistics/population
population,2024-01-14,베라,40131,True,https://chuchu.gg/statistics/population
population,2024-01-14,스카니아,66745,True,https://chuchu.gg/statistics/population
population,2024-01-14,크로아,50465,True,https://chuchu.gg/statistics/population
population,2024-01-14,이노시스,5910,True,https://chuchu.gg/statistics/population
population,2024-01-14,엘리시움,57539,True,https://chuchu.gg/statistics/population
population,2024-01-14,루나,66588,True,https://chuchu.gg/statistics/population
population,2024-01-14,유니온,5559,True,https://chuchu.gg/statistics/population
population,2024-01-14,제니스,4508,True,https://chuchu.gg/statistics/population
population,2024-01-14,레드,3156,True,https://chuchu.gg/statistics/population
population,2024-01-14,오로라,31611,True,https://chuchu.gg/statistics/population
population,2024-01-14,아케인,1366,True,https://chuchu.gg/statistics/population
population,2024-01-14,노바,888,True,https://chuchu.gg/statistics/population
population,2024-01-14,에오스,65936,True,https://chuchu.gg/statistics/population
population,2024-01-14,핼리오스,36998,True,https://chuchu.gg/statistics/population
population,2024-01-07,베라,35383,True,https://chuchu.gg/statistics/population
population,2024-01-07,스카니아,56955,True,https://chuchu.gg/statistics/population
population,2024-01-07,크로아,43150,True,https://chuchu.gg/statistics/population
population,2024-01-07,이노시스,5092,True,https://chuchu.gg/statistics/population
population,2024-01-07,엘리시움,49684,True,https://chuchu.gg/statistics/population
population,2024-01-07,루나,57701,True,https://chuchu.gg/statistics/population
population,2024-01-07,유니온,4910,True,https://chuchu.gg/statistics/population
population,2024-01-07,제니스,3945,True,https://chuchu.gg/statistics/population
population,2024-01-07,레드,2688,True,https://chuchu.gg/statistics/population
population,2024-01-07,오로라,27235,True,https://chuchu.gg/statistics/population
population,2024-01-07,아케인,1231,True,https://chuchu.gg/statistics/population
population,2024-01-07,노바,741,True,https://chuchu.gg/statistics/population
population,2024-01-07,에오스,70228,True,https://chuchu.gg/statistics/population
population,2024-01-07,핼리오스,39899,True,https://chuchu.gg/statistics/population
population,2023-12-31,베라,37952,True,https://chuchu.gg/statistics/population
population,2023-12-31,스카니아,64394,True,https://chuchu.gg/statistics/population
population,2023-12-31,크로아,48186,True,https://chuchu.gg/statistics/population
population,2023-12-31,이노시스,5782,True,https://chuchu.gg/statistics/population
population,2023-12-31,엘리시움,54752,True,https://chuchu.gg/statistics/population
population,2023-12-31,루나,64555,True,https://chuchu.gg/statistics/population
population,2023-12-31,유니온,5407,True,https://chuchu.gg/statistics/population
population,2023-12-31,제니스,4302,True,https://chuchu.gg/statistics/population
population,2023-12-31,레드,3086,True,https://chuchu.gg/statistics/population
population,2023-12-31,오로라,30320,True,https://chuchu.gg/statistics/population
population,2023-12-31,아케인,1343,True,https://chuchu.gg/statistics/population
population,2023-12-31,노바,834,True,https://chuchu.gg/statistics/population
population,2023-12-31,에오스,73683,True,https://chuchu.gg/statistics/population
population,2023-12-31,핼리오스,42566,True,https://chuchu.gg/statistics/population
populationChallenger,2025-12-04,챌린저스,44,True,https://chuchu.gg/statistics/population
populationChallenger,2025-12-04,챌린저스2,39,True,https://chuchu.gg/statistics/population
populationChallenger,2025-12-04,챌린저스3,34,True,https://chuchu.gg/statistics/population
populationChallenger,2025-12-04,챌린저스4,43,True,https://chuchu.gg/statistics/population
populationChallenger,2025-12-03,챌린저스,66,True,https://chuchu.gg/statistics/population
populationChallenger,2025-12-03,챌린저스2,45,True,https://chuchu.gg/statistics/population
populationChallenger,2025-12-03,챌린저스3,40,True,https://chuchu.gg/statistics/population
populationChallenger,2025-12-03,챌린저스4,52,True,https://chuchu.gg/statistics/population
populationChallenger,2025-12-02,챌린저스,75,True,https://chuchu.gg/statistics/population
populationChallenger,2025-12-02,챌린저스2,50,True,https://chuchu.gg/statistics/population
populationChallenger,2025-12-02,챌린저스3,56,True,https://chuchu.gg/statistics/population
populationChallenger,2025-12-02,챌린저스4,64,True,https://chuchu.gg/statistics/population
populationChallenger,2025-12-01,챌린저스,83,True,https://chuchu.gg/statistics/population
populationChallenger,2025-12-01,챌린저스2,55,True,https://chuchu.gg/statistics/population
populationChallenger,2025-12-01,챌린저스3,62,True,https://chuchu.gg/statistics/population
populationChallenger,2025-12-01,챌린저스4,64,True,https://chuchu.gg/statistics/population
populationChallenger,2025-11-30,챌린저스,115,True,https://chuchu.gg/statistics/population
populationChallenger,2025-11-30,챌린저스2,59,True,https://chuchu.gg/statistics/population
populationChallenger,2025-11-30,챌린저스3,70,True,https://chuchu.gg/statistics/population
populationChallenger,2025-11-30,챌린저스4,75,True,https://chuchu.gg/statistics/population
populationChallenger,2025-11-29,챌린저스,135,True,https://chuchu.gg/statistics/population
populationChallenger,2025-11-29,챌린저스2,70,True,https://chuchu.gg/statistics/population
populationChallenger,2025-11-29,챌린저스3,77,True,https://chuchu.gg/statistics/population
populationChallenger,2025-11-29,챌린저스4,83,True,https://chuchu.gg/statistics/population
populationChallenger,2025-11-28,챌린저스,167,True,https://chuchu.gg/statistics/population
populationChallenger,2025-11-28,챌린저스2,84,True,https://chuchu.gg/statistics/population
populationChallenger,2025-11-28,챌린저스3,83,True,https://chuchu.gg/statistics/population
populationChallenger,2025-11-28,챌린저스4,102,True,https://chuchu.gg/statistics/population
populationChallenger,2025-11-27,챌린저스,516,True,https://chuchu.gg/statistics/population
populationChallenger,2025-11-27,챌린저스2,296,True,https://chuchu.gg/statistics/population
populationChallenger,2025-11-27,챌린저스3,319,True,https://chuchu.gg/statistics/population
populationChallenger,2025-11-27,챌린저스4,289,True,https://chuchu.gg/statistics/population
populationChallenger,2025-11-26,챌린저스,1064,True,https://chuchu.gg/statistics/population
populationChallenger,2025-11-26,챌린저스2,634,True,https://chuchu.gg/statistics/population
populationChallenger,2025-11-26,챌린저스3,642,True,https://chuchu.gg/statistics/population
populationChallenger,2025-11-26,챌린저스4,588,True,https://chuchu.gg/statistics/population
populationChallenger,2025-11-25,챌린저스,1452,True,https://chuchu.gg/statistics/population
populationChallenger,2025-11-25,챌린저스2,853,True,https://chuchu.gg/statistics/population
populationChallenger,2025-11-25,챌린저스3,843,True,https://chuchu.gg/statistics/population
populationChallenger,2025-11-25,챌린저스4,807,True,https://chuchu.gg/statistics/population
populationChallenger,2025-11-24,챌린저스,1817,True,https://chuchu.gg/statistics/population
populationChallenger,2025-11-24,챌린저스2,1086,True,https://chuchu.gg/statistics/population
populationChallenger,2025-11-24,챌린저스3,1078,True,https://chuchu.gg/statistics/population
populationChallenger,2025-11-24,챌린저스4,1040,True,https://chuchu.gg/statistics/population
populationChallenger,2025-11-23,챌린저스,2377,True,https://chuchu.gg/statistics/population
populationChallenger,2025-11-23,챌린저스2,1433,True,https://chuchu.gg/statistics/population
populationChallenger,2025-11-23,챌린저스3,1442,True,https://chuchu.gg/statistics/population
populationChallenger,2025-11-23,챌린저스4,1423,True,https://chuchu.gg/statistics/population
populationChallenger,2025-11-22,챌린저스,3125,True,https://chuchu.gg/statistics/population
populationChallenger,2025-11-22,챌린저스2,1856,True,https://chuchu.gg/statistics/population
populationChallenger,2025-11-22,챌린저스3,1903,True,https://chuchu.gg/statistics/population
populationChallenger,2025-11-22,챌린저스4,1875,True,https://chuchu.gg/statistics/population
populationChallenger,2025-11-21,챌린저스,4079,True,https://chuchu.gg/statistics/population
populationChallenger,2025-11-21,챌린저스2,2496,True,https://chuchu.gg/statistics/population
populationChallenger,2025-11-21,챌린저스3,2562,True,https://chuchu.gg/statistics/population
populationChallenger,2025-11-21,챌린저스4,2505,True,https://chuchu.gg/statistics/population
populationChallenger,2025-11-20,챌린저스,7652,True,https://chuchu.gg/statistics/population
populationChallenger,2025-11-20,챌린저스2,4677,True,https://chuchu.gg/statistics/population
populationChallenger,2025-11-20,챌린저스3,4897,True,https://chuchu.gg/statistics/population
populationChallenger,2025-11-20,챌린저스4,4591,True,https://chuchu.gg/statistics/population
populationChallenger,2025-11-19,챌린저스,16922,True,https://chuchu.gg/statistics/population
populationChallenger,2025-11-19,챌린저스2,10655,True,https://chuchu.gg/statistics/population
populationChallenger,2025-11-19,챌린저스3,11375,True,https://chuchu.gg/statistics/population
populationChallenger,2025-11-19,챌린저스4,10407,True,https://chuchu.gg/statistics/population
populationChallenger,2025-11-18,챌린저스,22217,True,https://chuchu.gg/statistics/population
populationChallenger,2025-11-18,챌린저스2,14375,True,https://chuchu.gg/statistics/population
populationChallenger,2025-11-18,챌린저스3,15344,True,https://chuchu.gg/statistics/population
populationChallenger,2025-11-18,챌린저스4,13903,True,https://chuchu.gg/statistics/population
populationChallenger,2025-11-17,챌린저스,25825,True,https://chuchu.gg/statistics/population
populationChallenger,2025-11-17,챌린저스2,16988,True,https://chuchu.gg/statistics/population
populationChallenger,2025-11-17,챌린저스3,18107,True,https://chuchu.gg/statistics/population
populationChallenger,2025-11-17,챌린저스4,16602,True,https://chuchu.gg/statistics/population
populationChallenger,2025-11-16,챌린저스,30096,True,https://chuchu.gg/statistics/population
populationChallenger,2025-11-16,챌린저스2,20115,True,https://chuchu.gg/statistics/population
populationChallenger,2025-11-16,챌린저스3,21477,True,https://chuchu.gg/statistics/population
populationChallenger,2025-11-16,챌린저스4,19639,True,https://chuchu.gg/statistics/population
populationChallenger,2025-11-15,챌린저스,33143,True,https://chuchu.gg/statistics/population
populationChallenger,2025-11-15,챌린저스2,22316,True,https://chuchu.gg/statistics/population
populationChallenger,2025-11-15,챌린저스3,23857,True,https://chuchu.gg/statistics/population
populationChallenger,2025-11-15,챌린저스4,21739,True,https://chuchu.gg/statistics/population
populationChallenger,2025-11-14,챌린저스,35392,True,https://chuchu.gg/statistics/population
populationChallenger,2025-11-14,챌린저스2,23847,True,https://chuchu.gg/statistics/population
populationChallenger,2025-11-14,챌린저스3,25499,True,https://chuchu.gg/statistics/population
populationChallenger,2025-11-14,챌린저스4,23176,True,https://chuchu.gg/statistics/population
populationChallenger,2025-11-13,챌린저스,37892,True,https://chuchu.gg/statistics/population
populationChallenger,2025-11-13,챌린저스2,25764,True,https://chuchu.gg/statistics/population
populationChallenger,2025-11-13,챌린저스3,27392,True,https://chuchu.gg/statistics/population
populationChallenger,2025-11-13,챌린저스4,24837,True,https://chuchu.gg/statistics/population
populationChallenger,2025-11-12,챌린저스,39137,True,https://chuchu.gg/statistics/population
populationChallenger,2025-11-12,챌린저스2,26705,True,https://chuchu.gg/statistics/population
populationChallenger,2025-11-12,챌린저스3,28323,True,https://chuchu.gg/statistics/population
populationChallenger,2025-11-12,챌린저스4,25545,True,https://chuchu.gg/statistics/population
populationChallenger,2025-11-11,챌린저스,39782,True,https://chuchu.gg/statistics/population
populationChallenger,2025-11-11,챌린저스2,27180,True,https://chuchu.gg/statistics/population
populationChallenger,2025-11-11,챌린저스3,28826,True,https://chuchu.gg/statistics/population
populationChallenger,2025-11-11,챌린저스4,26035,True,https://chuchu.gg/statistics/population
populationChallenger,2025-11-10,챌린저스,40510,True,https://chuchu.gg/statistics/population
populationChallenger,2025-11-10,챌린저스2,27693,True,https://chuchu.gg/statistics/population
populationChallenger,2025-11-10,챌린저스3,29384,True,https://chuchu.gg/statistics/population
populationChallenger,2025-11-10,챌린저스4,26630,True,https://chuchu.gg/statistics/population
populationChallenger,2025-11-09,챌린저스,41446,True,https://chuchu.gg/statistics/population
populationChallenger,2025-11-09,챌린저스2,28384,True,https://chuchu.gg/statistics/population
populationChallenger,2025-11-09,챌린저스3,30144,True,https://chuchu.gg/statistics/population
populationChallenger,2025-11-09,챌린저스4,27415,True,https://chuchu.gg/statistics/population
populationChallenger,2025-11-08,챌린저스,42187,True,https://chuchu.gg/statistics/population
populationChallenger,2025-11-08,챌린저스2,28949,True,https://chuchu.gg/statistics/population
populationChallenger,2025-11-08,챌린저스3,30860,True,https://chuchu.gg/statistics/population
populationChallenger,2025-11-08,챌린저스4,28054,True,https://chuchu.gg/statistics/population
populationChallenger,2025-11-07,챌린저스,42950,True,https://chuchu.gg/statistics/population
populationChallenger,2025-11-07,챌린저스2,29464,True,https://chuchu.gg/statistics/population
populationChallenger,2025-11-07,챌린저스3,31488,True,https://chuchu.gg/statistics/population
populationChallenger,2025-11-07,챌린저스4,28548,True,https://chuchu.gg/statistics/population
populationChallenger,2025-11-06,챌린저스,43998,True,https://chuchu.gg/statistics/population
populationChallenger,2025-11-06,챌린저스2,30095,True,https://chuchu.gg/statistics/population
populationChallenger,2025-11-06,챌린저스3,32229,True,https://chuchu.gg/statistics/population
populationChallenger,2025-11-06,챌린저스4,29162,True,https://chuchu.gg/statistics/population
populationChallenger,2025-11-05,챌린저스,44763,True,https://chuchu.gg/statistics/population
populationChallenger,2025-11-05,챌린저스2,30631,True,https://chuchu.gg/statistics/population
populationChallenger,2025-11-05,챌린저스3,32755,True,https://chuchu.gg/statistics/population
populationChallenger,2025-11-05,챌린저스4,29644,True,https://chuchu.gg/statistics/population
populationChallenger,2025-11-02,챌린저스,47048,True,https://chuchu.gg/statistics/population
populationChallenger,2025-11-02,챌린저스2,32362,True,https://chuchu.gg/statistics/population
populationChallenger,2025-11-02,챌린저스3,34540,True,https://chuchu.gg/statistics/population
populationChallenger,2025-11-02,챌린저스4,31410,True,https://chuchu.gg/statistics/population
populationChallenger,2025-11-01,챌린저스,47888,True,https://chuchu.gg/statistics/population
populationChallenger,2025-11-01,챌린저스2,32991,True,https://chuchu.gg/statistics/population
populationChallenger,2025-11-01,챌린저스3,35228,True,https://chuchu.gg/statistics/population
populationChallenger,2025-11-01,챌린저스4,32090,True,https://chuchu.gg/statistics/population
populationChallenger,2025-10-31,챌린저스,48535,True,https://chuchu.gg/statistics/population
populationChallenger,2025-10-31,챌린저스2,33518,True,https://chuchu.gg/statistics/population
populationChallenger,2025-10-31,챌린저스3,35695,True,https://chuchu.gg/statistics/population
populationChallenger,2025-10-31,챌린저스4,32581,True,https://chuchu.gg/statistics/population
populationChallenger,2025-10-30,챌린저스,49227,True,https://chuchu.gg/statistics/population
populationChallenger,2025-10-30,챌린저스2,34111,True,https://chuchu.gg/statistics/population
populationChallenger,2025-10-30,챌린저스3,36260,True,https://chuchu.gg/statistics/population
populationChallenger,2025-10-30,챌린저스4,33144,True,https://chuchu.gg/statistics/population
populationChallenger,2025-10-29,챌린저스,49964,True,https://chuchu.gg/statistics/population
populationChallenger,2025-10-29,챌린저스2,34681,True,https://chuchu.gg/statistics/population
populationChallenger,2025-10-29,챌린저스3,36828,True,https://chuchu.gg/statistics/population
populationChallenger,2025-10-29,챌린저스4,33685,True,https://chuchu.gg/statistics/population
populationChallenger,2025-10-28,챌린저스,50374,True,https://chuchu.gg/statistics/population
populationChallenger,2025-10-28,챌린저스2,35084,True,https://chuchu.gg/statistics/population
populationChallenger,2025-10-28,챌린저스3,37260,True,https://chuchu.gg/statistics/population
populationChallenger,2025-10-28,챌린저스4,34071,True,https://chuchu.gg/statistics/population
populationChallenger,2025-10-27,챌린저스,50866,True,https://chuchu.gg/statistics/population
populationChallenger,2025-10-27,챌린저스2,35470,True,https://chuchu.gg/statistics/population
populationChallenger,2025-10-27,챌린저스3,37709,True,https://chuchu.gg/statistics/population
populationChallenger,2025-10-27,챌린저스4,34519,True,https://chuchu.gg/statistics/population
populationChallenger,2025-10-26,챌린저스,51727,True,https://chuchu.gg/statistics/population
populationChallenger,2025-10-26,챌린저스2,36153,True,https://chuchu.gg/statistics/population
populationChallenger,2025-10-26,챌린저스3,38476,True,https://chuchu.gg/statistics/population
populationChallenger,2025-10-26,챌린저스4,35269,True,https://chuchu.gg/statistics/population
populationChallenger,2025-10-25,챌린저스,52129,True,https://chuchu.gg/statistics/population
populationChallenger,2025-10-25,챌린저스2,36571,True,https://chuchu.gg/statistics/population
populationChallenger,2025-10-25,챌린저스3,38887,True,https://chuchu.gg/statistics/population
populationChallenger,2025-10-25,챌린저스4,35594,True,https://chuchu.gg/statistics/population
populationChallenger,2025-10-24,챌린저스,52518,True,https://chuchu.gg/statistics/population
populationChallenger,2025-10-24,챌린저스2,36933,True,https://chuchu.gg/statistics/population
populationChallenger,2025-10-24,챌린저스3,39286,True,https://chuchu.gg/statistics/population
populationChallenger,2025-10-24,챌린저스4,35932,True,https://chuchu.gg/statistics/population
populationChallenger,2025-10-23,챌린저스,53165,True,https://chuchu.gg/statistics/population
populationChallenger,2025-10-23,챌린저스2,37507,True,https://chuchu.gg/statistics/population
populationChallenger,2025-10-23,챌린저스3,39892,True,https://chuchu.gg/statistics/population
populationChallenger,2025-10-23,챌린저스4,36505,True,https://chuchu.gg/statistics/population
populationChallenger,2025-10-22,챌린저스,53894,True,https://chuchu.gg/statistics/population
populationChallenger,2025-10-22,챌린저스2,38180,True,https://chuchu.gg/statistics/population
populationChallenger,2025-10-22,챌린저스3,40615,True,https://chuchu.gg/statistics/population
populationChallenger,2025-10-22,챌린저스4,37130,True,https://chuchu.gg/statistics/population
populationChallenger,2025-10-21,챌린저스,54519,True,https://chuchu.gg/statistics/population
populationChallenger,2025-10-21,챌린저스2,38675,True,https://chuchu.gg/statistics/population
populationChallenger,2025-10-21,챌린저스3,41185,True,https://chuchu.gg/statistics/population
populationChallenger,2025-10-21,챌린저스4,37682,True,https://chuchu.gg/statistics/population
populationChallenger,2025-10-20,챌린저스,55257,True,https://chuchu.gg/statistics/population
populationChallenger,2025-10-20,챌린저스2,39276,True,https://chuchu.gg/statistics/population
populationChallenger,2025-10-20,챌린저스3,41877,True,https://chuchu.gg/statistics/population
populationChallenger,2025-10-20,챌린저스4,38309,True,https://chuchu.gg/statistics/population
populationChallenger,2025-10-19,챌린저스,56256,True,https://chuchu.gg/statistics/population
populationChallenger,2025-10-19,챌린저스2,40080,True,https://chuchu.gg/statistics/population
populationChallenger,2025-10-19,챌린저스3,42710,True,https://chuchu.gg/statistics/population
populationChallenger,2025-10-19,챌린저스4,39116,True,https://chuchu.gg/statistics/population
populationChallenger,2025-10-18,챌린저스,57121,True,https://chuchu.gg/statistics/population
populationChallenger,2025-10-18,챌린저스2,40816,True,https://chuchu.gg/statistics/population
populationChallenger,2025-10-18,챌린저스3,43497,True,https://chuchu.gg/statistics/population
populationChallenger,2025-10-18,챌린저스4,39842,True,https://chuchu.gg/statistics/population
populationChallenger,2025-10-17,챌린저스,57820,True,https://chuchu.gg/statistics/population
populationChallenger,2025-10-17,챌린저스2,41333,True,https://chuchu.gg/statistics/population
populationChallenger,2025-10-17,챌린저스3,44103,True,https://chuchu.gg/statistics/population
populationChallenger,2025-10-17,챌린저스4,40480,True,https://chuchu.gg/statistics/population
populationChallenger,2025-10-16,챌린저스,58817,True,https://chuchu.gg/statistics/population
populationChallenger,2025-10-16,챌린저스2,42062,True,https://chuchu.gg/statistics/population
populationChallenger,2025-10-16,챌린저스3,44885,True,https://chuchu.gg/statistics/population
populationChallenger,2025-10-16,챌린저스4,41323,True,https://chuchu.gg/statistics/population
populationChallenger,2025-10-15,챌린저스,59512,True,https://chuchu.gg/statistics/population
populationChallenger,2025-10-15,챌린저스2,42606,True,https://chuchu.gg/statistics/population
populationChallenger,2025-10-15,챌린저스3,45470,True,https://chuchu.gg/statistics/population
populationChallenger,2025-10-15,챌린저스4,41976,True,https://chuchu.gg/statistics/population
populationChallenger,2025-10-14,챌린저스,59983,True,https://chuchu.gg/statistics/population
populationChallenger,2025-10-14,챌린저스2,43029,True,https://chuchu.gg/statistics/population
populationChallenger,2025-10-14,챌린저스3,45966,True,https://chuchu.gg/statistics/population
populationChallenger,2025-10-14,챌린저스4,42522,True,https://chuchu.gg/statistics/population
populationChallenger,2025-10-13,챌린저스,60439,True,https://chuchu.gg/statistics/population
populationChallenger,2025-10-13,챌린저스2,43397,True,https://chuchu.gg/statistics/population
populationChallenger,2025-10-13,챌린저스3,46444,True,https://chuchu.gg/statistics/population
populationChallenger,2025-10-13,챌린저스4,42941,True,https://chuchu.gg/statistics/population
populationChallenger,2025-10-12,챌린저스,60864,True,https://chuchu.gg/statistics/population
populationChallenger,2025-10-12,챌린저스2,43746,True,https://chuchu.gg/statistics/population
populationChallenger,2025-10-12,챌린저스3,46838,True,https://chuchu.gg/statistics/population
populationChallenger,2025-10-12,챌린저스4,43377,True,https://chuchu.gg/statistics/population
populationChallenger,2025-10-10,챌린저스,62212,True,https://chuchu.gg/statistics/population
populationChallenger,2025-10-10,챌린저스2,44768,True,https://chuchu.gg/statistics/population
populationChallenger,2025-10-10,챌린저스3,47970,True,https://chuchu.gg/statistics/population
populationChallenger,2025-10-10,챌린저스4,44524,True,https://chuchu.gg/statistics/population
populationChallenger,2025-10-09,챌린저스,62919,True,https://chuchu.gg/statistics/population
populationChallenger,2025-10-09,챌린저스2,45442,True,https://chuchu.gg/statistics/population
populationChallenger,2025-10-09,챌린저스3,48707,True,https://chuchu.gg/statistics/population
populationChallenger,2025-10-09,챌린저스4,45154,True,https://chuchu.gg/statistics/population
populationChallenger,2025-10-08,챌린저스,63621,True,https://chuchu.gg/statistics/population
populationChallenger,2025-10-08,챌린저스2,46082,True,https://chuchu.gg/statistics/population
populationChallenger,2025-10-08,챌린저스3,49395,True,https://chuchu.gg/statistics/population
populationChallenger,2025-10-08,챌린저스4,45768,True,https://chuchu.gg/statistics/population
populationChallenger,2025-10-07,챌린저스,64240,True,https://chuchu.gg/statistics/population
populationChallenger,2025-10-07,챌린저스2,46625,True,https://chuchu.gg/statistics/population
populationChallenger,2025-10-07,챌린저스3,50008,True,https://chuchu.gg/statistics/population
populationChallenger,2025-10-07,챌린저스4,46292,True,https://chuchu.gg/statistics/population
populationChallenger,2025-10-06,챌린저스,64786,True,https://chuchu.gg/statistics/population
populationChallenger,2025-10-06,챌린저스2,47163,True,https://chuchu.gg/statistics/population
populationChallenger,2025-10-06,챌린저스3,50542,True,https://chuchu.gg/statistics/population
populationChallenger,2025-10-06,챌린저스4,46763,True,https://chuchu.gg/statistics/population
populationChallenger,2025-10-05,챌린저스,65720,True,https://chuchu.gg/statistics/population
populationChallenger,2025-10-05,챌린저스2,47907,True,https://chuchu.gg/statistics/population
populationChallenger,2025-10-05,챌린저스3,51388,True,https://chuchu.gg/statistics/population
populationChallenger,2025-10-05,챌린저스4,47612,True,https://chuchu.gg/statistics/population
populationChallenger,2025-10-04,챌린저스,66330,True,https://chuchu.gg/statistics/population
populationChallenger,2025-10-04,챌린저스2,48369,True,https://chuchu.gg/statistics/population
populationChallenger,2025-10-04,챌린저스3,51940,True,https://chuchu.gg/statistics/population
populationChallenger,2025-10-04,챌린저스4,48199,True,https://chuchu.gg/statistics/population
populationChallenger,2025-10-03,챌린저스,66721,True,https://chuchu.gg/statistics/population
populationChallenger,2025-10-03,챌린저스2,48760,True,https://chuchu.gg/statistics/population
populationChallenger,2025-10-03,챌린저스3,52346,True,https://chuchu.gg/statistics/population
populationChallenger,2025-10-03,챌린저스4,48550,True,https://chuchu.gg/statistics/population
populationChallenger,2025-10-02,챌린저스,67568,True,https://chuchu.gg/statistics/population
populationChallenger,2025-10-02,챌린저스2,49430,True,https://chuchu.gg/statistics/population
populationChallenger,2025-10-02,챌린저스3,53025,True,https://chuchu.gg/statistics/population
populationChallenger,2025-10-02,챌린저스4,49206,True,https://chuchu.gg/statistics/population
populationChallenger,2025-10-01,챌린저스,68505,True,https://chuchu.gg/statistics/population
populationChallenger,2025-10-01,챌린저스2,50194,True,https://chuchu.gg/statistics/population
populationChallenger,2025-10-01,챌린저스3,53910,True,https://chuchu.gg/statistics/population
populationChallenger,2025-10-01,챌린저스4,49898,True,https://chuchu.gg/statistics/population
populationChallenger,2025-09-30,챌린저스,69109,True,https://chuchu.gg/statistics/population
populationChallenger,2025-09-30,챌린저스2,50756,True,https://chuchu.gg/statistics/population
populationChallenger,2025-09-30,챌린저스3,54457,True,https://chuchu.gg/statistics/population
populationChallenger,2025-09-30,챌린저스4,50489,True,https://chuchu.gg/statistics/population
populationChallenger,2025-09-29,챌린저스,69782,True,https://chuchu.gg/statistics/population
populationChallenger,2025-09-29,챌린저스2,51353,True,https://chuchu.gg/statistics/population
populationChallenger,2025-09-29,챌린저스3,55096,True,https://chuchu.gg/statistics/population
populationChallenger,2025-09-29,챌린저스4,51123,True,https://chuchu.gg/statistics/population
populationChallenger,2025-09-28,챌린저스,70869,True,https://chuchu.gg/statistics/population
populationChallenger,2025-09-28,챌린저스2,52269,True,https://chuchu.gg/statistics/population
populationChallenger,2025-09-28,챌린저스3,56169,True,https://chuchu.gg/statistics/population
populationChallenger,2025-09-28,챌린저스4,52061,True,https://chuchu.gg/statistics/population
populationChallenger,2025-09-27,챌린저스,71867,True,https://chuchu.gg/statistics/population
populationChallenger,2025-09-27,챌린저스2,52972,True,https://chuchu.gg/statistics/population
populationChallenger,2025-09-27,챌린저스3,57040,True,https://chuchu.gg/statistics/population
populationChallenger,2025-09-27,챌린저스4,52931,True,https://chuchu.gg/statistics/population
populationChallenger,2025-09-26,챌린저스,72686,True,https://chuchu.gg/statistics/population
populationChallenger,2025-09-26,챌린저스2,53619,True,https://chuchu.gg/statistics/population
populationChallenger,2025-09-26,챌린저스3,57841,True,https://chuchu.gg/statistics/population
populationChallenger,2025-09-26,챌린저스4,53642,True,https://chuchu.gg/statistics/population
populationChallenger,2025-09-25,챌린저스,74576,True,https://chuchu.gg/statistics/population
populationChallenger,2025-09-25,챌린저스2,54981,True,https://chuchu.gg/statistics/population
populationChallenger,2025-09-25,챌린저스3,59363,True,https://chuchu.gg/statistics/population
populationChallenger,2025-09-25,챌린저스4,55093,True,https://chuchu.gg/statistics/population
populationChallenger,2025-09-24,챌린저스,77257,True,https://chuchu.gg/statistics/population
populationChallenger,2025-09-24,챌린저스2,57089,True,https://chuchu.gg/statistics/population
populationChallenger,2025-09-24,챌린저스3,61551,True,https://chuchu.gg/statistics/population
populationChallenger,2025-09-24,챌린저스4,57154,True,https://chuchu.gg/statistics/population
populationChallenger,2025-09-23,챌린저스,78368,True,https://chuchu.gg/statistics/population
populationChallenger,2025-09-23,챌린저스2,57870,True,https://chuchu.gg/statistics/population
populationChallenger,2025-09-23,챌린저스3,62409,True,https://chuchu.gg/statistics/population
populationChallenger,2025-09-23,챌린저스4,57975,True,https://chuchu.gg/statistics/population
populationChallenger,2025-09-22,챌린저스,79233,True,https://chuchu.gg/statistics/population
populationChallenger,2025-09-22,챌린저스2,58546,True,https://chuchu.gg/statistics/population
populationChallenger,2025-09-22,챌린저스3,63083,True,https://chuchu.gg/statistics/population
populationChallenger,2025-09-22,챌린저스4,58684,True,https://chuchu.gg/statistics/population
populationChallenger,2025-09-21,챌린저스,80506,True,https://chuchu.gg/statistics/population
populationChallenger,2025-09-21,챌린저스2,59526,True,https://chuchu.gg/statistics/population
populationChallenger,2025-09-21,챌린저스3,64191,True,https://chuchu.gg/statistics/population
populationChallenger,2025-09-21,챌린저스4,59757,True,https://chuchu.gg/statistics/population
populationChallenger,2025-09-20,챌린저스,81478,True,https://chuchu.gg/statistics/population
populationChallenger,2025-09-20,챌린저스2,60279,True,https://chuchu.gg/statistics/population
populationChallenger,2025-09-20,챌린저스3,64991,True,https://chuchu.gg/statistics/population
populationChallenger,2025-09-20,챌린저스4,60558,True,https://chuchu.gg/statistics/population
populationChallenger,2025-09-19,챌린저스,82481,True,https://chuchu.gg/statistics/population
populationChallenger,2025-09-19,챌린저스2,60991,True,https://chuchu.gg/statistics/population
populationChallenger,2025-09-19,챌린저스3,65793,True,https://chuchu.gg/statistics/population
populationChallenger,2025-09-19,챌린저스4,61412,True,https://chuchu.gg/statistics/population
populationChallenger,2025-09-18,챌린저스,83792,True,https://chuchu.gg/statistics/population
populationChallenger,2025-09-18,챌린저스2,61898,True,https://chuchu.gg/statistics/population
populationChallenger,2025-09-18,챌린저스3,66778,True,https://chuchu.gg/statistics/population
populationChallenger,2025-09-18,챌린저스4,62400,True,https://chuchu.gg/statistics/population
populationChallenger,2025-09-17,챌린저스,85039,True,https://chuchu.gg/statistics/population
populationChallenger,2025-09-17,챌린저스2,63013,True,https://chuchu.gg/statistics/population
populationChallenger,2025-09-17,챌린저스3,68084,True,https://chuchu.gg/statistics/population
populationChallenger,2025-09-17,챌린저스4,63487,True,https://chuchu.gg/statistics/population
populationChallenger,2025-09-16,챌린저스,86303,True,https://chuchu.gg/statistics/population
populationChallenger,2025-09-16,챌린저스2,64023,True,https://chuchu.gg/statistics/population
populationChallenger,2025-09-16,챌린저스3,69328,True,https://chuchu.gg/statistics/population
populationChallenger,2025-09-16,챌린저스4,64594,True,https://chuchu.gg/statistics/population
populationChallenger,2025-09-15,챌린저스,87476,True,https://chuchu.gg/statistics/population
populationChallenger,2025-09-15,챌린저스2,64984,True,https://chuchu.gg/statistics/population
populationChallenger,2025-09-15,챌린저스3,70488,True,https://chuchu.gg/statistics/population
populationChallenger,2025-09-15,챌린저스4,65725,True,https://chuchu.gg/statistics/population
populationChallenger,2025-09-14,챌린저스,88957,True,https://chuchu.gg/statistics/population
populationChallenger,2025-09-14,챌린저스2,66334,True,https://chuchu.gg/statistics/population
populationChallenger,2025-09-14,챌린저스3,71788,True,https://chuchu.gg/statistics/population
populationChallenger,2025-09-14,챌린저스4,67028,True,https://chuchu.gg/statistics/population
populationChallenger,2025-09-13,챌린저스,90038,True,https://chuchu.gg/statistics/population
populationChallenger,2025-09-13,챌린저스2,67269,True,https://chuchu.gg/statistics/population
populationChallenger,2025-09-13,챌린저스3,72842,True,https://chuchu.gg/statistics/population
populationChallenger,2025-09-13,챌린저스4,68067,True,https://chuchu.gg/statistics/population
populationChallenger,2025-09-12,챌린저스,91193,True,https://chuchu.gg/statistics/population
populationChallenger,2025-09-12,챌린저스2,68208,True,https://chuchu.gg/statistics/population
populationChallenger,2025-09-12,챌린저스3,73861,True,https://chuchu.gg/statistics/population
populationChallenger,2025-09-12,챌린저스4,69011,True,https://chuchu.gg/statistics/population
populationChallenger,2025-09-11,챌린저스,92800,True,https://chuchu.gg/statistics/population
populationChallenger,2025-09-11,챌린저스2,69619,True,https://chuchu.gg/statistics/population
populationChallenger,2025-09-11,챌린저스3,75623,True,https://chuchu.gg/statistics/population
populationChallenger,2025-09-11,챌린저스4,70494,True,https://chuchu.gg/statistics/population
populationChallenger,2025-09-10,챌린저스,93739,True,https://chuchu.gg/statistics/population
populationChallenger,2025-09-10,챌린저스2,70295,True,https://chuchu.gg/statistics/population
populationChallenger,2025-09-10,챌린저스3,76292,True,https://chuchu.gg/statistics/population
populationChallenger,2025-09-10,챌린저스4,71161,True,https://chuchu.gg/statistics/population
populationChallenger,2025-09-09,챌린저스,94541,True,https://chuchu.gg/statistics/population
populationChallenger,2025-09-09,챌린저스2,70934,True,https://chuchu.gg/statistics/population
populationChallenger,2025-09-09,챌린저스3,76940,True,https://chuchu.gg/statistics/population
populationChallenger,2025-09-09,챌린저스4,71859,True,https://chuchu.gg/statistics/population
populationChallenger,2025-09-08,챌린저스,95479,True,https://chuchu.gg/statistics/population
populationChallenger,2025-09-08,챌린저스2,71813,True,https://chuchu.gg/statistics/population
populationChallenger,2025-09-08,챌린저스3,77790,True,https://chuchu.gg/statistics/population
populationChallenger,2025-09-08,챌린저스4,72700,True,https://chuchu.gg/statistics/population
populationChallenger,2025-09-07,챌린저스,96699,True,https://chuchu.gg/statistics/population
populationChallenger,2025-09-07,챌린저스2,72892,True,https://chuchu.gg/statistics/population
populationChallenger,2025-09-07,챌린저스3,78901,True,https://chuchu.gg/statistics/population
populationChallenger,2025-09-07,챌린저스4,73836,True,https://chuchu.gg/statistics/population
populationChallenger,2025-09-06,챌린저스,97643,True,https://chuchu.gg/statistics/population
populationChallenger,2025-09-06,챌린저스2,73771,True,https://chuchu.gg/statistics/population
populationChallenger,2025-09-06,챌린저스3,79860,True,https://chuchu.gg/statistics/population
populationChallenger,2025-09-06,챌린저스4,74734,True,https://chuchu.gg/statistics/population
populationChallenger,2025-09-05,챌린저스,98537,True,https://chuchu.gg/statistics/population
populationChallenger,2025-09-05,챌린저스2,74544,True,https://chuchu.gg/statistics/population
populationChallenger,2025-09-05,챌린저스3,80776,True,https://chuchu.gg/statistics/population
populationChallenger,2025-09-05,챌린저스4,75659,True,https://chuchu.gg/statistics/population
populationChallenger,2025-09-04,챌린저스,99746,True,https://chuchu.gg/statistics/population
populationChallenger,2025-09-04,챌린저스2,75589,True,https://chuchu.gg/statistics/population
populationChallenger,2025-09-04,챌린저스3,81775,True,https://chuchu.gg/statistics/population
populationChallenger,2025-09-04,챌린저스4,76690,True,https://chuchu.gg/statistics/population
populationChallenger,2025-09-03,챌린저스,100694,True,https://chuchu.gg/statistics/population
populationChallenger,2025-09-03,챌린저스2,76476,True,https://chuchu.gg/statistics/population
populationChallenger,2025-09-03,챌린저스3,82672,True,https://chuchu.gg/statistics/population
populationChallenger,2025-09-03,챌린저스4,77558,True,https://chuchu.gg/statistics/population
populationChallenger,2025-09-02,챌린저스,101365,True,https://chuchu.gg/statistics/population
populationChallenger,2025-09-02,챌린저스2,77065,True,https://chuchu.gg/statistics/population
populationChallenger,2025-09-02,챌린저스3,83338,True,https://chuchu.gg/statistics/population
populationChallenger,2025-09-02,챌린저스4,78167,True,https://chuchu.gg/statistics/population
populationChallenger,2025-09-01,챌린저스,102218,True,https://chuchu.gg/statistics/population
populationChallenger,2025-09-01,챌린저스2,77733,True,https://chuchu.gg/statistics/population
populationChallenger,2025-09-01,챌린저스3,84122,True,https://chuchu.gg/statistics/population
populationChallenger,2025-09-01,챌린저스4,78964,True,https://chuchu.gg/statistics/population
populationChallenger,2025-08-31,챌린저스,103248,True,https://chuchu.gg/statistics/population
populationChallenger,2025-08-31,챌린저스2,78581,True,https://chuchu.gg/statistics/population
populationChallenger,2025-08-31,챌린저스3,85111,True,https://chuchu.gg/statistics/population
populationChallenger,2025-08-31,챌린저스4,80014,True,https://chuchu.gg/statistics/population
populationChallenger,2025-08-30,챌린저스,103988,True,https://chuchu.gg/statistics/population
populationChallenger,2025-08-30,챌린저스2,79263,True,https://chuchu.gg/statistics/population
populationChallenger,2025-08-30,챌린저스3,85826,True,https://chuchu.gg/statistics/population
populationChallenger,2025-08-30,챌린저스4,80748,True,https://chuchu.gg/statistics/population
populationChallenger,2025-08-29,챌린저스,104723,True,https://chuchu.gg/statistics/population
populationChallenger,2025-08-29,챌린저스2,79881,True,https://chuchu.gg/statistics/population
populationChallenger,2025-08-29,챌린저스3,86576,True,https://chuchu.gg/statistics/population
populationChallenger,2025-08-29,챌린저스4,81394,True,https://chuchu.gg/statistics/population
populationChallenger,2025-08-28,챌린저스,105949,True,https://chuchu.gg/statistics/population
populationChallenger,2025-08-28,챌린저스2,80943,True,https://chuchu.gg/statistics/population
populationChallenger,2025-08-28,챌린저스3,87717,True,https://chuchu.gg/statistics/population
populationChallenger,2025-08-28,챌린저스4,82552,True,https://chuchu.gg/statistics/population
populationChallenger,2025-08-27,챌린저스,107423,True,https://chuchu.gg/statistics/population
populationChallenger,2025-08-27,챌린저스2,82095,True,https://chuchu.gg/statistics/population
populationChallenger,2025-08-27,챌린저스3,89021,True,https://chuchu.gg/statistics/population
populationChallenger,2025-08-27,챌린저스4,83730,True,https://chuchu.gg/statistics/population
populationChallenger,2025-08-26,챌린저스,108253,True,https://chuchu.gg/statistics/population
populationChallenger,2025-08-26,챌린저스2,82910,True,https://chuchu.gg/statistics/population
populationChallenger,2025-08-26,챌린저스3,89853,True,https://chuchu.gg/statistics/population
populationChallenger,2025-08-26,챌린저스4,84613,True,https://chuchu.gg/statistics/population
populationChallenger,2025-08-25,챌린저스,109108,True,https://chuchu.gg/statistics/population
populationChallenger,2025-08-25,챌린저스2,83623,True,https://chuchu.gg/statistics/population
populationChallenger,2025-08-25,챌린저스3,90707,True,https://chuchu.gg/statistics/population
populationChallenger,2025-08-25,챌린저스4,85493,True,https://chuchu.gg/statistics/population
populationChallenger,2025-08-24,챌린저스,110529,True,https://chuchu.gg/statistics/population
populationChallenger,2025-08-24,챌린저스2,84799,True,https://chuchu.gg/statistics/population
populationChallenger,2025-08-24,챌린저스3,91856,True,https://chuchu.gg/statistics/population
populationChallenger,2025-08-24,챌린저스4,86749,True,https://chuchu.gg/statistics/population
populationChallenger,2025-08-23,챌린저스,111470,True,https://chuchu.gg/statistics/population
populationChallenger,2025-08-23,챌린저스2,85541,True,https://chuchu.gg/statistics/population
populationChallenger,2025-08-23,챌린저스3,92819,True,https://chuchu.gg/statistics/population
populationChallenger,2025-08-23,챌린저스4,87616,True,https://chuchu.gg/statistics/population
populationChallenger,2025-08-22,챌린저스,112885,True,https://chuchu.gg/statistics/population
populationChallenger,2025-08-22,챌린저스2,86615,True,https://chuchu.gg/statistics/population
populationChallenger,2025-08-22,챌린저스3,93879,True,https://chuchu.gg/statistics/population
populationChallenger,2025-08-22,챌린저스4,88812,True,https://chuchu.gg/statistics/population
populationChallenger,2025-08-21,챌린저스,114553,True,https://chuchu.gg/statistics/population
populationChallenger,2025-08-21,챌린저스2,87912,True,https://chuchu.gg/statistics/population
populationChallenger,2025-08-21,챌린저스3,95229,True,https://chuchu.gg/statistics/population
populationChallenger,2025-08-21,챌린저스4,90101,True,https://chuchu.gg/statistics/population
populationChallenger,2025-08-20,챌린저스,115351,True,https://chuchu.gg/statistics/population
populationChallenger,2025-08-20,챌린저스2,88546,True,https://chuchu.gg/statistics/population
populationChallenger,2025-08-20,챌린저스3,95994,True,https://chuchu.gg/statistics/population
populationChallenger,2025-08-20,챌린저스4,90907,True,https://chuchu.gg/statistics/population
populationChallenger,2025-08-19,챌린저스,116260,True,https://chuchu.gg/statistics/population
populationChallenger,2025-08-19,챌린저스2,89261,True,https://chuchu.gg/statistics/population
populationChallenger,2025-08-19,챌린저스3,96727,True,https://chuchu.gg/statistics/population
populationChallenger,2025-08-19,챌린저스4,91632,True,https://chuchu.gg/statistics/population
populationChallenger,2025-08-18,챌린저스,117079,True,https://chuchu.gg/statistics/population
populationChallenger,2025-08-18,챌린저스2,90007,True,https://chuchu.gg/statistics/population
populationChallenger,2025-08-18,챌린저스3,97433,True,https://chuchu.gg/statistics/population
populationChallenger,2025-08-18,챌린저스4,92405,True,https://chuchu.gg/statistics/population
populationChallenger,2025-08-17,챌린저스,118137,True,https://chuchu.gg/statistics/population
populationChallenger,2025-08-17,챌린저스2,90809,True,https://chuchu.gg/statistics/population
populationChallenger,2025-08-17,챌린저스3,98513,True,https://chuchu.gg/statistics/population
populationChallenger,2025-08-17,챌린저스4,93398,True,https://chuchu.gg/statistics/population
populationChallenger,2025-08-16,챌린저스,118888,True,https://chuchu.gg/statistics/population
populationChallenger,2025-08-16,챌린저스2,91532,True,https://chuchu.gg/statistics/population
populationChallenger,2025-08-16,챌린저스3,99250,True,https://chuchu.gg/statistics/population
populationChallenger,2025-08-16,챌린저스4,94273,True,https://chuchu.gg/statistics/population
populationChallenger,2025-08-15,챌린저스,119439,True,https://chuchu.gg/statistics/population
populationChallenger,2025-08-15,챌린저스2,92090,True,https://chuchu.gg/statistics/population
populationChallenger,2025-08-15,챌린저스3,99938,True,https://chuchu.gg/statistics/population
populationChallenger,2025-08-15,챌린저스4,94895,True,https://chuchu.gg/statistics/population
populationChallenger,2025-08-14,챌린저스,120745,True,https://chuchu.gg/statistics/population
populationChallenger,2025-08-14,챌린저스2,93239,True,https://chuchu.gg/statistics/population
populationChallenger,2025-08-14,챌린저스3,101171,True,https://chuchu.gg/statistics/population
populationChallenger,2025-08-14,챌린저스4,96041,True,https://chuchu.gg/statistics/population
populationChallenger,2025-08-13,챌린저스,121823,True,https://chuchu.gg/statistics/population
populationChallenger,2025-08-13,챌린저스2,94254,True,https://chuchu.gg/statistics/population
populationChallenger,2025-08-13,챌린저스3,102205,True,https://chuchu.gg/statistics/population
populationChallenger,2025-08-13,챌린저스4,97013,True,https://chuchu.gg/statistics/population
populationChallenger,2025-08-12,챌린저스,122706,True,https://chuchu.gg/statistics/population
populationChallenger,2025-08-12,챌린저스2,95013,True,https://chuchu.gg/statistics/population
populationChallenger,2025-08-12,챌린저스3,103025,True,https://chuchu.gg/statistics/population
populationChallenger,2025-08-12,챌린저스4,97941,True,https://chuchu.gg/statistics/population
populationChallenger,2025-08-11,챌린저스,123680,True,https://chuchu.gg/statistics/population
populationChallenger,2025-08-11,챌린저스2,95862,True,https://chuchu.gg/statistics/population
populationChallenger,2025-08-11,챌린저스3,103960,True,https://chuchu.gg/statistics/population
populationChallenger,2025-08-11,챌린저스4,98875,True,https://chuchu.gg/statistics/population
populationChallenger,2025-08-10,챌린저스,124939,True,https://chuchu.gg/statistics/population
populationChallenger,2025-08-10,챌린저스2,96892,True,https://chuchu.gg/statistics/population
populationChallenger,2025-08-10,챌린저스3,105282,True,https://chuchu.gg/statistics/population
populationChallenger,2025-08-10,챌린저스4,100288,True,https://chuchu.gg/statistics/population
populationChallenger,2025-08-09,챌린저스,125862,True,https://chuchu.gg/statistics/population
populationChallenger,2025-08-09,챌린저스2,97610,True,https://chuchu.gg/statistics/population
populationChallenger,2025-08-09,챌린저스3,106328,True,https://chuchu.gg/statistics/population
populationChallenger,2025-08-09,챌린저스4,101232,True,https://chuchu.gg/statistics/population
populationChallenger,2025-08-08,챌린저스,127058,True,https://chuchu.gg/statistics/population
populationChallenger,2025-08-08,챌린저스2,98553,True,https://chuchu.gg/statistics/population
populationChallenger,2025-08-08,챌린저스3,107350,True,https://chuchu.gg/statistics/population
populationChallenger,2025-08-08,챌린저스4,102389,True,https://chuchu.gg/statistics/population
populationChallenger,2025-08-07,챌린저스,128640,True,https://chuchu.gg/statistics/population
populationChallenger,2025-08-07,챌린저스2,99771,True,https://chuchu.gg/statistics/population
populationChallenger,2025-08-07,챌린저스3,108720,True,https://chuchu.gg/statistics/population
populationChallenger,2025-08-07,챌린저스4,103707,True,https://chuchu.gg/statistics/population
populationChallenger,2025-08-06,챌린저스,130069,True,https://chuchu.gg/statistics/population
populationChallenger,2025-08-06,챌린저스2,100799,True,https://chuchu.gg/statistics/population
populationChallenger,2025-08-06,챌린저스3,109998,True,https://chuchu.gg/statistics/population
populationChallenger,2025-08-06,챌린저스4,104838,True,https://chuchu.gg/statistics/population
populationChallenger,2025-08-05,챌린저스,131095,True,https://chuchu.gg/statistics/population
populationChallenger,2025-08-05,챌린저스2,101595,True,https://chuchu.gg/statistics/population
populationChallenger,2025-08-05,챌린저스3,110882,True,https://chuchu.gg/statistics/population
populationChallenger,2025-08-05,챌린저스4,105866,True,https://chuchu.gg/statistics/population
populationChallenger,2025-08-04,챌린저스,132064,True,https://chuchu.gg/statistics/population
populationChallenger,2025-08-04,챌린저스2,102420,True,https://chuchu.gg/statistics/population
populationChallenger,2025-08-04,챌린저스3,111893,True,https://chuchu.gg/statistics/population
populationChallenger,2025-08-04,챌린저스4,106915,True,https://chuchu.gg/statistics/population
populationChallenger,2025-08-03,챌린저스,133673,True,https://chuchu.gg/statistics/population
populationChallenger,2025-08-03,챌린저스2,103607,True,https://chuchu.gg/statistics/population
populationChallenger,2025-08-03,챌린저스3,113364,True,https://chuchu.gg/statistics/population
populationChallenger,2025-08-03,챌린저스4,108420,True,https://chuchu.gg/statistics/population
populationChallenger,2025-08-02,챌린저스,134792,True,https://chuchu.gg/statistics/population
populationChallenger,2025-08-02,챌린저스2,104534,True,https://chuchu.gg/statistics/population
populationChallenger,2025-08-02,챌린저스3,114427,True,https://chuchu.gg/statistics/population
populationChallenger,2025-08-02,챌린저스4,109614,True,https://chuchu.gg/statistics/population
populationChallenger,2025-08-01,챌린저스,135998,True,https://chuchu.gg/statistics/population
populationChallenger,2025-08-01,챌린저스2,105518,True,https://chuchu.gg/statistics/population
populationChallenger,2025-08-01,챌린저스3,115521,True,https://chuchu.gg/statistics/population
populationChallenger,2025-08-01,챌린저스4,110720,True,https://chuchu.gg/statistics/population
populationChallenger,2025-07-31,챌린저스,137588,True,https://chuchu.gg/statistics/population
populationChallenger,2025-07-31,챌린저스2,106715,True,https://chuchu.gg/statistics/population
populationChallenger,2025-07-31,챌린저스3,116955,True,https://chuchu.gg/statistics/population
populationChallenger,2025-07-31,챌린저스4,112168,True,https://chuchu.gg/statistics/population
populationChallenger,2025-07-30,챌린저스,138707,True,https://chuchu.gg/statistics/population
populationChallenger,2025-07-30,챌린저스2,107680,True,https://chuchu.gg/statistics/population
populationChallenger,2025-07-30,챌린저스3,118238,True,https://chuchu.gg/statistics/population
populationChallenger,2025-07-30,챌린저스4,113239,True,https://chuchu.gg/statistics/population
populationChallenger,2025-07-29,챌린저스,139523,True,https://chuchu.gg/statistics/population
populationChallenger,2025-07-29,챌린저스2,108404,True,https://chuchu.gg/statistics/population
populationChallenger,2025-07-29,챌린저스3,119192,True,https://chuchu.gg/statistics/population
populationChallenger,2025-07-29,챌린저스4,114278,True,https://chuchu.gg/statistics/population
populationChallenger,2025-07-28,챌린저스,140369,True,https://chuchu.gg/statistics/population
populationChallenger,2025-07-28,챌린저스2,109264,True,https://chuchu.gg/statistics/population
populationChallenger,2025-07-28,챌린저스3,120286,True,https://chuchu.gg/statistics/population
populationChallenger,2025-07-28,챌린저스4,115414,True,https://chuchu.gg/statistics/population
populationChallenger,2025-07-27,챌린저스,142023,True,https://chuchu.gg/statistics/population
populationChallenger,2025-07-27,챌린저스2,110636,True,https://chuchu.gg/statistics/population
populationChallenger,2025-07-27,챌린저스3,121987,True,https://chuchu.gg/statistics/population
populationChallenger,2025-07-27,챌린저스4,117190,True,https://chuchu.gg/statistics/population
populationChallenger,2025-07-26,챌린저스,142950,True,https://chuchu.gg/statistics/population
populationChallenger,2025-07-26,챌린저스2,111509,True,https://chuchu.gg/statistics/population
populationChallenger,2025-07-26,챌린저스3,123087,True,https://chuchu.gg/statistics/population
populationChallenger,2025-07-26,챌린저스4,118226,True,https://chuchu.gg/statistics/population
populationChallenger,2025-07-25,챌린저스,143945,True,https://chuchu.gg/statistics/population
populationChallenger,2025-07-25,챌린저스2,112327,True,https://chuchu.gg/statistics/population
populationChallenger,2025-07-25,챌린저스3,124125,True,https://chuchu.gg/statistics/population
populationChallenger,2025-07-25,챌린저스4,119337,True,https://chuchu.gg/statistics/population
populationChallenger,2025-07-24,챌린저스,145425,True,https://chuchu.gg/statistics/population
populationChallenger,2025-07-24,챌린저스2,113424,True,https://chuchu.gg/statistics/population
populationChallenger,2025-07-24,챌린저스3,125461,True,https://chuchu.gg/statistics/population
populationChallenger,2025-07-24,챌린저스4,120585,True,https://chuchu.gg/statistics/population
populationChallenger,2025-07-23,챌린저스,146603,True,https://chuchu.gg/statistics/population
populationChallenger,2025-07-23,챌린저스2,114491,True,https://chuchu.gg/statistics/population
populationChallenger,2025-07-23,챌린저스3,126493,True,https://chuchu.gg/statistics/population
populationChallenger,2025-07-23,챌린저스4,121762,True,https://chuchu.gg/statistics/population
populationChallenger,2025-07-22,챌린저스,147253,True,https://chuchu.gg/statistics/population
populationChallenger,2025-07-22,챌린저스2,114924,True,https://chuchu.gg/statistics/population
populationChallenger,2025-07-22,챌린저스3,127149,True,https://chuchu.gg/statistics/population
populationChallenger,2025-07-22,챌린저스4,122502,True,https://chuchu.gg/statistics/population
populationChallenger,2025-07-21,챌린저스,148056,True,https://chuchu.gg/statistics/population
populationChallenger,2025-07-21,챌린저스2,115578,True,https://chuchu.gg/statistics/population
populationChallenger,2025-07-21,챌린저스3,127978,True,https://chuchu.gg/statistics/population
populationChallenger,2025-07-21,챌린저스4,123367,True,https://chuchu.gg/statistics/population
populationChallenger,2025-07-20,챌린저스,149442,True,https://chuchu.gg/statistics/population
populationChallenger,2025-07-20,챌린저스2,116702,True,https://chuchu.gg/statistics/population
populationChallenger,2025-07-20,챌린저스3,129442,True,https://chuchu.gg/statistics/population
populationChallenger,2025-07-20,챌린저스4,124982,True,https://chuchu.gg/statistics/population
populationChallenger,2025-07-19,챌린저스,150131,True,https://chuchu.gg/statistics/population
populationChallenger,2025-07-19,챌린저스2,117353,True,https://chuchu.gg/statistics/population
populationChallenger,2025-07-19,챌린저스3,130328,True,https://chuchu.gg/statistics/population
populationChallenger,2025-07-19,챌린저스4,126040,True,https://chuchu.gg/statistics/population
populationChallenger,2025-07-18,챌린저스,151176,True,https://chuchu.gg/statistics/population
populationChallenger,2025-07-18,챌린저스2,118134,True,https://chuchu.gg/statistics/population
populationChallenger,2025-07-18,챌린저스3,131282,True,https://chuchu.gg/statistics/population
populationChallenger,2025-07-18,챌린저스4,127157,True,https://chuchu.gg/statistics/population
populationChallenger,2025-07-17,챌린저스,153158,True,https://chuchu.gg/statistics/population
populationChallenger,2025-07-17,챌린저스2,119899,True,https://chuchu.gg/statistics/population
populationChallenger,2025-07-17,챌린저스3,132959,True,https://chuchu.gg/statistics/population
populationChallenger,2025-07-17,챌린저스4,129118,True,https://chuchu.gg/statistics/population
populationChallenger,2025-07-16,챌린저스,153790,True,https://chuchu.gg/statistics/population
populationChallenger,2025-07-16,챌린저스2,120507,True,https://chuchu.gg/statistics/population
populationChallenger,2025-07-16,챌린저스3,133790,True,https://chuchu.gg/statistics/population
populationChallenger,2025-07-16,챌린저스4,130073,True,https://chuchu.gg/statistics/population
populationChallenger,2025-07-15,챌린저스,154381,True,https://chuchu.gg/statistics/population
populationChallenger,2025-07-15,챌린저스2,121166,True,https://chuchu.gg/statistics/population
populationChallenger,2025-07-15,챌린저스3,134712,True,https://chuchu.gg/statistics/population
populationChallenger,2025-07-15,챌린저스4,131036,True,https://chuchu.gg/statistics/population
populationChallenger,2025-07-14,챌린저스,155069,True,https://chuchu.gg/statistics/population
populationChallenger,2025-07-14,챌린저스2,121962,True,https://chuchu.gg/statistics/population
populationChallenger,2025-07-14,챌린저스3,135661,True,https://chuchu.gg/statistics/population
populationChallenger,2025-07-14,챌린저스4,132078,True,https://chuchu.gg/statistics/population
populationChallenger,2025-07-13,챌린저스,156406,True,https://chuchu.gg/statistics/population
populationChallenger,2025-07-13,챌린저스2,123305,True,https://chuchu.gg/statistics/population
populationChallenger,2025-07-13,챌린저스3,137435,True,https://chuchu.gg/statistics/population
populationChallenger,2025-07-13,챌린저스4,134066,True,https://chuchu.gg/statistics/population
populationChallenger,2025-07-12,챌린저스,157115,True,https://chuchu.gg/statistics/population
populationChallenger,2025-07-12,챌린저스2,124059,True,https://chuchu.gg/statistics/population
populationChallenger,2025-07-12,챌린저스3,138507,True,https://chuchu.gg/statistics/population
populationChallenger,2025-07-12,챌린저스4,135303,True,https://chuchu.gg/statistics/population
populationChallenger,2025-07-11,챌린저스,158158,True,https://chuchu.gg/statistics/population
populationChallenger,2025-07-11,챌린저스2,124946,True,https://chuchu.gg/statistics/population
populationChallenger,2025-07-11,챌린저스3,139699,True,https://chuchu.gg/statistics/population
populationChallenger,2025-07-11,챌린저스4,136588,True,https://chuchu.gg/statistics/population
populationChallenger,2025-07-10,챌린저스,159333,True,https://chuchu.gg/statistics/population
populationChallenger,2025-07-10,챌린저스2,126217,True,https://chuchu.gg/statistics/population
populationChallenger,2025-07-10,챌린저스3,141211,True,https://chuchu.gg/statistics/population
populationChallenger,2025-07-10,챌린저스4,138337,True,https://chuchu.gg/statistics/population
populationChallenger,2025-07-09,챌린저스,160620,True,https://chuchu.gg/statistics/population
populationChallenger,2025-07-09,챌린저스2,127363,True,https://chuchu.gg/statistics/population
populationChallenger,2025-07-09,챌린저스3,142586,True,https://chuchu.gg/statistics/population
populationChallenger,2025-07-09,챌린저스4,139881,True,https://chuchu.gg/statistics/population
populationChallenger,2025-07-08,챌린저스,161719,True,https://chuchu.gg/statistics/population
populationChallenger,2025-07-08,챌린저스2,128496,True,https://chuchu.gg/statistics/population
populationChallenger,2025-07-08,챌린저스3,144079,True,https://chuchu.gg/statistics/population
populationChallenger,2025-07-08,챌린저스4,141555,True,https://chuchu.gg/statistics/population
populationChallenger,2025-07-07,챌린저스,163089,True,https://chuchu.gg/statistics/population
populationChallenger,2025-07-07,챌린저스2,129768,True,https://chuchu.gg/statistics/population
populationChallenger,2025-07-07,챌린저스3,145649,True,https://chuchu.gg/statistics/population
populationChallenger,2025-07-07,챌린저스4,143250,True,https://chuchu.gg/statistics/population
populationChallenger,2025-07-06,챌린저스,165064,True,https://chuchu.gg/statistics/population
populationChallenger,2025-07-06,챌린저스2,131892,True,https://chuchu.gg/statistics/population
populationChallenger,2025-07-06,챌린저스3,148076,True,https://chuchu.gg/statistics/population
populationChallenger,2025-07-06,챌린저스4,146126,True,https://chuchu.gg/statistics/population
populationChallenger,2025-07-05,챌린저스,165880,True,https://chuchu.gg/statistics/population
populationChallenger,2025-07-05,챌린저스2,132913,True,https://chuchu.gg/statistics/population
populationChallenger,2025-07-05,챌린저스3,149508,True,https://chuchu.gg/statistics/population
populationChallenger,2025-07-05,챌린저스4,147821,True,https://chuchu.gg/statistics/population
populationChallenger,2025-07-04,챌린저스,167055,True,https://chuchu.gg/statistics/population
populationChallenger,2025-07-04,챌린저스2,134201,True,https://chuchu.gg/statistics/population
populationChallenger,2025-07-04,챌린저스3,151174,True,https://chuchu.gg/statistics/population
populationChallenger,2025-07-04,챌린저스4,149585,True,https://chuchu.gg/statistics/population
populationChallenger,2025-07-03,챌린저스,168889,True,https://chuchu.gg/statistics/population
populationChallenger,2025-07-03,챌린저스2,136097,True,https://chuchu.gg/statistics/population
populationChallenger,2025-07-03,챌린저스3,153564,True,https://chuchu.gg/statistics/population
populationChallenger,2025-07-03,챌린저스4,152209,True,https://chuchu.gg/statistics/population
populationChallenger,2025-07-02,챌린저스,170274,True,https://chuchu.gg/statistics/population
populationChallenger,2025-07-02,챌린저스2,137865,True,https://chuchu.gg/statistics/population
populationChallenger,2025-07-02,챌린저스3,155907,True,https://chuchu.gg/statistics/population
populationChallenger,2025-07-02,챌린저스4,154643,True,https://chuchu.gg/statistics/population
populationChallenger,2025-07-01,챌린저스,171969,True,https://chuchu.gg/statistics/population
populationChallenger,2025-07-01,챌린저스2,139660,True,https://chuchu.gg/statistics/population
populationChallenger,2025-07-01,챌린저스3,158047,True,https://chuchu.gg/statistics/population
populationChallenger,2025-07-01,챌린저스4,156910,True,https://chuchu.gg/statistics/population
populationChallenger,2025-06-30,챌린저스,172393,True,https://chuchu.gg/statistics/population
populationChallenger,2025-06-30,챌린저스2,140799,True,https://chuchu.gg/statistics/population
populationChallenger,2025-06-30,챌린저스3,159750,True,https://chuchu.gg/statistics/population
populationChallenger,2025-06-30,챌린저스4,158568,True,https://chuchu.gg/statistics/population
populationChallenger,2025-06-29,챌린저스,171972,True,https://chuchu.gg/statistics/population
populationChallenger,2025-06-29,챌린저스2,142534,True,https://chuchu.gg/statistics/population
populationChallenger,2025-06-29,챌린저스3,161842,True,https://chuchu.gg/statistics/population
populationChallenger,2025-06-29,챌린저스4,161234,True,https://chuchu.gg/statistics/population
populationChallenger,2025-06-28,챌린저스,173064,True,https://chuchu.gg/statistics/population
populationChallenger,2025-06-28,챌린저스2,143802,True,https://chuchu.gg/statistics/population
populationChallenger,2025-06-28,챌린저스3,163882,True,https://chuchu.gg/statistics/population
populationChallenger,2025-06-28,챌린저스4,162918,True,https://chuchu.gg/statistics/population
populationChallenger,2025-06-27,챌린저스,174235,True,https://chuchu.gg/statistics/population
populationChallenger,2025-06-27,챌린저스2,146723,True,https://chuchu.gg/statistics/population
populationChallenger,2025-06-27,챌린저스3,168086,True,https://chuchu.gg/statistics/population
populationChallenger,2025-06-27,챌린저스4,167378,True,https://chuchu.gg/statistics/population
populationChallenger,2025-06-26,챌린저스,171036,True,https://chuchu.gg/statistics/population
populationChallenger,2025-06-26,챌린저스2,144858,True,https://chuchu.gg/statistics/population
populationChallenger,2025-06-26,챌린저스3,165916,True,https://chuchu.gg/statistics/population
populationChallenger,2025-06-26,챌린저스4,164572,True,https://chuchu.gg/statistics/population
populationChallenger,2025-06-25,챌린저스,165387,True,https://chuchu.gg/statistics/population
populationChallenger,2025-06-25,챌린저스2,141710,True,https://chuchu.gg/statistics/population
populationChallenger,2025-06-25,챌린저스3,162286,True,https://chuchu.gg/statistics/population
populationChallenger,2025-06-25,챌린저스4,160119,True,https://chuchu.gg/statistics/population
populationChallenger,2025-06-24,챌린저스,157160,True,https://chuchu.gg/statistics/population
populationChallenger,2025-06-24,챌린저스2,136967,True,https://chuchu.gg/statistics/population
populationChallenger,2025-06-24,챌린저스3,156927,True,https://chuchu.gg/statistics/population
populationChallenger,2025-06-24,챌린저스4,153555,True,https://chuchu.gg/statistics/population
populationChallenger,2025-06-23,챌린저스,149771,True,https://chuchu.gg/statistics/population
populationChallenger,2025-06-23,챌린저스2,130524,True,https://chuchu.gg/statistics/population
populationChallenger,2025-06-23,챌린저스3,150439,True,https://chuchu.gg/statistics/population
populationChallenger,2025-06-23,챌린저스4,145306,True,https://chuchu.gg/statistics/population
populationChallenger,2025-06-22,챌린저스,139509,True,https://chuchu.gg/statistics/population
populationChallenger,2025-06-22,챌린저스2,121899,True,https://chuchu.gg/statistics/population
populationChallenger,2025-06-22,챌린저스3,140694,True,https://chuchu.gg/statistics/population
populationChallenger,2025-06-22,챌린저스4,133676,True,https://chuchu.gg/statistics/population
populationChallenger,2025-06-21,챌린저스,118891,True,https://chuchu.gg/statistics/population
populationChallenger,2025-06-21,챌린저스2,110412,True,https://chuchu.gg/statistics/population
populationChallenger,2025-06-21,챌린저스3,121381,True,https://chuchu.gg/statistics/population
populationChallenger,2025-06-21,챌린저스4,112936,True,https://chuchu.gg/statistics/population
populationChallenger,2025-06-20,챌린저스,87077,True,https://chuchu.gg/statistics/population
populationChallenger,2025-06-20,챌린저스2,86349,True,https://chuchu.gg/statistics/population
populationChallenger,2025-06-20,챌린저스3,84688,True,https://chuchu.gg/statistics/population
populationChallenger,2025-06-20,챌린저스4,74700,True,https://chuchu.gg/statistics/population
populationChallenger2,2026-04-30,챌린저스,0,True,https://chuchu.gg/statistics/population
populationChallenger2,2026-04-30,챌린저스2,0,True,https://chuchu.gg/statistics/population
populationChallenger2,2026-04-30,챌린저스3,0,True,https://chuchu.gg/statistics/population
populationChallenger2,2026-04-30,챌린저스4,2,True,https://chuchu.gg/statistics/population
populationChallenger2,2026-04-29,챌린저스,48,True,https://chuchu.gg/statistics/population
populationChallenger2,2026-04-29,챌린저스2,11,True,https://chuchu.gg/statistics/population
populationChallenger2,2026-04-29,챌린저스3,6,True,https://chuchu.gg/statistics/population
populationChallenger2,2026-04-29,챌린저스4,3,True,https://chuchu.gg/statistics/population
populationChallenger2,2026-04-28,챌린저스,76,True,https://chuchu.gg/statistics/population
populationChallenger2,2026-04-28,챌린저스2,21,True,https://chuchu.gg/statistics/population
populationChallenger2,2026-04-28,챌린저스3,8,True,https://chuchu.gg/statistics/population
populationChallenger2,2026-04-28,챌린저스4,8,True,https://chuchu.gg/statistics/population
populationChallenger2,2026-04-27,챌린저스,104,True,https://chuchu.gg/statistics/population
populationChallenger2,2026-04-27,챌린저스2,34,True,https://chuchu.gg/statistics/population
populationChallenger2,2026-04-27,챌린저스3,16,True,https://chuchu.gg/statistics/population
populationChallenger2,2026-04-27,챌린저스4,13,True,https://chuchu.gg/statistics/population
populationChallenger2,2026-04-26,챌린저스,156,True,https://chuchu.gg/statistics/population
populationChallenger2,2026-04-26,챌린저스2,60,True,https://chuchu.gg/statistics/population
populationChallenger2,2026-04-26,챌린저스3,34,True,https://chuchu.gg/statistics/population
populationChallenger2,2026-04-26,챌린저스4,27,True,https://chuchu.gg/statistics/population
populationChallenger2,2026-04-25,챌린저스,224,True,https://chuchu.gg/statistics/population
populationChallenger2,2026-04-25,챌린저스2,79,True,https://chuchu.gg/statistics/population
populationChallenger2,2026-04-25,챌린저스3,49,True,https://chuchu.gg/statistics/population
populationChallenger2,2026-04-25,챌린저스4,36,True,https://chuchu.gg/statistics/population
populationChallenger2,2026-04-24,챌린저스,291,True,https://chuchu.gg/statistics/population
populationChallenger2,2026-04-24,챌린저스2,106,True,https://chuchu.gg/statistics/population
populationChallenger2,2026-04-24,챌린저스3,70,True,https://chuchu.gg/statistics/population
populationChallenger2,2026-04-24,챌린저스4,62,True,https://chuchu.gg/statistics/population
populationChallenger2,2026-04-23,챌린저스,638,True,https://chuchu.gg/statistics/population
populationChallenger2,2026-04-23,챌린저스2,215,True,https://chuchu.gg/statistics/population
populationChallenger2,2026-04-23,챌린저스3,143,True,https://chuchu.gg/statistics/population
populationChallenger2,2026-04-23,챌린저스4,131,True,https://chuchu.gg/statistics/population
populationChallenger2,2026-04-22,챌린저스,1427,True,https://chuchu.gg/statistics/population
populationChallenger2,2026-04-22,챌린저스2,448,True,https://chuchu.gg/statistics/population
populationChallenger2,2026-04-22,챌린저스3,273,True,https://chuchu.gg/statistics/population
populationChallenger2,2026-04-22,챌린저스4,277,True,https://chuchu.gg/statistics/population
populationChallenger2,2026-04-21,챌린저스,2150,True,https://chuchu.gg/statistics/population
populationChallenger2,2026-04-21,챌린저스2,620,True,https://chuchu.gg/statistics/population
populationChallenger2,2026-04-21,챌린저스3,401,True,https://chuchu.gg/statistics/population
populationChallenger2,2026-04-21,챌린저스4,423,True,https://chuchu.gg/statistics/population
populationChallenger2,2026-04-20,챌린저스,2973,True,https://chuchu.gg/statistics/population
populationChallenger2,2026-04-20,챌린저스2,790,True,https://chuchu.gg/statistics/population
populationChallenger2,2026-04-20,챌린저스3,554,True,https://chuchu.gg/statistics/population
populationChallenger2,2026-04-20,챌린저스4,591,True,https://chuchu.gg/statistics/population
populationChallenger2,2026-04-19,챌린저스,4393,True,https://chuchu.gg/statistics/population
populationChallenger2,2026-04-19,챌린저스2,1166,True,https://chuchu.gg/statistics/population
populationChallenger2,2026-04-19,챌린저스3,859,True,https://chuchu.gg/statistics/population
populationChallenger2,2026-04-19,챌린저스4,919,True,https://chuchu.gg/statistics/population
populationChallenger2,2026-04-18,챌린저스,6357,True,https://chuchu.gg/statistics/population
populationChallenger2,2026-04-18,챌린저스2,1766,True,https://chuchu.gg/statistics/population
populationChallenger2,2026-04-18,챌린저스3,1274,True,https://chuchu.gg/statistics/population
populationChallenger2,2026-04-18,챌린저스4,1336,True,https://chuchu.gg/statistics/population
populationChallenger2,2026-04-17,챌린저스,9522,True,https://chuchu.gg/statistics/population
populationChallenger2,2026-04-17,챌린저스2,2686,True,https://chuchu.gg/statistics/population
populationChallenger2,2026-04-17,챌린저스3,1949,True,https://chuchu.gg/statistics/population
populationChallenger2,2026-04-17,챌린저스4,1999,True,https://chuchu.gg/statistics/population
populationChallenger2,2026-04-16,챌린저스,30416,True,https://chuchu.gg/statistics/population
populationChallenger2,2026-04-16,챌린저스2,10017,True,https://chuchu.gg/statistics/population
populationChallenger2,2026-04-16,챌린저스3,7263,True,https://chuchu.gg/statistics/population
populationChallenger2,2026-04-16,챌린저스4,6374,True,https://chuchu.gg/statistics/population
populationChallenger2,2026-04-14,챌린저스,47194,True,https://chuchu.gg/statistics/population
populationChallenger2,2026-04-14,챌린저스2,15464,True,https://chuchu.gg/statistics/population
populationChallenger2,2026-04-14,챌린저스3,11244,True,https://chuchu.gg/statistics/population
populationChallenger2,2026-04-14,챌린저스4,10396,True,https://chuchu.gg/statistics/population
populationChallenger2,2026-04-13,챌린저스,51654,True,https://chuchu.gg/statistics/population
populationChallenger2,2026-04-13,챌린저스2,17042,True,https://chuchu.gg/statistics/population
populationChallenger2,2026-04-13,챌린저스3,12385,True,https://chuchu.gg/statistics/population
populationChallenger2,2026-04-13,챌린저스4,11514,True,https://chuchu.gg/statistics/population
populationChallenger2,2026-04-12,챌린저스,55952,True,https://chuchu.gg/statistics/population
populationChallenger2,2026-04-12,챌린저스2,18629,True,https://chuchu.gg/statistics/population
populationChallenger2,2026-04-12,챌린저스3,13586,True,https://chuchu.gg/statistics/population
populationChallenger2,2026-04-12,챌린저스4,12670,True,https://chuchu.gg/statistics/population
populationChallenger2,2026-04-11,챌린저스,59052,True,https://chuchu.gg/statistics/population
populationChallenger2,2026-04-11,챌린저스2,19801,True,https://chuchu.gg/statistics/population
populationChallenger2,2026-04-11,챌린저스3,14549,True,https://chuchu.gg/statistics/population
populationChallenger2,2026-04-11,챌린저스4,13573,True,https://chuchu.gg/statistics/population
populationChallenger2,2026-04-10,챌린저스,61475,True,https://chuchu.gg/statistics/population
populationChallenger2,2026-04-10,챌린저스2,20727,True,https://chuchu.gg/statistics/population
populationChallenger2,2026-04-10,챌린저스3,15263,True,https://chuchu.gg/statistics/population
populationChallenger2,2026-04-10,챌린저스4,14185,True,https://chuchu.gg/statistics/population
populationChallenger2,2026-04-09,챌린저스,64336,True,https://chuchu.gg/statistics/population
populationChallenger2,2026-04-09,챌린저스2,21856,True,https://chuchu.gg/statistics/population
populationChallenger2,2026-04-09,챌린저스3,16110,True,https://chuchu.gg/statistics/population
populationChallenger2,2026-04-09,챌린저스4,14950,True,https://chuchu.gg/statistics/population
populationChallenger2,2026-04-08,챌린저스,65842,True,https://chuchu.gg/statistics/population
populationChallenger2,2026-04-08,챌린저스2,22403,True,https://chuchu.gg/statistics/population
populationChallenger2,2026-04-08,챌린저스3,16517,True,https://chuchu.gg/statistics/population
populationChallenger2,2026-04-08,챌린저스4,15317,True,https://chuchu.gg/statistics/population
populationChallenger2,2026-04-07,챌린저스,66786,True,https://chuchu.gg/statistics/population
populationChallenger2,2026-04-07,챌린저스2,22689,True,https://chuchu.gg/statistics/population
populationChallenger2,2026-04-07,챌린저스3,16741,True,https://chuchu.gg/statistics/population
populationChallenger2,2026-04-07,챌린저스4,15499,True,https://chuchu.gg/statistics/population
populationChallenger2,2026-04-06,챌린저스,67748,True,https://chuchu.gg/statistics/population
populationChallenger2,2026-04-06,챌린저스2,22931,True,https://chuchu.gg/statistics/population
populationChallenger2,2026-04-06,챌린저스3,16973,True,https://chuchu.gg/statistics/population
populationChallenger2,2026-04-06,챌린저스4,15754,True,https://chuchu.gg/statistics/population
populationChallenger2,2026-04-05,챌린저스,69121,True,https://chuchu.gg/statistics/population
populationChallenger2,2026-04-05,챌린저스2,23425,True,https://chuchu.gg/statistics/population
populationChallenger2,2026-04-05,챌린저스3,17346,True,https://chuchu.gg/statistics/population
populationChallenger2,2026-04-05,챌린저스4,16138,True,https://chuchu.gg/statistics/population
populationChallenger2,2026-04-04,챌린저스,70187,True,https://chuchu.gg/statistics/population
populationChallenger2,2026-04-04,챌린저스2,23806,True,https://chuchu.gg/statistics/population
populationChallenger2,2026-04-04,챌린저스3,17585,True,https://chuchu.gg/statistics/population
populationChallenger2,2026-04-04,챌린저스4,16408,True,https://chuchu.gg/statistics/population
populationChallenger2,2026-04-03,챌린저스,71121,True,https://chuchu.gg/statistics/population
populationChallenger2,2026-04-03,챌린저스2,24105,True,https://chuchu.gg/statistics/population
populationChallenger2,2026-04-03,챌린저스3,17853,True,https://chuchu.gg/statistics/population
populationChallenger2,2026-04-03,챌린저스4,16649,True,https://chuchu.gg/statistics/population
populationChallenger2,2026-04-02,챌린저스,72338,True,https://chuchu.gg/statistics/population
populationChallenger2,2026-04-02,챌린저스2,24574,True,https://chuchu.gg/statistics/population
populationChallenger2,2026-04-02,챌린저스3,18173,True,https://chuchu.gg/statistics/population
populationChallenger2,2026-04-02,챌린저스4,16947,True,https://chuchu.gg/statistics/population
populationChallenger2,2026-04-01,챌린저스,73561,True,https://chuchu.gg/statistics/population
populationChallenger2,2026-04-01,챌린저스2,25055,True,https://chuchu.gg/statistics/population
populationChallenger2,2026-04-01,챌린저스3,18469,True,https://chuchu.gg/statistics/population
populationChallenger2,2026-04-01,챌린저스4,17247,True,https://chuchu.gg/statistics/population
populationChallenger2,2026-03-31,챌린저스,74382,True,https://chuchu.gg/statistics/population
populationChallenger2,2026-03-31,챌린저스2,25403,True,https://chuchu.gg/statistics/population
populationChallenger2,2026-03-31,챌린저스3,18685,True,https://chuchu.gg/statistics/population
populationChallenger2,2026-03-31,챌린저스4,17480,True,https://chuchu.gg/statistics/population
populationChallenger2,2026-03-30,챌린저스,75203,True,https://chuchu.gg/statistics/population
populationChallenger2,2026-03-30,챌린저스2,25816,True,https://chuchu.gg/statistics/population
populationChallenger2,2026-03-30,챌린저스3,18921,True,https://chuchu.gg/statistics/population
populationChallenger2,2026-03-30,챌린저스4,17733,True,https://chuchu.gg/statistics/population
populationChallenger2,2026-03-29,챌린저스,75920,True,https://chuchu.gg/statistics/population
populationChallenger2,2026-03-29,챌린저스2,26234,True,https://chuchu.gg/statistics/population
populationChallenger2,2026-03-29,챌린저스3,19163,True,https://chuchu.gg/statistics/population
populationChallenger2,2026-03-29,챌린저스4,17933,True,https://chuchu.gg/statistics/population
populationChallenger2,2026-03-28,챌린저스,76443,True,https://chuchu.gg/statistics/population
populationChallenger2,2026-03-28,챌린저스2,26600,True,https://chuchu.gg/statistics/population
populationChallenger2,2026-03-28,챌린저스3,19521,True,https://chuchu.gg/statistics/population
populationChallenger2,2026-03-28,챌린저스4,18180,True,https://chuchu.gg/statistics/population
populationChallenger2,2026-03-27,챌린저스,77141,True,https://chuchu.gg/statistics/population
populationChallenger2,2026-03-27,챌린저스2,26994,True,https://chuchu.gg/statistics/population
populationChallenger2,2026-03-27,챌린저스3,19753,True,https://chuchu.gg/statistics/population
populationChallenger2,2026-03-27,챌린저스4,18402,True,https://chuchu.gg/statistics/population
populationChallenger2,2026-03-26,챌린저스,77976,True,https://chuchu.gg/statistics/population
populationChallenger2,2026-03-26,챌린저스2,27477,True,https://chuchu.gg/statistics/population
populationChallenger2,2026-03-26,챌린저스3,20016,True,https://chuchu.gg/statistics/population
populationChallenger2,2026-03-26,챌린저스4,18713,True,https://chuchu.gg/statistics/population
populationChallenger2,2026-03-25,챌린저스,78893,True,https://chuchu.gg/statistics/population
populationChallenger2,2026-03-25,챌린저스2,28133,True,https://chuchu.gg/statistics/population
populationChallenger2,2026-03-25,챌린저스3,20477,True,https://chuchu.gg/statistics/population
populationChallenger2,2026-03-25,챌린저스4,19150,True,https://chuchu.gg/statistics/population
populationChallenger2,2026-03-24,챌린저스,78135,True,https://chuchu.gg/statistics/population
populationChallenger2,2026-03-24,챌린저스2,28196,True,https://chuchu.gg/statistics/population
populationChallenger2,2026-03-24,챌린저스3,20579,True,https://chuchu.gg/statistics/population
populationChallenger2,2026-03-24,챌린저스4,19150,True,https://chuchu.gg/statistics/population
populationChallenger2,2026-03-23,챌린저스,77229,True,https://chuchu.gg/statistics/population
populationChallenger2,2026-03-23,챌린저스2,28164,True,https://chuchu.gg/statistics/population
populationChallenger2,2026-03-23,챌린저스3,20572,True,https://chuchu.gg/statistics/population
populationChallenger2,2026-03-23,챌린저스4,19059,True,https://chuchu.gg/statistics/population
populationChallenger2,2026-03-22,챌린저스,76078,True,https://chuchu.gg/statistics/population
populationChallenger2,2026-03-22,챌린저스2,28176,True,https://chuchu.gg/statistics/population
populationChallenger2,2026-03-22,챌린저스3,20576,True,https://chuchu.gg/statistics/population
populationChallenger2,2026-03-22,챌린저스4,18943,True,https://chuchu.gg/statistics/population
populationChallenger2,2026-03-21,챌린저스,73988,True,https://chuchu.gg/statistics/population
populationChallenger2,2026-03-21,챌린저스2,27897,True,https://chuchu.gg/statistics/population
populationChallenger2,2026-03-21,챌린저스3,20368,True,https://chuchu.gg/statistics/population
populationChallenger2,2026-03-21,챌린저스4,18675,True,https://chuchu.gg/statistics/population
populationChallenger2,2026-03-20,챌린저스,71479,True,https://chuchu.gg/statistics/population
populationChallenger2,2026-03-20,챌린저스2,27449,True,https://chuchu.gg/statistics/population
populationChallenger2,2026-03-20,챌린저스3,20091,True,https://chuchu.gg/statistics/population
populationChallenger2,2026-03-20,챌린저스4,18243,True,https://chuchu.gg/statistics/population
populationChallenger2,2026-03-19,챌린저스,68410,True,https://chuchu.gg/statistics/population
populationChallenger2,2026-03-19,챌린저스2,26879,True,https://chuchu.gg/statistics/population
populationChallenger2,2026-03-19,챌린저스3,19745,True,https://chuchu.gg/statistics/population
populationChallenger2,2026-03-19,챌린저스4,17774,True,https://chuchu.gg/statistics/population
populationChallenger2,2026-03-18,챌린저스,67449,True,https://chuchu.gg/statistics/population
populationChallenger2,2026-03-18,챌린저스2,26786,True,https://chuchu.gg/statistics/population
populationChallenger2,2026-03-18,챌린저스3,19652,True,https://chuchu.gg/statistics/population
populationChallenger2,2026-03-18,챌린저스4,17754,True,https://chuchu.gg/statistics/population
populationChallenger2,2026-03-17,챌린저스,67045,True,https://chuchu.gg/statistics/population
populationChallenger2,2026-03-17,챌린저스2,26760,True,https://chuchu.gg/statistics/population
populationChallenger2,2026-03-17,챌린저스3,19714,True,https://chuchu.gg/statistics/population
populationChallenger2,2026-03-17,챌린저스4,17783,True,https://chuchu.gg/statistics/population
populationChallenger2,2026-03-16,챌린저스,66061,True,https://chuchu.gg/statistics/population
populationChallenger2,2026-03-16,챌린저스2,26692,True,https://chuchu.gg/statistics/population
populationChallenger2,2026-03-16,챌린저스3,19666,True,https://chuchu.gg/statistics/population
populationChallenger2,2026-03-16,챌린저스4,17711,True,https://chuchu.gg/statistics/population
populationChallenger2,2026-03-15,챌린저스,64480,True,https://chuchu.gg/statistics/population
populationChallenger2,2026-03-15,챌린저스2,26454,True,https://chuchu.gg/statistics/population
populationChallenger2,2026-03-15,챌린저스3,19621,True,https://chuchu.gg/statistics/population
populationChallenger2,2026-03-15,챌린저스4,17593,True,https://chuchu.gg/statistics/population
populationChallenger2,2026-03-14,챌린저스,64340,True,https://chuchu.gg/statistics/population
populationChallenger2,2026-03-14,챌린저스2,26547,True,https://chuchu.gg/statistics/population
populationChallenger2,2026-03-14,챌린저스3,19663,True,https://chuchu.gg/statistics/population
populationChallenger2,2026-03-14,챌린저스4,17679,True,https://chuchu.gg/statistics/population
populationChallenger2,2026-03-13,챌린저스,64993,True,https://chuchu.gg/statistics/population
populationChallenger2,2026-03-13,챌린저스2,26785,True,https://chuchu.gg/statistics/population
populationChallenger2,2026-03-13,챌린저스3,19867,True,https://chuchu.gg/statistics/population
populationChallenger2,2026-03-13,챌린저스4,17887,True,https://chuchu.gg/statistics/population
populationChallenger2,2026-03-12,챌린저스,65690,True,https://chuchu.gg/statistics/population
populationChallenger2,2026-03-12,챌린저스2,27141,True,https://chuchu.gg/statistics/population
populationChallenger2,2026-03-12,챌린저스3,20072,True,https://chuchu.gg/statistics/population
populationChallenger2,2026-03-12,챌린저스4,18130,True,https://chuchu.gg/statistics/population
populationChallenger2,2026-03-11,챌린저스,66471,True,https://chuchu.gg/statistics/population
populationChallenger2,2026-03-11,챌린저스2,27461,True,https://chuchu.gg/statistics/population
populationChallenger2,2026-03-11,챌린저스3,20275,True,https://chuchu.gg/statistics/population
populationChallenger2,2026-03-11,챌린저스4,18349,True,https://chuchu.gg/statistics/population
populationChallenger2,2026-03-10,챌린저스,66972,True,https://chuchu.gg/statistics/population
populationChallenger2,2026-03-10,챌린저스2,27657,True,https://chuchu.gg/statistics/population
populationChallenger2,2026-03-10,챌린저스3,20441,True,https://chuchu.gg/statistics/population
populationChallenger2,2026-03-10,챌린저스4,18479,True,https://chuchu.gg/statistics/population
populationChallenger2,2026-03-09,챌린저스,67861,True,https://chuchu.gg/statistics/population
populationChallenger2,2026-03-09,챌린저스2,28061,True,https://chuchu.gg/statistics/population
populationChallenger2,2026-03-09,챌린저스3,20759,True,https://chuchu.gg/statistics/population
populationChallenger2,2026-03-09,챌린저스4,18804,True,https://chuchu.gg/statistics/population
populationChallenger2,2026-03-08,챌린저스,68513,True,https://chuchu.gg/statistics/population
populationChallenger2,2026-03-08,챌린저스2,28403,True,https://chuchu.gg/statistics/population
populationChallenger2,2026-03-08,챌린저스3,20910,True,https://chuchu.gg/statistics/population
populationChallenger2,2026-03-08,챌린저스4,18998,True,https://chuchu.gg/statistics/population
populationChallenger2,2026-03-07,챌린저스,68949,True,https://chuchu.gg/statistics/population
populationChallenger2,2026-03-07,챌린저스2,28692,True,https://chuchu.gg/statistics/population
populationChallenger2,2026-03-07,챌린저스3,21088,True,https://chuchu.gg/statistics/population
populationChallenger2,2026-03-07,챌린저스4,19189,True,https://chuchu.gg/statistics/population
populationChallenger2,2026-03-06,챌린저스,69435,True,https://chuchu.gg/statistics/population
populationChallenger2,2026-03-06,챌린저스2,28913,True,https://chuchu.gg/statistics/population
populationChallenger2,2026-03-06,챌린저스3,21234,True,https://chuchu.gg/statistics/population
populationChallenger2,2026-03-06,챌린저스4,19375,True,https://chuchu.gg/statistics/population
populationChallenger2,2026-03-05,챌린저스,70028,True,https://chuchu.gg/statistics/population
populationChallenger2,2026-03-05,챌린저스2,29257,True,https://chuchu.gg/statistics/population
populationChallenger2,2026-03-05,챌린저스3,21433,True,https://chuchu.gg/statistics/population
populationChallenger2,2026-03-05,챌린저스4,19577,True,https://chuchu.gg/statistics/population
populationChallenger2,2026-03-04,챌린저스,70677,True,https://chuchu.gg/statistics/population
populationChallenger2,2026-03-04,챌린저스2,29574,True,https://chuchu.gg/statistics/population
populationChallenger2,2026-03-04,챌린저스3,21652,True,https://chuchu.gg/statistics/population
populationChallenger2,2026-03-04,챌린저스4,19786,True,https://chuchu.gg/statistics/population
populationChallenger2,2026-03-03,챌린저스,71188,True,https://chuchu.gg/statistics/population
populationChallenger2,2026-03-03,챌린저스2,29884,True,https://chuchu.gg/statistics/population
populationChallenger2,2026-03-03,챌린저스3,21823,True,https://chuchu.gg/statistics/population
populationChallenger2,2026-03-03,챌린저스4,19931,True,https://chuchu.gg/statistics/population
populationChallenger2,2026-03-02,챌린저스,71367,True,https://chuchu.gg/statistics/population
populationChallenger2,2026-03-02,챌린저스2,30101,True,https://chuchu.gg/statistics/population
populationChallenger2,2026-03-02,챌린저스3,21887,True,https://chuchu.gg/statistics/population
populationChallenger2,2026-03-02,챌린저스4,20034,True,https://chuchu.gg/statistics/population
populationChallenger2,2026-03-01,챌린저스,72188,True,https://chuchu.gg/statistics/population
populationChallenger2,2026-03-01,챌린저스2,30467,True,https://chuchu.gg/statistics/population
populationChallenger2,2026-03-01,챌린저스3,22205,True,https://chuchu.gg/statistics/population
populationChallenger2,2026-03-01,챌린저스4,20277,True,https://chuchu.gg/statistics/population
populationChallenger2,2026-02-28,챌린저스,72725,True,https://chuchu.gg/statistics/population
populationChallenger2,2026-02-28,챌린저스2,30810,True,https://chuchu.gg/statistics/population
populationChallenger2,2026-02-28,챌린저스3,22438,True,https://chuchu.gg/statistics/population
populationChallenger2,2026-02-28,챌린저스4,20501,True,https://chuchu.gg/statistics/population
populationChallenger2,2026-02-27,챌린저스,73316,True,https://chuchu.gg/statistics/population
populationChallenger2,2026-02-27,챌린저스2,31069,True,https://chuchu.gg/statistics/population
populationChallenger2,2026-02-27,챌린저스3,22634,True,https://chuchu.gg/statistics/population
populationChallenger2,2026-02-27,챌린저스4,20686,True,https://chuchu.gg/statistics/population
populationChallenger2,2026-02-26,챌린저스,74159,True,https://chuchu.gg/statistics/population
populationChallenger2,2026-02-26,챌린저스2,31485,True,https://chuchu.gg/statistics/population
populationChallenger2,2026-02-26,챌린저스3,22883,True,https://chuchu.gg/statistics/population
populationChallenger2,2026-02-26,챌린저스4,20970,True,https://chuchu.gg/statistics/population
populationChallenger2,2026-02-25,챌린저스,75222,True,https://chuchu.gg/statistics/population
populationChallenger2,2026-02-25,챌린저스2,31975,True,https://chuchu.gg/statistics/population
populationChallenger2,2026-02-25,챌린저스3,23304,True,https://chuchu.gg/statistics/population
populationChallenger2,2026-02-25,챌린저스4,21342,True,https://chuchu.gg/statistics/population
populationChallenger2,2026-02-24,챌린저스,75800,True,https://chuchu.gg/statistics/population
populationChallenger2,2026-02-24,챌린저스2,32192,True,https://chuchu.gg/statistics/population
populationChallenger2,2026-02-24,챌린저스3,23525,True,https://chuchu.gg/statistics/population
populationChallenger2,2026-02-24,챌린저스4,21559,True,https://chuchu.gg/statistics/population
populationChallenger2,2026-02-23,챌린저스,76401,True,https://chuchu.gg/statistics/population
populationChallenger2,2026-02-23,챌린저스2,32450,True,https://chuchu.gg/statistics/population
populationChallenger2,2026-02-23,챌린저스3,23694,True,https://chuchu.gg/statistics/population
populationChallenger2,2026-02-23,챌린저스4,21823,True,https://chuchu.gg/statistics/population
populationChallenger2,2026-02-22,챌린저스,76942,True,https://chuchu.gg/statistics/population
populationChallenger2,2026-02-22,챌린저스2,32744,True,https://chuchu.gg/statistics/population
populationChallenger2,2026-02-22,챌린저스3,23887,True,https://chuchu.gg/statistics/population
populationChallenger2,2026-02-22,챌린저스4,21966,True,https://chuchu.gg/statistics/population
populationChallenger2,2026-02-21,챌린저스,77466,True,https://chuchu.gg/statistics/population
populationChallenger2,2026-02-21,챌린저스2,33064,True,https://chuchu.gg/statistics/population
populationChallenger2,2026-02-21,챌린저스3,24047,True,https://chuchu.gg/statistics/population
populationChallenger2,2026-02-21,챌린저스4,22140,True,https://chuchu.gg/statistics/population
populationChallenger2,2026-02-20,챌린저스,77908,True,https://chuchu.gg/statistics/population
populationChallenger2,2026-02-20,챌린저스2,33328,True,https://chuchu.gg/statistics/population
populationChallenger2,2026-02-20,챌린저스3,24238,True,https://chuchu.gg/statistics/population
populationChallenger2,2026-02-20,챌린저스4,22311,True,https://chuchu.gg/statistics/population
populationChallenger2,2026-02-19,챌린저스,78477,True,https://chuchu.gg/statistics/population
populationChallenger2,2026-02-19,챌린저스2,33664,True,https://chuchu.gg/statistics/population
populationChallenger2,2026-02-19,챌린저스3,24464,True,https://chuchu.gg/statistics/population
populationChallenger2,2026-02-19,챌린저스4,22535,True,https://chuchu.gg/statistics/population
populationChallenger2,2026-02-18,챌린저스,79370,True,https://chuchu.gg/statistics/population
populationChallenger2,2026-02-18,챌린저스2,34175,True,https://chuchu.gg/statistics/population
populationChallenger2,2026-02-18,챌린저스3,24749,True,https://chuchu.gg/statistics/population
populationChallenger2,2026-02-18,챌린저스4,22851,True,https://chuchu.gg/statistics/population
populationChallenger2,2026-02-17,챌린저스,79896,True,https://chuchu.gg/statistics/population
populationChallenger2,2026-02-17,챌린저스2,34461,True,https://chuchu.gg/statistics/population
populationChallenger2,2026-02-17,챌린저스3,24948,True,https://chuchu.gg/statistics/population
populationChallenger2,2026-02-17,챌린저스4,22993,True,https://chuchu.gg/statistics/population
populationChallenger2,2026-02-16,챌린저스,80294,True,https://chuchu.gg/statistics/population
populationChallenger2,2026-02-16,챌린저스2,34705,True,https://chuchu.gg/statistics/population
populationChallenger2,2026-02-16,챌린저스3,25170,True,https://chuchu.gg/statistics/population
populationChallenger2,2026-02-16,챌린저스4,23117,True,https://chuchu.gg/statistics/population
populationChallenger2,2026-02-15,챌린저스,81286,True,https://chuchu.gg/statistics/population
populationChallenger2,2026-02-15,챌린저스2,35197,True,https://chuchu.gg/statistics/population
populationChallenger2,2026-02-15,챌린저스3,25549,True,https://chuchu.gg/statistics/population
populationChallenger2,2026-02-15,챌린저스4,23455,True,https://chuchu.gg/statistics/population
populationChallenger2,2026-02-14,챌린저스,81697,True,https://chuchu.gg/statistics/population
populationChallenger2,2026-02-14,챌린저스2,35421,True,https://chuchu.gg/statistics/population
populationChallenger2,2026-02-14,챌린저스3,25759,True,https://chuchu.gg/statistics/population
populationChallenger2,2026-02-14,챌린저스4,23662,True,https://chuchu.gg/statistics/population
populationChallenger2,2026-02-13,챌린저스,82139,True,https://chuchu.gg/statistics/population
populationChallenger2,2026-02-13,챌린저스2,35641,True,https://chuchu.gg/statistics/population
populationChallenger2,2026-02-13,챌린저스3,25929,True,https://chuchu.gg/statistics/population
populationChallenger2,2026-02-13,챌린저스4,23832,True,https://chuchu.gg/statistics/population
populationChallenger2,2026-02-12,챌린저스,82836,True,https://chuchu.gg/statistics/population
populationChallenger2,2026-02-12,챌린저스2,35929,True,https://chuchu.gg/statistics/population
populationChallenger2,2026-02-12,챌린저스3,26106,True,https://chuchu.gg/statistics/population
populationChallenger2,2026-02-12,챌린저스4,24043,True,https://chuchu.gg/statistics/population
populationChallenger2,2026-02-11,챌린저스,83672,True,https://chuchu.gg/statistics/population
populationChallenger2,2026-02-11,챌린저스2,36358,True,https://chuchu.gg/statistics/population
populationChallenger2,2026-02-11,챌린저스3,26408,True,https://chuchu.gg/statistics/population
populationChallenger2,2026-02-11,챌린저스4,24336,True,https://chuchu.gg/statistics/population
populationChallenger2,2026-02-10,챌린저스,84325,True,https://chuchu.gg/statistics/population
populationChallenger2,2026-02-10,챌린저스2,36674,True,https://chuchu.gg/statistics/population
populationChallenger2,2026-02-10,챌린저스3,26605,True,https://chuchu.gg/statistics/population
populationChallenger2,2026-02-10,챌린저스4,24603,True,https://chuchu.gg/statistics/population
populationChallenger2,2026-02-09,챌린저스,84992,True,https://chuchu.gg/statistics/population
populationChallenger2,2026-02-09,챌린저스2,37114,True,https://chuchu.gg/statistics/population
populationChallenger2,2026-02-09,챌린저스3,26836,True,https://chuchu.gg/statistics/population
populationChallenger2,2026-02-09,챌린저스4,24900,True,https://chuchu.gg/statistics/population
populationChallenger2,2026-02-08,챌린저스,85862,True,https://chuchu.gg/statistics/population
populationChallenger2,2026-02-08,챌린저스2,37561,True,https://chuchu.gg/statistics/population
populationChallenger2,2026-02-08,챌린저스3,27168,True,https://chuchu.gg/statistics/population
populationChallenger2,2026-02-08,챌린저스4,25187,True,https://chuchu.gg/statistics/population
populationChallenger2,2026-02-07,챌린저스,86594,True,https://chuchu.gg/statistics/population
populationChallenger2,2026-02-07,챌린저스2,37989,True,https://chuchu.gg/statistics/population
populationChallenger2,2026-02-07,챌린저스3,27406,True,https://chuchu.gg/statistics/population
populationChallenger2,2026-02-07,챌린저스4,25424,True,https://chuchu.gg/statistics/population
populationChallenger2,2026-02-06,챌린저스,87319,True,https://chuchu.gg/statistics/population
populationChallenger2,2026-02-06,챌린저스2,38305,True,https://chuchu.gg/statistics/population
populationChallenger2,2026-02-06,챌린저스3,27629,True,https://chuchu.gg/statistics/population
populationChallenger2,2026-02-06,챌린저스4,25696,True,https://chuchu.gg/statistics/population
populationChallenger2,2026-02-05,챌린저스,88196,True,https://chuchu.gg/statistics/population
populationChallenger2,2026-02-05,챌린저스2,38695,True,https://chuchu.gg/statistics/population
populationChallenger2,2026-02-05,챌린저스3,27918,True,https://chuchu.gg/statistics/population
populationChallenger2,2026-02-05,챌린저스4,26041,True,https://chuchu.gg/statistics/population
populationChallenger2,2026-02-04,챌린저스,89136,True,https://chuchu.gg/statistics/population
populationChallenger2,2026-02-04,챌린저스2,39269,True,https://chuchu.gg/statistics/population
populationChallenger2,2026-02-04,챌린저스3,28292,True,https://chuchu.gg/statistics/population
populationChallenger2,2026-02-04,챌린저스4,26405,True,https://chuchu.gg/statistics/population
populationChallenger2,2026-02-03,챌린저스,90012,True,https://chuchu.gg/statistics/population
populationChallenger2,2026-02-03,챌린저스2,39699,True,https://chuchu.gg/statistics/population
populationChallenger2,2026-02-03,챌린저스3,28619,True,https://chuchu.gg/statistics/population
populationChallenger2,2026-02-03,챌린저스4,26680,True,https://chuchu.gg/statistics/population
populationChallenger2,2026-02-02,챌린저스,91097,True,https://chuchu.gg/statistics/population
populationChallenger2,2026-02-02,챌린저스2,40254,True,https://chuchu.gg/statistics/population
populationChallenger2,2026-02-02,챌린저스3,28973,True,https://chuchu.gg/statistics/population
populationChallenger2,2026-02-02,챌린저스4,27077,True,https://chuchu.gg/statistics/population
populationChallenger2,2026-02-01,챌린저스,92420,True,https://chuchu.gg/statistics/population
populationChallenger2,2026-02-01,챌린저스2,40953,True,https://chuchu.gg/statistics/population
populationChallenger2,2026-02-01,챌린저스3,29489,True,https://chuchu.gg/statistics/population
populationChallenger2,2026-02-01,챌린저스4,27496,True,https://chuchu.gg/statistics/population
populationChallenger2,2026-01-31,챌린저스,93079,True,https://chuchu.gg/statistics/population
populationChallenger2,2026-01-31,챌린저스2,41339,True,https://chuchu.gg/statistics/population
populationChallenger2,2026-01-31,챌린저스3,29772,True,https://chuchu.gg/statistics/population
populationChallenger2,2026-01-31,챌린저스4,27720,True,https://chuchu.gg/statistics/population
populationChallenger2,2026-01-30,챌린저스,93777,True,https://chuchu.gg/statistics/population
populationChallenger2,2026-01-30,챌린저스2,41756,True,https://chuchu.gg/statistics/population
populationChallenger2,2026-01-30,챌린저스3,30001,True,https://chuchu.gg/statistics/population
populationChallenger2,2026-01-30,챌린저스4,27962,True,https://chuchu.gg/statistics/population
populationChallenger2,2026-01-29,챌린저스,94667,True,https://chuchu.gg/statistics/population
populationChallenger2,2026-01-29,챌린저스2,42196,True,https://chuchu.gg/statistics/population
populationChallenger2,2026-01-29,챌린저스3,30274,True,https://chuchu.gg/statistics/population
populationChallenger2,2026-01-29,챌린저스4,28283,True,https://chuchu.gg/statistics/population
populationChallenger2,2026-01-28,챌린저스,95783,True,https://chuchu.gg/statistics/population
populationChallenger2,2026-01-28,챌린저스2,42780,True,https://chuchu.gg/statistics/population
populationChallenger2,2026-01-28,챌린저스3,30606,True,https://chuchu.gg/statistics/population
populationChallenger2,2026-01-28,챌린저스4,28702,True,https://chuchu.gg/statistics/population
populationChallenger2,2026-01-27,챌린저스,96649,True,https://chuchu.gg/statistics/population
populationChallenger2,2026-01-27,챌린저스2,43299,True,https://chuchu.gg/statistics/population
populationChallenger2,2026-01-27,챌린저스3,30916,True,https://chuchu.gg/statistics/population
populationChallenger2,2026-01-27,챌린저스4,28962,True,https://chuchu.gg/statistics/population
populationChallenger2,2026-01-26,챌린저스,97735,True,https://chuchu.gg/statistics/population
populationChallenger2,2026-01-26,챌린저스2,43801,True,https://chuchu.gg/statistics/population
populationChallenger2,2026-01-26,챌린저스3,31290,True,https://chuchu.gg/statistics/population
populationChallenger2,2026-01-26,챌린저스4,29362,True,https://chuchu.gg/statistics/population
populationChallenger2,2026-01-25,챌린저스,98817,True,https://chuchu.gg/statistics/population
populationChallenger2,2026-01-25,챌린저스2,44312,True,https://chuchu.gg/statistics/population
populationChallenger2,2026-01-25,챌린저스3,31696,True,https://chuchu.gg/statistics/population
populationChallenger2,2026-01-25,챌린저스4,29743,True,https://chuchu.gg/statistics/population
populationChallenger2,2026-01-24,챌린저스,99732,True,https://chuchu.gg/statistics/population
populationChallenger2,2026-01-24,챌린저스2,44849,True,https://chuchu.gg/statistics/population
populationChallenger2,2026-01-24,챌린저스3,32003,True,https://chuchu.gg/statistics/population
populationChallenger2,2026-01-24,챌린저스4,30103,True,https://chuchu.gg/statistics/population
populationChallenger2,2026-01-23,챌린저스,100697,True,https://chuchu.gg/statistics/population
populationChallenger2,2026-01-23,챌린저스2,45324,True,https://chuchu.gg/statistics/population
populationChallenger2,2026-01-23,챌린저스3,32363,True,https://chuchu.gg/statistics/population
populationChallenger2,2026-01-23,챌린저스4,30464,True,https://chuchu.gg/statistics/population
populationChallenger2,2026-01-21,챌린저스,103965,True,https://chuchu.gg/statistics/population
populationChallenger2,2026-01-21,챌린저스2,46978,True,https://chuchu.gg/statistics/population
populationChallenger2,2026-01-21,챌린저스3,33501,True,https://chuchu.gg/statistics/population
populationChallenger2,2026-01-21,챌린저스4,31649,True,https://chuchu.gg/statistics/population
populationChallenger2,2026-01-20,챌린저스,105501,True,https://chuchu.gg/statistics/population
populationChallenger2,2026-01-20,챌린저스2,47767,True,https://chuchu.gg/statistics/population
populationChallenger2,2026-01-20,챌린저스3,33970,True,https://chuchu.gg/statistics/population
populationChallenger2,2026-01-20,챌린저스4,32221,True,https://chuchu.gg/statistics/population
populationChallenger2,2026-01-17,챌린저스,111559,True,https://chuchu.gg/statistics/population
populationChallenger2,2026-01-17,챌린저스2,51016,True,https://chuchu.gg/statistics/population
populationChallenger2,2026-01-17,챌린저스3,36290,True,https://chuchu.gg/statistics/population
populationChallenger2,2026-01-17,챌린저스4,34919,True,https://chuchu.gg/statistics/population
populationChallenger2,2026-01-16,챌린저스,112759,True,https://chuchu.gg/statistics/population
populationChallenger2,2026-01-16,챌린저스2,51633,True,https://chuchu.gg/statistics/population
populationChallenger2,2026-01-16,챌린저스3,36701,True,https://chuchu.gg/statistics/population
populationChallenger2,2026-01-16,챌린저스4,35327,True,https://chuchu.gg/statistics/population
populationChallenger2,2026-01-15,챌린저스,114476,True,https://chuchu.gg/statistics/population
populationChallenger2,2026-01-15,챌린저스2,52392,True,https://chuchu.gg/statistics/population
populationChallenger2,2026-01-15,챌린저스3,37164,True,https://chuchu.gg/statistics/population
populationChallenger2,2026-01-15,챌린저스4,35852,True,https://chuchu.gg/statistics/population
populationChallenger2,2026-01-14,챌린저스,115436,True,https://chuchu.gg/statistics/population
populationChallenger2,2026-01-14,챌린저스2,52905,True,https://chuchu.gg/statistics/population
populationChallenger2,2026-01-14,챌린저스3,37570,True,https://chuchu.gg/statistics/population
populationChallenger2,2026-01-14,챌린저스4,36204,True,https://chuchu.gg/statistics/population
populationChallenger2,2026-01-13,챌린저스,116334,True,https://chuchu.gg/statistics/population
populationChallenger2,2026-01-13,챌린저스2,53458,True,https://chuchu.gg/statistics/population
populationChallenger2,2026-01-13,챌린저스3,37924,True,https://chuchu.gg/statistics/population
populationChallenger2,2026-01-13,챌린저스4,36618,True,https://chuchu.gg/statistics/population
populationChallenger2,2026-01-12,챌린저스,117473,True,https://chuchu.gg/statistics/population
populationChallenger2,2026-01-12,챌린저스2,54087,True,https://chuchu.gg/statistics/population
populationChallenger2,2026-01-12,챌린저스3,38376,True,https://chuchu.gg/statistics/population
populationChallenger2,2026-01-12,챌린저스4,36985,True,https://chuchu.gg/statistics/population
populationChallenger2,2026-01-11,챌린저스,119122,True,https://chuchu.gg/statistics/population
populationChallenger2,2026-01-11,챌린저스2,55030,True,https://chuchu.gg/statistics/population
populationChallenger2,2026-01-11,챌린저스3,39012,True,https://chuchu.gg/statistics/population
populationChallenger2,2026-01-11,챌린저스4,37656,True,https://chuchu.gg/statistics/population
populationChallenger2,2026-01-10,챌린저스,120189,True,https://chuchu.gg/statistics/population
populationChallenger2,2026-01-10,챌린저스2,55676,True,https://chuchu.gg/statistics/population
populationChallenger2,2026-01-10,챌린저스3,39443,True,https://chuchu.gg/statistics/population
populationChallenger2,2026-01-10,챌린저스4,38160,True,https://chuchu.gg/statistics/population
populationChallenger2,2026-01-09,챌린저스,121593,True,https://chuchu.gg/statistics/population
populationChallenger2,2026-01-09,챌린저스2,56397,True,https://chuchu.gg/statistics/population
populationChallenger2,2026-01-09,챌린저스3,39866,True,https://chuchu.gg/statistics/population
populationChallenger2,2026-01-09,챌린저스4,38691,True,https://chuchu.gg/statistics/population
populationChallenger2,2026-01-08,챌린저스,123403,True,https://chuchu.gg/statistics/population
populationChallenger2,2026-01-08,챌린저스2,57334,True,https://chuchu.gg/statistics/population
populationChallenger2,2026-01-08,챌린저스3,40512,True,https://chuchu.gg/statistics/population
populationChallenger2,2026-01-08,챌린저스4,39408,True,https://chuchu.gg/statistics/population
populationChallenger2,2026-01-07,챌린저스,125214,True,https://chuchu.gg/statistics/population
populationChallenger2,2026-01-07,챌린저스2,58218,True,https://chuchu.gg/statistics/population
populationChallenger2,2026-01-07,챌린저스3,41063,True,https://chuchu.gg/statistics/population
populationChallenger2,2026-01-07,챌린저스4,40094,True,https://chuchu.gg/statistics/population
populationChallenger2,2026-01-06,챌린저스,126435,True,https://chuchu.gg/statistics/population
populationChallenger2,2026-01-06,챌린저스2,58892,True,https://chuchu.gg/statistics/population
populationChallenger2,2026-01-06,챌린저스3,41450,True,https://chuchu.gg/statistics/population
populationChallenger2,2026-01-06,챌린저스4,40595,True,https://chuchu.gg/statistics/population
populationChallenger2,2026-01-05,챌린저스,127677,True,https://chuchu.gg/statistics/population
populationChallenger2,2026-01-05,챌린저스2,59645,True,https://chuchu.gg/statistics/population
populationChallenger2,2026-01-05,챌린저스3,41901,True,https://chuchu.gg/statistics/population
populationChallenger2,2026-01-05,챌린저스4,41143,True,https://chuchu.gg/statistics/population
populationChallenger2,2026-01-04,챌린저스,129629,True,https://chuchu.gg/statistics/population
populationChallenger2,2026-01-04,챌린저스2,60656,True,https://chuchu.gg/statistics/population
populationChallenger2,2026-01-04,챌린저스3,42581,True,https://chuchu.gg/statistics/population
populationChallenger2,2026-01-04,챌린저스4,41937,True,https://chuchu.gg/statistics/population
populationChallenger2,2026-01-03,챌린저스,130583,True,https://chuchu.gg/statistics/population
populationChallenger2,2026-01-03,챌린저스2,61131,True,https://chuchu.gg/statistics/population
populationChallenger2,2026-01-03,챌린저스3,42986,True,https://chuchu.gg/statistics/population
populationChallenger2,2026-01-03,챌린저스4,42359,True,https://chuchu.gg/statistics/population
populationChallenger2,2026-01-02,챌린저스,131639,True,https://chuchu.gg/statistics/population
populationChallenger2,2026-01-02,챌린저스2,61793,True,https://chuchu.gg/statistics/population
populationChallenger2,2026-01-02,챌린저스3,43352,True,https://chuchu.gg/statistics/population
populationChallenger2,2026-01-02,챌린저스4,42809,True,https://chuchu.gg/statistics/population
populationChallenger2,2026-01-01,챌린저스,133050,True,https://chuchu.gg/statistics/population
populationChallenger2,2026-01-01,챌린저스2,62384,True,https://chuchu.gg/statistics/population
populationChallenger2,2026-01-01,챌린저스3,43833,True,https://chuchu.gg/statistics/population
populationChallenger2,2026-01-01,챌린저스4,43334,True,https://chuchu.gg/statistics/population
populationChallenger2,2025-12-31,챌린저스,134113,True,https://chuchu.gg/statistics/population
populationChallenger2,2025-12-31,챌린저스2,63011,True,https://chuchu.gg/statistics/population
populationChallenger2,2025-12-31,챌린저스3,44242,True,https://chuchu.gg/statistics/population
populationChallenger2,2025-12-31,챌린저스4,43758,True,https://chuchu.gg/statistics/population
populationChallenger2,2025-12-30,챌린저스,135297,True,https://chuchu.gg/statistics/population
populationChallenger2,2025-12-30,챌린저스2,63621,True,https://chuchu.gg/statistics/population
populationChallenger2,2025-12-30,챌린저스3,44699,True,https://chuchu.gg/statistics/population
populationChallenger2,2025-12-30,챌린저스4,44272,True,https://chuchu.gg/statistics/population
populationChallenger2,2025-12-29,챌린저스,136308,True,https://chuchu.gg/statistics/population
populationChallenger2,2025-12-29,챌린저스2,64051,True,https://chuchu.gg/statistics/population
populationChallenger2,2025-12-29,챌린저스3,45070,True,https://chuchu.gg/statistics/population
populationChallenger2,2025-12-29,챌린저스4,44722,True,https://chuchu.gg/statistics/population
populationChallenger2,2025-12-28,챌린저스,137806,True,https://chuchu.gg/statistics/population
populationChallenger2,2025-12-28,챌린저스2,64566,True,https://chuchu.gg/statistics/population
populationChallenger2,2025-12-28,챌린저스3,45571,True,https://chuchu.gg/statistics/population
populationChallenger2,2025-12-28,챌린저스4,45325,True,https://chuchu.gg/statistics/population
populationChallenger2,2025-12-27,챌린저스,137881,True,https://chuchu.gg/statistics/population
populationChallenger2,2025-12-27,챌린저스2,64642,True,https://chuchu.gg/statistics/population
populationChallenger2,2025-12-27,챌린저스3,45574,True,https://chuchu.gg/statistics/population
populationChallenger2,2025-12-27,챌린저스4,45394,True,https://chuchu.gg/statistics/population
populationChallenger2,2025-12-26,챌린저스,137865,True,https://chuchu.gg/statistics/population
populationChallenger2,2025-12-26,챌린저스2,64558,True,https://chuchu.gg/statistics/population
populationChallenger2,2025-12-26,챌린저스3,45557,True,https://chuchu.gg/statistics/population
populationChallenger2,2025-12-26,챌린저스4,45370,True,https://chuchu.gg/statistics/population
populationChallenger2,2025-12-25,챌린저스,136345,True,https://chuchu.gg/statistics/population
populationChallenger2,2025-12-25,챌린저스2,63787,True,https://chuchu.gg/statistics/population
populationChallenger2,2025-12-25,챌린저스3,45028,True,https://chuchu.gg/statistics/population
populationChallenger2,2025-12-25,챌린저스4,44656,True,https://chuchu.gg/statistics/population
populationChallenger2,2025-12-24,챌린저스,133485,True,https://chuchu.gg/statistics/population
populationChallenger2,2025-12-24,챌린저스2,62633,True,https://chuchu.gg/statistics/population
populationChallenger2,2025-12-24,챌린저스3,44277,True,https://chuchu.gg/statistics/population
populationChallenger2,2025-12-24,챌린저스4,43731,True,https://chuchu.gg/statistics/population
populationChallenger2,2025-12-23,챌린저스,130068,True,https://chuchu.gg/statistics/population
populationChallenger2,2025-12-23,챌린저스2,61050,True,https://chuchu.gg/statistics/population
populationChallenger2,2025-12-23,챌린저스3,43220,True,https://chuchu.gg/statistics/population
populationChallenger2,2025-12-23,챌린저스4,42528,True,https://chuchu.gg/statistics/population
populationChallenger2,2025-12-22,챌린저스,125751,True,https://chuchu.gg/statistics/population
populationChallenger2,2025-12-22,챌린저스2,59028,True,https://chuchu.gg/statistics/population
populationChallenger2,2025-12-22,챌린저스3,41867,True,https://chuchu.gg/statistics/population
populationChallenger2,2025-12-22,챌린저스4,40869,True,https://chuchu.gg/statistics/population
populationChallenger2,2025-12-21,챌린저스,115229,True,https://chuchu.gg/statistics/population
populationChallenger2,2025-12-21,챌린저스2,54461,True,https://chuchu.gg/statistics/population
populationChallenger2,2025-12-21,챌린저스3,38088,True,https://chuchu.gg/statistics/population
populationChallenger2,2025-12-21,챌린저스4,36359,True,https://chuchu.gg/statistics/population
populationChallenger2,2025-12-20,챌린저스,102696,True,https://chuchu.gg/statistics/population
populationChallenger2,2025-12-20,챌린저스2,48006,True,https://chuchu.gg/statistics/population
populationChallenger2,2025-12-20,챌린저스3,33574,True,https://chuchu.gg/statistics/population
populationChallenger2,2025-12-20,챌린저스4,31526,True,https://chuchu.gg/statistics/population
populationChallenger2,2025-12-19,챌린저스,82961,True,https://chuchu.gg/statistics/population
populationChallenger2,2025-12-19,챌린저스2,38642,True,https://chuchu.gg/statistics/population
populationChallenger2,2025-12-19,챌린저스3,27386,True,https://chuchu.gg/statistics/population
populationChallenger2,2025-12-19,챌린저스4,24377,True,https://chuchu.gg/statistics/population
populationChallenger3,2026-09-11,챌린저스,90519,False,https://chuchu.gg/statistics/population
populationChallenger3,2026-09-11,챌린저스2,69546,False,https://chuchu.gg/statistics/population
populationChallenger3,2026-09-11,챌린저스3,67360,False,https://chuchu.gg/statistics/population
populationChallenger3,2026-09-11,챌린저스4,7473,False,https://chuchu.gg/statistics/population
populationChallenger3,2026-09-10,챌린저스,102838,False,https://chuchu.gg/statistics/population
populationChallenger3,2026-09-10,챌린저스2,80549,False,https://chuchu.gg/statistics/population
populationChallenger3,2026-09-10,챌린저스3,78083,False,https://chuchu.gg/statistics/population
populationChallenger3,2026-09-10,챌린저스4,9082,False,https://chuchu.gg/statistics/population
populationChallenger3,2026-09-09,챌린저스,110459,False,https://chuchu.gg/statistics/population
populationChallenger3,2026-09-09,챌린저스2,86638,False,https://chuchu.gg/statistics/population
populationChallenger3,2026-09-09,챌린저스3,83834,False,https://chuchu.gg/statistics/population
populationChallenger3,2026-09-09,챌린저스4,10047,False,https://chuchu.gg/statistics/population
populationChallenger3,2026-09-08,챌린저스,111157,False,https://chuchu.gg/statistics/population
populationChallenger3,2026-09-08,챌린저스2,87213,False,https://chuchu.gg/statistics/population
populationChallenger3,2026-09-08,챌린저스3,84375,False,https://chuchu.gg/statistics/population
populationChallenger3,2026-09-08,챌린저스4,10103,False,https://chuchu.gg/statistics/population
populationChallenger3,2026-09-07,챌린저스,112271,False,https://chuchu.gg/statistics/population
populationChallenger3,2026-09-07,챌린저스2,88088,False,https://chuchu.gg/statistics/population
populationChallenger3,2026-09-07,챌린저스3,85241,False,https://chuchu.gg/statistics/population
populationChallenger3,2026-09-07,챌린저스4,10268,False,https://chuchu.gg/statistics/population
populationChallenger3,2026-09-06,챌린저스,113730,False,https://chuchu.gg/statistics/population
populationChallenger3,2026-09-06,챌린저스2,89139,False,https://chuchu.gg/statistics/population
populationChallenger3,2026-09-06,챌린저스3,86301,False,https://chuchu.gg/statistics/population
populationChallenger3,2026-09-06,챌린저스4,10496,False,https://chuchu.gg/statistics/population
populationChallenger3,2026-09-05,챌린저스,115065,False,https://chuchu.gg/statistics/population
populationChallenger3,2026-09-05,챌린저스2,90292,False,https://chuchu.gg/statistics/population
populationChallenger3,2026-09-05,챌린저스3,87229,False,https://chuchu.gg/statistics/population
populationChallenger3,2026-09-05,챌린저스4,10724,False,https://chuchu.gg/statistics/population
populationChallenger3,2026-09-04,챌린저스,116104,False,https://chuchu.gg/statistics/population
populationChallenger3,2026-09-04,챌린저스2,91145,False,https://chuchu.gg/statistics/population
populationChallenger3,2026-09-04,챌린저스3,88126,False,https://chuchu.gg/statistics/population
populationChallenger3,2026-09-04,챌린저스4,10886,False,https://chuchu.gg/statistics/population
populationChallenger3,2026-09-03,챌린저스,117675,False,https://chuchu.gg/statistics/population
populationChallenger3,2026-09-03,챌린저스2,92489,False,https://chuchu.gg/statistics/population
populationChallenger3,2026-09-03,챌린저스3,89315,False,https://chuchu.gg/statistics/population
populationChallenger3,2026-09-03,챌린저스4,11078,False,https://chuchu.gg/statistics/population
populationChallenger3,2026-09-02,챌린저스,118645,False,https://chuchu.gg/statistics/population
populationChallenger3,2026-09-02,챌린저스2,93383,False,https://chuchu.gg/statistics/population
populationChallenger3,2026-09-02,챌린저스3,90203,False,https://chuchu.gg/statistics/population
populationChallenger3,2026-09-02,챌린저스4,11214,False,https://chuchu.gg/statistics/population
populationChallenger3,2026-09-01,챌린저스,119543,False,https://chuchu.gg/statistics/population
populationChallenger3,2026-09-01,챌린저스2,93909,False,https://chuchu.gg/statistics/population
populationChallenger3,2026-09-01,챌린저스3,90788,False,https://chuchu.gg/statistics/population
populationChallenger3,2026-09-01,챌린저스4,11277,False,https://chuchu.gg/statistics/population
populationChallenger3,2026-08-31,챌린저스,119866,False,https://chuchu.gg/statistics/population
populationChallenger3,2026-08-31,챌린저스2,94050,False,https://chuchu.gg/statistics/population
populationChallenger3,2026-08-31,챌린저스3,91053,False,https://chuchu.gg/statistics/population
populationChallenger3,2026-08-31,챌린저스4,11324,False,https://chuchu.gg/statistics/population
populationChallenger3,2026-08-30,챌린저스,121332,False,https://chuchu.gg/statistics/population
populationChallenger3,2026-08-30,챌린저스2,95442,False,https://chuchu.gg/statistics/population
populationChallenger3,2026-08-30,챌린저스3,92251,False,https://chuchu.gg/statistics/population
populationChallenger3,2026-08-30,챌린저스4,11517,False,https://chuchu.gg/statistics/population
populationChallenger3,2026-08-29,챌린저스,122211,False,https://chuchu.gg/statistics/population
populationChallenger3,2026-08-29,챌린저스2,96148,False,https://chuchu.gg/statistics/population
populationChallenger3,2026-08-29,챌린저스3,92969,False,https://chuchu.gg/statistics/population
populationChallenger3,2026-08-29,챌린저스4,11633,False,https://chuchu.gg/statistics/population
populationChallenger3,2026-08-28,챌린저스,123119,False,https://chuchu.gg/statistics/population
populationChallenger3,2026-08-28,챌린저스2,96886,False,https://chuchu.gg/statistics/population
populationChallenger3,2026-08-28,챌린저스3,93733,False,https://chuchu.gg/statistics/population
populationChallenger3,2026-08-28,챌린저스4,11756,False,https://chuchu.gg/statistics/population
populationChallenger3,2026-08-27,챌린저스,124364,False,https://chuchu.gg/statistics/population
populationChallenger3,2026-08-27,챌린저스2,97900,False,https://chuchu.gg/statistics/population
populationChallenger3,2026-08-27,챌린저스3,94793,False,https://chuchu.gg/statistics/population
populationChallenger3,2026-08-27,챌린저스4,11928,False,https://chuchu.gg/statistics/population
populationChallenger3,2026-08-26,챌린저스,125574,False,https://chuchu.gg/statistics/population
populationChallenger3,2026-08-26,챌린저스2,98931,False,https://chuchu.gg/statistics/population
populationChallenger3,2026-08-26,챌린저스3,95828,False,https://chuchu.gg/statistics/population
populationChallenger3,2026-08-26,챌린저스4,12079,False,https://chuchu.gg/statistics/population
populationChallenger3,2026-08-25,챌린저스,126331,False,https://chuchu.gg/statistics/population
populationChallenger3,2026-08-25,챌린저스2,99553,False,https://chuchu.gg/statistics/population
populationChallenger3,2026-08-25,챌린저스3,96435,False,https://chuchu.gg/statistics/population
populationChallenger3,2026-08-25,챌린저스4,12163,False,https://chuchu.gg/statistics/population
populationChallenger3,2026-08-24,챌린저스,127496,False,https://chuchu.gg/statistics/population
populationChallenger3,2026-08-24,챌린저스2,100443,False,https://chuchu.gg/statistics/population
populationChallenger3,2026-08-24,챌린저스3,97375,False,https://chuchu.gg/statistics/population
populationChallenger3,2026-08-24,챌린저스4,12307,False,https://chuchu.gg/statistics/population
populationChallenger3,2026-08-23,챌린저스,128664,False,https://chuchu.gg/statistics/population
populationChallenger3,2026-08-23,챌린저스2,101415,False,https://chuchu.gg/statistics/population
populationChallenger3,2026-08-23,챌린저스3,98337,False,https://chuchu.gg/statistics/population
populationChallenger3,2026-08-23,챌린저스4,12467,False,https://chuchu.gg/statistics/population
populationChallenger3,2026-08-22,챌린저스,129358,False,https://chuchu.gg/statistics/population
populationChallenger3,2026-08-22,챌린저스2,102049,False,https://chuchu.gg/statistics/population
populationChallenger3,2026-08-22,챌린저스3,98789,False,https://chuchu.gg/statistics/population
populationChallenger3,2026-08-22,챌린저스4,12605,False,https://chuchu.gg/statistics/population
populationChallenger3,2026-08-21,챌린저스,130231,True,https://chuchu.gg/statistics/population
populationChallenger3,2026-08-21,챌린저스2,102722,True,https://chuchu.gg/statistics/population
populationChallenger3,2026-08-21,챌린저스3,99627,True,https://chuchu.gg/statistics/population
populationChallenger3,2026-08-21,챌린저스4,12710,True,https://chuchu.gg/statistics/population
populationChallenger3,2026-08-20,챌린저스,131532,True,https://chuchu.gg/statistics/population
populationChallenger3,2026-08-20,챌린저스2,103707,True,https://chuchu.gg/statistics/population
populationChallenger3,2026-08-20,챌린저스3,100670,True,https://chuchu.gg/statistics/population
populationChallenger3,2026-08-20,챌린저스4,12865,True,https://chuchu.gg/statistics/population
populationChallenger3,2026-08-19,챌린저스,132027,True,https://chuchu.gg/statistics/population
populationChallenger3,2026-08-19,챌린저스2,104146,True,https://chuchu.gg/statistics/population
populationChallenger3,2026-08-19,챌린저스3,101170,True,https://chuchu.gg/statistics/population
populationChallenger3,2026-08-19,챌린저스4,12921,True,https://chuchu.gg/statistics/population
populationChallenger3,2026-08-18,챌린저스,132597,True,https://chuchu.gg/statistics/population
populationChallenger3,2026-08-18,챌린저스2,104502,True,https://chuchu.gg/statistics/population
populationChallenger3,2026-08-18,챌린저스3,101592,True,https://chuchu.gg/statistics/population
populationChallenger3,2026-08-18,챌린저스4,12983,True,https://chuchu.gg/statistics/population
populationChallenger3,2026-08-17,챌린저스,132913,True,https://chuchu.gg/statistics/population
populationChallenger3,2026-08-17,챌린저스2,104830,True,https://chuchu.gg/statistics/population
populationChallenger3,2026-08-17,챌린저스3,101953,True,https://chuchu.gg/statistics/population
populationChallenger3,2026-08-17,챌린저스4,13025,True,https://chuchu.gg/statistics/population
populationChallenger3,2026-08-16,챌린저스,133638,True,https://chuchu.gg/statistics/population
populationChallenger3,2026-08-16,챌린저스2,105528,True,https://chuchu.gg/statistics/population
populationChallenger3,2026-08-16,챌린저스3,102814,True,https://chuchu.gg/statistics/population
populationChallenger3,2026-08-16,챌린저스4,13147,True,https://chuchu.gg/statistics/population
populationChallenger3,2026-08-15,챌린저스,134066,True,https://chuchu.gg/statistics/population
populationChallenger3,2026-08-15,챌린저스2,106117,True,https://chuchu.gg/statistics/population
populationChallenger3,2026-08-15,챌린저스3,103375,True,https://chuchu.gg/statistics/population
populationChallenger3,2026-08-15,챌린저스4,13228,True,https://chuchu.gg/statistics/population
populationChallenger3,2026-08-14,챌린저스,134668,True,https://chuchu.gg/statistics/population
populationChallenger3,2026-08-14,챌린저스2,106615,True,https://chuchu.gg/statistics/population
populationChallenger3,2026-08-14,챌린저스3,103947,True,https://chuchu.gg/statistics/population
populationChallenger3,2026-08-14,챌린저스4,13304,True,https://chuchu.gg/statistics/population
populationChallenger3,2026-08-13,챌린저스,135558,True,https://chuchu.gg/statistics/population
populationChallenger3,2026-08-13,챌린저스2,107380,True,https://chuchu.gg/statistics/population
populationChallenger3,2026-08-13,챌린저스3,104694,True,https://chuchu.gg/statistics/population
populationChallenger3,2026-08-13,챌린저스4,13447,True,https://chuchu.gg/statistics/population
populationChallenger3,2026-08-12,챌린저스,136251,True,https://chuchu.gg/statistics/population
populationChallenger3,2026-08-12,챌린저스2,107898,True,https://chuchu.gg/statistics/population
populationChallenger3,2026-08-12,챌린저스3,105293,True,https://chuchu.gg/statistics/population
populationChallenger3,2026-08-12,챌린저스4,13543,True,https://chuchu.gg/statistics/population
populationChallenger3,2026-08-11,챌린저스,136799,True,https://chuchu.gg/statistics/population
populationChallenger3,2026-08-11,챌린저스2,108344,True,https://chuchu.gg/statistics/population
populationChallenger3,2026-08-11,챌린저스3,105721,True,https://chuchu.gg/statistics/population
populationChallenger3,2026-08-11,챌린저스4,13602,True,https://chuchu.gg/statistics/population
populationChallenger3,2026-08-10,챌린저스,137448,True,https://chuchu.gg/statistics/population
populationChallenger3,2026-08-10,챌린저스2,108804,True,https://chuchu.gg/statistics/population
populationChallenger3,2026-08-10,챌린저스3,106160,True,https://chuchu.gg/statistics/population
populationChallenger3,2026-08-10,챌린저스4,13678,True,https://chuchu.gg/statistics/population
populationChallenger3,2026-08-09,챌린저스,138307,True,https://chuchu.gg/statistics/population
populationChallenger3,2026-08-09,챌린저스2,109592,True,https://chuchu.gg/statistics/population
populationChallenger3,2026-08-09,챌린저스3,106826,True,https://chuchu.gg/statistics/population
populationChallenger3,2026-08-09,챌린저스4,13600,True,https://chuchu.gg/statistics/population
populationChallenger3,2026-08-08,챌린저스,138798,True,https://chuchu.gg/statistics/population
populationChallenger3,2026-08-08,챌린저스2,110061,True,https://chuchu.gg/statistics/population
populationChallenger3,2026-08-08,챌린저스3,107225,True,https://chuchu.gg/statistics/population
populationChallenger3,2026-08-08,챌린저스4,13866,True,https://chuchu.gg/statistics/population
populationChallenger3,2026-08-07,챌린저스,139499,True,https://chuchu.gg/statistics/population
populationChallenger3,2026-08-07,챌린저스2,110582,True,https://chuchu.gg/statistics/population
populationChallenger3,2026-08-07,챌린저스3,107765,True,https://chuchu.gg/statistics/population
populationChallenger3,2026-08-07,챌린저스4,13919,True,https://chuchu.gg/statistics/population
populationChallenger3,2026-08-06,챌린저스,140406,True,https://chuchu.gg/statistics/population
populationChallenger3,2026-08-06,챌린저스2,111408,True,https://chuchu.gg/statistics/population
populationChallenger3,2026-08-06,챌린저스3,108456,True,https://chuchu.gg/statistics/population
populationChallenger3,2026-08-06,챌린저스4,14043,True,https://chuchu.gg/statistics/population
populationChallenger3,2026-08-05,챌린저스,141206,True,https://chuchu.gg/statistics/population
populationChallenger3,2026-08-05,챌린저스2,112072,True,https://chuchu.gg/statistics/population
populationChallenger3,2026-08-05,챌린저스3,109110,True,https://chuchu.gg/statistics/population
populationChallenger3,2026-08-05,챌린저스4,14149,True,https://chuchu.gg/statistics/population
populationChallenger3,2026-08-04,챌린저스,141461,True,https://chuchu.gg/statistics/population
populationChallenger3,2026-08-04,챌린저스2,112319,True,https://chuchu.gg/statistics/population
populationChallenger3,2026-08-04,챌린저스3,109493,True,https://chuchu.gg/statistics/population
populationChallenger3,2026-08-04,챌린저스4,14212,True,https://chuchu.gg/statistics/population
populationChallenger3,2026-08-03,챌린저스,141873,True,https://chuchu.gg/statistics/population
populationChallenger3,2026-08-03,챌린저스2,112797,True,https://chuchu.gg/statistics/population
populationChallenger3,2026-08-03,챌린저스3,109960,True,https://chuchu.gg/statistics/population
populationChallenger3,2026-08-03,챌린저스4,14245,True,https://chuchu.gg/statistics/population
populationChallenger3,2026-08-02,챌린저스,142546,True,https://chuchu.gg/statistics/population
populationChallenger3,2026-08-02,챌린저스2,113330,True,https://chuchu.gg/statistics/population
populationChallenger3,2026-08-02,챌린저스3,110404,True,https://chuchu.gg/statistics/population
populationChallenger3,2026-08-02,챌린저스4,14300,True,https://chuchu.gg/statistics/population
populationChallenger3,2026-08-01,챌린저스,143003,True,https://chuchu.gg/statistics/population
populationChallenger3,2026-08-01,챌린저스2,113679,True,https://chuchu.gg/statistics/population
populationChallenger3,2026-08-01,챌린저스3,110911,True,https://chuchu.gg/statistics/population
populationChallenger3,2026-08-01,챌린저스4,14367,True,https://chuchu.gg/statistics/population
populationChallenger3,2026-07-31,챌린저스,143527,True,https://chuchu.gg/statistics/population
populationChallenger3,2026-07-31,챌린저스2,114152,True,https://chuchu.gg/statistics/population
populationChallenger3,2026-07-31,챌린저스3,111363,True,https://chuchu.gg/statistics/population
populationChallenger3,2026-07-31,챌린저스4,14440,True,https://chuchu.gg/statistics/population
populationChallenger3,2026-07-30,챌린저스,144400,True,https://chuchu.gg/statistics/population
populationChallenger3,2026-07-30,챌린저스2,114919,True,https://chuchu.gg/statistics/population
populationChallenger3,2026-07-30,챌린저스3,112063,True,https://chuchu.gg/statistics/population
populationChallenger3,2026-07-30,챌린저스4,14525,True,https://chuchu.gg/statistics/population
populationChallenger3,2026-07-29,챌린저스,145498,True,https://chuchu.gg/statistics/population
populationChallenger3,2026-07-29,챌린저스2,115741,True,https://chuchu.gg/statistics/population
populationChallenger3,2026-07-29,챌린저스3,112844,True,https://chuchu.gg/statistics/population
populationChallenger3,2026-07-29,챌린저스4,14621,True,https://chuchu.gg/statistics/population
populationChallenger3,2026-07-28,챌린저스,146256,True,https://chuchu.gg/statistics/population
populationChallenger3,2026-07-28,챌린저스2,116303,True,https://chuchu.gg/statistics/population
populationChallenger3,2026-07-28,챌린저스3,113417,True,https://chuchu.gg/statistics/population
populationChallenger3,2026-07-28,챌린저스4,14713,True,https://chuchu.gg/statistics/population
populationChallenger3,2026-07-27,챌린저스,147197,True,https://chuchu.gg/statistics/population
populationChallenger3,2026-07-27,챌린저스2,117001,True,https://chuchu.gg/statistics/population
populationChallenger3,2026-07-27,챌린저스3,114114,True,https://chuchu.gg/statistics/population
populationChallenger3,2026-07-27,챌린저스4,14793,True,https://chuchu.gg/statistics/population
populationChallenger3,2026-07-26,챌린저스,148505,True,https://chuchu.gg/statistics/population
populationChallenger3,2026-07-26,챌린저스2,118076,True,https://chuchu.gg/statistics/population
populationChallenger3,2026-07-26,챌린저스3,115244,True,https://chuchu.gg/statistics/population
populationChallenger3,2026-07-26,챌린저스4,14923,True,https://chuchu.gg/statistics/population
populationChallenger3,2026-07-25,챌린저스,148997,True,https://chuchu.gg/statistics/population
populationChallenger3,2026-07-25,챌린저스2,118696,True,https://chuchu.gg/statistics/population
populationChallenger3,2026-07-25,챌린저스3,115874,True,https://chuchu.gg/statistics/population
populationChallenger3,2026-07-25,챌린저스4,15041,True,https://chuchu.gg/statistics/population
populationChallenger3,2026-07-24,챌린저스,150469,True,https://chuchu.gg/statistics/population
populationChallenger3,2026-07-24,챌린저스2,119592,True,https://chuchu.gg/statistics/population
populationChallenger3,2026-07-24,챌린저스3,116859,True,https://chuchu.gg/statistics/population
populationChallenger3,2026-07-24,챌린저스4,15169,True,https://chuchu.gg/statistics/population
populationChallenger3,2026-07-23,챌린저스,151989,True,https://chuchu.gg/statistics/population
populationChallenger3,2026-07-23,챌린저스2,120585,True,https://chuchu.gg/statistics/population
populationChallenger3,2026-07-23,챌린저스3,118012,True,https://chuchu.gg/statistics/population
populationChallenger3,2026-07-23,챌린저스4,15366,True,https://chuchu.gg/statistics/population
populationChallenger3,2026-07-22,챌린저스,152578,True,https://chuchu.gg/statistics/population
populationChallenger3,2026-07-22,챌린저스2,121018,True,https://chuchu.gg/statistics/population
populationChallenger3,2026-07-22,챌린저스3,118438,True,https://chuchu.gg/statistics/population
populationChallenger3,2026-07-22,챌린저스4,15429,True,https://chuchu.gg/statistics/population
populationChallenger3,2026-07-21,챌린저스,153056,True,https://chuchu.gg/statistics/population
populationChallenger3,2026-07-21,챌린저스2,121387,True,https://chuchu.gg/statistics/population
populationChallenger3,2026-07-21,챌린저스3,118788,True,https://chuchu.gg/statistics/population
populationChallenger3,2026-07-21,챌린저스4,15482,True,https://chuchu.gg/statistics/population
populationChallenger3,2026-07-20,챌린저스,153742,True,https://chuchu.gg/statistics/population
populationChallenger3,2026-07-20,챌린저스2,121875,True,https://chuchu.gg/statistics/population
populationChallenger3,2026-07-20,챌린저스3,119261,True,https://chuchu.gg/statistics/population
populationChallenger3,2026-07-20,챌린저스4,15544,True,https://chuchu.gg/statistics/population
populationChallenger3,2026-07-19,챌린저스,154852,True,https://chuchu.gg/statistics/population
populationChallenger3,2026-07-19,챌린저스2,122558,True,https://chuchu.gg/statistics/population
populationChallenger3,2026-07-19,챌린저스3,119831,True,https://chuchu.gg/statistics/population
populationChallenger3,2026-07-19,챌린저스4,15666,True,https://chuchu.gg/statistics/population
populationChallenger3,2026-07-18,챌린저스,155566,True,https://chuchu.gg/statistics/population
populationChallenger3,2026-07-18,챌린저스2,122978,True,https://chuchu.gg/statistics/population
populationChallenger3,2026-07-18,챌린저스3,120244,True,https://chuchu.gg/statistics/population
populationChallenger3,2026-07-18,챌린저스4,15741,True,https://chuchu.gg/statistics/population
populationChallenger3,2026-07-17,챌린저스,156043,True,https://chuchu.gg/statistics/population
populationChallenger3,2026-07-17,챌린저스2,123236,True,https://chuchu.gg/statistics/population
populationChallenger3,2026-07-17,챌린저스3,120486,True,https://chuchu.gg/statistics/population
populationChallenger3,2026-07-17,챌린저스4,15761,True,https://chuchu.gg/statistics/population
populationChallenger3,2026-07-16,챌린저스,157209,True,https://chuchu.gg/statistics/population
populationChallenger3,2026-07-16,챌린저스2,123999,True,https://chuchu.gg/statistics/population
populationChallenger3,2026-07-16,챌린저스3,121262,True,https://chuchu.gg/statistics/population
populationChallenger3,2026-07-16,챌린저스4,15833,True,https://chuchu.gg/statistics/population
populationChallenger3,2026-07-15,챌린저스,157973,True,https://chuchu.gg/statistics/population
populationChallenger3,2026-07-15,챌린저스2,124715,True,https://chuchu.gg/statistics/population
populationChallenger3,2026-07-15,챌린저스3,121928,True,https://chuchu.gg/statistics/population
populationChallenger3,2026-07-15,챌린저스4,15933,True,https://chuchu.gg/statistics/population
populationChallenger3,2026-07-14,챌린저스,158808,True,https://chuchu.gg/statistics/population
populationChallenger3,2026-07-14,챌린저스2,125340,True,https://chuchu.gg/statistics/population
populationChallenger3,2026-07-14,챌린저스3,122669,True,https://chuchu.gg/statistics/population
populationChallenger3,2026-07-14,챌린저스4,16017,True,https://chuchu.gg/statistics/population
populationChallenger3,2026-07-13,챌린저스,159816,True,https://chuchu.gg/statistics/population
populationChallenger3,2026-07-13,챌린저스2,126059,True,https://chuchu.gg/statistics/population
populationChallenger3,2026-07-13,챌린저스3,123505,True,https://chuchu.gg/statistics/population
populationChallenger3,2026-07-13,챌린저스4,16117,True,https://chuchu.gg/statistics/population
populationChallenger3,2026-07-12,챌린저스,161498,True,https://chuchu.gg/statistics/population
populationChallenger3,2026-07-12,챌린저스2,127090,True,https://chuchu.gg/statistics/population
populationChallenger3,2026-07-12,챌린저스3,124723,True,https://chuchu.gg/statistics/population
populationChallenger3,2026-07-12,챌린저스4,16236,True,https://chuchu.gg/statistics/population
populationChallenger3,2026-07-11,챌린저스,162491,True,https://chuchu.gg/statistics/population
populationChallenger3,2026-07-11,챌린저스2,127760,True,https://chuchu.gg/statistics/population
populationChallenger3,2026-07-11,챌린저스3,125483,True,https://chuchu.gg/statistics/population
populationChallenger3,2026-07-11,챌린저스4,16322,True,https://chuchu.gg/statistics/population
populationChallenger3,2026-07-10,챌린저스,163481,True,https://chuchu.gg/statistics/population
populationChallenger3,2026-07-10,챌린저스2,128430,True,https://chuchu.gg/statistics/population
populationChallenger3,2026-07-10,챌린저스3,126217,True,https://chuchu.gg/statistics/population
populationChallenger3,2026-07-10,챌린저스4,16411,True,https://chuchu.gg/statistics/population
populationChallenger3,2026-07-09,챌린저스,164648,True,https://chuchu.gg/statistics/population
populationChallenger3,2026-07-09,챌린저스2,129369,True,https://chuchu.gg/statistics/population
populationChallenger3,2026-07-09,챌린저스3,127054,True,https://chuchu.gg/statistics/population
populationChallenger3,2026-07-09,챌린저스4,16538,True,https://chuchu.gg/statistics/population
populationChallenger3,2026-07-08,챌린저스,165896,True,https://chuchu.gg/statistics/population
populationChallenger3,2026-07-08,챌린저스2,130298,True,https://chuchu.gg/statistics/population
populationChallenger3,2026-07-08,챌린저스3,128124,True,https://chuchu.gg/statistics/population
populationChallenger3,2026-07-08,챌린저스4,16658,True,https://chuchu.gg/statistics/population
populationChallenger3,2026-07-07,챌린저스,166933,True,https://chuchu.gg/statistics/population
populationChallenger3,2026-07-07,챌린저스2,131089,True,https://chuchu.gg/statistics/population
populationChallenger3,2026-07-07,챌린저스3,129072,True,https://chuchu.gg/statistics/population
populationChallenger3,2026-07-07,챌린저스4,16783,True,https://chuchu.gg/statistics/population
populationChallenger3,2026-07-06,챌린저스,167880,True,https://chuchu.gg/statistics/population
populationChallenger3,2026-07-06,챌린저스2,131901,True,https://chuchu.gg/statistics/population
populationChallenger3,2026-07-06,챌린저스3,130025,True,https://chuchu.gg/statistics/population
populationChallenger3,2026-07-06,챌린저스4,16902,True,https://chuchu.gg/statistics/population
populationChallenger3,2026-07-05,챌린저스,169432,True,https://chuchu.gg/statistics/population
populationChallenger3,2026-07-05,챌린저스2,133144,True,https://chuchu.gg/statistics/population
populationChallenger3,2026-07-05,챌린저스3,131442,True,https://chuchu.gg/statistics/population
populationChallenger3,2026-07-05,챌린저스4,17058,True,https://chuchu.gg/statistics/population
populationChallenger3,2026-07-04,챌린저스,169952,True,https://chuchu.gg/statistics/population
populationChallenger3,2026-07-04,챌린저스2,133909,True,https://chuchu.gg/statistics/population
populationChallenger3,2026-07-04,챌린저스3,132246,True,https://chuchu.gg/statistics/population
populationChallenger3,2026-07-04,챌린저스4,17210,True,https://chuchu.gg/statistics/population
populationChallenger3,2026-07-03,챌린저스,170611,True,https://chuchu.gg/statistics/population
populationChallenger3,2026-07-03,챌린저스2,134679,True,https://chuchu.gg/statistics/population
populationChallenger3,2026-07-03,챌린저스3,133025,True,https://chuchu.gg/statistics/population
populationChallenger3,2026-07-03,챌린저스4,17343,True,https://chuchu.gg/statistics/population
populationChallenger3,2026-07-02,챌린저스,171694,True,https://chuchu.gg/statistics/population
populationChallenger3,2026-07-02,챌린저스2,135541,True,https://chuchu.gg/statistics/population
populationChallenger3,2026-07-02,챌린저스3,134022,True,https://chuchu.gg/statistics/population
populationChallenger3,2026-07-02,챌린저스4,17474,True,https://chuchu.gg/statistics/population
populationChallenger3,2026-07-01,챌린저스,172767,True,https://chuchu.gg/statistics/population
populationChallenger3,2026-07-01,챌린저스2,136523,True,https://chuchu.gg/statistics/population
populationChallenger3,2026-07-01,챌린저스3,135081,True,https://chuchu.gg/statistics/population
populationChallenger3,2026-07-01,챌린저스4,17605,True,https://chuchu.gg/statistics/population
populationChallenger3,2026-06-30,챌린저스,174026,True,https://chuchu.gg/statistics/population
populationChallenger3,2026-06-30,챌린저스2,137666,True,https://chuchu.gg/statistics/population
populationChallenger3,2026-06-30,챌린저스3,136433,True,https://chuchu.gg/statistics/population
populationChallenger3,2026-06-30,챌린저스4,17746,True,https://chuchu.gg/statistics/population
populationChallenger3,2026-06-29,챌린저스,175388,True,https://chuchu.gg/statistics/population
populationChallenger3,2026-06-29,챌린저스2,138949,True,https://chuchu.gg/statistics/population
populationChallenger3,2026-06-29,챌린저스3,137730,True,https://chuchu.gg/statistics/population
populationChallenger3,2026-06-29,챌린저스4,17917,True,https://chuchu.gg/statistics/population
populationChallenger3,2026-06-28,챌린저스,177065,True,https://chuchu.gg/statistics/population
populationChallenger3,2026-06-28,챌린저스2,140904,True,https://chuchu.gg/statistics/population
populationChallenger3,2026-06-28,챌린저스3,139690,True,https://chuchu.gg/statistics/population
populationChallenger3,2026-06-28,챌린저스4,18243,True,https://chuchu.gg/statistics/population
populationChallenger3,2026-06-27,챌린저스,177963,True,https://chuchu.gg/statistics/population
populationChallenger3,2026-06-27,챌린저스2,142390,True,https://chuchu.gg/statistics/population
populationChallenger3,2026-06-27,챌린저스3,140865,True,https://chuchu.gg/statistics/population
populationChallenger3,2026-06-27,챌린저스4,18399,True,https://chuchu.gg/statistics/population
populationChallenger3,2026-06-26,챌린저스,181535,True,https://chuchu.gg/statistics/population
populationChallenger3,2026-06-26,챌린저스2,146355,True,https://chuchu.gg/statistics/population
populationChallenger3,2026-06-26,챌린저스3,144358,True,https://chuchu.gg/statistics/population
populationChallenger3,2026-06-26,챌린저스4,18857,True,https://chuchu.gg/statistics/population
populationChallenger3,2026-06-25,챌린저스,177528,True,https://chuchu.gg/statistics/population
populationChallenger3,2026-06-25,챌린저스2,143696,True,https://chuchu.gg/statistics/population
populationChallenger3,2026-06-25,챌린저스3,141256,True,https://chuchu.gg/statistics/population
populationChallenger3,2026-06-25,챌린저스4,18484,True,https://chuchu.gg/statistics/population
populationChallenger3,2026-06-24,챌린저스,174445,True,https://chuchu.gg/statistics/population
populationChallenger3,2026-06-24,챌린저스2,142721,True,https://chuchu.gg/statistics/population
populationChallenger3,2026-06-24,챌린저스3,139780,True,https://chuchu.gg/statistics/population
populationChallenger3,2026-06-24,챌린저스4,18249,True,https://chuchu.gg/statistics/population
populationChallenger3,2026-06-23,챌린저스,167806,True,https://chuchu.gg/statistics/population
populationChallenger3,2026-06-23,챌린저스2,139579,True,https://chuchu.gg/statistics/population
populationChallenger3,2026-06-23,챌린저스3,136205,True,https://chuchu.gg/statistics/population
populationChallenger3,2026-06-23,챌린저스4,17850,True,https://chuchu.gg/statistics/population
populationChallenger3,2026-06-22,챌린저스,162603,True,https://chuchu.gg/statistics/population
populationChallenger3,2026-06-22,챌린저스2,136145,True,https://chuchu.gg/statistics/population
populationChallenger3,2026-06-22,챌린저스3,132033,True,https://chuchu.gg/statistics/population
populationChallenger3,2026-06-22,챌린저스4,17292,True,https://chuchu.gg/statistics/population
populationChallenger3,2026-06-21,챌린저스,150230,True,https://chuchu.gg/statistics/population
populationChallenger3,2026-06-21,챌린저스2,128895,True,https://chuchu.gg/statistics/population
populationChallenger3,2026-06-21,챌린저스3,115586,True,https://chuchu.gg/statistics/population
populationChallenger3,2026-06-21,챌린저스4,15561,True,https://chuchu.gg/statistics/population
populationChallenger3,2026-06-20,챌린저스,132495,True,https://chuchu.gg/statistics/population
populationChallenger3,2026-06-20,챌린저스2,117894,True,https://chuchu.gg/statistics/population
populationChallenger3,2026-06-20,챌린저스3,110359,True,https://chuchu.gg/statistics/population
populationChallenger3,2026-06-20,챌린저스4,14340,True,https://chuchu.gg/statistics/population
populationChallenger3,2026-06-19,챌린저스,107858,True,https://chuchu.gg/statistics/population
populationChallenger3,2026-06-19,챌린저스2,99052,True,https://chuchu.gg/statistics/population
populationChallenger3,2026-06-19,챌린저스3,90766,True,https://chuchu.gg/statistics/population
populationChallenger3,2026-06-19,챌린저스4,11732,True,https://chuchu.gg/statistics/population
