date,season,scenario,C_boss,M_boss,B_total,C_share,C_accounts,C_mean_per_100k,estimated_transfer_count,transferred_production_in_main,stage,cap_tier,season_boss_tier,assumption_only_share_lower,assumption_only_share_upper,C_tier1,M_tier1,C_tier2,M_tier2,C_tier3,M_tier3,C_tier4,M_tier4,C_tier5,M_tier5,C_tier6,M_tier6,C_tier7,M_tier7
2024-12-19,1,primary,35.33660898042894,182.57247973221624,217.90908871264517,0.16216216216216214,173213.0,20.40066795242213,0.0,0.0,pre_leap,3,3,0.16216216216216214,0.2027027027027027,30.018413111466074,70.10197899974929,5.318195868962867,97.74691365728825,0.0,8.834152245107237,0.0,0.0,0.0,0.0,0.0,5.889434830071492,0.0,0.0
2024-12-26,1,primary,53.00491347064342,182.57247973221627,235.5773932028597,0.22499999999999995,340543.0,15.564822495439174,0.0,0.0,pre_leap,3,3,0.22499999999999995,0.26249999999999996,42.565153005773794,69.33410876558456,10.439760464869629,98.51478389145296,0.0,8.834152245107237,0.0,0.0,0.0,0.0,0.0,5.889434830071492,0.0,0.0
2025-01-02,1,primary,63.2023655925861,181.20917985538082,244.41154544796692,0.2585899347624776,351168.0,17.997757652344774,0.0,0.0,pre_leap,3,3,0.25301204819277123,0.3012048192771086,43.189273565741956,68.7099882056164,18.649792150008754,99.1389044514211,1.3632998768353872,10.415569783307596,0.0,2.944717415035746,0.0,0.0,0.0,0.0,0.0,0.0
2025-01-09,1,primary,62.5362420228858,181.8753034250811,244.41154544796692,0.255864516990255,330152.0,18.941651730986273,0.0,0.0,pre_leap,3,3,0.25301204819277107,0.30120481927710846,40.74804561911578,68.20649873720683,21.09102009663488,99.64239391983071,0.6971763071351442,11.08169335300784,0.0,2.944717415035746,0.0,0.0,0.0,0.0,0.0,0.0
2025-01-16,1,primary,68.87525175860466,181.4257285194338,250.30098027803845,0.2751697243937954,307111.0,22.426826703896854,11520.5,1.7457383901346188,post_leap,3,3,0.0,0.976470588235294,39.336938179083596,66.67288876220326,29.477815025921167,97.14503382061591,0.06049855359990212,11.718371106543081,0.0,5.889434830071492,0.0,0.0,0.0,0.0,0.0,0.0
2025-01-23,1,primary,65.22484230728855,182.1314205557141,247.35626286300266,0.2636878547256072,277133.0,23.535574005004296,14989.0,4.426255341901625,post_leap,3,3,0.0,0.9761904761904764,33.3562297334714,66.76416237774396,31.868612573817146,97.69895368775569,0.0,11.778869660142984,0.0,5.889434830071492,0.0,0.0,0.0,0.0,0.0,0.0
2025-01-30,1,primary,68.98554938199892,184.26014831107523,253.24569769307413,0.27240561245627654,257133.0,26.828742083668345,10000.0,6.286969985592461,post_leap,3,3,0.0,0.9767441860465116,33.085931962968516,67.03446014824685,33.91808802596128,98.5941956506473,1.9815293930691207,12.74205768210961,0.0,5.889434830071492,0.0,0.0,0.0,0.0,0.0,0.0
2025-02-06,1,primary,67.91045355980783,185.33524413326631,253.24569769307413,0.2681603445919669,237813.0,28.556241063275696,9660.0,8.328860323890389,post_leap,3,3,0.0,0.9767441860465116,30.456674950355335,66.71899974582428,36.088707701128875,99.36829339051545,1.365070908323632,13.358516166855098,0.0,5.889434830071492,0.0,0.0,0.0,0.0,0.0,0.0
2025-02-13,1,primary,68.49306271734343,184.7526349757307,253.24569769307413,0.2704609134183787,216696.0,31.60790356875228,10558.5,10.69930459240371,post_leap,3,3,0.0,0.9767441860465116,30.518638734491926,66.65703596168768,37.97442398285151,100.42729452382855,0.0,11.778869660142984,0.0,5.889434830071492,0.0,0.0,0.0,0.0,0.0,0.0
2025-02-20,1,primary,71.87236151837877,190.20748841980262,262.0798499381814,0.27423841068030147,200373.0,35.86928454351573,8161.5,12.709551309252664,post_leap,3,3,0.0,0.9775280898876404,32.96666048815645,67.15373162305892,38.491110931845846,102.85532498986996,0.41459009837647937,14.308996976802252,0.0,5.889434830071492,0.0,0.0,0.0,0.0,0.0,0.0
2025-02-27,1,primary,67.62769198547447,185.61800570759965,253.24569769307413,0.26704379423431357,222293.0,30.42277174066411,0.0,12.6460035527064,post_leap,3,3,0.0,0.9767441860465116,32.090865656302995,65.08480903987662,35.536826329170616,99.92017476247369,8.499337185948154e-13,14.723587075177882,0.0,5.889434830071492,0.0,0.0,0.0,0.0,0.0,0.0
2025-03-06,1,primary,60.40002574139886,186.9562371216038,247.35626286300266,0.24418231841920732,202226.0,29.867586631490937,10033.5,15.024748577022493,post_leap,3,3,0.0,0.9761904761904762,26.26113019183385,65.02510967427429,34.13889554956502,101.3181055420793,0.0,14.723587075178731,0.0,5.889434830071492,0.0,0.0,0.0,0.0,0.0,0.0
2025-03-13,1,primary,58.827110611085054,188.5291522519176,247.35626286300266,0.2378234127981883,179680.0,32.739932441610115,11273.0,17.643203266911765,post_leap,3,3,0.0,0.9761904761904762,23.29857504987696,65.04294740119542,35.528535561208095,102.87318294547197,0.0,14.723587075178731,0.0,5.889434830071492,0.0,0.0,0.0,0.0,0.0,0.0
2025-03-20,1,primary,59.237283754402945,191.0636965236355,250.30098027803845,0.2366642099787272,163262.0,36.2835710418854,8209.0,19.705084093882625,post_leap,3,3,0.0,0.976470588235294,22.617837737926504,65.72368471314587,36.619446016476445,104.72698990523935,0.0,14.723587075178731,0.0,5.889434830071492,0.0,0.0,0.0,0.0,0.0,0.0
2025-03-27,1,primary,54.88608931597291,195.41489096206556,250.30098027803845,0.21928036100779366,140011.0,39.201269411669735,11625.5,22.98107591459272,post_leap,3,3,0.0,0.976470588235294,18.995117045051703,66.40168799098494,35.8909722709212,108.40018106583037,0.0,14.723587075178731,0.0,5.889434830071492,0.0,0.0,0.0,0.0,0.0,0.0
2025-04-03,1,primary,50.27638471329481,197.07987814970784,247.35626286300266,0.20325494948611914,126230.0,39.829188555252166,6890.5,25.027101310068637,post_leap,3,3,0.0,0.9761904761904762,15.921752875135809,66.53033474586508,34.354631838158994,109.93652149859257,0.0,14.723587075178731,0.0,5.889434830071492,0.0,0.0,0.0,0.0,0.0,0.0
2025-04-10,1,primary,39.69952177900574,207.6567410839969,247.35626286300266,0.16049531683373294,110998.0,35.765979368101895,7616.0,27.3286786038127,post_leap,3,3,0.0,0.9761904761904762,11.207368492515437,68.3000017134497,28.492153286488787,115.79900005026278,1.5198699315412252e-12,17.668304490212954,0.0,5.889434830071492,0.0,0.0,0.0,0.0,0.0,0.0
2025-04-17,1,primary,15.127132038227806,202.78195667441736,217.90908871264517,0.06941946353681386,100353.0,15.073921096756257,5322.5,28.71495061228741,post_leap,3,3,0.0,0.9324324324324325,0.2127887330350882,61.626276982715574,12.063182093429186,108.6702319230364,2.851161211763533,17.76186069348669,0.0,14.723587075178731,0.0,0.0,0.0,0.0,0.0,0.0
2025-04-24,1,primary,4.875819386289932,189.4755300060693,194.35134939235923,0.025087653888353302,75810.0,6.431630901318998,12271.5,30.05121284113673,post_leap,3,3,0.0,0.9242424242424243,0.0,55.94963088567918,0.0,100.12039211121537,4.875819386289932,18.681919933996035,0.0,14.723587075178731,0.0,0.0,0.0,0.0,0.0,0.0
2025-05-01,1,primary,4.121768490082676,193.17429831731232,197.296066807395,0.02089128565399351,65100.0,6.331441613030224,5355.0,30.176487844743548,post_leap,3,3,0.0,0.9253731343283582,0.0,55.94963088567918,0.0,103.0651095262511,4.121768490082676,19.435970830203292,0.0,14.723587075178731,0.0,0.0,0.0,0.0,0.0,0.0
2025-05-08,1,primary,3.978076940229019,187.42855503709447,191.40663197732349,0.020783380905528465,55532.0,7.163575848572028,4784.0,30.26792233893373,post_leap,3,3,0.0,0.9230769230769231,0.0,53.00491347064343,0.0,100.12039211121537,3.978076940229019,19.57966238005695,0.0,14.723587075178731,0.0,0.0,0.0,0.0,0.0,0.0
2025-05-15,1,primary,8.295557228282794,183.11107474904068,191.40663197732349,0.04333996759979348,45589.0,18.19640094821732,4971.5,30.40149246588847,post_leap,3,3,0.0,0.9230769230769231,0.0,50.06019605560768,0.0,100.12039211121537,8.295557228282794,18.20689950703892,0.0,14.723587075178731,0.0,0.0,0.0,0.0,0.0,0.0
2025-06-19,2,primary,55.94963088567919,217.9090887126452,273.8587195983244,0.20430107526881724,,,0.0,0.0,pre_leap,3,3,0.20430107526881724,0.30107526881720437,51.032704448073964,60.86655732328439,4.916926437605225,112.87177016382462,3.5571413559262866e-15,26.50245673532171,0.0,17.668304490214474,0.0,0.0,0.0,0.0,0.0,0.0
2025-06-26,2,primary,103.06510952625112,223.7985235427167,326.86363306896783,0.3153153153153153,650456.0,15.845054780992275,0.0,0.0,pre_leap,3,3,0.31531531531531526,0.39639639639639634,63.78538827579441,59.89274315570692,39.27972125045669,113.8455843314021,2.0730808188173596e-14,26.502456735321694,0.0,20.61302190525022,0.0,0.0,0.0,2.944717415035746,0.0,0.0
2025-07-03,2,primary,121.82434103589257,219.76287910825397,341.58722014414656,0.35664197561162814,619598.0,19.661835744449235,0.0,0.0,pre_leap,3,3,0.3534482758620689,0.4396551724137931,58.88996789576628,58.898728705663565,61.8434461206993,114.83959878144546,1.0909270194269916,28.35624713093047,0.0,17.668304490214474,0.0,0.0,0.0,0.0,0.0,0.0
2025-07-10,2,primary,135.9248006324596,226.27544141693716,362.20024204939676,0.3752752893354561,563148.0,24.136603633939856,0.0,0.0,pre_leap,3,3,0.37398373983739835,0.45528455284552843,53.86081887050338,58.038442900854974,81.59618222114092,115.69988458625407,0.46779954081528247,28.97937460954218,0.0,20.61302190525022,0.0,0.0,0.0,2.944717415035746,0.0,0.0
2025-07-17,2,primary,172.73912754710483,213.0188538225779,385.75798136968274,0.44779145446005447,531711.0,32.48740905249371,15718.5,3.035129633760668,post_leap,3,3,0.0,0.9312977099236641,50.02935176181359,55.980475179473274,120.00414175581555,100.84966437186539,2.7056340294756986,29.68625753591751,0.0,20.61302190525022,0.0,0.0,0.0,5.889434830071492,0.0,0.0
2025-07-24,2,primary,180.68195342018706,210.96546277956716,391.6474161997542,0.4613383005903268,503401.0,35.892251588730865,14155.0,6.698828186696253,post_leap,3,3,0.0,0.9323308270676691,41.66866171763382,55.507012978545795,131.09681460653127,98.59114376625692,7.916477096021962,30.36484929944273,0.0,17.668304490214474,0.0,2.944717415035746,0.0,5.889434830071492,0.0,0.0
2025-07-31,2,primary,183.08983503344783,214.44701599637787,397.5368510298257,0.46056066138057544,471778.0,38.80847242420118,15811.5,11.205416733724514,post_leap,3,3,0.0,0.925925925925926,36.22229732023914,55.06394254586899,139.64647169554036,98.87563892235508,7.22106601766833,31.060260377796364,0.0,20.61302190525022,0.0,0.0,0.0,8.834152245107237,0.0,0.0
2025-08-07,2,primary,185.65774810426143,214.82382034060004,400.48156844486147,0.46358624898819256,439788.0,42.21528284179227,15995.0,16.115321781456675,post_leap,3,3,0.0,0.9264705882352942,30.89266277442909,54.50414226160755,142.52935305654347,98.9374749763877,12.235732273288855,31.935028952247336,0.0,17.668304490214474,0.0,2.944717415035746,0.0,8.834152245107237,0.0,0.0
2025-08-14,2,primary,184.6588100269495,221.7121932479835,406.371003274933,0.45440941538345286,410441.0,44.99034210201942,14673.5,20.99031279478171,post_leap,3,3,0.0,0.9130434782608694,28.57440859999667,53.87767902100421,144.61066318261788,99.80088226534903,11.473738244334942,32.69702298120124,0.0,23.557739320285968,0.0,0.0,0.0,11.778869660142984,0.0,0.0
2025-08-21,2,primary,192.98661311998774,227.1135501598966,420.1001632798843,0.4593823806524298,388357.0,49.69309504398987,11042.0,24.859628090731782,post_leap,3,3,0.0,0.9035090708062442,24.135861586990025,53.03604308291228,144.14753514742915,99.76351048280162,24.703216385568567,33.77814148485811,0.0,27.54539315799444,0.0,5.441492955628173,0.0,7.548968995701999,0.0,0.0
2025-08-28,2,primary,188.98718978860666,235.05211797654079,424.03930776514744,0.4456831862702608,356370.0,53.031172598312615,15993.5,31.09346207496654,post_leap,3,3,0.0,0.8888888888888888,21.404305451974768,52.21362992391889,140.68101006693686,100.78581796599431,26.901874269695035,34.93719144605563,0.0,32.39189156539321,0.0,0.0,0.0,14.723587075178731,0.0,0.0
2025-09-04,2,primary,184.9909760212611,236.1036143288505,421.0945903501116,0.43930978991550007,332895.0,55.570367840088046,11737.5,35.91762187157326,post_leap,3,3,0.0,0.8881118881118882,19.29917757390835,51.374040386949545,134.39545327205954,101.18193993080016,31.296345175293233,36.432155370528925,0.0,32.39189156539321,0.0,2.944717415035746,0.0,11.778869660142984,0.0,0.0
2025-09-11,2,primary,176.39532701495494,241.75454592012102,418.14987293507596,0.4218471376705236,309117.0,57.064259492345926,11889.0,41.023442588221855,post_leap,3,3,0.0,0.880281690140845,17.20613558087706,50.5223649649451,129.3072894211834,103.32538636664052,29.881902012894475,37.846598532927686,0.0,32.39189156539321,0.0,5.889434830071492,0.0,11.778869660142984,0.0,0.0
2025-09-18,2,primary,171.415571362676,249.67901898743563,421.0945903501116,0.4070714164723787,288952.0,59.32319948042442,10082.5,45.421128545933364,post_leap,3,3,0.0,0.8671328671328673,15.08268912526093,49.70109400552549,122.20663522574107,104.53660573201138,34.12624701167397,39.491688364219684,0.0,38.281326395464696,0.0,5.889434830071492,0.0,11.778869660142984,0.0,0.0
2025-09-25,2,primary,139.84535638457714,254.74677723021284,394.59213361479,0.35440482582224364,240758.0,58.08544529551547,24097.0,56.630112006241994,post_leap,3,3,0.0,0.8656716417910447,9.624130890827416,49.27021740988751,101.90202582166413,110.1176280609096,28.319199672085592,42.35401828877231,0.0,35.33660898042895,0.0,5.889434830071492,0.0,11.778869660142984,0.0,0.0
2025-10-02,2,primary,126.78314309029717,261.91955569442126,388.70269878471845,0.32616995839412877,216580.0,58.538712295824716,12089.0,61.96452103163068,post_leap,3,3,0.0,0.856060606060606,7.541466426467794,48.408164459211385,92.84331613999682,113.2869029125054,26.398360523832565,44.27485743702533,0.0,35.33660898042895,0.0,5.889434830071492,0.0,14.723587075178731,0.0,0.0
2025-10-09,2,primary,121.32979091630114,264.4281904533816,385.75798136968274,0.31452308643233845,198964.0,60.98077587719443,8808.0,65.77957024968552,post_leap,3,3,0.0,0.8549618320610687,8.443770704372787,47.50586018130639,85.22963540688308,115.01114881554766,27.656384805045263,45.96155057084839,0.0,38.281326395464696,0.0,5.889434830071492,0.0,11.778869660142984,0.0,0.0
2025-10-16,2,primary,103.44783891622949,273.475990208346,376.9238291245755,0.27445290247764986,185308.0,55.824810000771414,6828.0,68.78168629995297,post_leap,3,3,0.0,0.8437500000000001,6.584120020933149,46.42079344971028,70.78117610808181,120.62545586924168,26.08254278721453,47.53539258867912,0.0,38.281326395464696,0.0,5.889434830071492,0.0,14.723587075178731,0.0,0.0
2025-10-23,2,primary,54.7212990940727,266.2528991448236,320.9741982388963,0.17048504021293467,169443.0,32.29481247031314,7932.5,71.98042031110215,post_leap,3,3,0.0,0.7706422018348624,0.41161756412012795,43.75914366141606,37.254297002038115,101.14742150464194,17.05538452791445,47.72839860287197,0.0,47.115478640571936,0.0,8.834152245107237,0.0,17.668304490214474,0.0,0.0
2025-10-30,2,primary,35.36663981490366,264.99453651874245,300.3611763336461,0.11774704123417674,150125.0,23.55812810318312,9659.0,74.11600295875267,post_leap,3,3,0.0,0.7549019607843137,2.4608426340478597e-14,41.22604381050042,19.796104942709608,100.93730907375598,15.570534872194022,49.213248258592394,0.0,47.115478640571936,0.0,8.834152245107237,0.0,17.668304490214474,0.0,0.0
2025-11-06,2,primary,29.198835494976223,268.21762342363417,297.4164589186104,0.0981749147345159,134699.0,21.67709893538647,7713.0,75.19905368043773,post_leap,3,3,0.0,0.7425742574257423,0.3733578670010131,40.85268594349943,14.4539918947822,100.38998729161189,14.37148573319301,50.412297397593406,0.0,50.06019605560768,0.0,8.834152245107237,0.0,17.668304490214474,0.0,0.0
2025-11-13,2,primary,26.275639455822564,274.08553687782353,300.3611763336461,0.08748014565848936,118308.0,22.209520451552358,8195.5,76.24429572663522,post_leap,3,3,0.0,0.7352941176470589,2.0674484907603788e-14,38.281326395464674,13.27905390360613,104.50964269782372,12.99658555221641,51.78719757857001,0.0,47.115478640571936,0.0,11.778869660142984,0.0,20.61302190525022,0.0,0.0
2025-12-18,3,primary,14.72358707517889,282.6928718434315,297.4164589186104,0.04950495049505004,,,0.0,0.0,pre_leap,3,3,0.04950495049504959,0.2475247524752476,14.723587075178587,35.3366089804291,1.7000641315133874e-13,103.06510952625094,1.3247482670199782e-13,58.89434830071479,0.0,53.00491347064343,0.0,11.778869660142984,0.0,20.61302190525022,0.0,0.0
2025-12-25,3,primary,29.447174150357636,288.58230667350296,318.0294808238606,0.09259259259259314,289845.0,10.159628128950866,0.0,0.0,pre_leap,3,3,0.09259259259259268,0.28703703703703715,18.0330233405512,34.971890130092234,11.414150809806294,103.4298283765878,1.425634662429753e-13,61.83906571575052,0.0,53.00491347064343,0.0,11.778869660142984,0.0,23.557739320285968,0.0,0.0
2026-01-01,3,primary,32.391891565393266,291.5270240885388,323.91891565393206,0.10000000000000019,283614.0,11.421118691388036,0.0,0.0,pre_leap,3,3,0.1000000000000001,0.3000000000000001,18.15357497757558,34.85133849306785,14.238316587817657,103.5503800136122,2.6538358701695756e-14,64.78378313078639,0.0,53.00491347064343,0.0,11.778869660142984,0.0,23.557739320285968,0.0,0.0
2026-01-08,3,primary,32.39189156539338,294.47174150357444,326.86363306896783,0.09909909909909963,257052.0,12.60129917891842,0.0,0.0,pre_leap,3,3,0.09909909909909913,0.29729729729729737,12.49544677114702,34.62003186942492,19.8964447942462,103.78168663725512,1.6520631914956803e-13,64.78378313078625,0.0,55.94963088567918,0.0,11.778869660142984,0.0,23.557739320285968,0.0,0.0
2026-01-15,3,primary,31.097172910829237,310.49004723331734,341.58722014414656,0.09103728440925432,234425.0,13.265297178555716,11313.5,1.1405183860855488,post_leap,3,3,0.0,0.6982758620689654,9.296168118933233,34.87459310660296,21.801004791896002,104.82184405464108,0.0,67.72850054582216,0.0,58.894348300714924,0.0,14.723587075178731,0.0,29.447174150357462,0.0,0.0
2026-01-22,3,primary,27.839575359015946,322.58179703023785,350.4213723892538,0.07944599716963407,217437.0,12.803513366637668,8494.0,2.0362192680323394,post_leap,3,3,0.0,0.6806722689075629,9.166460159593349,35.00430106594284,18.673115199422593,105.00501623207873,0.0,70.6732179608579,0.0,58.894348300714924,0.0,17.668304490214474,0.0,35.33660898042895,0.0,0.0
2026-01-29,3,primary,23.48895619783986,329.87713360644966,353.3660898042895,0.06647201549772117,193637.0,12.130406997546885,11900.0,3.244932644196083,post_leap,3,3,0.0,0.6666666666666666,6.029516073262733,35.19652773723771,17.459440124577128,106.2186913069242,0.0,70.6732179608579,0.0,61.839065715750664,0.0,17.668304490214474,0.0,38.281326395464696,0.0,0.0
2026-02-05,3,primary,20.06980927798387,336.2409979413414,356.3108072193253,0.05632669251491439,179372.0,11.188930980300087,7132.5,3.920869004255127,post_leap,3,3,0.0,0.6611570247933883,3.129793402191383,35.151532993273314,16.94001587579249,106.73811555570884,0.0,73.61793537589365,0.0,64.78378313078642,0.0,17.668304490214474,0.0,38.281326395464696,0.0,0.0
2026-02-12,3,primary,19.221693576687226,345.9232658877453,365.14495946443253,0.052641267744405335,168935.0,11.37815939662428,5218.5,4.36838014979942,post_leap,3,3,0.0,0.6451612903225805,3.206515395991312,35.074810999473385,16.015178180695912,107.66295325080542,0.0,73.61793537589365,0.0,64.78378313078642,0.0,20.61302190525022,0.0,44.17076122553619,0.0,0.0
2026-02-19,3,primary,16.542665336271824,354.4917289582322,371.034394294504,0.044585261071892125,154821.0,10.685026796282044,7057.0,4.988903615946244,post_leap,3,3,0.0,0.6349206349206349,3.225615955310553,35.055710440154144,13.31704938096127,107.41636463550432,0.0,76.56265279092939,0.0,67.72850054582216,0.0,20.61302190525022,0.0,47.115478640571936,0.0,0.0
2026-02-26,3,primary,14.638933592694677,359.34017811684504,373.9791117095397,0.039143719887928856,148798.0,9.838125238709308,3011.5,5.22138276344254,post_leap,3,3,0.0,0.6299212598425197,0.5242065239205772,34.81240245650837,14.1147270687741,109.56340436272723,0.0,76.56265279092939,0.0,67.72850054582216,0.0,23.557739320285968,0.0,47.115478640571936,0.0,0.0
2026-03-05,3,primary,11.25408041551242,362.7250312940273,373.9791117095397,0.030092804820214623,139917.0,8.043397453856514,4440.5,5.544765410605235,post_leap,3,3,0.0,0.6220472440944882,0.6348163684447613,34.70179261198419,10.61926404706764,107.1694325543622,1.601424544316442e-14,79.50737020596513,0.0,70.6732179608579,0.0,23.557739320285968,0.0,47.115478640571936,0.0,0.0
2026-03-12,3,primary,15.34212480886753,367.47113914577943,382.81326395464697,0.040077307276074836,132277.0,11.598482584929753,3820.0,5.762847809742066,post_leap,3,3,0.0,0.6230769230769231,0.8919825868748316,34.44462639355412,14.450142221992698,109.22798920950864,0.0,79.50737020596515,0.0,73.61793537589365,0.0,23.557739320285968,0.0,47.115478640571936,0.0,0.0
2026-03-19,3,primary,29.72568096578164,391.36890938433,421.0945903501116,0.0705914577080336,138000.0,21.540348525928724,0.0,5.734033570693355,post_leap,3,3,0.0,0.6153846153846154,3.8464288495186993,34.434897545945994,18.284570793058073,111.28299546851477,7.594681323204864,83.69155854290327,0.0,79.50737020596515,0.0,26.502456735321715,0.0,55.94963088567918,0.0,0.0
2026-03-26,3,primary,32.43155472289299,388.6630356272186,421.0945903501116,0.0770172675358483,154628.0,20.97392110283583,0.0,5.705363402839887,post_leap,3,3,0.0,0.6153846153846154,6.982397883799749,34.243645926700694,17.820383626887125,108.80246521964996,7.628773212206117,83.65746665390202,0.0,79.50737020596515,0.0,26.502456735321715,0.0,55.94963088567918,0.0,0.0
2026-04-02,3,primary,28.545621991354814,395.4936857737926,424.03930776514744,0.06731833928746224,130670.0,21.845581993843126,11979.0,7.686809392952651,post_leap,3,3,0.0,0.611111111111111,3.9959399014808774,34.28538649398382,16.028401824854754,110.59444702168233,8.521280265019183,85.70967701612469,0.0,79.50737020596515,0.0,26.502456735321715,0.0,58.894348300714924,0.0,0.0
2026-04-09,3,primary,31.633883756022367,401.2395762542323,432.8734600102547,0.07307882482625053,119643.0,26.440229479386478,5513.5,8.611940276572321,post_leap,3,3,0.0,0.6054421768707482,3.9272256512109553,34.35410074425374,15.394302181652773,111.2285466648843,12.31235592315864,84.86331877302098,0.0,82.45208762100089,0.0,26.502456735321715,0.0,61.839065715750664,0.0,0.0
2026-06-18,4,primary,97.1756746961782,512.3808302162212,609.5565049123994,0.15942028985507015,,,0.0,0.0,pre_leap,4,3,0.13526570048309178,0.5024154589371981,35.33661552021077,35.33660244064713,47.11547210078873,126.62285538632028,5.889434830071494,103.0651095262511,8.834152245107218,106.00982694128687,0.0,38.281326395464696,0.0,91.28623986610813,0.0,11.778869660142984
2026-06-25,4,primary,168.04795396541215,512.1817689078451,680.2297228732573,0.24704588511008568,472376.0,35.575040638265314,0.0,0.0,pre_leap,4,3,0.18181818181818193,0.5541125541125542,23.554499475091685,35.339848825623235,100.12363195640984,126.61960900134261,35.54097337176001,102.86074513492005,8.828849162150613,106.01513002424348,0.0,38.281326395464696,0.0,94.23095728114387,0.0,8.834152245107237
2026-07-02,4,primary,205.90334181903995,518.4971422797536,724.4004840987935,0.2842396524281711,450911.0,45.66385424596871,0.0,0.0,pre_leap,4,3,0.18292682926829268,0.573170731707317,17.67140514702254,35.33350832362089,114.84087852958682,126.62594950334436,61.54129792437093,103.36287731763085,11.84976021805964,105.9389363833702,0.0,41.22604381050044,0.0,97.17567469617961,0.0,8.834152245107237
2026-07-09,4,primary,235.3568499285371,518.490808320614,753.847658249151,0.31220744317912347,431527.0,54.540469061851766,0.0,0.0,pre_leap,4,3,0.17968750000000008,0.5898437500000001,11.77602062181168,35.339458018760254,123.68098046983403,126.6199998082044,79.46810271020149,103.10437702201477,20.43174612668989,106.1911027198472,0.0,41.22604381050044,0.0,97.17567469617961,0.0,8.834152245107237
2026-07-16,4,primary,259.2478134769772,524.0470189225312,783.2948323995084,0.33097092276583734,412846.0,62.795282860189324,0.0,0.0,pre_leap,4,3,0.1766917293233083,0.5977443609022557,8.781488046987326,35.38927317854886,129.6202304596944,126.5701846484155,94.172790086836,103.12327672055899,26.673304883459515,105.83897879314907,0.0,44.17076122553619,0.0,100.12039211121537,0.0,8.834152245107237
2026-07-23,4,primary,279.72870022433324,535.9580237405683,815.6867239649015,0.34293643871586393,399123.0,70.0858382564606,6861.5,3.4469586667615135,post_leap,4,3,0.0,0.8014440433212998,5.676233591261914,35.54981021923853,128.21326797893119,127.97714712917872,108.14687152219784,103.87278236037588,37.692327131942335,106.59882620480923,0.0,44.17076122553619,0.0,106.00982694128686,0.0,11.778869660142984
2026-07-30,4,primary,294.1944354050777,547.9947452951455,842.1891807002232,0.3493210814706441,380114.0,77.39636935368802,9504.5,8.758770671095945,post_leap,4,3,0.0,0.8006993006993008,2.6513801686200638,35.62994622684463,125.49608400923017,130.69433109887973,122.74340713521555,106.94455123757264,43.30356409201195,106.87702407481109,0.0,47.115478640571936,0.0,108.9545443563226,0.0,11.778869660142984
2026-08-06,4,primary,309.3396865087195,559.3519509268257,868.6916374355452,0.3560983819550948,367949.0,84.07134861318268,6082.5,12.481084150490924,post_leap,4,3,0.0,0.7966101694915253,1.9404874500894862e-12,35.33660898042701,124.18588532526671,132.00452978284318,128.26950920564747,107.30788399721223,56.88429197780348,108.01988326419828,0.0,50.06019605560768,0.0,114.8439791863941,0.0,11.778869660142984
2026-08-13,4,primary,322.3001554783336,572.8939386925333,895.1940941708668,0.36003382682819146,354963.0,90.79823966958065,6493.0,16.785680862101632,post_leap,4,3,0.0,0.7927631578947367,1.90840223143247e-12,35.33660898042704,118.73311210946915,134.51258558360502,131.41589869679427,110.0509293361369,72.15114467206823,107.47661764511227,0.0,53.00491347064343,0.0,117.78869660142985,0.0,14.723587075178731
2026-08-20,4,primary,344.7359559994829,599.7583667726744,944.4943227721574,0.36499526538990573,343054.0,100.49028899225279,5954.5,21.027017402691268,post_leap,4,3,0.0,0.7756060367575094,2.9305396397645054e-11,30.868761867931617,103.4483604721685,135.5844642454577,124.27413259526807,111.40573962255147,117.01346293201705,109.96057668985712,0.0,58.38721941389031,0.0,127.04914819766462,0.0,26.502456735321715
2024-12-19,1,no_transfers,35.336608980428935,182.57247973221624,217.90908871264517,0.16216216216216212,173213.0,20.400667952422125,0.0,0.0,pre_leap,3,3,0.16216216216216214,0.2027027027027027,29.925067194126314,70.19532491708905,5.411541786302623,97.65356773994849,0.0,8.834152245107237,0.0,0.0,0.0,0.0,0.0,5.889434830071492,0.0,0.0
2024-12-26,1,no_transfers,53.00491347064342,182.57247973221627,235.5773932028597,0.22499999999999995,340543.0,15.564822495439174,0.0,0.0,pre_leap,3,3,0.22499999999999995,0.26249999999999996,42.373549771696105,69.52571199966225,10.631363698947311,98.32318065737529,0.0,8.834152245107237,0.0,0.0,0.0,0.0,0.0,5.889434830071492,0.0,0.0
2025-01-02,1,no_transfers,62.66033655045417,181.75120889751275,244.41154544796692,0.25637224475467346,351168.0,17.843407300908446,0.0,0.0,pre_leap,3,3,0.25301204819277123,0.3012048192771086,42.89655921479337,69.00270255656498,18.94250650095733,98.84619010047251,0.8212708347034633,10.95759882543952,0.0,2.944717415035746,0.0,0.0,0.0,0.0,0.0,0.0
2025-01-09,1,no_transfers,61.974731899996605,182.4368135479703,244.41154544796692,0.2535671209246966,330152.0,18.77157548644158,0.0,0.0,pre_leap,3,3,0.25301204819277107,0.30120481927710846,40.4236291431198,68.5309152132028,21.41543657263086,99.31797744383474,0.13566618424593857,11.643203475897046,0.0,2.944717415035746,0.0,0.0,0.0,0.0,0.0,0.0
2025-01-16,1,no_transfers,65.43005487658253,184.8709254014559,250.30098027803845,0.2614055078965402,307111.0,21.30501834078966,0.0,0.0,post_leap,3,3,0.0,0.976470588235294,38.28205842524156,67.7277685160453,27.147996451340973,99.47485239519611,0.0,11.778869660142984,0.0,5.889434830071492,0.0,0.0,0.0,0.0,0.0,0.0
2025-01-23,1,no_transfers,63.088113934664904,184.26814892833775,247.35626286300266,0.255049592051793,277133.0,22.764562118067825,0.0,0.0,post_leap,3,3,0.0,0.9761904761904764,33.255861998646466,66.8645301125689,29.832251936018434,99.7353143255544,0.0,11.778869660142984,0.0,5.889434830071492,0.0,0.0,0.0,0.0,0.0,0.0
2025-01-30,1,no_transfers,66.7415957384192,186.5041019546549,253.24569769307413,0.26354483549532176,257133.0,25.956059991684924,0.0,0.0,post_leap,3,3,0.0,0.9767441860465116,33.529986069806824,66.59040604140854,32.260602622140446,100.25168105446812,0.9510070464719461,13.772580028706784,0.0,5.889434830071492,0.0,0.0,0.0,0.0,0.0,0.0
2025-02-06,1,no_transfers,66.55942207547531,186.68627561759882,253.24569769307413,0.26282548008433787,237813.0,27.98813440622477,0.0,0.0,post_leap,3,3,0.0,0.9767441860465116,31.43799311252838,65.73768158365124,34.856484903950985,100.60051618769333,0.2649440589959476,14.458643016182783,0.0,5.889434830071492,0.0,0.0,0.0,0.0,0.0,0.0
2025-02-13,1,no_transfers,69.30268404196718,183.94301365110695,253.24569769307413,0.273657892999864,216696.0,31.981524366839807,0.0,0.0,post_leap,3,3,0.0,0.9767441860465116,32.02868509312028,65.14698960305932,37.2739989488469,101.12771955783316,0.0,11.778869660142984,0.0,5.889434830071492,0.0,0.0,0.0,0.0,0.0,0.0
2025-02-20,1,no_transfers,72.85385697782992,189.22599296035145,262.0798499381814,0.277983435182119,200373.0,36.35911873247889,0.0,0.0,post_leap,3,3,0.0,0.9775280898876404,34.739680381512144,65.38071172970322,38.114176596317776,103.23225932539802,0.0,14.723587075178731,0.0,5.889434830071492,0.0,0.0,0.0,0.0,0.0,0.0
2025-02-27,1,no_transfers,68.47010312200901,184.77559457106514,253.24569769307413,0.27037025207430226,222293.0,30.8017360519715,0.0,0.0,post_leap,3,3,0.0,0.9767441860465116,33.64120467234641,63.5344700238332,34.828898449662596,100.62810264198171,0.0,14.723587075178731,0.0,5.889434830071492,0.0,0.0,0.0,0.0,0.0,0.0
2025-03-06,1,no_transfers,62.40103661762784,184.95522624537483,247.35626286300266,0.252271908927523,202226.0,30.85707901932879,0.0,0.0,post_leap,3,3,0.0,0.9761904761904762,28.420307384771863,62.86593248133627,33.980729232855964,101.47627185878835,0.0,14.723587075178731,0.0,5.889434830071492,0.0,0.0,0.0,0.0,0.0,0.0
2025-03-13,1,no_transfers,62.11137718405835,185.2448856789443,247.35626286300266,0.25110088770405825,179680.0,34.56777447910638,0.0,0.0,post_leap,3,3,0.0,0.9761904761904762,26.034154185056067,62.30736826601631,36.077222999002274,102.32449550767778,0.0,14.723587075178731,0.0,5.889434830071492,0.0,0.0,0.0,0.0,0.0,0.0
2025-03-20,1,no_transfers,63.32764430558912,186.97333597244932,250.30098027803845,0.25300597798396046,163262.0,38.78896761376751,0.0,0.0,post_leap,3,3,0.0,0.976470588235294,25.680287516802053,62.661234934270325,37.647356788787064,103.69907913292873,0.0,14.723587075178731,0.0,5.889434830071492,0.0,0.0,0.0,0.0,0.0,0.0
2025-03-27,1,no_transfers,60.05176303613844,190.2492172419,250.30098027803845,0.2399182095468901,140011.0,42.89074646716218,0.0,0.0,post_leap,3,3,0.0,0.976470588235294,22.42894168903505,62.96786334700159,37.6228213471034,106.66833198964817,0.0,14.723587075178731,0.0,5.889434830071492,0.0,0.0,0.0,0.0,0.0,0.0
2025-04-03,1,no_transfers,56.00914442591076,191.3471184370919,247.35626286300266,0.22643107466792226,126230.0,44.3707077762107,0.0,0.0,post_leap,3,3,0.0,0.9761904761904762,19.482464555094758,62.96962306590613,36.52667987081601,107.76447346593555,0.0,14.723587075178731,0.0,5.889434830071492,0.0,0.0,0.0,0.0,0.0,0.0
2025-04-10,1,no_transfers,45.96115972384014,201.39510313916253,247.35626286300266,0.18580956549014307,110998.0,41.40719627726639,0.0,0.0,post_leap,3,3,0.0,0.9761904761904762,14.752687895473098,64.75468231049204,31.208471828367042,113.08268150838452,0.0,17.668304490214474,0.0,5.889434830071492,0.0,0.0,0.0,0.0,0.0,0.0
2025-04-17,1,no_transfers,18.752695166824417,199.15639354582075,217.90908871264517,0.08605742549615925,100353.0,18.68673100637192,0.0,0.0,post_leap,3,3,0.0,0.9324324324324325,3.295766032821098,58.543299682929565,15.456929133999841,105.27648488246575,3.4785608090178715e-12,20.613021905246743,0.0,14.723587075178731,0.0,0.0,0.0,0.0,0.0,0.0
2025-04-24,1,no_transfers,3.482442426709004,190.8689069656502,194.35134939235923,0.017918282726602532,75810.0,4.5936452007769475,0.0,0.0,post_leap,3,3,0.0,0.9242424242424243,0.0,55.94963088567918,1.9292785939396953,98.19111351727567,1.5531638327693085,22.00457548751666,0.0,14.723587075178731,0.0,0.0,0.0,0.0,0.0,0.0
2025-05-01,1,no_transfers,0.9440881033951054,196.3519787039999,197.296066807395,0.004785133929287836,65100.0,1.4502121403918669,0.0,0.0,post_leap,3,3,0.0,0.9253731343283582,0.0,55.94963088567918,2.0334429106227475e-12,103.06510952624907,0.9440881033930719,22.613651216892897,0.0,14.723587075178731,0.0,0.0,0.0,0.0,0.0,0.0
2025-05-08,1,no_transfers,0.3664069845914416,191.04022499273205,191.40663197732349,0.0019142857319324805,55532.0,0.659812332693657,0.0,0.0,post_leap,3,3,0.0,0.9230769230769231,0.0,53.00491347064343,3.4265498791432157e-13,100.12039211121503,0.36640698459109894,23.19133233569487,0.0,14.723587075178731,0.0,0.0,0.0,0.0,0.0,0.0
2025-05-15,1,no_transfers,1.8103181634304935,189.596313813893,191.40663197732349,0.00945796989753713,45589.0,3.9709538779760325,0.0,0.0,post_leap,3,3,0.0,0.9230769230769231,0.0,50.06019605560768,0.0,100.12039211121537,1.8103181634304935,24.69213857189122,0.0,14.723587075178731,0.0,0.0,0.0,0.0,0.0,0.0
2025-06-19,2,no_transfers,55.949630885679454,217.90908871264494,273.8587195983244,0.20430107526881822,,,0.0,0.0,pre_leap,3,3,0.20430107526881724,0.30107526881720437,50.94482966966534,60.954432101693016,5.004801216013859,112.78389538541599,2.7027913297380087e-13,26.502456735321445,0.0,17.668304490214474,0.0,0.0,0.0,0.0,0.0,0.0
2025-06-26,2,no_transfers,103.06510952625163,223.7985235427162,326.86363306896783,0.31531531531531687,650456.0,15.845054780992355,0.0,0.0,pre_leap,3,3,0.31531531531531526,0.39639639639639634,63.60955070656941,60.06858072493192,39.455558819681684,113.6697467621771,5.397510361036916e-13,26.502456735321175,0.0,20.61302190525022,0.0,0.0,0.0,2.944717415035746,0.0,0.0
2025-07-03,2,no_transfers,120.73341401646572,220.85380612768085,341.58722014414656,0.35344827586206934,619598.0,19.48576561197191,0.0,0.0,pre_leap,3,3,0.3534482758620689,0.4396551724137931,58.61436929059977,59.17432731083008,62.11904472586583,114.56400017627894,1.328752748823205e-13,29.44717415035733,0.0,17.668304490214474,0.0,0.0,0.0,0.0,0.0,0.0
2025-07-10,2,no_transfers,135.45700109164466,226.7432409577521,362.20024204939676,0.3739837398373993,563148.0,24.053534966233507,0.0,0.0,pre_leap,3,3,0.37398373983739835,0.45528455284552843,53.55492903837769,58.34433273298066,81.90207205326662,115.39399475412837,3.5095193874138726e-13,29.44717415035711,0.0,20.61302190525022,0.0,0.0,0.0,2.944717415035746,0.0,0.0
2025-07-17,2,no_transfers,159.7534433320663,226.00453803761644,385.75798136968274,0.4141286792429839,531711.0,30.045164258792145,0.0,0.0,post_leap,3,3,0.0,0.9312977099236641,49.34635552016169,56.66347142112517,110.40708781190457,110.44671831577637,3.105518967552011e-14,32.39189156539318,0.0,20.61302190525022,0.0,0.0,0.0,5.889434830071492,0.0,0.0
2025-07-24,2,no_transfers,166.90747492008452,224.7399412796697,391.6474161997542,0.42616769067348,503401.0,33.15596808907502,0.0,0.0,post_leap,3,3,0.0,0.9323308270676691,41.672415569057094,55.50325912712252,121.2917788236421,108.39617954914608,3.9432805273853235,34.33804586807937,0.0,17.668304490214474,0.0,2.944717415035746,0.0,5.889434830071492,0.0,0.0
2025-07-31,2,no_transfers,170.53705552942952,226.99979550039617,397.5368510298257,0.4289842692259862,471778.0,36.14773379204404,0.0,0.0,post_leap,3,3,0.0,0.925925925925926,36.888231212408385,54.39800865369975,130.8783979859308,107.64371263196463,2.7704263310903365,35.51090006437436,0.0,20.61302190525022,0.0,0.0,0.0,8.834152245107237,0.0,0.0
2025-08-07,2,no_transfers,174.60627404243186,225.8752944024296,400.48156844486147,0.4359907865933954,439788.0,39.702373425930645,0.0,0.0,post_leap,3,3,0.0,0.9264705882352942,32.144395526200285,53.252409509836355,135.15273480988068,106.31409322305049,7.309143706350911,36.86161751918528,0.0,17.668304490214474,0.0,2.944717415035746,0.0,8.834152245107237,0.0,0.0
2025-08-14,2,no_transfers,175.01322156976946,231.35778170516355,406.371003274933,0.4306734982549016,410441.0,42.640287293367244,0.0,0.0,post_leap,3,3,0.0,0.9130434782608694,30.24666436910509,52.205423251895795,138.5717379098274,105.83980753813952,6.194819290836979,37.97594193469921,0.0,23.557739320285968,0.0,0.0,0.0,11.778869660142984,0.0,0.0
2025-08-21,2,no_transfers,184.01907013241706,236.08109314746727,420.1001632798843,0.4380361785525363,388357.0,47.38399723255074,0.0,0.0,post_leap,3,3,0.0,0.9035090708062442,26.036320200903813,51.13558446899849,138.98170028423357,104.9293453459972,19.00104964727967,39.480308223147006,0.0,27.54539315799444,0.0,5.441492955628173,0.0,7.548968995701999,0.0,0.0
2025-08-28,2,no_transfers,182.5257788628623,241.51352890228515,424.03930776514744,0.43044542220589016,356370.0,51.218053950350004,0.0,0.0,post_leap,3,3,0.0,0.8888888888888888,23.668244115408946,49.949691260484705,137.5382450788518,103.92858295407939,21.31928966860156,40.51977604714911,0.0,32.39189156539321,0.0,0.0,0.0,14.723587075178731,0.0,0.0
2025-09-04,2,no_transfers,180.01300718004669,241.08158317006493,421.0945903501116,0.4274882919544943,332895.0,54.07501079320707,0.0,0.0,post_leap,3,3,0.0,0.8881118881118882,21.721071159998456,48.95214680085944,132.54881060467955,103.02858259818015,25.743125415368667,41.98537513045349,0.0,32.39189156539321,0.0,2.944717415035746,0.0,11.778869660142984,0.0,0.0
2025-09-11,2,no_transfers,172.9867763002658,245.16309663481016,418.14987293507596,0.413695632826665,309117.0,55.96158616325398,0.0,0.0,post_leap,3,3,0.0,0.880281690140845,19.76102604582886,47.9674744999933,128.69509150321016,103.93758428461376,24.530658751226778,43.19784179459538,0.0,32.39189156539321,0.0,5.889434830071492,0.0,11.778869660142984,0.0,0.0
2025-09-18,2,no_transfers,169.62249528866204,251.47209506144958,421.0945903501116,0.4028132851282474,288952.0,58.70265486608919,0.0,0.0,post_leap,3,3,0.0,0.8671328671328673,17.709713331396447,47.074069799389974,123.0490817663177,103.69415919143475,28.863700190947906,44.75423518494574,0.0,38.281326395464696,0.0,5.889434830071492,0.0,11.778869660142984,0.0,0.0
2025-09-25,2,no_transfers,144.325916751506,250.26621686328397,394.59213361479,0.36575974140528694,240758.0,59.94646771924754,0.0,0.0,post_leap,3,3,0.0,0.8656716417910447,12.737789546086976,46.15655875462795,107.0088582674122,105.01079561516153,24.579268938006845,46.09394902285105,0.0,35.33660898042895,0.0,5.889434830071492,0.0,11.778869660142984,0.0,0.0
2025-10-02,2,no_transfers,133.42841864695538,255.27428013776307,388.70269878471845,0.3432659949728165,216580.0,61.60698986377107,0.0,0.0,post_leap,3,3,0.0,0.856060606060606,10.614387570534655,45.335243315144524,99.72106976575765,106.40914928674457,23.09296131066307,47.580256650194826,0.0,35.33660898042895,0.0,5.889434830071492,0.0,14.723587075178731,0.0,0.0
2025-10-09,2,no_transfers,128.51274608369047,257.2452352859923,385.75798136968274,0.3331434533833613,198964.0,64.59095418452105,0.0,0.0,post_leap,3,3,0.0,0.8549618320610687,11.344629598069316,44.60500128760986,92.6620468508645,107.57873737156623,24.506069634756656,49.111865741136995,0.0,38.281326395464696,0.0,5.889434830071492,0.0,11.778869660142984,0.0,0.0
2025-10-16,2,no_transfers,110.80150784482001,266.1223212797555,376.9238291245755,0.29396259743556696,185308.0,59.79315941288018,0.0,0.0,post_leap,3,3,0.0,0.8437500000000001,9.350968119000532,43.653945351642896,78.4384608556549,112.96817112166859,23.01207887016458,50.60585650572907,0.0,38.281326395464696,0.0,5.889434830071492,0.0,14.723587075178731,0.0,0.0
2025-10-23,2,no_transfers,61.79340628377966,259.18079195511666,320.9741982388963,0.1925182978034507,169443.0,36.46855065348209,0.0,0.0,post_leap,3,3,0.0,0.7706422018348624,2.93108417425194,41.23967705128425,44.70630840549162,93.69541010118843,14.1560137040361,50.62776942675032,0.0,47.115478640571936,0.0,8.834152245107237,0.0,17.668304490214474,0.0,0.0
2025-10-30,2,no_transfers,40.576886138640056,259.784290195006,300.3611763336461,0.13509364503742186,150125.0,27.028733481192376,0.0,0.0,post_leap,3,3,0.0,0.7549019607843137,1.3226606012870084,39.90338320921344,26.48486118832425,94.24855282814134,12.769364349028804,52.01441878175761,0.0,47.115478640571936,0.0,8.834152245107237,0.0,17.668304490214474,0.0,0.0
2025-11-06,2,no_transfers,33.99378513053358,263.4226737880768,297.4164589186104,0.11429691972708264,134699.0,25.236850407600336,0.0,0.0,post_leap,3,3,0.0,0.7425742574257423,2.0116336677791997,39.21441014272124,20.487311223881406,94.35666796251269,11.49484023887298,53.288942891913436,0.0,50.06019605560768,0.0,8.834152245107237,0.0,17.668304490214474,0.0,0.0
2025-11-13,2,no_transfers,30.082481339263932,270.27869499438214,300.3611763336461,0.1001543598492497,118308.0,25.427258798444683,0.0,0.0,post_leap,3,3,0.0,0.7352941176470589,0.1353340516644168,38.14599234380028,19.942563591143976,97.84613301028587,10.00458369645554,54.77919943433088,0.0,47.115478640571936,0.0,11.778869660142984,0.0,20.61302190525022,0.0,0.0
2025-12-18,3,no_transfers,14.72358707517876,282.6928718434316,297.4164589186104,0.0495049504950496,,,0.0,0.0,pre_leap,3,3,0.04950495049504959,0.2475247524752476,14.723587075177006,35.336608980430675,1.7534026773761568e-12,103.06510952624936,0.0,58.894348300714924,0.0,53.00491347064343,0.0,11.778869660142984,0.0,20.61302190525022,0.0,0.0
2025-12-25,3,no_transfers,29.447174150357487,288.58230667350307,318.0294808238606,0.09259259259259267,289845.0,10.159628128950814,0.0,0.0,pre_leap,3,3,0.09259259259259268,0.28703703703703715,17.822857174802216,35.182056295841214,11.624316975555272,103.21966221083882,0.0,61.839065715750664,0.0,53.00491347064343,0.0,11.778869660142984,0.0,23.557739320285968,0.0,0.0
2026-01-01,3,no_transfers,32.39189156539324,291.52702408853884,323.91891565393206,0.1000000000000001,283614.0,11.421118691388028,0.0,0.0,pre_leap,3,3,0.1000000000000001,0.3000000000000001,17.83323828286664,35.17167518777679,14.558653282526604,103.23004331890324,0.0,64.78378313078642,0.0,53.00491347064343,0.0,11.778869660142984,0.0,23.557739320285968,0.0,0.0
2026-01-08,3,no_transfers,32.391891565393216,294.4717415035746,326.86363306896783,0.09909909909909913,257052.0,12.601299178918358,0.0,0.0,pre_leap,3,3,0.09909909909909913,0.29729729729729737,12.090898034628172,35.02458060594377,20.300993530765044,103.37713790073629,0.0,64.78378313078642,0.0,55.94963088567918,0.0,11.778869660142984,0.0,23.557739320285968,0.0,0.0
2026-01-15,3,no_transfers,28.613763210844024,312.97345693330254,341.58722014414656,0.08376707769912846,234425.0,12.20593503715219,0.0,0.0,post_leap,3,3,0.0,0.6982758620689654,8.851976775457176,35.318784450079015,19.761786435386846,106.86106241115024,0.0,67.72850054582216,0.0,58.894348300714924,0.0,14.723587075178731,0.0,29.447174150357462,0.0,0.0
2026-01-22,3,no_transfers,25.27129151528062,325.1500808739732,350.4213723892538,0.07211686702490525,217437.0,11.622351078832313,0.0,0.0,post_leap,3,3,0.0,0.6806722689075629,8.812378292416636,35.35838293311956,16.458913222863984,107.21921820863734,0.0,70.6732179608579,0.0,58.894348300714924,0.0,17.668304490214474,0.0,35.33660898042895,0.0,0.0
2026-01-29,3,no_transfers,21.32470487984235,332.0413849244472,353.3660898042895,0.06034734371838837,193637.0,11.012722196606202,0.0,0.0,post_leap,3,3,0.0,0.6666666666666666,5.887954149842386,35.338089660658056,15.436750729999963,108.24138070150137,0.0,70.6732179608579,0.0,61.839065715750664,0.0,17.668304490214474,0.0,38.281326395464696,0.0,0.0
2026-02-05,3,no_transfers,17.810082416425224,338.50072480290004,356.3108072193253,0.04998468206849061,179372.0,9.929131869202118,0.0,0.0,post_leap,3,3,0.0,0.6611570247933883,2.980774859413067,35.30055153605163,14.829307557012156,108.84882387448917,0.0,73.61793537589365,0.0,64.78378313078642,0.0,17.668304490214474,0.0,38.281326395464696,0.0,0.0
2026-02-12,3,no_transfers,16.659471155490042,348.4854883089425,365.14495946443253,0.04562426708539238,168935.0,9.861468112285815,0.0,0.0,post_leap,3,3,0.0,0.6451612903225805,2.9469344375336557,35.33439195793104,13.712536717956386,109.96559471354495,0.0,73.61793537589365,0.0,64.78378313078642,0.0,20.61302190525022,0.0,44.17076122553619,0.0,0.0
2026-02-19,3,no_transfers,13.795262965956862,357.23913132854716,371.034394294504,0.037180550315793745,154821.0,8.910459799353358,0.0,0.0,post_leap,3,3,0.0,0.6349206349206349,2.888215780960037,35.39311061450466,10.907047184996824,109.82636683146876,0.0,76.56265279092939,0.0,67.72850054582216,0.0,20.61302190525022,0.0,47.115478640571936,0.0,0.0
2026-02-26,3,no_transfers,11.424746667078967,362.55436504246074,373.9791117095397,0.030549157183816948,148798.0,7.678024346482458,0.0,0.0,post_leap,3,3,0.0,0.6299212598425197,0.05372633612725221,35.282882644301694,11.371020330951714,112.30711110054962,0.0,76.56265279092939,0.0,67.72850054582216,0.0,23.557739320285968,0.0,47.115478640571936,0.0,0.0
2026-03-05,3,no_transfers,7.561022902290043,366.41808880724966,373.9791117095397,0.02021776795962471,139917.0,5.403934405604782,0.0,0.0,post_leap,3,3,0.0,0.6220472440944882,0.0,35.33660898042895,7.561022902290043,110.2276736991398,0.0,79.50737020596515,0.0,70.6732179608579,0.0,23.557739320285968,0.0,47.115478640571936,0.0,0.0
2026-03-12,3,no_transfers,11.035144892307903,371.77811906233904,382.81326395464697,0.028826443416065304,132277.0,8.34245174316616,0.0,0.0,post_leap,3,3,0.0,0.6230769230769231,0.06595082822653234,35.270658152202415,10.969194064081371,112.70893736741996,0.0,79.50737020596515,0.0,73.61793537589365,0.0,23.557739320285968,0.0,47.115478640571936,0.0,0.0
2026-03-19,3,no_transfers,21.24808059386328,399.84650975624834,421.0945903501116,0.05045916304979586,138000.0,15.397159850625563,0.0,0.0,post_leap,3,3,0.0,0.6153846153846154,2.863640700203342,35.417685695261355,14.400854413842584,115.16671184773026,3.983585479817352,87.30265438629078,0.0,79.50737020596515,0.0,26.502456735321715,0.0,55.94963088567918,0.0,0.0
2026-03-26,3,no_transfers,22.100187632907975,398.9944027172036,421.0945903501116,0.05248271561630171,154628.0,14.292487539713361,0.0,0.0,post_leap,3,3,0.0,0.6153846153846154,5.8051225449720905,35.42092126552835,13.162379832475244,113.46046901406184,3.132685255460642,88.15355461064749,0.0,79.50737020596515,0.0,26.502456735321715,0.0,55.94963088567918,0.0,0.0
2026-04-02,3,no_transfers,18.91828358603708,405.12102417911035,424.03930776514744,0.04461445729110307,130670.0,14.477908920208986,0.0,0.0,post_leap,3,3,0.0,0.611111111111111,3.036596781366698,35.244729614098,11.742108819434803,114.88074002710228,4.139577985235583,90.0913792959083,0.0,79.50737020596515,0.0,26.502456735321715,0.0,58.894348300714924,0.0,0.0
2026-04-09,3,no_transfers,19.634851666475374,413.23860834377933,432.8734600102547,0.04535933357062415,119643.0,16.411199707860362,0.0,0.0,post_leap,3,3,0.0,0.6054421768707482,2.9524296537431596,35.328896741721536,11.29935532987919,115.32349351665789,5.383066682853027,91.79260801332659,0.0,82.45208762100089,0.0,26.502456735321715,0.0,61.839065715750664,0.0,0.0
2026-06-18,4,no_transfers,97.1756746961795,512.3808302162199,609.5565049123994,0.15942028985507226,,,0.0,0.0,pre_leap,4,3,0.13526570048309178,0.5024154589371981,35.3366114818349,35.336606479023,47.11547613916591,126.62285134794311,5.889434830071494,103.0651095262511,8.83415224510721,106.00982694128689,0.0,38.281326395464696,0.0,91.28623986610813,0.0,11.778869660142984
2026-06-25,4,no_transfers,168.05634428598327,512.173378587274,680.2297228732573,0.24705821964985805,472376.0,35.576816833620526,0.0,0.0,pre_leap,4,3,0.18181818181818193,0.5541125541125542,23.554505030289576,35.33984327042535,100.12362640121182,126.61961455654063,35.546845363387746,102.85487314329231,8.83136749109414,106.01261169529995,0.0,38.281326395464696,0.0,94.23095728114387,0.0,8.834152245107237
2026-07-02,4,no_transfers,205.89635141927457,518.504132679519,724.4004840987935,0.2842300025177709,450911.0,45.66230396226186,0.0,0.0,pre_leap,4,3,0.18292682926829268,0.573170731707317,17.671286088281622,35.33362738236181,114.84099758832701,126.62583044460416,61.5358489579083,103.36832628409347,11.848218784757595,105.94047781667226,0.0,41.22604381050044,0.0,97.17567469617961,0.0,8.834152245107237
2026-07-09,4,no_transfers,235.31296940378706,518.5346888453639,753.847658249151,0.3121492344359247,431527.0,54.53030039923042,0.0,0.0,pre_leap,4,3,0.17968750000000008,0.5898437500000001,11.777876539101042,35.33760210147089,123.67912455254341,126.62185572549501,79.43313333657098,103.13934639564529,20.42283497557164,106.20001387096545,0.0,41.22604381050044,0.0,97.17567469617961,0.0,8.834152245107237
2026-07-16,4,no_transfers,259.2536462404423,524.0411861590661,783.2948323995084,0.33097836921285045,412846.0,62.796695678398805,0.0,0.0,pre_leap,4,3,0.1766917293233083,0.5977443609022557,8.84270863424241,35.32805259129378,129.55900987243777,126.63140523567213,94.18622351873476,103.10984328866023,26.665704215027393,105.84657946158119,0.0,44.17076122553619,0.0,100.12039211121537,0.0,8.834152245107237
2026-07-23,4,no_transfers,283.38715880229614,532.2995651626054,815.6867239649015,0.34742156575113037,399123.0,71.00246259982414,0.0,0.0,post_leap,4,3,0.0,0.8014440433212998,5.891481788350907,35.334562022149534,129.98489992570623,126.20551518240367,109.44195656369504,102.57769731887868,38.06882052454398,106.22233281220758,0.0,44.17076122553619,0.0,106.00982694128686,0.0,11.778869660142984
2026-07-30,4,no_transfers,302.90004939939905,539.2891313008242,842.1891807002232,0.359657967996642,380114.0,79.68663332563364,0.0,0.0,post_leap,4,3,0.0,0.8006993006993008,2.940955919761189,35.34037047570351,129.58301619471086,126.60739891339904,126.01131374384265,103.67664462894554,44.36476354108434,105.8158246257387,0.0,47.115478640571936,0.0,108.9545443563226,0.0,11.778869660142984
2026-08-06,4,no_transfers,321.70409504202684,546.9875423935184,868.6916374355452,0.37033175085203524,367949.0,87.43170793833569,0.0,0.0,post_leap,4,3,0.0,0.7966101694915253,0.01375879079130359,35.32285018963765,129.9931868043412,126.1972283037687,133.17144815748864,102.40594504537106,58.52570128940564,106.37847395259612,0.0,50.06019605560768,0.0,114.8439791863941,0.0,11.778869660142984
2026-08-13,4,no_transfers,338.84327154229214,556.3508226285746,895.1940941708668,0.3785137477433097,354963.0,95.45875810782874,0.0,0.0,post_leap,4,3,0.0,0.7927631578947367,0.007511158015696974,35.32909782241325,126.20412355633994,127.04157413673423,138.0672192268733,103.39960880605787,74.56441760106324,105.06334471611726,0.0,53.00491347064343,0.0,117.78869660142985,0.0,14.723587075178731
2026-08-20,4,no_transfers,365.418357514604,579.0759652575534,944.4943227721574,0.386893122281641,343054.0,106.51919450424832,0.0,0.0,post_leap,4,3,0.0,0.7756060367575094,5.993505048700045e-12,30.86876186795493,112.42980512832996,126.60301958929624,132.62067460671537,103.05919761110417,120.36787777955269,106.60616184232148,0.0,58.38721941389031,0.0,127.04914819766462,0.0,26.502456735321715
2024-12-19,1,all_declines_transfer,35.33660898042894,182.57247973221624,217.90908871264517,0.16216216216216214,173213.0,20.40066795242213,0.0,0.0,pre_leap,3,3,0.16216216216216214,0.2027027027027027,30.166502716743928,69.95388939447145,5.170106263685012,97.89500326256609,0.0,8.834152245107237,0.0,0.0,0.0,0.0,0.0,5.889434830071492,0.0,0.0
2024-12-26,1,all_declines_transfer,53.00491347064342,182.57247973221627,235.5773932028597,0.22499999999999995,340543.0,15.564822495439174,0.0,0.0,pre_leap,3,3,0.22499999999999995,0.26249999999999996,42.86847748143845,69.03078428991991,10.136435989204976,98.81810836711762,0.0,8.834152245107237,0.0,0.0,0.0,0.0,0.0,5.889434830071492,0.0,0.0
2025-01-02,1,all_declines_transfer,63.815568377476886,180.59597707049002,244.41154544796692,0.2610988292738514,351168.0,18.172375722582036,0.0,0.0,pre_leap,3,3,0.25301204819277123,0.3012048192771086,43.64926740331148,68.24999436804688,18.18979831243923,99.59889828899063,1.9765026617261716,9.802366998416812,0.0,2.944717415035746,0.0,0.0,0.0,0.0,0.0,0.0
2025-01-09,1,all_declines_transfer,63.474448036702434,180.9370974112645,244.41154544796692,0.2597031491305536,330152.0,19.225825691409543,0.0,0.0,pre_leap,3,3,0.25301204819277107,0.30120481927710846,41.30728159715048,67.64726275917212,20.531784118600186,100.2016298978654,1.6353823209517768,10.143487339191207,0.0,2.944717415035746,0.0,0.0,0.0,0.0,0.0,0.0
2025-01-16,1,all_declines_transfer,73.54116651796112,176.75981376007735,250.30098027803845,0.2938109408771407,307111.0,23.94611932427074,23041.0,3.543857998046138,post_leap,3,3,0.0,0.976470588235294,40.72058631789946,65.2892406233874,31.654558390686628,94.96829045585045,1.166021809375029,10.612847850767956,0.0,5.889434830071492,0.0,0.0,0.0,0.0,0.0,0.0
2025-01-23,1,all_declines_transfer,68.14851686561809,179.20774599738456,247.35626286300266,0.2755075455815804,277133.0,24.59054564617642,29978.0,9.268992828879815,post_leap,3,3,0.0,0.9761904761904764,33.75750219762434,66.36288991359103,33.59873826086331,95.96882800070952,0.7922764071304464,10.986593253012538,0.0,5.889434830071492,0.0,0.0,0.0,0.0,0.0,0.0
2025-01-30,1,all_declines_transfer,71.47083019635019,181.77486749672394,253.24569769307413,0.28221932631989116,257133.0,27.79527722865217,20000.0,13.157135168123643,post_leap,3,3,0.0,0.9767441860465116,32.99883184989118,67.12156026132419,35.159772197093545,97.35251147951503,3.3122261493654594,11.411360925813272,0.0,5.889434830071492,0.0,0.0,0.0,0.0,0.0,0.0
2025-02-06,1,all_declines_transfer,69.47427060070788,183.77142709236625,253.24569769307413,0.2743354427482062,237813.0,29.213823718933735,19320.0,17.387387540743504,post_leap,3,3,0.0,0.9767441860465116,29.906466313595253,67.26920838258437,36.79851308606252,98.6584880055818,2.769291201050121,11.95429587412861,0.0,5.889434830071492,0.0,0.0,0.0,0.0,0.0,0.0
2025-02-13,1,all_declines_transfer,67.6898095751797,185.55588811789443,253.24569769307413,0.2672890800980857,216696.0,31.237221533936804,21117.0,22.235717126821577,post_leap,3,3,0.0,0.9767441860465116,29.568212751084964,67.60746194509466,38.12159682409473,100.28012168258533,0.0,11.778869660142984,0.0,5.889434830071492,0.0,0.0,0.0,0.0,0.0,0.0
2025-02-20,1,all_declines_transfer,72.10734925772833,189.97250068045304,262.0798499381814,0.2751350371832737,200373.0,35.98655969503293,16323.0,26.203619877975072,post_leap,3,3,0.0,0.9775280898876404,31.87508860617157,68.2453035050438,38.31756338096432,103.02887254075148,1.9146972705924445,12.808889804586286,0.0,5.889434830071492,0.0,0.0,0.0,0.0,0.0,0.0
2025-02-27,1,all_declines_transfer,68.43041328384957,184.81528440922455,253.24569769307413,0.27021352744473903,222293.0,30.783881311534582,0.0,26.0726017785852,post_leap,3,3,0.0,0.9767441860465116,31.231581327488755,65.94409336869086,35.490571758771324,99.96642933287299,1.7082601975894975,13.015326877589233,0.0,5.889434830071492,0.0,0.0,0.0,0.0,0.0,0.0
2025-03-06,1,all_declines_transfer,59.66746675405634,187.68879610894632,247.35626286300266,0.24122076418620111,202226.0,29.50533895446498,20067.0,30.884159939920785,post_leap,3,3,0.0,0.9761904761904762,24.889456490693558,66.39678337541457,33.48077007366966,101.97623101797465,1.2972401896931327,13.426346885485598,0.0,5.889434830071492,0.0,0.0,0.0,0.0,0.0,0.0
2025-03-13,1,all_declines_transfer,56.63076193019363,190.72550093280904,247.35626286300266,0.22894412001024758,179680.0,31.517565633455934,22546.0,36.05155811676013,post_leap,3,3,0.0,0.9761904761904762,21.54762617811255,66.79389627295983,34.21471054917747,104.18700795750259,0.8684252029036108,13.85516187227512,0.0,5.889434830071492,0.0,0.0,0.0,0.0,0.0,0.0
2025-03-20,1,all_declines_transfer,55.70113778340985,194.5998424946286,250.30098027803845,0.22253663458103962,163262.0,34.117637774503464,16418.0,40.01094346673696,post_leap,3,3,0.0,0.976470588235294,20.61872941138263,67.72279303968975,34.70110626569177,106.64532965602402,0.38130210633544603,14.342284968843284,0.0,5.889434830071492,0.0,0.0,0.0,0.0,0.0,0.0
2025-03-27,1,all_declines_transfer,50.274957139124155,200.0260231389143,250.30098027803845,0.2008580113560798,140011.0,35.907862338762065,23251.0,46.157042316563114,post_leap,3,3,0.0,0.976470588235294,16.872272871328757,68.52453216470788,33.402684267795394,110.88846906895617,0.0,14.723587075178731,0.0,5.889434830071492,0.0,0.0,0.0,0.0,0.0,0.0
2025-04-03,1,all_declines_transfer,45.04379636742915,202.31246649557352,247.35626286300266,0.18210089304420196,126230.0,35.6839074446876,13781.0,49.88502711210414,post_leap,3,3,0.0,0.9761904761904762,13.790221553563075,68.66186606743781,31.253574813866074,113.0375785228855,0.0,14.723587075178731,0.0,5.889434830071492,0.0,0.0,0.0,0.0,0.0,0.0
2025-04-10,1,all_declines_transfer,36.15580465230446,211.2004582106982,247.35626286300266,0.14616894771057087,110998.0,32.57338389187595,15232.0,53.98390020212347,post_leap,3,3,0.0,0.9761904761904762,9.435430423586753,70.0719397823784,24.581202650021044,119.70995068673052,2.139171578696666,15.52913291151781,0.0,5.889434830071492,0.0,0.0,0.0,0.0,0.0,0.0
2025-04-17,1,all_declines_transfer,13.45737194692746,204.45171676571772,217.90908871264517,0.0617568180677107,100353.0,13.41003452505402,10645.0,56.487930073345005,post_leap,3,3,0.0,0.9324324324324325,0.0,61.839065715750664,8.320249769804972,112.41316424666061,5.137122177122487,15.475899728127734,0.0,14.723587075178731,0.0,0.0,0.0,0.0,0.0,0.0
2025-04-24,1,all_declines_transfer,6.723872725198583,187.62747666716064,194.35134939235923,0.03459648078709417,75810.0,8.869374390184122,24543.0,58.838470241765485,post_leap,3,3,0.0,0.9242424242424243,0.0,55.94963088567918,0.0,100.12039211121537,6.723872725198583,16.833866595087386,0.0,14.723587075178731,0.0,0.0,0.0,0.0,0.0,0.0
2025-05-01,1,all_declines_transfer,5.774886749770498,191.5211800576245,197.296066807395,0.029270156487245517,65100.0,8.870793778449304,10710.0,59.304205888307635,post_leap,3,3,0.0,0.9253731343283582,0.0,55.94963088567918,0.0,103.0651095262511,5.774886749770498,17.78285257051547,0.0,14.723587075178731,0.0,0.0,0.0,0.0,0.0,0.0
2025-05-08,1,all_declines_transfer,5.0970011498724235,186.30963082745106,191.40663197732349,0.026629177355130935,55532.0,9.178493751120836,9568.0,59.68669089784373,post_leap,3,3,0.0,0.9230769230769231,0.0,53.00491347064343,0.0,100.12039211121537,5.0970011498724235,18.460738170413546,0.0,14.723587075178731,0.0,0.0,0.0,0.0,0.0,0.0
2025-05-15,1,all_declines_transfer,11.376890913493272,180.02974106383022,191.40663197732349,0.05943833186950975,45589.0,24.95534210773053,9943.0,60.11835155029366,post_leap,3,3,0.0,0.9230769230769231,3.499201431591216,46.560994624016466,1.0956490045038316,99.02474310671154,6.782040477398224,19.72041625792349,0.0,14.723587075178731,0.0,0.0,0.0,0.0,0.0,0.0
2025-06-19,2,all_declines_transfer,56.49222577954479,217.36649381877962,273.8587195983244,0.20628237020315943,,,0.0,0.0,pre_leap,3,3,0.20430107526881724,0.30107526881720437,51.18377134892218,60.715490422436176,4.765859536757003,113.02283706467284,0.5425948938656081,25.959861841456107,0.0,17.668304490214474,0.0,0.0,0.0,0.0,0.0,0.0
2025-06-26,2,all_declines_transfer,104.13643775763508,222.72719531133276,326.86363306896783,0.31859291527749256,650456.0,16.00975896257934,0.0,0.0,pre_leap,3,3,0.31531531531531526,0.39639639639639634,64.0875887406307,59.590542690870635,38.97752078562039,114.1477847962384,1.0713282313839818,25.43112850393773,0.0,20.61302190525022,0.0,0.0,0.0,2.944717415035746,0.0,0.0
2025-07-03,2,all_declines_transfer,125.31731529856656,216.26990484558002,341.58722014414656,0.36686769266626496,619598.0,20.225584217277422,0.0,0.0,pre_leap,3,3,0.3534482758620689,0.4396551724137931,59.35108007469788,58.437616526731965,61.38233394176771,115.30071096037705,4.583901282100984,24.863272868256477,0.0,17.668304490214474,0.0,0.0,0.0,0.0,0.0,0.0
2025-07-10,2,all_declines_transfer,140.59214985142327,221.6080921979735,362.20024204939676,0.38816139121256954,563148.0,24.96539983297877,0.0,0.0,pre_leap,3,3,0.37398373983739835,0.45528455284552843,54.41502623488849,57.48423553646987,81.04197485675584,116.25409195063915,5.13514875977896,24.3120253905785,0.0,20.61302190525022,0.0,0.0,0.0,2.944717415035746,0.0,0.0
2025-07-17,2,all_declines_transfer,184.30797219829444,201.4500091713883,385.75798136968274,0.4777813580003855,531711.0,34.663185865685385,31437.0,6.278698196394829,post_leap,3,3,0.0,0.9312977099236641,50.517596375200604,55.492230566086256,125.47701968619114,95.3767864414898,8.313356136902682,24.078535428490525,0.0,20.61302190525022,0.0,0.0,0.0,5.889434830071492,0.0,0.0
2025-07-24,2,all_declines_transfer,191.30884806590686,200.33856813384736,391.6474161997542,0.48847213118937693,503401.0,38.00327136138126,28310.0,14.097823040273283,post_leap,3,3,0.0,0.9323308270676691,41.40841726685374,55.76725742932587,135.51836056770196,94.16959780508623,14.382070231351133,23.899256164113563,0.0,17.668304490214474,0.0,2.944717415035746,0.0,5.889434830071492,0.0,0.0
2025-07-31,2,all_declines_transfer,191.53891561383236,205.99793541599334,397.5368510298257,0.48181423965513553,471778.0,40.59937420011793,31623.0,23.64155352715959,post_leap,3,3,0.0,0.925925925925926,35.27337328783028,56.01286657827785,141.93936422158174,96.5827463963137,14.32617810442032,23.955148291044374,0.0,20.61302190525022,0.0,0.0,0.0,8.834152245107237,0.0,0.0
2025-08-07,2,all_declines_transfer,191.71460347551312,208.76696496934835,400.48156844486147,0.4787101793972036,439788.0,43.59250445112488,31990.0,33.91353760481797,post_leap,3,3,0.0,0.9264705882352942,29.3721950686748,56.02460996736184,142.41917995778869,99.04764807514249,19.923228449049653,24.247532776486537,0.0,17.668304490214474,0.0,2.944717415035746,0.0,8.834152245107237,0.0,0.0
2025-08-14,2,all_declines_transfer,188.58048557644076,217.79051769849224,406.371003274933,0.4640598961458266,410441.0,45.945820611596005,29347.0,43.978443741811176,post_leap,3,3,0.0,0.9130434782608694,26.68389491420826,55.768192706792625,142.29803580626688,102.11350964170003,19.598554855965627,24.572206369570562,0.0,23.557739320285968,0.0,0.0,0.0,11.778869660142984,0.0,0.0
2025-08-21,2,all_declines_transfer,195.56746199546907,224.53270128441525,420.1001632798843,0.46552579382164083,388357.0,50.357650820113726,22084.0,51.87589154219402,post_leap,3,3,0.0,0.9035090708062442,22.04475918579614,55.127145484106165,140.1298183919537,103.78122723827707,33.39288441771922,25.088473452707454,0.0,27.54539315799444,0.0,5.441492955628173,0.0,7.548968995701999,0.0,0.0
2025-08-28,2,all_declines_transfer,188.4771307290529,235.56217703609454,424.03930776514744,0.44448032830352663,356370.0,52.888046336406795,31987.0,64.50283349874687,post_leap,3,3,0.0,0.8888888888888888,19.053336057038685,54.56459931885497,134.02701554619193,107.43981248673924,35.39677912582227,26.442286589928393,0.0,32.39189156539321,0.0,0.0,0.0,14.723587075178731,0.0,0.0
2025-09-04,2,all_declines_transfer,182.60996048754973,238.4846298625619,421.0945903501116,0.4336554414905257,332895.0,54.85512263252669,23475.0,74.11269443323033,post_leap,3,3,0.0,0.8881118881118882,16.875170134728474,53.79804782612942,125.91953555702796,109.65785764583174,39.81525479579331,27.91324575002885,0.0,32.39189156539321,0.0,2.944717415035746,0.0,11.778869660142984,0.0,0.0
2025-09-11,2,all_declines_transfer,172.19681532147686,245.9530576135991,418.14987293507596,0.41180645138737854,309117.0,55.70603212423673,23778.0,84.17689180871393,post_leap,3,3,0.0,0.880281690140845,14.752793668063829,52.97570687775833,119.22269321988675,113.40998256793718,38.22132843352629,29.50717211229587,0.0,32.39189156539321,0.0,5.889434830071492,0.0,11.778869660142984,0.0,0.0
2025-09-18,2,all_declines_transfer,165.13267353248366,255.96191681762795,421.0945903501116,0.39215102097414034,288952.0,57.14882524865156,20165.0,92.74250445195223,post_leap,3,3,0.0,0.8671328671328673,12.554193620982481,52.22958950980394,110.14945260207433,116.59378835567811,42.42902730942685,31.1889080664668,0.0,38.281326395464696,0.0,5.889434830071492,0.0,11.778869660142984,0.0,0.0
2025-09-25,2,all_declines_transfer,128.0962851779703,266.4958484368197,394.59213361479,0.32462959665339114,240758.0,53.20541173210041,48194.0,114.31263580196058,post_leap,3,3,0.0,0.8656716417910447,6.9692196825691655,51.925128618145756,86.59419902226851,125.42545486030521,34.532866473132614,36.14035148772528,0.0,35.33660898042895,0.0,5.889434830071492,0.0,11.778869660142984,0.0,0.0
2025-10-02,2,all_declines_transfer,113.51542463099422,275.1872741537242,388.70269878471845,0.29203662589917934,216580.0,52.41269952488421,24178.0,124.03227618182058,post_leap,3,3,0.0,0.856060606060606,5.128428503071349,50.82120238260783,76.19150958302181,129.9387094694804,32.195486544901065,38.47773141595683,0.0,35.33660898042895,0.0,5.889434830071492,0.0,14.723587075178731,0.0,0.0
2025-10-09,2,all_declines_transfer,107.99327199879936,277.7647093708834,385.75798136968274,0.27995084279359694,198964.0,54.27779497738252,17616.0,130.79853171955435,post_leap,3,3,0.0,0.8549618320610687,6.315800418418184,49.63383046726099,68.2364255567415,132.00435866568924,33.441046023639664,40.17688935225399,0.0,38.281326395464696,0.0,5.889434830071492,0.0,11.778869660142984,0.0,0.0
2025-10-16,2,all_declines_transfer,90.26929962298004,286.65452950159545,376.9238291245755,0.23948950065755997,185308.0,48.713115258369875,13656.0,136.07427960664566,post_leap,3,3,0.0,0.8437500000000001,4.721613790404923,48.28329968023851,53.558605201990176,137.84802677533332,31.989080630584958,41.62885474530869,0.0,38.281326395464696,0.0,5.889434830071492,0.0,14.723587075178731,0.0,0.0
2025-10-23,2,all_declines_transfer,43.209815017264276,277.764383221632,320.9741982388963,0.13462083636113287,169443.0,25.501091822774782,15865.0,141.57657679720475,post_leap,3,3,0.0,0.7706422018348624,0.0,44.17076122553619,20.322529991655866,118.07918851502419,22.88728502560841,41.89649810517801,0.0,47.115478640571936,0.0,8.834152245107237,0.0,17.668304490214474,0.0,0.0
2025-10-30,2,all_declines_transfer,25.575047421199226,274.7861289124469,300.3611763336461,0.08514764702076559,150125.0,17.035835084895403,19318.0,144.80973464787763,post_leap,3,3,0.0,0.7549019607843137,0.0,41.22604381050044,4.25963555527104,116.47377846119454,21.315411865928187,43.468371264858234,0.0,47.115478640571936,0.0,8.834152245107237,0.0,17.668304490214474,0.0,0.0
2025-11-06,2,all_declines_transfer,20.453390228264155,276.96306869034623,297.4164589186104,0.06877020290884889,134699.0,15.184515273509197,15426.0,146.18804431079502,post_leap,3,3,0.0,0.7425742574257423,0.0,41.22604381050044,0.23185154182581058,114.61212764456829,20.221538686438343,44.562244444348075,0.0,50.06019605560768,0.0,8.834152245107237,0.0,17.668304490214474,0.0,0.0
2025-11-13,2,all_declines_transfer,19.78611589301132,280.5750604406348,300.3611763336461,0.06587441204795583,118308.0,16.72424171908182,16391.0,147.44821920802576,post_leap,3,3,0.0,0.7352941176470589,1.0746363150108436,37.20669008045385,0.0,117.78869660142985,18.71147957800048,46.07230355278594,0.0,47.115478640571936,0.0,11.778869660142984,0.0,20.61302190525022,0.0,0.0
2025-12-18,3,all_declines_transfer,14.72358707517988,282.6928718434305,297.4164589186104,0.049504950495053365,,,0.0,0.0,pre_leap,3,3,0.04950495049504959,0.2475247524752476,14.723587075178788,35.33660898042889,0.0,103.0651095262511,1.093457317152298e-12,58.89434830071383,0.0,53.00491347064343,0.0,11.778869660142984,0.0,20.61302190525022,0.0,0.0
2025-12-25,3,all_declines_transfer,29.447174150357867,288.5823066735027,318.0294808238606,0.09259259259259386,289845.0,10.159628128950946,0.0,0.0,pre_leap,3,3,0.09259259259259268,0.28703703703703715,18.38172314844343,34.6231903222,11.065451001914058,103.77852818448004,3.795576778840081e-13,61.83906571575029,0.0,53.00491347064343,0.0,11.778869660142984,0.0,23.557739320285968,0.0,0.0
2026-01-01,3,all_declines_transfer,32.84397491838811,291.0749407355439,323.91891565393206,0.10139566827112345,283614.0,11.580519621171067,0.0,0.0,pre_leap,3,3,0.1000000000000001,0.3000000000000001,18.683703016432155,34.321210454211275,13.708188548961084,104.08050805246876,0.45208335299487673,64.33169977779154,0.0,53.00491347064343,0.0,11.778869660142984,0.0,23.557739320285968,0.0,0.0
2026-01-08,3,all_declines_transfer,32.39189156539328,294.47174150357455,326.86363306896783,0.09909909909909932,257052.0,12.601299178918381,0.0,0.0,pre_leap,3,3,0.09909909909909913,0.29729729729729737,13.170447512150945,33.94503112842099,19.22144405324227,104.45668737825906,6.5598638440014e-14,64.78378313078635,0.0,55.94963088567918,0.0,11.778869660142984,0.0,23.557739320285968,0.0,0.0
2026-01-15,3,all_declines_transfer,36.4126269049749,305.17459323917166,341.58722014414656,0.10659832908739711,234425.0,15.532740494817062,22627.0,2.28103677217109,post_leap,3,3,0.0,0.6982758620689654,10.14898290641515,34.02177831912104,24.524505448454192,102.09834339808289,1.7391385501055585,65.98936199571659,0.0,58.894348300714924,0.0,14.723587075178731,0.0,29.447174150357462,0.0,0.0
2026-01-22,3,all_declines_transfer,35.20210720889174,315.2192651803621,350.4213723892538,0.1004565074580801,217437.0,16.1895662692604,16988.0,4.380593152517854,post_leap,3,3,0.0,0.6806722689075629,9.965455055173287,34.2053061703629,21.58629599379272,102.09183543770861,3.6503561599257295,67.02286180093216,0.0,58.894348300714924,0.0,17.668304490214474,0.0,35.33660898042895,0.0,0.0
2026-01-29,3,all_declines_transfer,29.62931615535655,323.73677364893297,353.3660898042895,0.08384878178822035,193637.0,15.301474488530886,23800.0,7.441183604422444,post_leap,3,3,0.0,0.6666666666666666,6.651436508085398,34.574607302415046,20.169234608374296,103.50889682312703,2.8086450388968567,67.86457292196104,0.0,61.839065715750664,0.0,17.668304490214474,0.0,38.281326395464696,0.0,0.0
2026-02-05,3,all_declines_transfer,28.017094590730856,328.29371262859445,356.3108072193253,0.07863105475070555,179372.0,15.61954741583461,14265.0,9.150181955031476,post_leap,3,3,0.0,0.6611570247933883,3.8111955251917786,34.47013087027292,19.711885634335253,103.96624579716607,4.494013431203821,69.12392194468983,0.0,64.78378313078642,0.0,17.668304490214474,0.0,38.281326395464696,0.0,0.0
2026-02-12,3,all_declines_transfer,26.958150703083767,338.18680876134874,365.14495946443253,0.07382862615062243,168935.0,15.957706042610333,10437.0,10.408600776288846,post_leap,3,3,0.0,0.6451612903225805,4.073346915133031,34.207979480331666,19.091340789521,104.58679064198033,3.7934629984297343,69.82447237746392,0.0,64.78378313078642,0.0,20.61302190525022,0.0,44.17076122553619,0.0,0.0
2026-02-19,3,all_declines_transfer,25.951390955713173,345.08300333879083,371.034394294504,0.06994335661268797,154821.0,16.762190501103323,14114.0,12.15837427709062,post_leap,3,3,0.0,0.6349206349206349,4.202145161260235,34.07918123420446,16.46905278815741,104.26436122830818,5.2801930062955265,71.28245978463386,0.0,67.72850054582216,0.0,20.61302190525022,0.0,47.115478640571936,0.0,0.0
2026-02-26,3,all_declines_transfer,24.18433072179956,349.7947809877402,373.9791117095397,0.06466759764000651,148798.0,16.253128887350343,6023.0,12.90525179281033,post_leap,3,3,0.0,0.6299212598425197,1.7133048697202626,33.62330411070869,17.75142070806563,105.92671072343569,4.719605144013672,71.84304764691572,0.0,67.72850054582216,0.0,23.557739320285968,0.0,47.115478640571936,0.0,0.0
2026-03-05,3,all_declines_transfer,22.64140915978386,351.3377025497559,373.9791117095397,0.06054190849399332,139917.0,16.182028745458993,8881.0,13.995477835034741,post_leap,3,3,0.0,0.6220472440944882,2.021059664264463,33.315549316164486,14.474912358393954,103.3137842430359,6.14543713712544,73.3619330688397,0.0,70.6732179608579,0.0,23.557739320285968,0.0,47.115478640571936,0.0,0.0
2026-03-12,3,all_declines_transfer,27.085181595262902,355.7280823593841,382.81326395464697,0.07075298623527257,132277.0,20.47610816337149,7640.0,14.914546042782026,post_leap,3,3,0.0,0.6230769230769231,2.470052222399787,32.86655675802916,18.5249861341776,105.15314529732373,6.090143238685519,73.41722696727963,0.0,73.61793537589365,0.0,23.557739320285968,0.0,47.115478640571936,0.0,0.0
2026-03-19,3,all_declines_transfer,43.58730980933678,377.50728054077484,421.0945903501116,0.10350954585547367,138000.0,31.58500710821506,0.0,14.839973312568114,post_leap,3,3,0.0,0.6153846153846154,5.682132241340651,32.59919415412404,22.9318234467623,106.63574281481053,14.97335412123383,76.31288574487431,0.0,79.50737020596515,0.0,26.502456735321715,0.0,55.94963088567918,0.0,0.0
2026-03-26,3,all_declines_transfer,47.92217603344011,373.1724143166715,421.0945903501116,0.11380382729114631,154628.0,30.991913517241453,0.0,14.765773446005273,post_leap,3,3,0.0,0.6153846153846154,9.082055847666622,32.14398796283382,23.207826128379704,103.41502271815737,15.632294057393784,75.65394580871435,0.0,79.50737020596515,0.0,26.502456735321715,0.0,55.94963088567918,0.0,0.0
2026-04-02,3,all_declines_transfer,41.42967563621486,382.60963212893256,424.03930776514744,0.09770244144243469,130670.0,31.70557559976648,23958.0,20.63197869114381,post_leap,3,3,0.0,0.611111111111111,5.694916591967121,32.586409803497574,20.07116245222565,106.55168639431143,15.663596592022088,78.56736068912178,0.0,79.50737020596515,0.0,26.502456735321715,0.0,58.894348300714924,0.0,0.0
2026-04-09,3,all_declines_transfer,39.842312020779346,393.03114798947536,432.8734600102547,0.0920414756308587,119643.0,33.300997150505545,11027.0,23.32575785479709,post_leap,3,3,0.0,0.6054421768707482,5.273513217918256,33.00781317754644,16.544396430617887,110.0784524159192,18.024402372243202,79.15127232393641,0.0,82.45208762100089,0.0,26.502456735321715,0.0,61.839065715750664,0.0,0.0
2026-06-18,4,all_declines_transfer,97.1756746961796,512.3808302162198,609.5565049123994,0.15942028985507242,,,0.0,0.0,pre_leap,4,3,0.13526570048309178,0.5024154589371981,35.33661477474583,35.336603186112065,47.11547284625507,126.62285464085394,5.889434830071494,103.0651095262511,8.834152245107218,106.00982694128687,0.0,38.281326395464696,0.0,91.28623986610813,0.0,11.778869660142984
2026-06-25,4,all_declines_transfer,168.04231032063757,512.1874125526197,680.2297228732573,0.24703758843532303,472376.0,35.57384590255169,0.0,0.0,pre_leap,4,3,0.18181818181818193,0.5541125541125542,23.554499434584596,35.339848866130325,100.12363199691679,126.61960896083566,35.53696589657047,102.86475261010958,8.827212992565723,106.01676619382837,0.0,38.281326395464696,0.0,94.23095728114387,0.0,8.834152245107237
2026-07-02,4,all_declines_transfer,205.90898206809078,518.4915020307028,724.4004840987935,0.28424743852049794,450911.0,45.6651051023574,0.0,0.0,pre_leap,4,3,0.18292682926829268,0.573170731707317,17.671500097927854,35.333413372715576,114.8407835786807,126.62604445425048,61.54576052258505,103.35841471941671,11.850937868897162,105.93775873253269,0.0,41.22604381050044,0.0,97.17567469617961,0.0,8.834152245107237
2026-07-09,4,all_declines_transfer,235.3943485317651,518.4533097173859,753.847658249151,0.312257186124953,431527.0,54.54915880854851,0.0,0.0,pre_leap,4,3,0.17968750000000008,0.5898437500000001,11.77412534986335,35.34135329070858,123.68287574178112,126.6181045362573,79.49870316100744,103.07377657120882,20.438644279113216,106.18420456742386,0.0,41.22604381050044,0.0,97.17567469617961,0.0,8.834152245107237
2026-07-16,4,all_declines_transfer,259.23101490155346,524.0638174979549,783.2948323995084,0.33094947672185887,412846.0,62.79121389127022,0.0,0.0,pre_leap,4,3,0.1766917293233083,0.5977443609022557,8.707537754861077,35.46322347067511,129.6941807518192,126.4962343562907,94.15157056647375,103.14449624092124,26.677725828399424,105.83455784820916,0.0,44.17076122553619,0.0,100.12039211121537,0.0,8.834152245107237
2026-07-23,4,all_declines_transfer,276.06122783493197,539.6254961299695,815.6867239649015,0.3384402611005481,399123.0,69.16695550868579,13723.0,6.893470625839211,post_leap,4,3,0.0,0.8014440433212998,5.439420548825331,35.78662326167511,126.44840132302465,129.74201378508525,106.85610586525019,105.16354801732354,37.31730009783176,106.9738532389198,0.0,44.17076122553619,0.0,106.00982694128686,0.0,11.778869660142984
2026-07-30,4,all_declines_transfer,285.63369338836634,556.555487311857,842.1891807002232,0.3391562132760733,380114.0,75.14421815254538,19009.0,17.37736053082688,post_leap,4,3,0.0,0.8006993006993008,2.3550134694146654,35.92631292605003,121.48555822630824,134.70485688180167,119.5329090362058,110.1550493365824,42.26021265643763,107.92037551038541,0.0,47.115478640571936,0.0,108.9545443563226,0.0,11.778869660142984
2026-08-06,4,all_declines_transfer,297.35292905036806,571.3387083851771,868.6916374355452,0.3422997485369841,367949.0,80.81362608686749,12165.0,24.60350903877846,post_leap,4,3,0.0,0.7966101694915253,2.9283931724067844e-12,35.33660898042602,118.55863797021917,137.63177713789074,123.50730452822533,112.07008867463436,55.286986551920656,109.61718869008112,0.0,50.06019605560768,0.0,114.8439791863941,0.0,11.778869660142984
2026-08-13,4,all_declines_transfer,306.44578867619117,588.7483054946756,895.1940941708668,0.3423232913081523,354963.0,86.33175533117287,12986.0,32.87605748049705,post_leap,4,3,0.0,0.7927631578947367,2.8361678302202993e-12,35.336608980426114,111.58994595281509,141.65575174025906,125.03167517900746,116.43515285392371,69.82416754436575,109.80359477281475,0.0,53.00491347064343,0.0,117.78869660142985,0.0,14.723587075178731
2026-08-20,4,all_declines_transfer,325.11715774904343,619.377165023114,944.4943227721574,0.3442235171883317,343054.0,94.77142308471653,11909.0,40.93667618700608,post_leap,4,3,0.0,0.7756060367575094,2.2444986612835127e-11,30.868761867938478,94.9646793168472,144.068145400779,116.35109192647639,119.32878029134315,113.8013865056974,113.17265311617678,0.0,58.38721941389031,0.0,127.04914819766462,0.0,26.502456735321715
2024-12-19,1,all_declines_full_productivity,35.33660898042943,182.57247973221575,217.90908871264517,0.1621621621621644,173213.0,20.400667952422413,0.0,0.0,pre_leap,3,3,0.16216216216216214,0.2027027027027027,30.258468974879605,69.86192313633576,5.078140005549334,97.98696952070178,4.887156867577733e-13,8.834152245106749,0.0,0.0,0.0,0.0,0.0,5.889434830071492,0.0,0.0
2024-12-26,1,all_declines_full_productivity,53.004913470644155,182.57247973221553,235.5773932028597,0.22500000000000306,340543.0,15.564822495439389,0.0,0.0,pre_leap,3,3,0.22499999999999995,0.26249999999999996,43.056731814682784,68.84252995667558,9.948181655960637,99.00636270036196,7.273038435798335e-13,8.83415224510651,0.0,0.0,0.0,0.0,0.0,5.889434830071492,0.0,0.0
2025-01-02,1,all_declines_full_productivity,64.01964688918417,180.39189855878274,244.41154544796692,0.2619338082898109,351168.0,18.23048993336072,0.0,0.0,pre_leap,3,3,0.25301204819277123,0.3012048192771086,43.93506596764803,67.96419580371033,17.903999748102674,99.88469685332717,2.180581173433474,9.59828848670951,0.0,2.944717415035746,0.0,0.0,0.0,0.0,0.0,0.0
2025-01-09,1,all_declines_full_productivity,63.767318930366365,180.64422651760054,244.41154544796692,0.26090141860316446,330152.0,19.31453358767064,0.0,0.0,pre_leap,3,3,0.25301204819277107,0.30120481927710846,41.669013218649695,67.2855311376729,20.17005249710098,100.5633615193646,1.9282532146156974,9.850616445527287,0.0,2.944717415035746,0.0,0.0,0.0,0.0,0.0,0.0
2025-01-16,1,all_declines_full_productivity,76.28767732137716,174.01330295666128,250.30098027803845,0.30478377366575055,307111.0,24.840424902194048,23041.0,4.450261683935191,post_leap,3,3,0.0,0.976470588235294,41.72967949372682,64.28014744756004,33.073260040425225,93.54958880611186,1.4847377872251155,10.294131872917868,0.0,5.889434830071492,0.0,0.0,0.0,0.0,0.0,0.0
2025-01-23,1,all_declines_full_productivity,70.13301881713639,177.22324404586627,247.35626286300266,0.28353039460326623,277133.0,25.306628520290396,29978.0,11.874672952695246,post_leap,3,3,0.0,0.9761904761904764,34.252653238722445,65.86773887249292,34.76281475935894,94.80475150221389,1.1175508190550048,10.66131884108798,0.0,5.889434830071492,0.0,0.0,0.0,0.0,0.0,0.0
2025-01-30,1,all_declines_full_productivity,73.03528799139303,180.2104097016811,253.24569769307413,0.2883969546440608,257133.0,28.403700805183714,20000.0,16.876625291989853,post_leap,3,3,0.0,0.9767441860465116,33.282106003676795,66.83828610753858,36.081148915031356,96.43113476157723,3.6720330726848793,11.051554002493852,0.0,5.889434830071492,0.0,0.0,0.0,0.0,0.0,0.0
2025-02-06,1,all_declines_full_productivity,70.58876402985345,182.65693366322068,253.24569769307413,0.27873628129866523,237813.0,29.682466488313693,19320.0,22.279837161091397,post_leap,3,3,0.0,0.9767441860465116,30.002732231387046,67.17294246479257,37.46496738192304,97.99203370972128,3.1210644165433594,11.602522658635372,0.0,5.889434830071492,0.0,0.0,0.0,0.0,0.0,0.0
2025-02-13,1,all_declines_full_productivity,67.97758061485096,185.26811707822316,253.24569769307413,0.2684254115038814,216696.0,31.370020957863073,21117.0,28.436484423623142,post_leap,3,3,0.0,0.9767441860465116,29.484904880093023,67.69076981608659,38.49267573475696,99.9090427719231,9.855027460648677e-13,11.778869660141998,0.0,5.889434830071492,0.0,0.0,0.0,0.0,0.0,0.0
2025-02-20,1,all_declines_full_productivity,72.57395455968704,189.50589537849436,262.0798499381814,0.2769154308383707,200373.0,36.21942804653673,16323.0,33.41483052245701,post_leap,3,3,0.0,0.9775280898876404,31.737756062931595,68.38263604828377,38.54775290482413,102.79868301689166,2.2884455919313154,12.435141483247415,0.0,5.889434830071492,0.0,0.0,0.0,0.0,0.0,0.0
2025-02-27,1,all_declines_full_productivity,69.35326676081644,183.8924309322577,253.24569769307413,0.27385763072220254,222293.0,31.199033150309024,0.0,33.24775636984473,post_leap,3,3,0.0,0.9767441860465116,31.317987445548432,65.85768725063119,35.86834671442628,99.58865437721803,2.1669326008417267,12.556654474337005,0.0,5.889434830071492,0.0,0.0,0.0,0.0,0.0,0.0
2025-03-06,1,all_declines_full_productivity,60.06309475427879,187.29316810872388,247.35626286300266,0.2428201900331285,202226.0,29.700975519606175,20067.0,39.342227570268015,post_leap,3,3,0.0,0.9761904761904762,24.75211812662304,66.5341217394851,33.553794098571665,101.90320699307264,1.7571825290840861,12.966404546094644,0.0,5.889434830071492,0.0,0.0,0.0,0.0,0.0,0.0
2025-03-13,1,all_declines_full_productivity,56.50444418228942,190.85181868071322,247.35626286300266,0.22843344869575505,179680.0,31.447264126385473,22546.0,45.84189837306709,post_leap,3,3,0.0,0.9761904761904762,21.23698435081436,67.10453810025803,33.948978150495655,104.45274035618439,1.3184816809793993,13.405105394199332,0.0,5.889434830071492,0.0,0.0,0.0,0.0,0.0,0.0
2025-03-20,1,all_declines_full_productivity,55.17515717391065,195.1258231041278,250.30098027803845,0.2204352420538712,163262.0,33.79546812724985,16418.0,50.77570070547171,post_leap,3,3,0.0,0.976470588235294,20.21158442507105,68.12993802600133,34.10050516012501,107.24593076159078,0.8630675887145859,13.860519486464145,0.0,5.889434830071492,0.0,0.0,0.0,0.0,0.0,0.0
2025-03-27,1,all_declines_full_productivity,49.29190208115416,201.00907819688427,250.30098027803845,0.19693051951454568,140011.0,35.20573532162056,23251.0,58.379606496211224,post_leap,3,3,0.0,0.976470588235294,16.407915530256453,68.98888950578018,32.520089919795495,111.77106341695607,0.36389663110221515,14.359690444076517,0.0,5.889434830071492,0.0,0.0,0.0,0.0,0.0,0.0
2025-04-03,1,all_declines_full_productivity,43.579955917879914,203.77630694512274,247.35626286300266,0.17618294929535103,126230.0,34.52424615216661,13781.0,62.93941084840269,post_leap,3,3,0.0,0.9761904761904762,13.377495053966681,69.0745925670342,30.1291385646794,114.16201477207215,0.07332229923383266,14.650264775944898,0.0,5.889434830071492,0.0,0.0,0.0,0.0,0.0,0.0
2025-04-10,1,all_declines_full_productivity,34.99452730509594,212.3617355579067,247.35626286300266,0.14147419151653956,110998.0,31.527169232865404,15232.0,67.88344696805869,post_leap,3,3,0.0,0.9761904761904762,9.162636647548725,70.34473355841642,23.16305678170621,121.12809655504535,2.6688338758410075,14.999470614373466,0.0,5.889434830071492,0.0,0.0,0.0,0.0,0.0,0.0
2025-04-17,1,all_declines_full_productivity,12.510490424011545,205.39859828863362,217.90908871264517,0.05741151274561577,100353.0,12.466483736421976,10645.0,70.90009689805692,post_leap,3,3,0.0,0.9324324324324325,4.2469091936233434e-13,61.83906571575024,6.8762326538712575,113.85718136259433,5.634257770139863,14.978764135110358,0.0,14.723587075178731,0.0,0.0,0.0,0.0,0.0,0.0
2025-04-24,1,all_declines_full_productivity,6.941470151040333,187.4098792413189,194.35134939235923,0.03571608930291909,75810.0,9.156404367550895,24543.0,73.60524551699667,post_leap,3,3,0.0,0.9242424242424243,1.269501039692679e-12,55.949630885677905,1.458573173242118e-12,100.1203921112139,6.9414701510376045,16.616269169248362,0.0,14.723587075178731,0.0,0.0,0.0,0.0,0.0,0.0
2025-05-01,1,all_declines_full_productivity,5.901259635987017,191.394807171408,197.296066807395,0.029910680590241892,65100.0,9.064914955433206,10710.0,74.21787019717641,post_leap,3,3,0.0,0.9253731343283582,9.823772263442908e-13,55.9496308856782,1.620948529220235e-12,103.06510952624949,5.901259635984413,17.656479684301555,0.0,14.723587075178731,0.0,0.0,0.0,0.0,0.0,0.0
2025-05-08,1,all_declines_full_productivity,5.1676258278912925,186.23900614943219,191.40663197732349,0.026998154528436177,55532.0,9.30567209517268,9568.0,74.71411190912636,post_leap,3,3,0.0,0.9230769230769231,0.1671672864010307,52.8377461842424,6.00764590111196e-13,100.12039211121477,5.00045854148966,18.557280778796308,0.0,14.723587075178731,0.0,0.0,0.0,0.0,0.0,0.0
2025-05-15,1,all_declines_full_productivity,13.617014174158864,177.78961780316462,191.40663197732349,0.07114180963056763,45589.0,29.86907844909707,9943.0,75.26580432600376,post_leap,3,3,0.0,0.9230769230769231,5.365918660928478,44.694277394679204,2.7406718343102323,97.37972027690513,5.510423678920154,20.99203305640156,0.0,14.723587075178731,0.0,0.0,0.0,0.0,0.0,0.0
2025-06-19,2,all_declines_full_productivity,57.00975218068639,216.848967417638,273.8587195983244,0.2081721270891212,,,0.0,0.0,pre_leap,3,3,0.20430107526881724,0.30107526881720437,51.37098645575352,60.52827531560484,4.578644429925679,113.21005217150417,1.0601212950071857,25.44233544031453,0.0,17.668304490214474,0.0,0.0,0.0,0.0,0.0,0.0
2025-06-26,2,all_declines_full_productivity,105.16950441244934,221.6941286565185,326.86363306896783,0.3217534585447709,650456.0,16.168580874409543,0.0,0.0,pre_leap,3,3,0.31531531531531526,0.39639639639639634,64.46084021050085,59.21729122100048,38.60426931575026,114.52103626610852,2.1043948861982504,24.398061849123465,0.0,20.61302190525022,0.0,0.0,0.0,2.944717415035746,0.0,0.0
2025-07-03,2,all_declines_full_productivity,126.86932278003485,214.7178973641117,341.58722014414656,0.3714112100754156,619598.0,20.4760704166306,0.0,0.0,pre_leap,3,3,0.3534482758620689,0.4396551724137931,59.91325362723939,57.875442974190456,60.82016038922619,115.86288451291857,6.135908763569256,23.311265386788207,0.0,17.668304490214474,0.0,0.0,0.0,0.0,0.0,0.0
2025-07-10,2,all_declines_full_productivity,142.67024560458344,219.52999644481332,362.20024204939676,0.39389881353289136,563148.0,25.334413973694915,0.0,0.0,pre_leap,3,3,0.37398373983739835,0.45528455284552843,55.64355743235154,56.25570433900681,79.81344365929279,117.4826231481022,7.213244512939139,22.233929637418324,0.0,20.61302190525022,0.0,0.0,0.0,2.944717415035746,0.0,0.0
2025-07-17,2,all_declines_full_productivity,182.31789190275123,203.4400894669315,385.75798136968274,0.47262247499172505,531711.0,34.2889073016641,31437.0,7.964379720910472,post_leap,3,3,0.0,0.9312977099236641,50.94507804372661,55.06474889756025,120.61043245680376,100.24337367087718,10.762381402220857,21.629510163172352,0.0,20.61302190525022,0.0,0.0,0.0,5.889434830071492,0.0,0.0
2025-07-24,2,all_declines_full_productivity,186.68582442958933,204.9615917701649,391.6474161997542,0.47666808641569813,503401.0,37.084913305613085,28310.0,17.63174747940703,post_leap,3,3,0.0,0.9323308270676691,41.46213768216901,55.713537014010605,128.11117190353386,101.57678646925433,17.112514843886483,21.168811551578212,0.0,17.668304490214474,0.0,2.944717415035746,0.0,5.889434830071492,0.0,0.0
2025-07-31,2,all_declines_full_productivity,184.38246124931732,213.15438978050838,397.5368510298257,0.46381224978683494,471778.0,39.08246277895903,31623.0,29.27095087664402,post_leap,3,3,0.0,0.925925925925926,34.995372457744686,56.29086740836345,132.1812893986134,106.34082121928205,17.205799392959225,21.07552700250547,0.0,20.61302190525022,0.0,0.0,0.0,8.834152245107237,0.0,0.0
2025-08-07,2,all_declines_full_productivity,182.67204994642108,217.80951849844038,400.48156844486147,0.4561309791503463,439788.0,41.536387974756266,31990.0,41.62707596524978,post_leap,3,3,0.0,0.9264705882352942,28.827993113118346,56.56881192291829,130.93107340177752,110.53575463115365,22.912983431525213,21.257777794010977,0.0,17.668304490214474,0.0,2.944717415035746,0.0,8.834152245107237,0.0,0.0
2025-08-14,2,all_declines_full_productivity,178.7152959660458,227.6557073088872,406.371003274933,0.4397835832915834,410441.0,43.54226209517221,29347.0,53.60862436437526,post_leap,3,3,0.0,0.9130434782608694,25.98101648738009,56.471071133620796,130.10558404950615,114.30596139846077,22.628695429159585,21.542065796376605,0.0,23.557739320285968,0.0,0.0,0.0,11.778869660142984,0.0,0.0
2025-08-21,2,all_declines_full_productivity,181.4394862006587,238.66067707922562,420.1001632798843,0.4318957764360064,388357.0,46.71976717315736,22084.0,62.95645440365122,post_leap,3,3,0.0,0.9035090708062442,21.30886027832663,55.86304439157567,123.560580764951,120.35046486527978,36.570045157381074,21.911312713045604,0.0,27.54539315799444,0.0,5.441492955628173,0.0,7.548968995701999,0.0,0.0
2025-08-28,2,all_declines_full_productivity,173.5017341140462,250.53757365110124,424.03930776514744,0.4091642707098736,356370.0,48.685841713400734,31987.0,77.58592405731079,post_leap,3,3,0.0,0.8888888888888888,18.18362283409506,55.43431254179859,117.07002333513566,124.39680469779552,38.248087944815495,23.59097777093517,0.0,32.39189156539321,0.0,0.0,0.0,14.723587075178731,0.0,0.0
2025-09-04,2,all_declines_full_productivity,166.01658672888954,255.07800362122208,421.0945903501116,0.39425010563744833,332895.0,49.87055579954326,23475.0,88.62699577924508,post_leap,3,3,0.0,0.8881118881118882,16.034545424748906,54.63867253610899,107.44122654537829,128.1361666574814,42.54081475876234,25.18768578705982,0.0,32.39189156539321,0.0,2.944717415035746,0.0,11.778869660142984,0.0,0.0
2025-09-11,2,all_declines_full_productivity,152.8997335248272,265.2501394102487,418.14987293507596,0.36565773044864036,309117.0,49.46338555460464,23778.0,100.04208155836425,post_leap,3,3,0.0,0.880281690140845,13.988448612168689,53.74005193365347,98.16377598823941,134.4688997995845,40.74750892441912,26.980991621403035,0.0,32.39189156539321,0.0,5.889434830071492,0.0,11.778869660142984,0.0,0.0
2025-09-18,2,all_declines_full_productivity,130.84397972251597,290.2506106275956,421.0945903501116,0.3107234875986606,288952.0,45.28225439606439,20165.0,109.51616284765844,post_leap,3,3,0.0,0.8671328671328673,11.986595991069022,52.797187139717394,73.9230343550149,152.82020660273753,44.934349376432046,28.683585999461606,0.0,38.281326395464696,0.0,5.889434830071492,0.0,11.778869660142984,0.0,0.0
2025-09-25,2,all_declines_full_productivity,101.64523482575277,292.9468987890372,394.59213361479,0.2575956948117501,240758.0,42.21884000770598,48194.0,130.7919117170594,post_leap,3,3,0.0,0.8656716417910447,6.362333104634288,52.532015196080636,59.486139349543386,152.53351453303034,35.79676237157508,34.87645558928282,0.0,35.33660898042895,0.0,5.889434830071492,0.0,11.778869660142984,0.0,0.0
2025-10-02,2,all_declines_full_productivity,91.60151666948528,297.1011821152332,388.70269878471845,0.23565958496269263,216580.0,42.29454089458181,24178.0,140.34562329553728,post_leap,3,3,0.0,0.856060606060606,4.687475402810303,51.26215548286888,53.72594060527922,152.404278447223,33.18810066139575,37.485117299462146,0.0,35.33660898042895,0.0,5.889434830071492,0.0,14.723587075178731,0.0,0.0
2025-10-09,2,all_declines_full_productivity,87.37121115435873,298.386770215324,385.75798136968274,0.22649229665744347,198964.0,43.91307530727103,17616.0,147.09450150304912,post_leap,3,3,0.0,0.8549618320610687,6.086800018340873,49.8628308673383,46.87939492290112,153.3613892995296,34.40501621311673,39.21291916277692,0.0,38.281326395464696,0.0,5.889434830071492,0.0,11.778869660142984,0.0,0.0
2025-10-16,2,all_declines_full_productivity,67.06522905268073,309.8586000718948,376.9238291245755,0.17792780363195157,185308.0,36.1912216702359,13656.0,152.35579855949481,post_leap,3,3,0.0,0.8437500000000001,4.776229876921708,48.22868359372172,29.186943968624064,162.21968800869942,33.102055207134974,40.51588016875868,0.0,38.281326395464696,0.0,5.889434830071492,0.0,14.723587075178731,0.0,0.0
2025-10-23,2,all_declines_full_productivity,23.951299451802576,297.0228987870937,320.9741982388963,0.07462063799276471,169443.0,14.135313616852024,15865.0,157.33575688468025,post_leap,3,3,0.0,0.7706422018348624,0.0,44.17076122553619,0.0,138.40171850668006,23.951299451802576,40.83248367898384,0.0,47.115478640571936,0.0,8.834152245107237,0.0,17.668304490214474,0.0,0.0
2025-10-30,2,all_declines_full_productivity,21.96970012270165,278.39147621094446,300.3611763336461,0.0731442738068696,150125.0,14.634271522199267,19318.0,159.27973798476032,post_leap,3,3,0.0,0.7549019607843137,0.0,41.22604381050044,0.0,120.73341401646559,21.96970012270165,42.814083008084765,0.0,47.115478640571936,0.0,8.834152245107237,0.0,17.668304490214474,0.0,0.0
2025-11-06,2,all_declines_full_productivity,20.68520722880364,276.73125168980675,297.4164589186104,0.06954963859099761,134699.0,15.356615289500025,15426.0,160.74082201985095,post_leap,3,3,0.0,0.7425742574257423,3.388305182802113e-13,41.2260438105001,0.0,114.8439791863941,20.685207228803304,44.09857590198311,0.0,50.06019605560768,0.0,8.834152245107237,0.0,17.668304490214474,0.0,0.0
2025-11-13,2,all_declines_full_productivity,19.73155777210132,280.62961856154476,300.3611763336461,0.06569277032722493,118308.0,16.678126392214658,16391.0,162.45422072185366,post_leap,3,3,0.0,0.7352941176470589,2.2303287285882103,36.05099766687648,0.0,117.78869660142985,17.50122904351311,47.28255408727331,0.0,47.115478640571936,0.0,11.778869660142984,0.0,20.61302190525022,0.0,0.0
2025-12-18,3,all_declines_full_productivity,14.723587075178923,282.6928718434315,297.4164589186104,0.049504950495050146,,,0.0,0.0,pre_leap,3,3,0.04950495049504959,0.2475247524752476,14.72358707517875,35.336608980428935,2.9366139502295955e-15,103.0651095262511,1.7014640558791236e-13,58.89434830071475,0.0,53.00491347064343,0.0,11.778869660142984,0.0,20.61302190525022,0.0,0.0
2025-12-25,3,all_declines_full_productivity,29.890347925143562,288.13913289871704,318.0294808238606,0.09398609162808469,289845.0,10.312528394536239,0.0,0.0,pre_leap,3,3,0.09259259259259268,0.28703703703703715,18.70206997632195,34.30284349432148,10.745104174035541,104.09887501235855,0.4431737747860728,61.39589194096459,0.0,53.00491347064343,0.0,11.778869660142984,0.0,23.557739320285968,0.0,0.0
2026-01-01,3,all_declines_full_productivity,35.93404638282176,287.9848692711103,323.91891565393206,0.11093531327208109,283614.0,12.670053799467503,0.0,0.0,pre_leap,3,3,0.1000000000000001,0.3000000000000001,19.1646145187637,33.84029895187973,13.22727704662954,104.56141955480031,3.5421548174285222,61.24162831335789,0.0,53.00491347064343,0.0,11.778869660142984,0.0,23.557739320285968,0.0,0.0
2026-01-08,3,all_declines_full_productivity,36.26915382199994,290.59447924696786,326.86363306896783,0.11096111696937296,257052.0,14.109656342685504,0.0,0.0,pre_leap,3,3,0.09909909909909913,0.29729729729729737,13.811720286864784,33.30375835370715,18.580171278528432,105.09796015297289,3.8772622566067256,60.90652087417969,0.0,55.94963088567918,0.0,11.778869660142984,0.0,23.557739320285968,0.0,0.0
2026-01-15,3,all_declines_full_productivity,40.57208214650329,301.01513799764325,341.58722014414656,0.11877517586689063,234425.0,17.307062875761243,22627.0,3.192591940659449,post_leap,3,3,0.0,0.6982758620689654,10.652824007420083,33.5179372181161,23.345645839969066,103.27720300656802,6.573612299114147,61.15488824670801,0.0,58.894348300714924,0.0,14.723587075178731,0.0,29.447174150357462,0.0,0.0
2026-01-22,3,all_declines_full_productivity,39.576338640558376,310.8450337486954,350.4213723892538,0.1129392832712165,217437.0,18.20128986352754,16988.0,6.116752822290473,post_leap,3,3,0.0,0.6806722689075629,10.446232740653334,33.72452848488285,19.97084875913733,103.707282672364,9.159257140767703,61.51396082009019,0.0,58.894348300714924,0.0,17.668304490214474,0.0,35.33660898042895,0.0,0.0
2026-01-29,3,all_declines_full_productivity,33.86271134697657,319.5033784573129,353.3660898042895,0.0958289782863186,193637.0,17.487727731258268,23800.0,10.418076045698573,post_leap,3,3,0.0,0.6666666666666666,7.027138962922318,34.19890484757813,18.134836259661377,105.54329517183996,8.700736124392872,61.97248183646502,0.0,61.839065715750664,0.0,17.668304490214474,0.0,38.281326395464696,0.0,0.0
2026-02-05,3,all_declines_full_productivity,32.560073142509424,323.7507340768159,356.3108072193253,0.0913810989810007,179372.0,18.15226074443582,14265.0,12.860610026334074,post_leap,3,3,0.0,0.6611570247933883,4.2248978167013025,34.056428578763395,17.36932830657356,106.30880312492776,10.965847019234557,62.65208835665909,0.0,64.78378313078642,0.0,17.668304490214474,0.0,38.281326395464696,0.0,0.0
2026-02-12,3,all_declines_full_productivity,31.966377708677996,333.1785817557545,365.14495946443253,0.08754434884042737,168935.0,18.922294201129425,10437.0,14.690858430099166,post_leap,3,3,0.0,0.6451612903225805,4.5842177138957245,33.69710868156897,16.488869367728388,107.18926206377294,10.893290627053881,62.72464474883977,0.0,64.78378313078642,0.0,20.61302190525022,0.0,44.17076122553619,0.0,0.0
2026-02-19,3,all_declines_full_productivity,31.18311954867934,339.8512747458247,371.034394294504,0.08404374372885798,154821.0,20.141401714676523,14114.0,17.28809674149608,post_leap,3,3,0.0,0.6349206349206349,4.764814906714934,33.516511488749764,13.632532216797074,107.10088179966851,12.785772425167332,63.77688036576206,0.0,67.72850054582216,0.0,20.61302190525022,0.0,47.115478640571936,0.0,0.0
2026-02-26,3,all_declines_full_productivity,30.029060994140465,343.95005071539924,373.9791117095397,0.08029609155674794,148798.0,20.1810918118123,6023.0,18.41477288306357,post_leap,3,3,0.0,0.6299212598425197,2.386899747325724,32.94970923310323,14.693238992725085,108.98489243877624,12.948922254089656,63.61373053683974,0.0,67.72850054582216,0.0,23.557739320285968,0.0,47.115478640571936,0.0,0.0
2026-03-05,3,all_declines_full_productivity,28.886349018424827,345.0927626911149,373.9791117095397,0.07724054128686239,139917.0,20.64534618268318,8881.0,20.1149817824553,post_leap,3,3,0.0,0.6220472440944882,2.7965852016924075,32.54002377873654,11.20202101920813,106.58667558222172,14.887742797524291,64.61962740844085,0.0,70.6732179608579,0.0,23.557739320285968,0.0,47.115478640571936,0.0,0.0
2026-03-12,3,all_declines_full_productivity,33.58243682522063,349.23082712942636,382.81326395464697,0.0877253741897492,132277.0,25.38796376181848,7640.0,21.591711321900014,post_leap,3,3,0.0,0.6230769230769231,3.3238908568477727,32.01271812358117,14.969045283822787,108.70908614767853,15.289500684550072,64.21786952141507,0.0,73.61793537589365,0.0,23.557739320285968,0.0,47.115478640571936,0.0,0.0
2026-03-19,3,all_declines_full_productivity,50.97399614005571,370.1205942100559,421.0945903501116,0.12105117783079163,138000.0,36.93767836235921,0.0,21.483752765290514,post_leap,3,3,0.0,0.6153846153846154,6.685966268119335,31.59536012734536,19.141704159368867,110.42586210220396,25.146325712567506,66.13991415354063,0.0,79.50737020596515,0.0,26.502456735321715,0.0,55.94963088567918,0.0,0.0
2026-03-26,3,all_declines_full_productivity,56.31750328946892,364.7770870606427,421.0945903501116,0.13374074276908837,154628.0,36.42128417199273,0.0,21.376334001464066,post_leap,3,3,0.0,0.6153846153846154,10.253647173911792,30.97239663658865,19.170527110207512,107.45232173632957,26.89332900534961,64.39291086075852,0.0,79.50737020596515,0.0,26.502456735321715,0.0,55.94963088567918,0.0,0.0
2026-04-02,3,all_declines_full_productivity,47.677312048241205,376.3619957169062,424.03930776514744,0.11243606707010073,130670.0,36.486808026510445,23958.0,29.995263593382766,post_leap,3,3,0.0,0.611111111111111,6.563563759156632,31.717762636308063,15.376784568225649,111.24606427831144,25.736963720858924,68.49399356028495,0.0,79.50737020596515,0.0,26.502456735321715,0.0,58.894348300714924,0.0,0.0
2026-04-09,3,all_declines_full_productivity,41.94409823749433,390.92936177276033,432.8734600102547,0.09689690432049283,119643.0,35.05771189078703,11027.0,33.86868759649916,post_leap,3,3,0.0,0.6054421768707482,5.6206570362285975,32.660669359236095,8.392137515568725,118.23071133096836,27.931303685697014,69.2443710104826,0.0,82.45208762100089,0.0,26.502456735321715,0.0,61.839065715750664,0.0,0.0
2026-06-18,4,all_declines_full_productivity,97.17567469617956,512.3808302162199,609.5565049123994,0.15942028985507237,,,0.0,0.0,pre_leap,4,3,0.13526570048309178,0.5024154589371981,35.336609742779146,35.33660821807875,47.115477878221704,126.62284960888732,5.889434830071494,103.0651095262511,8.83415224510722,106.00982694128687,0.0,38.281326395464696,0.0,91.28623986610813,0.0,11.778869660142984
2026-06-25,4,all_declines_full_productivity,168.0406435671382,512.1890793061191,680.2297228732573,0.2470351381550084,472376.0,35.57349305788994,0.0,0.0,pre_leap,4,3,0.18181818181818193,0.5541125541125542,23.554511368328868,35.339836932386056,100.12362006317252,126.61962089457992,35.53578730668909,102.86593119999097,8.826724828947698,106.01725435744639,0.0,38.281326395464696,0.0,94.23095728114387,0.0,8.834152245107237
2026-07-02,4,all_declines_full_productivity,205.91098666092918,518.4894974378643,724.4004840987935,0.2842502057644223,450911.0,45.6655496674353,0.0,0.0,pre_leap,4,3,0.18292682926829268,0.573170731707317,17.671557160456437,35.33335631018699,114.84072651615213,126.62610151677904,61.547416293314186,103.35675894868758,11.851286691006422,105.93740991042343,0.0,41.22604381050044,0.0,97.17567469617961,0.0,8.834152245107237
2026-07-09,4,all_declines_full_productivity,235.41081382928763,518.4368444198633,753.847658249151,0.31227902780256833,431527.0,54.5529743977289,0.0,0.0,pre_leap,4,3,0.17968750000000008,0.5898437500000001,11.773111466652773,35.342367173919165,123.68388962499166,126.61709065304676,79.51231543126933,103.06016430094694,20.441497306373872,106.1813515401632,0.0,41.22604381050044,0.0,97.17567469617961,0.0,8.834152245107237
2026-07-16,4,all_declines_full_productivity,259.21890570815617,524.0759266913523,783.2948323995084,0.3309340174172696,412846.0,62.788280789484745,0.0,0.0,pre_leap,4,3,0.1766917293233083,0.5977443609022557,8.666933736626405,35.503827488909785,129.73478477005384,126.45563033805607,94.1383055171475,103.15776129024749,26.67888168432845,105.83340199228013,0.0,44.17076122553619,0.0,100.12039211121537,0.0,8.834152245107237
2026-07-23,4,all_declines_full_productivity,274.22492304555846,541.461800919343,815.6867239649015,0.3361890232963485,399123.0,68.70687057512558,13723.0,8.616435772740992,post_leap,4,3,0.0,0.8014440433212998,5.314435457782323,35.91160835271812,125.56798452961209,130.6224305784978,106.21225572301678,105.80739815955694,37.13024733514727,107.1609060016043,0.0,44.17076122553619,0.0,106.00982694128686,0.0,11.778869660142984
2026-07-30,4,all_declines_full_productivity,281.4087905778199,560.7803901224033,842.1891807002232,0.3341396411004088,380114.0,74.03273506837945,19009.0,21.633842621502907,post_leap,4,3,0.0,0.8006993006993008,2.2053739515859947,36.0759524438787,119.50874674462753,136.68166836348237,117.9493088841829,111.73864948860529,41.74536099742349,108.43522716939955,0.0,47.115478640571936,0.0,108.9545443563226,0.0,11.778869660142984
2026-08-06,4,all_declines_full_productivity,291.49487171948635,577.1967657160588,868.6916374355452,0.3355562079312805,367949.0,79.22154203965395,12165.0,30.531755629463753,post_leap,4,3,0.0,0.7966101694915253,2.4680117986696657e-12,35.33660898042648,115.81183505871965,140.37858004939025,121.17832043479306,114.39907276806663,54.50471622597121,110.39945901603056,0.0,50.06019605560768,0.0,114.8439791863941,0.0,11.778869660142984
2026-08-13,4,all_declines_full_productivity,298.76784499799555,596.4262491728713,895.1940941708668,0.3337464433059244,354963.0,84.1687288528651,12986.0,40.666806300585904,post_leap,4,3,0.0,0.7927631578947367,2.3626502007170807e-12,35.33660898042658,108.13800675103869,145.10769094203548,121.93755501637116,119.52927301656001,68.69228323058336,110.93547908659714,0.0,53.00491347064343,0.0,117.78869660142985,0.0,14.723587075178731
2026-08-20,4,all_declines_full_productivity,315.69225961539144,628.8020631567659,944.4943227721574,0.3342447402847403,343054.0,92.02407189987333,11909.0,50.48712618817067,post_leap,4,3,0.0,0.7756060367575094,1.5686224770694517e-11,30.86876186794524,90.90234166925792,148.13048304836826,112.54274205770697,123.13713016011256,112.24717588841087,114.7268637334633,0.0,58.38721941389031,0.0,127.04914819766462,0.0,26.502456735321715
2024-12-19,1,full_productivity_retained,35.33660898042894,182.57247973221624,217.90908871264517,0.16216216216216214,173213.0,20.40066795242213,0.0,0.0,pre_leap,3,3,0.16216216216216214,0.2027027027027027,30.035932448118274,70.08445966309709,5.3006765323106695,97.76443299394043,0.0,8.834152245107237,0.0,0.0,0.0,0.0,0.0,5.889434830071492,0.0,0.0
2024-12-26,1,full_productivity_retained,53.00491347064342,182.57247973221627,235.5773932028597,0.22499999999999995,340543.0,15.564822495439174,0.0,0.0,pre_leap,3,3,0.22499999999999995,0.26249999999999996,42.60115925317437,69.29810251818398,10.403754217469045,98.55079013885356,0.0,8.834152245107237,0.0,0.0,0.0,0.0,0.0,5.889434830071492,0.0,0.0
2025-01-02,1,full_productivity_retained,63.38099605777068,181.03054939019623,244.41154544796692,0.2593207941204395,351168.0,18.04862517591884,0.0,0.0,pre_leap,3,3,0.25301204819277123,0.3012048192771086,43.244476400424006,68.65478537093435,18.594589315326697,99.19410728610315,1.5419303420199748,10.23693931812301,0.0,2.944717415035746,0.0,0.0,0.0,0.0,0.0,0.0
2025-01-09,1,full_productivity_retained,62.819718008142836,181.59182743982407,244.41154544796692,0.25702434757328846,330152.0,19.027513996020872,0.0,0.0,pre_leap,3,3,0.25301204819277107,0.30120481927710846,40.80340405073264,68.15114030558996,21.03566166501803,99.69775235144756,0.9806522923921701,10.798217367750814,0.0,2.944717415035746,0.0,0.0,0.0,0.0,0.0,0.0
2025-01-16,1,full_productivity_retained,69.91205971313931,180.38892056489914,250.30098027803845,0.27931196927586877,307111.0,22.76442710067022,11520.5,2.1920647499115846,post_leap,3,3,0.0,0.976470588235294,39.513281098387466,66.4965458428994,29.997442332274975,96.62540651426211,0.4013362824768613,11.377533377666122,0.0,5.889434830071492,0.0,0.0,0.0,0.0,0.0,0.0
2025-01-23,1,full_productivity_retained,65.57397694233649,181.78228592066617,247.35626286300266,0.26509931943245113,277133.0,23.66155490047612,14989.0,5.593264404281484,post_leap,3,3,0.0,0.9761904761904764,33.280490157856626,66.83990195335875,32.29348678447985,97.27407947709298,0.0,11.778869660142984,0.0,5.889434830071492,0.0,0.0,0.0,0.0,0.0,0.0
2025-01-30,1,full_productivity_retained,69.47752422737811,183.768173465696,253.24569769307413,0.27434829045578774,257133.0,27.020072968999745,10000.0,7.931453572307691,post_leap,3,3,0.0,0.9767441860465116,32.85956353275193,67.26082857846345,34.21971344949461,98.29257022711397,2.3982472451315724,12.32533983004716,0.0,5.889434830071492,0.0,0.0,0.0,0.0,0.0,0.0
2025-02-06,1,full_productivity_retained,68.16350521614872,185.0821924769254,253.24569769307413,0.26915957837420307,237813.0,28.662648894782336,9660.0,10.501935353251527,post_leap,3,3,0.0,0.9767441860465116,30.08724891685375,67.08842577932586,36.26140847915181,99.1955926124925,1.81484782014316,12.90873925503557,0.0,5.889434830071492,0.0,0.0,0.0,0.0,0.0,0.0
2025-02-13,1,full_productivity_retained,68.04202521287183,185.2036724802023,253.24569769307413,0.26867988610545573,216696.0,31.399760592199133,10558.5,13.47577146004086,post_leap,3,3,0.0,0.9767441860465116,30.029000385442355,67.14667431073725,38.01302482742948,100.38869367925057,0.0,11.778869660142984,0.0,5.889434830071492,0.0,0.0,0.0,0.0,0.0,0.0
2025-02-20,1,full_productivity_retained,71.76587156678619,190.3139783713952,262.0798499381814,0.27383208431977546,200373.0,35.81613868474604,8161.5,15.97108406347299,post_leap,3,3,0.0,0.9775280898876404,32.42357387199314,67.69681823922222,38.44143250322622,102.90500341848957,0.9008651915668348,13.822721883611896,0.0,5.889434830071492,0.0,0.0,0.0,0.0,0.0,0.0
2025-02-27,1,full_productivity_retained,67.53627640969864,185.7094212833755,253.24569769307413,0.2666828184048777,222293.0,30.381647829530685,0.0,15.891228643155625,post_leap,3,3,0.0,0.9767441860465116,31.562257488773724,65.61341720740589,35.52684693158139,99.93015416006293,0.44717198934353647,14.276415085835195,0.0,5.889434830071492,0.0,0.0,0.0,0.0,0.0,0.0
2025-03-06,1,full_productivity_retained,59.59570298744347,187.76055987555918,247.35626286300266,0.2409306410828592,202226.0,29.469852040510848,10033.5,18.860115134915805,post_leap,3,3,0.0,0.9761904761904762,25.59465489516138,65.69158497094675,34.00104809228209,101.45595299936222,0.0,14.723587075178731,0.0,5.889434830071492,0.0,0.0,0.0,0.0,0.0,0.0
2025-03-13,1,full_productivity_retained,57.73901163733511,189.61725122566753,247.35626286300266,0.2334244986120026,179680.0,32.13435643217671,11273.0,22.087950979768017,post_leap,3,3,0.0,0.9761904761904762,22.516447109178404,65.82507534189398,35.22256452815672,103.17915397852335,0.0,14.723587075178731,0.0,5.889434830071492,0.0,0.0,0.0,0.0,0.0,0.0
2025-03-20,1,full_productivity_retained,57.90380491123083,192.39717536680763,250.30098027803845,0.23133670849754695,163262.0,35.46679871080278,8209.0,24.615420544386563,post_leap,3,3,0.0,0.976470588235294,21.743416892737358,66.59810555833502,36.160388018493464,105.18604790322233,0.0,14.723587075178731,0.0,5.889434830071492,0.0,0.0,0.0,0.0,0.0,0.0
2025-03-27,1,full_productivity_retained,53.33665607367346,196.964324204365,250.30098027803845,0.21309008064781138,140011.0,38.09461833261205,11625.5,28.61553612578901,post_leap,3,3,0.0,0.976470588235294,18.068384067382073,67.32842096865457,35.26827200629138,109.02288133046018,0.0,14.723587075178731,0.0,5.889434830071492,0.0,0.0,0.0,0.0,0.0,0.0
2025-04-03,1,full_productivity_retained,48.54113671478642,198.81512614821622,247.35626286300266,0.19623977235486756,126230.0,38.45451692528434,6890.5,31.097368121368696,post_leap,3,3,0.0,0.9761904761904762,14.96551812044721,67.48656950055367,33.575618594339204,110.71553474241236,0.0,14.723587075178731,0.0,5.889434830071492,0.0,0.0,0.0,0.0,0.0,0.0
2025-04-10,1,full_productivity_retained,38.37167835675083,208.98458450625182,247.35626286300266,0.15512717532445433,110998.0,34.56970247819855,7616.0,33.870577289791505,post_leap,3,3,0.0,0.9761904761904762,10.369563981886056,69.13780622407909,27.49062393715796,116.8005293995936,0.5114904377068142,17.15681405250766,0.0,5.889434830071492,0.0,0.0,0.0,0.0,0.0,0.0
2025-04-17,1,full_productivity_retained,14.696787262129806,203.21230145051535,217.90908871264517,0.06744458135709214,100353.0,14.645090094097643,5322.5,35.54119681774466,post_leap,3,3,0.0,0.9324324324324325,0.0,61.839065715750664,11.077067821193548,109.65634619527204,3.6197194409362594,16.993302464313963,0.0,14.723587075178731,0.0,0.0,0.0,0.0,0.0,0.0
2025-04-24,1,full_productivity_retained,5.572149882453186,188.77919950990605,194.35134939235923,0.028670497528700208,75810.0,7.3501515399725434,12271.5,37.16066306455314,post_leap,3,3,0.0,0.9242424242424243,0.0,55.94963088567918,0.0,100.12039211121537,5.572149882453186,17.985589437832783,0.0,14.723587075178731,0.0,0.0,0.0,0.0,0.0,0.0
2025-05-01,1,full_productivity_retained,4.76683235322134,192.52923445417366,197.296066807395,0.02416080781719198,65100.0,7.322323123227864,5355.0,37.36846036419589,post_leap,3,3,0.0,0.9253731343283582,0.0,55.94963088567918,0.0,103.0651095262511,4.76683235322134,18.79090696706463,0.0,14.723587075178731,0.0,0.0,0.0,0.0,0.0,0.0
2025-05-08,1,full_productivity_retained,4.509461623540176,186.8971703537833,191.40663197732349,0.023559589220891915,55532.0,8.120474003349736,4784.0,37.53191800059014,post_leap,3,3,0.0,0.9230769230769231,0.0,53.00491347064343,0.0,100.12039211121537,4.509461623540176,19.048277696745792,0.0,14.723587075178731,0.0,0.0,0.0,0.0,0.0,0.0
2025-05-15,1,full_productivity_retained,8.35916191815363,183.04747005916985,191.40663197732349,0.04367226898984339,45589.0,18.335918572799645,4971.5,37.747967775663724,post_leap,3,3,0.0,0.9230769230769231,0.0,50.06019605560768,0.0,100.12039211121537,8.35916191815363,18.143294817168083,0.0,14.723587075178731,0.0,0.0,0.0,0.0,0.0,0.0
2025-06-19,2,full_productivity_retained,55.94963088567921,217.9090887126452,273.8587195983244,0.20430107526881733,,,0.0,0.0,pre_leap,3,3,0.20430107526881724,0.30107526881720437,51.05785565777592,60.84140611358244,4.891775227903277,112.89692137352657,2.5032088949734598e-14,26.50245673532169,0.0,17.668304490214474,0.0,0.0,0.0,0.0,0.0,0.0
2025-06-26,2,full_productivity_retained,103.06510952625112,223.7985235427167,326.86363306896783,0.3153153153153153,650456.0,15.845054780992275,0.0,0.0,pre_leap,3,3,0.31531531531531526,0.39639639639639634,63.8357209752665,59.84241045623483,39.22938855098459,113.89591703087419,2.0011899430912272e-14,26.502456735321694,0.0,20.61302190525022,0.0,0.0,0.0,2.944717415035746,0.0,0.0
2025-07-03,2,full_productivity_retained,122.50983648128533,219.07738366286122,341.58722014414656,0.3586487703772622,619598.0,19.772471260605318,0.0,0.0,pre_leap,3,3,0.3534482758620689,0.4396551724137931,58.967665710305575,58.82103089112427,61.76574830616002,114.91729659598474,1.7764224648197473,27.670751685537716,0.0,17.668304490214474,0.0,0.0,0.0,0.0,0.0,0.0
2025-07-10,2,full_productivity_retained,136.84164409692667,225.3585979524701,362.20024204939676,0.3778066058781492,563148.0,24.299410474142974,0.0,0.0,pre_leap,3,3,0.37398373983739835,0.45528455284552843,53.94843400275408,57.95082776860428,81.50856708889025,115.78749971850475,1.3846430052823577,28.062531145075106,0.0,20.61302190525022,0.0,0.0,0.0,2.944717415035746,0.0,0.0
2025-07-17,2,full_productivity_retained,175.6424289051495,210.11555246453324,385.75798136968274,0.4553176794463428,531711.0,33.03343901201019,15718.5,3.8195028353781635,post_leap,3,3,0.0,0.9312977099236641,50.12488044232456,55.8849464989623,121.69756769532898,99.15623843235196,3.8199807674959665,28.571910797897242,0.0,20.61302190525022,0.0,0.0,0.0,5.889434830071492,0.0,0.0
2025-07-24,2,full_productivity_retained,183.41915912997834,208.22825706977588,391.6474161997542,0.46832725442117557,503401.0,36.43599419349154,14155.0,8.476288613351315,post_leap,3,3,0.0,0.9323308270676691,41.57548855881901,55.6001861373606,132.6301368963738,97.05782147641438,9.213533674785499,29.067792720679197,0.0,17.668304490214474,0.0,2.944717415035746,0.0,5.889434830071492,0.0,0.0
2025-07-31,2,full_productivity_retained,185.34309380475577,212.19375722506993,397.5368510298257,0.46622871143799993,471778.0,39.28608239569369,15811.5,14.19498439218847,post_leap,3,3,0.0,0.925925925925926,35.9523494415812,55.333890424526935,140.7341125252969,97.78799809259854,8.656631837877669,29.624694557587027,0.0,20.61302190525022,0.0,0.0,0.0,8.834152245107237,0.0,0.0
2025-08-07,2,full_productivity_retained,187.36365658035623,213.11791186450523,400.48156844486147,0.4678458919043925,439788.0,42.603176207708316,15995.0,20.40781834941874,post_leap,3,3,0.0,0.9264705882352942,30.471664060162013,54.925140975874626,143.08954392904235,98.37728410388883,13.802448591151851,30.36831263438434,0.0,17.668304490214474,0.0,2.944717415035746,0.0,8.834152245107237,0.0,0.0
2025-08-14,2,full_productivity_retained,185.86139579243908,220.50960748249392,406.371003274933,0.4573687450496888,410441.0,45.2833405513677,14673.5,26.557156318509715,post_leap,3,3,0.0,0.9130434782608694,28.04943772000043,54.40264990100046,144.67464203488956,99.73690341307736,13.137316037549082,31.033445187987105,0.0,23.557739320285968,0.0,0.0,0.0,11.778869660142984,0.0,0.0
2025-08-21,2,full_productivity_retained,193.87566649332305,226.22449678656128,420.1001632798843,0.4614986696973903,388357.0,49.922021875059045,11042.0,31.42455700059919,post_leap,3,3,0.0,0.9035090708062442,23.550421725089407,53.6214829448129,143.83761973263958,100.07342589759119,26.487625035594046,31.99373283483263,0.0,27.54539315799444,0.0,5.441492955628173,0.0,7.548968995701999,0.0,0.0
2025-08-28,2,full_productivity_retained,189.13638441512066,234.90292335002678,424.03930776514744,0.44603502777122994,356370.0,53.0730376897945,15993.5,39.25171278418376,post_leap,3,3,0.0,0.8888888888888888,20.740802255098558,52.877133120795094,139.74983410146967,101.7169939314615,28.645748058552446,33.19331765719822,0.0,32.39189156539321,0.0,0.0,0.0,14.723587075178731,0.0,0.0
2025-09-04,2,full_productivity_retained,184.65815979439407,236.43643055571755,421.0945903501116,0.4385194301376879,332895.0,55.47039150314485,11737.5,45.28490201910247,post_leap,3,3,0.0,0.8881118881118882,18.602493471987284,52.07072448887061,133.01942596400838,102.55796723885132,33.036240358398416,34.69226018742374,0.0,32.39189156539321,0.0,2.944717415035746,0.0,11.778869660142984,0.0,0.0
2025-09-11,2,full_productivity_retained,175.57885057595962,242.57102235911634,418.14987293507596,0.4198945448519145,309117.0,56.80012764615328,11889.0,51.65335235481585,post_leap,3,3,0.0,0.880281690140845,16.485924033105302,51.24257651271685,127.52209299223291,105.11058279559101,31.57083355062141,36.15766699520075,0.0,32.39189156539321,0.0,5.889434830071492,0.0,11.778869660142984,0.0,0.0
2025-09-18,2,full_productivity_retained,170.06859688936635,251.02599346074527,421.0945903501116,0.40387267085992684,288952.0,58.85704092353274,10082.5,57.12195846296518,post_leap,3,3,0.0,0.8671328671328673,14.3379557704675,50.445827360318916,119.93467625986473,106.80856469788772,35.795964859034115,37.82197051685954,0.0,38.281326395464696,0.0,5.889434830071492,0.0,11.778869660142984,0.0,0.0
2025-09-25,2,full_productivity_retained,136.99256544606496,257.599568168725,394.59213361479,0.3471751050663374,240758.0,56.90052477843518,24097.0,71.01912982199404,post_leap,3,3,0.0,0.8656716417910447,8.813474949801153,50.08087335091377,98.64396459891493,113.37568928365879,29.53512589734887,41.13809206350903,0.0,35.33660898042895,0.0,5.889434830071492,0.0,11.778869660142984,0.0,0.0
2025-10-02,2,full_productivity_retained,123.41466004816569,265.2880387365528,388.70269878471845,0.31750399581485395,216580.0,56.983405692199504,12089.0,77.5427386133491,post_leap,3,3,0.0,0.856060606060606,6.76804918120183,49.181581704477345,89.14059349414217,116.98962555836005,27.506017372821674,43.16720058803622,0.0,35.33660898042895,0.0,5.889434830071492,0.0,14.723587075178731,0.0,0.0
2025-10-09,2,full_productivity_retained,117.84872530277704,267.9092560669057,385.75798136968274,0.30549912378828864,198964.0,59.231180164641366,8808.0,82.17412329365129,post_leap,3,3,0.0,0.8549618320610687,7.727482529911612,48.222148355767565,81.37824784742035,118.86253637501038,28.742994925445064,44.87494045044859,0.0,38.281326395464696,0.0,5.889434830071492,0.0,11.778869660142984,0.0,0.0
2025-10-16,2,full_productivity_retained,99.91791987099982,277.0059092535757,376.9238291245755,0.26508782982244505,185308.0,53.919917041358076,6828.0,85.80755765882473,post_leap,3,3,0.0,0.8437500000000001,5.913340452752632,47.091573017890795,66.83150334719599,124.5751286301275,27.173076071051188,46.44485930484247,0.0,38.281326395464696,0.0,5.889434830071492,0.0,14.723587075178731,0.0,0.0
2025-10-23,2,full_productivity_retained,51.44368034549627,269.53051789340003,320.9741982388963,0.1602735691147595,169443.0,30.360463604572786,7932.5,89.65571728983635,post_leap,3,3,0.0,0.7706422018348624,0.0,44.17076122553619,33.33069549794476,105.0710230087353,18.112984847551516,46.6707982832349,0.0,47.115478640571936,0.0,8.834152245107237,0.0,17.668304490214474,0.0,0.0
2025-10-30,2,full_productivity_retained,32.69408192783055,267.66709440581553,300.3611763336461,0.10884922721008868,150125.0,21.777906363250995,9659.0,92.13995588295285,post_leap,3,3,0.0,0.7549019607843137,4.495800914273501e-14,41.2260438105004,16.09309926602119,104.64031475044439,16.60098266180932,48.1828004689771,0.0,47.115478640571936,0.0,8.834152245107237,0.0,17.668304490214474,0.0,0.0
2025-11-06,2,full_productivity_retained,26.233140493157048,271.1833184254533,297.4164589186104,0.08820339193244141,134699.0,19.47537880248335,7713.0,93.35898602133564,post_leap,3,3,0.0,0.7425742574257423,0.04076077491121264,41.18528303558923,10.748994810662605,104.09498437573149,15.443384907583232,49.34039822320319,0.0,50.06019605560768,0.0,8.834152245107237,0.0,17.668304490214474,0.0,0.0
2025-11-13,2,full_productivity_retained,22.88825425721345,277.4729220764326,300.3611763336461,0.07620243913210942,118308.0,19.346328445425037,8195.5,94.48829576098646,post_leap,3,3,0.0,0.7352941176470589,0.0,38.281326395464696,8.773390299771581,109.01530630165827,14.11486395744187,50.66891917334455,0.0,47.115478640571936,0.0,11.778869660142984,0.0,20.61302190525022,0.0,0.0
2025-12-18,3,full_productivity_retained,14.723587075179609,282.6928718434308,297.4164589186104,0.049504950495052456,,,0.0,0.0,pre_leap,3,3,0.04950495049504959,0.2475247524752476,14.723587075178882,35.3366089804288,0.0,103.0651095262511,7.269115911480859e-13,58.8943483007142,0.0,53.00491347064343,0.0,11.778869660142984,0.0,20.61302190525022,0.0,0.0
2025-12-25,3,full_productivity_retained,29.447174150357842,288.5823066735027,318.0294808238606,0.0925925925925938,289845.0,10.159628128950937,0.0,0.0,pre_leap,3,3,0.09259259259259268,0.28703703703703715,18.100138047141005,34.90477542350243,11.347036103216487,103.49694308317761,3.4760293780841567e-13,61.839065715750316,0.0,53.00491347064343,0.0,11.778869660142984,0.0,23.557739320285968,0.0,0.0
2026-01-01,3,full_productivity_retained,32.391891565393585,291.5270240885385,323.91891565393206,0.10000000000000117,283614.0,11.421118691388148,0.0,0.0,pre_leap,3,3,0.1000000000000001,0.3000000000000001,18.25600092788199,34.748912542761445,14.135890637511253,103.6528059639186,3.4797062942501923e-13,64.78378313078608,0.0,53.00491347064343,0.0,11.778869660142984,0.0,23.557739320285968,0.0,0.0
2026-01-08,3,full_productivity_retained,32.391891565393614,294.4717415035742,326.86363306896783,0.09909909909910034,257052.0,12.601299178918511,0.0,0.0,pre_leap,3,3,0.09909909909909913,0.29729729729729737,12.624136302929696,34.49134233764224,19.76775526246352,103.9103761690378,4.0106599794373e-13,64.78378313078602,0.0,55.94963088567918,0.0,11.778869660142984,0.0,23.557739320285968,0.0,0.0
2026-01-15,3,full_productivity_retained,32.0126686755989,309.57455146854767,341.58722014414656,0.09371740740795238,234425.0,13.65582539217187,11313.5,1.4256479826069461,post_leap,3,3,0.0,0.6982758620689654,9.46742668684251,34.70333453869368,22.54524198875619,104.07760685778089,2.0263574012105344e-13,67.72850054582196,0.0,58.894348300714924,0.0,14.723587075178731,0.0,29.447174150357462,0.0,0.0
2026-01-22,3,full_productivity_retained,29.206450147932706,321.2149222413211,350.4213723892538,0.08334665762192639,217437.0,13.432143631457713,8494.0,2.5784455515049896,post_leap,3,3,0.0,0.6806722689075629,9.320502905031159,34.850258320505034,19.490199118734637,104.18793231276669,0.3957481241669043,70.277469836691,0.0,58.894348300714924,0.0,17.668304490214474,0.0,35.33660898042895,0.0,0.0
2026-01-29,3,full_productivity_retained,24.397888640427503,328.96820116386203,353.3660898042895,0.06904422734490506,193637.0,12.599807185830963,11900.0,4.1639784158909325,post_leap,3,3,0.0,0.6666666666666666,6.139145815869003,35.08689799463144,18.258742824558336,105.41938860694299,1.667146595670682e-13,70.67321796085773,0.0,61.839065715750664,0.0,17.668304490214474,0.0,38.281326395464696,0.0,0.0
2026-02-05,3,full_productivity_retained,21.59584710055983,334.7149601187655,356.3108072193253,0.060609576423166465,179372.0,12.039698002229908,7132.5,5.041839771340871,post_leap,3,3,0.0,0.6611570247933883,3.247427031582032,35.03389936388266,17.76423413638346,105.91389729511786,0.5841859325943394,73.03374944329931,0.0,64.78378313078642,0.0,17.668304490214474,0.0,38.281326395464696,0.0,0.0
2026-02-12,3,full_productivity_retained,20.319620515014456,344.8253389494181,365.14495946443253,0.05564809259538394,168935.0,12.028070272598606,5218.5,5.644922212730535,post_leap,3,3,0.0,0.6451612903225805,3.3676735965784452,34.91365279888625,16.95194691843594,106.72618451306539,6.906624426754687e-14,73.61793537589358,0.0,64.78378313078642,0.0,20.61302190525022,0.0,44.17076122553619,0.0,0.0
2026-02-19,3,full_productivity_retained,18.335614920544906,352.6987793739591,371.034394294504,0.04941756128945619,154821.0,11.843105858084437,7057.0,6.465518520804165,post_leap,3,3,0.0,0.6349206349206349,3.408361958939961,34.87296443652473,14.273833452747223,106.45958056371836,0.6534195088577235,75.90923328207167,0.0,67.72850054582216,0.0,20.61302190525022,0.0,47.115478640571936,0.0,0.0
2026-02-26,3,full_productivity_retained,15.995685204086712,357.983426505453,373.9791117095397,0.04277160061418126,148798.0,10.74993293195252,3011.5,6.789846061116357,post_leap,3,3,0.0,0.6299212598425197,0.7585858233407922,34.578023157088154,15.237099380745853,108.44103205075547,6.529646872643645e-14,76.56265279092932,0.0,67.72850054582216,0.0,23.557739320285968,0.0,47.115478640571936,0.0,0.0
2026-03-05,3,full_productivity_retained,13.418148664806425,360.5609630447333,373.9791117095397,0.03587940674940147,139917.0,9.590077449349561,4440.5,7.233247602654128,post_leap,3,3,0.0,0.6220472440944882,0.9104880197821942,34.426120960646756,11.794149739925643,105.9945468615042,0.7135109050985889,78.79385930086656,0.0,70.6732179608579,0.0,23.557739320285968,0.0,47.115478640571936,0.0,0.0
2026-03-12,3,full_productivity_retained,17.290915636183346,365.5223483184636,382.81326395464697,0.04516801601271541,132277.0,13.071747647877823,3820.0,7.56342232320601,post_leap,3,3,0.0,0.6230769230769231,1.2207943060617805,34.115814674367165,15.73999780350111,107.93813362800022,0.3301235266204557,79.17724667934469,0.0,73.61793537589365,0.0,23.557739320285968,0.0,47.115478640571936,0.0,0.0
2026-03-19,3,full_productivity_retained,32.62985671869664,388.46473363141496,421.0945903501116,0.07748818784769265,138000.0,23.644823709200463,0.0,7.525605211589979,post_leap,3,3,0.0,0.6153846153846154,4.225185813187634,34.05614058227706,19.70095792598708,109.86660833558575,8.703712979521923,82.58252688658621,0.0,79.50737020596515,0.0,26.502456735321715,0.0,55.94963088567918,0.0,0.0
2026-03-26,3,full_productivity_retained,35.70764874109795,385.38694160901366,421.0945903501116,0.08479721554107228,154628.0,23.092615012221554,0.0,7.487977185532029,post_leap,3,3,0.0,0.6153846153846154,7.418835204876725,33.807208605623714,19.44749834590051,107.17535050063657,8.841315190320714,82.44492467578742,0.0,79.50737020596515,0.0,26.502456735321715,0.0,55.94963088567918,0.0,0.0
2026-04-02,3,full_productivity_retained,31.39433656215943,392.644971202988,424.03930776514744,0.07403638291841347,130670.0,24.025665081625032,11979.0,10.21680165191839,post_leap,3,3,0.0,0.611111111111111,4.3553093700540115,33.92601702541069,17.450795495259232,109.17205335127785,9.588231696846186,84.6427255842977,0.0,79.50737020596515,0.0,26.502456735321715,0.0,58.894348300714924,0.0,0.0
2026-04-09,3,full_productivity_retained,33.661486993556835,399.21197301669787,432.8734600102547,0.07776288015615326,119643.0,28.134940609610958,5513.5,11.490372687934194,post_leap,3,3,0.0,0.6054421768707482,4.27260185596912,34.008724539495574,16.640825574358225,109.98202327217885,12.74805956322949,84.42761513295012,0.0,82.45208762100089,0.0,26.502456735321715,0.0,61.839065715750664,0.0,0.0
2026-06-18,4,full_productivity_retained,97.17567469617961,512.3808302162198,609.5565049123994,0.15942028985507245,,,0.0,0.0,pre_leap,4,3,0.13526570048309178,0.5024154589371981,35.33660609786883,35.336611862989066,47.115481523132054,126.62284596397697,5.889434830071494,103.0651095262511,8.834152245107228,106.00982694128686,0.0,38.281326395464696,0.0,91.28623986610813,0.0,11.778869660142984
2026-06-25,4,full_productivity_retained,168.04634863086417,512.1833742423931,680.2297228732573,0.24704352512125546,472376.0,35.57470079573564,0.0,0.0,pre_leap,4,3,0.18181818181818193,0.5541125541125542,23.55450779361451,35.33984050710042,100.12362363788687,126.61961731986558,35.53980307407514,102.86191543260492,8.828414125287686,106.0155650611064,0.0,38.281326395464696,0.0,94.23095728114387,0.0,8.834152245107237
2026-07-02,4,full_productivity_retained,205.90488708463295,518.4955970141606,724.4004840987935,0.2842417855929424,450911.0,45.66419694454847,0.0,0.0,pre_leap,4,3,0.18292682926829268,0.573170731707317,17.671408763247502,35.33350470739593,114.8408749133611,126.62595311957007,61.54253283976858,103.36164240223319,11.850070568255774,105.93862603317407,0.0,41.22604381050044,0.0,97.17567469617961,0.0,8.834152245107237
2026-07-09,4,full_productivity_retained,235.3666184295868,518.4810398195642,753.847658249151,0.3122204013689418,431527.0,54.54273276749469,0.0,0.0,pre_leap,4,3,0.17968750000000008,0.5898437500000001,11.775544800170136,35.3399338404018,123.68145629147432,126.6195239865641,79.47606384319751,103.09641588901876,20.43355349474485,106.18929535179223,0.0,41.22604381050044,0.0,97.17567469617961,0.0,8.834152245107237
2026-07-16,4,full_productivity_retained,259.2446341821881,524.0501982173203,783.2948323995084,0.33096686389214436,412846.0,62.794512768002626,0.0,0.0,pre_leap,4,3,0.1766917293233083,0.5977443609022557,8.7640553232774,35.40670590225879,129.6376631834028,126.55275192470711,94.16829220050482,103.12777460689017,26.674623475003074,105.8376602016055,0.0,44.17076122553619,0.0,100.12039211121537,0.0,8.834152245107237
2026-07-23,4,full_productivity_retained,278.812436220945,536.8742877439565,815.6867239649015,0.34181313490759,399123.0,69.85626892485399,6861.5,4.308645493576499,post_leap,4,3,0.0,0.8014440433212998,5.618866568762616,35.60717724173783,127.77137165346943,128.41904345464047,107.82378542630855,104.19586845626517,37.5984125724044,106.69274076434716,0.0,44.17076122553619,0.0,106.00982694128686,0.0,11.778869660142984
2026-07-30,4,full_productivity_retained,292.04053967725093,550.1486410229722,842.1891807002232,0.3467635851536813,380114.0,76.829724681872,9504.5,10.926591346071366,post_leap,4,3,0.0,0.8006993006993008,2.5777687225741963,35.7035576728905,124.4862281486971,131.70418695941282,121.9354426089092,107.75251576387899,43.04110019707043,107.13948796975262,0.0,47.115478640571936,0.0,108.9545443563226,0.0,11.778869660142984
2026-08-06,4,full_productivity_retained,306.30910051744286,562.3825369181023,868.6916374355452,0.352609703279399,367949.0,83.24770566503588,6082.5,15.545126393115872,post_leap,4,3,0.0,0.7966101694915253,1.2661198465275254e-12,35.336608980427684,122.7623032226742,133.4281118854357,127.06593605661658,108.51145714624312,56.480861238150794,108.42331400385098,0.0,50.06019605560768,0.0,114.8439791863941,0.0,11.778869660142984
2026-08-13,4,full_productivity_retained,318.2734928344792,576.9206013363876,895.1940941708668,0.35553573789968496,354963.0,89.66385027016315,6493.0,20.87267428998107,post_leap,4,3,0.0,0.7927631578947367,1.2575718099931174e-12,35.33660898042769,116.91702807036238,136.3286696227118,129.79505670785625,111.67177132507493,71.56140805625937,108.06635426092113,0.0,53.00491347064343,0.0,117.78869660142985,0.0,14.723587075178731
2026-08-20,4,full_productivity_retained,339.73329497715133,604.761027795006,944.4943227721574,0.35969860991859665,343054.0,99.03201681867907,5954.5,26.107344882868034,post_leap,4,3,0.0,0.7756060367575094,1.5298601118250773e-11,30.868761867945626,101.28170246554447,137.75112225208173,122.2543578202889,113.42551439753063,116.19723469130265,110.77680493057152,0.0,58.38721941389031,0.0,127.04914819766462,0.0,26.502456735321715
2024-12-19,1,main_upper_positive,35.33660898042894,182.57247973221624,217.90908871264517,0.16216216216216214,173213.0,20.40066795242213,0.0,0.0,pre_leap,3,3,0.16216216216216214,0.2027027027027027,30.018413111466074,70.10197899974929,5.318195868962867,97.74691365728825,0.0,8.834152245107237,0.0,0.0,0.0,0.0,0.0,5.889434830071492,0.0,0.0
2024-12-26,1,main_upper_positive,53.00491347064342,182.57247973221627,235.5773932028597,0.22499999999999995,340543.0,15.564822495439174,0.0,0.0,pre_leap,3,3,0.22499999999999995,0.26249999999999996,42.565153005773794,69.33410876558456,10.439760464869629,98.51478389145296,0.0,8.834152245107237,0.0,0.0,0.0,0.0,0.0,5.889434830071492,0.0,0.0
2025-01-02,1,main_upper_positive,63.2023655925861,181.20917985538082,244.41154544796692,0.2585899347624776,351168.0,17.997757652344774,0.0,0.0,pre_leap,3,3,0.25301204819277123,0.3012048192771086,43.189273565741956,68.7099882056164,18.649792150008754,99.1389044514211,1.3632998768353872,10.415569783307596,0.0,2.944717415035746,0.0,0.0,0.0,0.0,0.0,0.0
2025-01-09,1,main_upper_positive,62.5362420228858,181.8753034250811,244.41154544796692,0.255864516990255,330152.0,18.941651730986273,0.0,0.0,pre_leap,3,3,0.25301204819277107,0.30120481927710846,40.74804561911578,68.20649873720683,21.09102009663488,99.64239391983071,0.6971763071351442,11.08169335300784,0.0,2.944717415035746,0.0,0.0,0.0,0.0,0.0,0.0
2025-01-16,1,main_upper_positive,68.87525175860466,181.4257285194338,250.30098027803845,0.2751697243937954,307111.0,22.426826703896854,11520.5,1.7457383901346188,post_leap,3,3,0.0,0.976470588235294,39.336938179083596,66.67288876220326,29.477815025921167,97.14503382061591,0.06049855359990212,11.718371106543081,0.0,5.889434830071492,0.0,0.0,0.0,0.0,0.0,0.0
2025-01-23,1,main_upper_positive,65.22484230728855,182.1314205557141,247.35626286300266,0.2636878547256072,277133.0,23.535574005004296,14989.0,4.426255341901625,post_leap,3,3,0.0,0.9761904761904764,33.3562297334714,66.76416237774396,31.868612573817146,97.69895368775569,0.0,11.778869660142984,0.0,5.889434830071492,0.0,0.0,0.0,0.0,0.0,0.0
2025-01-30,1,main_upper_positive,68.98554938199892,184.26014831107523,253.24569769307413,0.27240561245627654,257133.0,26.828742083668345,10000.0,6.286969985592461,post_leap,3,3,0.0,0.9767441860465116,33.085931962968516,67.03446014824685,33.91808802596128,98.5941956506473,1.9815293930691207,12.74205768210961,0.0,5.889434830071492,0.0,0.0,0.0,0.0,0.0,0.0
2025-02-06,1,main_upper_positive,67.91045355980783,185.33524413326631,253.24569769307413,0.2681603445919669,237813.0,28.556241063275696,9660.0,8.328860323890389,post_leap,3,3,0.0,0.9767441860465116,30.456674950355335,66.71899974582428,36.088707701128875,99.36829339051545,1.365070908323632,13.358516166855098,0.0,5.889434830071492,0.0,0.0,0.0,0.0,0.0,0.0
2025-02-13,1,main_upper_positive,68.49306271734343,184.7526349757307,253.24569769307413,0.2704609134183787,216696.0,31.60790356875228,10558.5,10.69930459240371,post_leap,3,3,0.0,0.9767441860465116,30.518638734491926,66.65703596168768,37.97442398285151,100.42729452382855,0.0,11.778869660142984,0.0,5.889434830071492,0.0,0.0,0.0,0.0,0.0,0.0
2025-02-20,1,main_upper_positive,71.87236151837877,190.20748841980262,262.0798499381814,0.27423841068030147,200373.0,35.86928454351573,8161.5,12.709551309252664,post_leap,3,3,0.0,0.9775280898876404,32.96666048815645,67.15373162305892,38.491110931845846,102.85532498986996,0.41459009837647937,14.308996976802252,0.0,5.889434830071492,0.0,0.0,0.0,0.0,0.0,0.0
2025-02-27,1,main_upper_positive,67.62769198547447,185.61800570759965,253.24569769307413,0.26704379423431357,222293.0,30.42277174066411,0.0,12.6460035527064,post_leap,3,3,0.0,0.9767441860465116,32.090865656302995,65.08480903987662,35.536826329170616,99.92017476247369,8.499337185948154e-13,14.723587075177882,0.0,5.889434830071492,0.0,0.0,0.0,0.0,0.0,0.0
2025-03-06,1,main_upper_positive,60.40002574139886,186.9562371216038,247.35626286300266,0.24418231841920732,202226.0,29.867586631490937,10033.5,15.024748577022493,post_leap,3,3,0.0,0.9761904761904762,26.26113019183385,65.02510967427429,34.13889554956502,101.3181055420793,0.0,14.723587075178731,0.0,5.889434830071492,0.0,0.0,0.0,0.0,0.0,0.0
2025-03-13,1,main_upper_positive,58.827110611085054,188.5291522519176,247.35626286300266,0.2378234127981883,179680.0,32.739932441610115,11273.0,17.643203266911765,post_leap,3,3,0.0,0.9761904761904762,23.29857504987696,65.04294740119542,35.528535561208095,102.87318294547197,0.0,14.723587075178731,0.0,5.889434830071492,0.0,0.0,0.0,0.0,0.0,0.0
2025-03-20,1,main_upper_positive,59.237283754402945,191.0636965236355,250.30098027803845,0.2366642099787272,163262.0,36.2835710418854,8209.0,19.705084093882625,post_leap,3,3,0.0,0.976470588235294,22.617837737926504,65.72368471314587,36.619446016476445,104.72698990523935,0.0,14.723587075178731,0.0,5.889434830071492,0.0,0.0,0.0,0.0,0.0,0.0
2025-03-27,1,main_upper_positive,54.88608931597291,195.41489096206556,250.30098027803845,0.21928036100779366,140011.0,39.201269411669735,11625.5,22.98107591459272,post_leap,3,3,0.0,0.976470588235294,18.995117045051703,66.40168799098494,35.8909722709212,108.40018106583037,0.0,14.723587075178731,0.0,5.889434830071492,0.0,0.0,0.0,0.0,0.0,0.0
2025-04-03,1,main_upper_positive,50.27638471329481,197.07987814970784,247.35626286300266,0.20325494948611914,126230.0,39.829188555252166,6890.5,25.027101310068637,post_leap,3,3,0.0,0.9761904761904762,15.921752875135809,66.53033474586508,34.354631838158994,109.93652149859257,0.0,14.723587075178731,0.0,5.889434830071492,0.0,0.0,0.0,0.0,0.0,0.0
2025-04-10,1,main_upper_positive,39.69952177900574,207.6567410839969,247.35626286300266,0.16049531683373294,110998.0,35.765979368101895,7616.0,27.3286786038127,post_leap,3,3,0.0,0.9761904761904762,11.207368492515437,68.3000017134497,28.492153286488787,115.79900005026278,1.5198699315412252e-12,17.668304490212954,0.0,5.889434830071492,0.0,0.0,0.0,0.0,0.0,0.0
2025-04-17,1,main_upper_positive,15.127132038227806,202.78195667441736,217.90908871264517,0.06941946353681386,100353.0,15.073921096756257,5322.5,28.71495061228741,post_leap,3,3,0.0,0.9324324324324325,0.2127887330350882,61.626276982715574,12.063182093429186,108.6702319230364,2.851161211763533,17.76186069348669,0.0,14.723587075178731,0.0,0.0,0.0,0.0,0.0,0.0
2025-04-24,1,main_upper_positive,4.875819386289932,189.4755300060693,194.35134939235923,0.025087653888353302,75810.0,6.431630901318998,12271.5,30.05121284113673,post_leap,3,3,0.0,0.9242424242424243,0.0,55.94963088567918,0.0,100.12039211121537,4.875819386289932,18.681919933996035,0.0,14.723587075178731,0.0,0.0,0.0,0.0,0.0,0.0
2025-05-01,1,main_upper_positive,4.121768490082676,193.17429831731232,197.296066807395,0.02089128565399351,65100.0,6.331441613030224,5355.0,30.176487844743548,post_leap,3,3,0.0,0.9253731343283582,0.0,55.94963088567918,0.0,103.0651095262511,4.121768490082676,19.435970830203292,0.0,14.723587075178731,0.0,0.0,0.0,0.0,0.0,0.0
2025-05-08,1,main_upper_positive,3.978076940229019,187.42855503709447,191.40663197732349,0.020783380905528465,55532.0,7.163575848572028,4784.0,30.26792233893373,post_leap,3,3,0.0,0.9230769230769231,0.0,53.00491347064343,0.0,100.12039211121537,3.978076940229019,19.57966238005695,0.0,14.723587075178731,0.0,0.0,0.0,0.0,0.0,0.0
2025-05-15,1,main_upper_positive,8.295557228282794,183.11107474904068,191.40663197732349,0.04333996759979348,45589.0,18.19640094821732,4971.5,30.40149246588847,post_leap,3,3,0.0,0.9230769230769231,0.0,50.06019605560768,0.0,100.12039211121537,8.295557228282794,18.20689950703892,0.0,14.723587075178731,0.0,0.0,0.0,0.0,0.0,0.0
2025-06-19,2,main_upper_positive,55.94963088567919,217.9090887126452,273.8587195983244,0.20430107526881724,,,0.0,0.0,pre_leap,3,3,0.20430107526881724,0.30107526881720437,50.54195700733424,61.357304764024114,5.407673878344956,112.3810227230849,0.0,26.502456735321715,0.0,17.668304490214474,0.0,0.0,0.0,0.0,0.0,0.0
2025-06-26,2,main_upper_positive,103.06510952625109,223.79852354271674,326.86363306896783,0.31531531531531526,650456.0,15.845054780992273,0.0,0.0,pre_leap,3,3,0.31531531531531526,0.39639639639639634,62.80412194537178,60.874009486129545,40.26098758087932,112.86431800097947,1.5347924023885637e-15,26.502456735321715,0.0,20.61302190525022,0.0,0.0,0.0,2.944717415035746,0.0,0.0
2025-07-03,2,main_upper_positive,122.70886393131342,218.87835621283313,341.58722014414656,0.35923142522583673,619598.0,19.804593289731958,0.0,0.0,pre_leap,3,3,0.3534482758620689,0.4396551724137931,57.408799425794754,60.379897175635094,63.324614590670826,113.35843031147394,1.9754499148478413,27.47172423550962,0.0,17.668304490214474,0.0,0.0,0.0,0.0,0.0,0.0
2025-07-10,2,main_upper_positive,137.09881942746912,225.10142262192764,362.20024204939676,0.3785166422080183,563148.0,24.345077924003835,0.0,0.0,pre_leap,3,3,0.37398373983739835,0.45528455284552843,51.929873060249754,59.9693887111086,83.52712803139455,113.76893877600044,1.641818335824814,27.805355814532646,0.0,20.61302190525022,0.0,0.0,0.0,2.944717415035746,0.0,0.0
2025-07-17,2,main_upper_positive,166.68643987176233,219.0715414979204,385.75798136968274,0.4321010787124117,531711.0,31.349067420414915,15718.5,3.0613448587876344,post_leap,3,3,0.0,0.9312977099236641,47.48208152620755,58.52774541507931,115.46548773211317,105.38831839556777,3.738870613441578,28.653020951951632,0.0,20.61302190525022,0.0,0.0,0.0,5.889434830071492,0.0,0.0
2025-07-24,2,main_upper_positive,172.86171975019937,218.78569644955485,391.6474161997542,0.4413707651323651,503401.0,34.338771625443606,14155.0,6.596006529181479,post_leap,3,3,0.0,0.9323308270676691,38.47793109060397,58.697743605575646,125.1602602775679,104.52769809522029,9.223528382027496,29.0577980134372,0.0,17.668304490214474,0.0,2.944717415035746,0.0,5.889434830071492,0.0,0.0
2025-07-31,2,main_upper_positive,176.0705664301829,221.4662845996428,397.5368510298257,0.4429037609320224,471778.0,37.320639459699876,15811.5,10.906606396981186,post_leap,3,3,0.0,0.925925925925926,33.33802034859931,57.948219517508825,134.3652656905296,104.15684492736582,8.367280391053976,29.91404600441072,0.0,20.61302190525022,0.0,0.0,0.0,8.834152245107237,0.0,0.0
2025-08-07,2,main_upper_positive,177.45527835268237,223.0262900921791,400.48156844486147,0.44310473273906614,439788.0,40.350186533666765,15995.0,15.627622390259477,post_leap,3,3,0.0,0.9264705882352942,27.402703816420125,57.99410121961651,136.40708862535894,105.05973940757224,13.645485910903284,30.525275314632907,0.0,17.668304490214474,0.0,2.944717415035746,0.0,8.834152245107237,0.0,0.0
2025-08-14,2,main_upper_positive,179.6996185764145,226.6713846985185,406.371003274933,0.4422058097851965,410441.0,43.782082827109015,14673.5,20.28611197512225,post_leap,3,3,0.0,0.9130434782608694,26.343502921863315,56.108584699137566,141.07207390306164,103.33947154490528,12.284041751489577,31.886719474046615,0.0,23.557739320285968,0.0,0.0,0.0,11.778869660142984,0.0,0.0
2025-08-21,2,main_upper_positive,191.07470041412725,229.02546286575708,420.1001632798843,0.4548312929048473,388357.0,49.200787011468115,11042.0,24.052215483862145,post_leap,3,3,0.0,0.9035090708062442,22.942748109159723,54.22915656074258,143.1096527185306,100.80139291170016,25.022299586436915,33.45905828398976,0.0,27.54539315799444,0.0,5.441492955628173,0.0,7.548968995701999,0.0,0.0
2025-08-28,2,main_upper_positive,190.37204137744007,233.66726638770737,424.03930776514744,0.44894904291013726,356370.0,53.41977197223113,15993.5,30.227096702986156,post_leap,3,3,0.0,0.8888888888888888,21.60234496008161,52.01559041581204,142.2350347897183,99.23179324321288,26.534661627640137,35.30440408811053,0.0,32.39189156539321,0.0,0.0,0.0,14.723587075178731,0.0,0.0
2025-09-04,2,main_upper_positive,185.2203788463883,235.87421150372333,421.0945903501116,0.43985456733697315,332895.0,55.639279306204145,11737.5,35.09207780766373,post_leap,3,3,0.0,0.8881118881118882,18.830775922980422,51.842442037877476,135.15001014620782,100.42738305665188,31.23959277720004,36.48890776862211,0.0,32.39189156539321,0.0,2.944717415035746,0.0,11.778869660142984,0.0,0.0
2025-09-11,2,main_upper_positive,177.56005505168199,240.58981788339398,418.14987293507596,0.4246325696701834,309117.0,57.441051463258894,11889.0,40.2085805519971,post_leap,3,3,0.0,0.880281690140845,17.008229920907254,50.7202706249149,130.8544720529989,101.77820373482504,29.697353077775862,38.0311474680463,0.0,32.39189156539321,0.0,5.889434830071492,0.0,11.778869660142984,0.0,0.0
2025-09-18,2,main_upper_positive,175.17973696501673,245.9148533850949,421.0945903501116,0.41601041898773067,288952.0,60.62589529230347,10082.5,44.64073286026357,post_leap,3,3,0.0,0.8671328671328673,16.039910916174314,48.743872214612104,125.73823552440504,101.0050054333474,33.40159052443738,40.21634485145627,0.0,38.281326395464696,0.0,5.889434830071492,0.0,11.778869660142984,0.0,0.0
2025-09-25,2,main_upper_positive,140.64681775122324,253.94531586356675,394.59213361479,0.3564359392134409,240758.0,58.41833615133173,24097.0,56.10474678683136,post_leap,3,3,0.0,0.8656716417910447,8.993531640479333,49.90081666023559,103.27185606065544,108.74779782191828,28.381430050088476,42.29178791076942,0.0,35.33660898042895,0.0,5.889434830071492,0.0,11.778869660142984,0.0,0.0
2025-10-02,2,main_upper_positive,127.75625924679697,260.9464395379215,388.70269878471845,0.32867345569307277,216580.0,58.98802255369701,12089.0,61.47397717876479,post_leap,3,3,0.0,0.856060606060606,7.118491366633403,48.83113951904578,94.24240095170165,111.88781810080056,26.39536692846192,44.27785103239597,0.0,35.33660898042895,0.0,5.889434830071492,0.0,14.723587075178731,0.0,0.0
2025-10-09,2,main_upper_positive,121.55079682194814,264.2071845477346,385.75798136968274,0.3150959998037282,198964.0,61.09185421581197,8808.0,65.32313931409468,post_leap,3,3,0.0,0.8549618320610687,7.40165163852278,48.5479792471564,86.16901640097461,114.07176782145612,27.980128782450738,45.63780659344292,0.0,38.281326395464696,0.0,5.889434830071492,0.0,11.778869660142984,0.0,0.0
2025-10-16,2,main_upper_positive,105.65967844990153,271.26415067467394,376.9238291245755,0.28032103646856565,185308.0,57.01841175227272,6828.0,68.33360506220872,post_leap,3,3,0.0,0.8437500000000001,5.985731667990387,47.019181802653044,73.46962551852454,117.93700645879895,26.2043212633866,47.41361411250705,0.0,38.281326395464696,0.0,5.889434830071492,0.0,14.723587075178731,0.0,0.0
2025-10-23,2,main_upper_positive,63.54452556080684,257.42967267808945,320.9741982388963,0.19797393656393403,169443.0,37.502006905453065,7932.5,71.6103254466969,post_leap,3,3,0.0,0.7706422018348624,3.3520070024647546,40.81875422307144,44.85656857098645,93.54514993569362,15.335949987355631,49.447833143430785,0.0,47.115478640571936,0.0,8.834152245107237,0.0,17.668304490214474,0.0,0.0
2025-10-30,2,main_upper_positive,43.514796589906666,256.8463797437394,300.3611763336461,0.14487490401079572,150125.0,28.985709635241744,9659.0,74.15012889706159,post_leap,3,3,0.0,0.7549019607843137,1.5717543244373546,39.654289486063085,27.802121180790152,92.93129283567544,14.140921084679162,50.642862046107254,0.0,47.115478640571936,0.0,8.834152245107237,0.0,17.668304490214474,0.0,0.0
2025-11-06,2,main_upper_positive,38.581284586168096,258.8351743324423,297.4164589186104,0.12972141732319553,134699.0,28.642591694198245,7713.0,75.56791247990922,post_leap,3,3,0.0,0.7425742574257423,2.69064870657317,38.53539510392727,23.01955349463863,91.82442569175547,12.871082384956301,51.912700745830115,0.0,50.06019605560768,0.0,8.834152245107237,0.0,17.668304490214474,0.0,0.0
2025-11-13,2,main_upper_positive,36.36711053399561,263.99406579965046,300.3611763336461,0.12107793349962923,118308.0,30.739350284000754,8195.5,77.0679957993481,post_leap,3,3,0.0,0.7352941176470589,1.2542939963563537,37.02703239910834,23.713383501977773,94.07531309945207,11.399433035661474,53.384350095124944,0.0,47.115478640571936,0.0,11.778869660142984,0.0,20.61302190525022,0.0,0.0
2025-12-18,3,main_upper_positive,14.723587075178756,282.6928718434316,297.4164589186104,0.04950495049504959,,,0.0,0.0,pre_leap,3,3,0.04950495049504959,0.2475247524752476,14.723587075178646,35.336608980429034,1.1178245546395204e-13,103.06510952625099,0.0,58.894348300714924,0.0,53.00491347064343,0.0,11.778869660142984,0.0,20.61302190525022,0.0,0.0
2025-12-25,3,main_upper_positive,29.447174150357498,288.58230667350307,318.0294808238606,0.09259259259259271,289845.0,10.159628128950818,0.0,0.0,pre_leap,3,3,0.09259259259259268,0.28703703703703715,17.97941439049939,35.025499080144044,11.467759759858104,103.37621942653598,0.0,61.839065715750664,0.0,53.00491347064343,0.0,11.778869660142984,0.0,23.557739320285968,0.0,0.0
2026-01-01,3,main_upper_positive,32.39189156539324,291.52702408853884,323.91891565393206,0.1000000000000001,283614.0,11.421118691388028,0.0,0.0,pre_leap,3,3,0.1000000000000001,0.3000000000000001,18.00951728356361,34.99539618707982,14.382374281829627,103.40632231960022,0.0,64.78378313078642,0.0,53.00491347064343,0.0,11.778869660142984,0.0,23.557739320285968,0.0,0.0
2026-01-08,3,main_upper_positive,32.391891565393216,294.4717415035746,326.86363306896783,0.09909909909909913,257052.0,12.601299178918358,0.0,0.0,pre_leap,3,3,0.09909909909909913,0.29729729729729737,12.304988376668888,34.81049026390305,20.086903188724328,103.59122824277699,0.0,64.78378313078642,0.0,55.94963088567918,0.0,11.778869660142984,0.0,23.557739320285968,0.0,0.0
2026-01-15,3,main_upper_positive,31.087752788741934,310.49946735540465,341.58722014414656,0.09100970690772096,234425.0,13.261278783722698,11313.5,1.1405183860855428,post_leap,3,3,0.0,0.6982758620689654,9.188622573059831,34.98213865247636,21.899130215682103,104.72371863085498,0.0,67.72850054582216,0.0,58.894348300714924,0.0,14.723587075178731,0.0,29.447174150357462,0.0,0.0
2026-01-22,3,main_upper_positive,27.983113247116282,322.4382591421375,350.4213723892538,0.07985561227707362,217437.0,12.86952691911509,8494.0,2.03594621006664,post_leap,3,3,0.0,0.6806722689075629,9.09935755738935,35.07140366814684,18.73316351443345,104.94496791706788,0.15059217529348665,70.52262578556441,0.0,58.894348300714924,0.0,17.668304490214474,0.0,35.33660898042895,0.0,0.0
2026-01-29,3,main_upper_positive,23.49293824538554,329.873151558904,353.3660898042895,0.06648328439889922,193637.0,12.13246344726759,11900.0,3.250945441716064,post_leap,3,3,0.0,0.6666666666666666,5.960625609862409,35.26541820063803,17.532312635523134,106.14581879597819,0.0,70.6732179608579,0.0,61.839065715750664,0.0,17.668304490214474,0.0,38.281326395464696,0.0,0.0
2026-02-05,3,main_upper_positive,20.57392986955914,335.73687734976613,356.3108072193253,0.05774152636603853,179372.0,11.469978519255593,7132.5,3.9269690788085723,post_leap,3,3,0.0,0.6611570247933883,3.012318758561659,35.269007636903034,17.019410531705383,106.65872089979595,0.5422005792921005,73.07573479660155,0.0,64.78378313078642,0.0,17.668304490214474,0.0,38.281326395464696,0.0,0.0
2026-02-12,3,main_upper_positive,19.24407153230052,345.90088793213204,365.14495946443253,0.052702552872498344,168935.0,11.391405885281628,5218.5,4.386182896636411,post_leap,3,3,0.0,0.6451612903225805,3.132618293434369,35.14870810203033,16.11145323886615,107.56667819263518,0.0,73.61793537589365,0.0,64.78378313078642,0.0,20.61302190525022,0.0,44.17076122553619,0.0,0.0
2026-02-19,3,main_upper_positive,16.694624412546432,354.3397698819576,371.034394294504,0.04499481630076396,154821.0,10.78317825911629,7057.0,5.007365192812689,post_leap,3,3,0.0,0.6349206349206349,3.1488186240270637,35.13250777143763,13.423454144965351,107.30995987150024,0.12235164355401751,76.44030114737538,0.0,67.72850054582216,0.0,20.61302190525022,0.0,47.115478640571936,0.0,0.0
2026-02-26,3,main_upper_positive,14.669780798879865,359.30933091065987,373.9791117095397,0.03922620365565636,148798.0,9.858856166668817,3011.5,5.242116697467256,post_leap,3,3,0.0,0.6299212598425197,0.4026115318495369,34.93399744857941,14.267169267030328,109.410962164471,0.0,76.56265279092939,0.0,67.72850054582216,0.0,23.557739320285968,0.0,47.115478640571936,0.0,0.0
2026-03-05,3,main_upper_positive,11.926563630302477,362.0525480792372,373.9791117095397,0.03189098871266784,139917.0,8.524027552264897,4440.5,5.566132120444662,post_leap,3,3,0.0,0.6220472440944882,0.4576516889760995,34.87895729145285,10.756101684992132,107.03259491643772,0.7128102563342449,78.7945599496309,0.0,70.6732179608579,0.0,23.557739320285968,0.0,47.115478640571936,0.0,0.0
2026-03-12,3,main_upper_positive,15.724101054920665,367.0891628997263,382.81326395464697,0.04107512078469555,132277.0,11.887252549514024,3820.0,5.798795741839655,post_leap,3,3,0.0,0.6230769230769231,0.6789918517821243,34.65761712864683,14.611889307258002,109.06624212424333,0.4332198958805367,79.0741503100846,0.0,73.61793537589365,0.0,23.557739320285968,0.0,47.115478640571936,0.0,0.0
2026-03-19,3,main_upper_positive,29.712284598266685,391.3823057518449,421.0945903501116,0.07055964450543745,138000.0,21.53064101323673,0.0,5.769801763130456,post_leap,3,3,0.0,0.6153846153846154,3.794498581914242,34.486827813550455,18.392542677198726,111.17502358437412,7.525243339153718,83.76099652695441,0.0,79.50737020596515,0.0,26.502456735321715,0.0,55.94963088567918,0.0,0.0
2026-03-26,3,main_upper_positive,32.843365644930486,388.25122470518113,421.0945903501116,0.07799522102058698,154628.0,21.24024474540865,0.0,5.740952754314804,post_leap,3,3,0.0,0.6153846153846154,6.838083457475849,34.387960353024596,17.917389438869815,108.70545940766726,8.087892748584819,83.19834711752331,0.0,79.50737020596515,0.0,26.502456735321715,0.0,55.94963088567918,0.0,0.0
2026-04-02,3,main_upper_positive,29.171568459804753,394.8677393053427,424.03930776514744,0.06879449127853335,130670.0,22.3246104383598,11979.0,7.747743124985229,post_leap,3,3,0.0,0.611111111111111,3.8047104626703256,34.47661593279437,16.12394570654413,110.49890313999295,9.242912290590292,84.98804499055358,0.0,79.50737020596515,0.0,26.502456735321715,0.0,58.894348300714924,0.0,0.0
2026-04-09,3,main_upper_positive,31.094468334449317,401.7789916758054,432.8734600102547,0.07183269755949624,119643.0,25.98937533700201,5513.5,8.693698326575479,post_leap,3,3,0.0,0.6054421768707482,3.7533201947582118,34.528006200706486,15.633593020835532,110.98925582570155,11.707555118855574,85.46811957732405,0.0,82.45208762100089,0.0,26.502456735321715,0.0,61.839065715750664,0.0,0.0
2026-06-18,4,main_upper_positive,95.38845500202426,514.1680499103752,609.5565049123994,0.15648828981938717,,,0.0,0.0,pre_leap,4,3,0.13526570048309178,0.5024154589371981,35.073250191275996,35.5999677695819,47.37883742972488,126.35949005738414,5.008400350180859,103.94614400614174,7.927967030842529,106.91601215555157,0.0,38.281326395464696,0.0,91.28623986610813,0.0,11.778869660142984
2026-06-25,4,main_upper_positive,166.24738338270052,513.9823394905568,680.2297228732573,0.24439888142564492,472376.0,35.19386746631931,0.0,0.0,pre_leap,4,3,0.18181818181818193,0.5541125541125542,23.290794062410093,35.60355423830483,100.38733736909123,126.35590358866122,34.651373190231894,103.75034531644816,7.917878760967277,106.92610042542682,0.0,38.281326395464696,0.0,94.23095728114387,0.0,8.834152245107237
2026-07-02,4,main_upper_positive,202.46161225512807,521.9388718436654,724.4004840987935,0.27948851042942763,450911.0,44.900570679164645,0.0,0.0,pre_leap,4,3,0.18292682926829268,0.573170731707317,17.154562679234598,35.85035079140883,115.35772099737403,126.10910703555714,59.856972658902265,105.0472025830995,10.0923559196172,107.69634068181264,0.0,41.22604381050044,0.0,97.17567469617961,0.0,8.834152245107237
2026-07-09,4,main_upper_positive,231.73965451265158,522.1080037364994,753.847658249151,0.30740913230516437,431527.0,53.70223752225274,0.0,0.0,pre_leap,4,3,0.17968750000000008,0.5898437500000001,11.251851353376333,35.863627287195605,124.20514973826818,126.09583053977025,77.66706441592245,104.90541531629381,18.615589005084622,108.00725984145245,0.0,41.22604381050044,0.0,97.17567469617961,0.0,8.834152245107237
2026-07-16,4,main_upper_positive,254.03071611170972,529.2641162877987,783.2948323995084,0.32431047110769773,412846.0,61.53159195237685,0.0,0.0,pre_leap,4,3,0.1766917293233083,0.5977443609022557,7.938930955607941,36.231830269928246,130.46278755107235,125.72762755703755,91.59674702017139,105.6993197872236,24.032250584858065,108.48003309175051,0.0,44.17076122553619,0.0,100.12039211121537,0.0,8.834152245107237
2026-07-23,4,main_upper_positive,266.9021452702214,548.78457869468,815.6867239649015,0.32721158433578484,399123.0,66.87215351413509,6861.5,3.377592145449871,post_leap,4,3,0.0,0.8014440433212998,4.267940391995728,36.95810341850471,124.15521779668121,132.0351973114287,104.55060477509703,107.46904910747669,33.92838230644741,110.36277103030415,0.0,44.17076122553619,0.0,106.00982694128686,0.0,11.778869660142984
2026-07-30,4,main_upper_positive,278.14367503642654,564.0455056637967,842.1891807002232,0.3302627027399817,380114.0,73.17375183140493,9504.5,8.445395249323399,post_leap,4,3,0.0,0.8006993006993008,1.0546295852957088,37.22669681016899,119.96737244068292,136.22304266742697,118.34943199727978,111.33852637550841,38.77224101316806,111.40834715365497,0.0,47.115478640571936,0.0,108.9545443563226,0.0,11.778869660142984
2026-08-06,4,main_upper_positive,291.29025475968876,577.4013826758564,868.6916374355452,0.3353206617938713,367949.0,79.16593189808609,6082.5,11.963803037192944,post_leap,4,3,0.0,0.7966101694915253,1.4870716894576965e-11,35.33660898041408,117.30450920837268,138.88590589973722,122.74446329814805,112.83292990471165,51.24128225315317,113.6628929888486,0.0,50.06019605560768,0.0,114.8439791863941,0.0,11.778869660142984
2026-08-13,4,main_upper_positive,300.54784555685137,594.6462486140155,895.1940941708668,0.33573483953244826,354963.0,84.67018972592956,6493.0,16.016179188521164,post_leap,4,3,0.0,0.7927631578947367,1.6941344766723024e-11,35.33660898041201,110.4043285969321,142.84136909614205,124.74138105315633,116.72544697977484,65.40213590674598,114.22562641043451,0.0,53.00491347064343,0.0,117.78869660142985,0.0,14.723587075178731
2026-08-20,4,main_upper_positive,314.8514841465993,629.642838625558,944.4943227721574,0.3333545544482343,343054.0,91.77898644137638,5954.5,19.96944745036294,post_leap,4,3,0.0,0.7756060367575094,5.226291175523681e-11,30.86876186790866,92.21746261244998,146.81536210517623,115.12842512150915,120.55144709631038,107.5055964125879,119.46844320928626,0.0,58.38721941389031,0.0,127.04914819766462,0.0,26.502456735321715
2024-12-19,1,main_upper_negative,35.33660898042894,182.57247973221624,217.90908871264517,0.16216216216216214,173213.0,20.40066795242213,0.0,0.0,pre_leap,3,3,0.16216216216216214,0.2027027027027027,30.018413111466074,70.10197899974929,5.318195868962867,97.74691365728825,0.0,8.834152245107237,0.0,0.0,0.0,0.0,0.0,5.889434830071492,0.0,0.0
2024-12-26,1,main_upper_negative,53.00491347064342,182.57247973221627,235.5773932028597,0.22499999999999995,340543.0,15.564822495439174,0.0,0.0,pre_leap,3,3,0.22499999999999995,0.26249999999999996,42.565153005773794,69.33410876558456,10.439760464869629,98.51478389145296,0.0,8.834152245107237,0.0,0.0,0.0,0.0,0.0,5.889434830071492,0.0,0.0
2025-01-02,1,main_upper_negative,63.2023655925861,181.20917985538082,244.41154544796692,0.2585899347624776,351168.0,17.997757652344774,0.0,0.0,pre_leap,3,3,0.25301204819277123,0.3012048192771086,43.189273565741956,68.7099882056164,18.649792150008754,99.1389044514211,1.3632998768353872,10.415569783307596,0.0,2.944717415035746,0.0,0.0,0.0,0.0,0.0,0.0
2025-01-09,1,main_upper_negative,62.5362420228858,181.8753034250811,244.41154544796692,0.255864516990255,330152.0,18.941651730986273,0.0,0.0,pre_leap,3,3,0.25301204819277107,0.30120481927710846,40.74804561911578,68.20649873720683,21.09102009663488,99.64239391983071,0.6971763071351442,11.08169335300784,0.0,2.944717415035746,0.0,0.0,0.0,0.0,0.0,0.0
2025-01-16,1,main_upper_negative,68.87525175860466,181.4257285194338,250.30098027803845,0.2751697243937954,307111.0,22.426826703896854,11520.5,1.7457383901346188,post_leap,3,3,0.0,0.976470588235294,39.336938179083596,66.67288876220326,29.477815025921167,97.14503382061591,0.06049855359990212,11.718371106543081,0.0,5.889434830071492,0.0,0.0,0.0,0.0,0.0,0.0
2025-01-23,1,main_upper_negative,65.22484230728855,182.1314205557141,247.35626286300266,0.2636878547256072,277133.0,23.535574005004296,14989.0,4.426255341901625,post_leap,3,3,0.0,0.9761904761904764,33.3562297334714,66.76416237774396,31.868612573817146,97.69895368775569,0.0,11.778869660142984,0.0,5.889434830071492,0.0,0.0,0.0,0.0,0.0,0.0
2025-01-30,1,main_upper_negative,68.98554938199892,184.26014831107523,253.24569769307413,0.27240561245627654,257133.0,26.828742083668345,10000.0,6.286969985592461,post_leap,3,3,0.0,0.9767441860465116,33.085931962968516,67.03446014824685,33.91808802596128,98.5941956506473,1.9815293930691207,12.74205768210961,0.0,5.889434830071492,0.0,0.0,0.0,0.0,0.0,0.0
2025-02-06,1,main_upper_negative,67.91045355980783,185.33524413326631,253.24569769307413,0.2681603445919669,237813.0,28.556241063275696,9660.0,8.328860323890389,post_leap,3,3,0.0,0.9767441860465116,30.456674950355335,66.71899974582428,36.088707701128875,99.36829339051545,1.365070908323632,13.358516166855098,0.0,5.889434830071492,0.0,0.0,0.0,0.0,0.0,0.0
2025-02-13,1,main_upper_negative,68.49306271734343,184.7526349757307,253.24569769307413,0.2704609134183787,216696.0,31.60790356875228,10558.5,10.69930459240371,post_leap,3,3,0.0,0.9767441860465116,30.518638734491926,66.65703596168768,37.97442398285151,100.42729452382855,0.0,11.778869660142984,0.0,5.889434830071492,0.0,0.0,0.0,0.0,0.0,0.0
2025-02-20,1,main_upper_negative,71.87236151837877,190.20748841980262,262.0798499381814,0.27423841068030147,200373.0,35.86928454351573,8161.5,12.709551309252664,post_leap,3,3,0.0,0.9775280898876404,32.96666048815645,67.15373162305892,38.491110931845846,102.85532498986996,0.41459009837647937,14.308996976802252,0.0,5.889434830071492,0.0,0.0,0.0,0.0,0.0,0.0
2025-02-27,1,main_upper_negative,67.62769198547447,185.61800570759965,253.24569769307413,0.26704379423431357,222293.0,30.42277174066411,0.0,12.6460035527064,post_leap,3,3,0.0,0.9767441860465116,32.090865656302995,65.08480903987662,35.536826329170616,99.92017476247369,8.499337185948154e-13,14.723587075177882,0.0,5.889434830071492,0.0,0.0,0.0,0.0,0.0,0.0
2025-03-06,1,main_upper_negative,60.40002574139886,186.9562371216038,247.35626286300266,0.24418231841920732,202226.0,29.867586631490937,10033.5,15.024748577022493,post_leap,3,3,0.0,0.9761904761904762,26.26113019183385,65.02510967427429,34.13889554956502,101.3181055420793,0.0,14.723587075178731,0.0,5.889434830071492,0.0,0.0,0.0,0.0,0.0,0.0
2025-03-13,1,main_upper_negative,58.827110611085054,188.5291522519176,247.35626286300266,0.2378234127981883,179680.0,32.739932441610115,11273.0,17.643203266911765,post_leap,3,3,0.0,0.9761904761904762,23.29857504987696,65.04294740119542,35.528535561208095,102.87318294547197,0.0,14.723587075178731,0.0,5.889434830071492,0.0,0.0,0.0,0.0,0.0,0.0
2025-03-20,1,main_upper_negative,59.237283754402945,191.0636965236355,250.30098027803845,0.2366642099787272,163262.0,36.2835710418854,8209.0,19.705084093882625,post_leap,3,3,0.0,0.976470588235294,22.617837737926504,65.72368471314587,36.619446016476445,104.72698990523935,0.0,14.723587075178731,0.0,5.889434830071492,0.0,0.0,0.0,0.0,0.0,0.0
2025-03-27,1,main_upper_negative,54.88608931597291,195.41489096206556,250.30098027803845,0.21928036100779366,140011.0,39.201269411669735,11625.5,22.98107591459272,post_leap,3,3,0.0,0.976470588235294,18.995117045051703,66.40168799098494,35.8909722709212,108.40018106583037,0.0,14.723587075178731,0.0,5.889434830071492,0.0,0.0,0.0,0.0,0.0,0.0
2025-04-03,1,main_upper_negative,50.27638471329481,197.07987814970784,247.35626286300266,0.20325494948611914,126230.0,39.829188555252166,6890.5,25.027101310068637,post_leap,3,3,0.0,0.9761904761904762,15.921752875135809,66.53033474586508,34.354631838158994,109.93652149859257,0.0,14.723587075178731,0.0,5.889434830071492,0.0,0.0,0.0,0.0,0.0,0.0
2025-04-10,1,main_upper_negative,39.69952177900574,207.6567410839969,247.35626286300266,0.16049531683373294,110998.0,35.765979368101895,7616.0,27.3286786038127,post_leap,3,3,0.0,0.9761904761904762,11.207368492515437,68.3000017134497,28.492153286488787,115.79900005026278,1.5198699315412252e-12,17.668304490212954,0.0,5.889434830071492,0.0,0.0,0.0,0.0,0.0,0.0
2025-04-17,1,main_upper_negative,15.127132038227806,202.78195667441736,217.90908871264517,0.06941946353681386,100353.0,15.073921096756257,5322.5,28.71495061228741,post_leap,3,3,0.0,0.9324324324324325,0.2127887330350882,61.626276982715574,12.063182093429186,108.6702319230364,2.851161211763533,17.76186069348669,0.0,14.723587075178731,0.0,0.0,0.0,0.0,0.0,0.0
2025-04-24,1,main_upper_negative,4.875819386289932,189.4755300060693,194.35134939235923,0.025087653888353302,75810.0,6.431630901318998,12271.5,30.05121284113673,post_leap,3,3,0.0,0.9242424242424243,0.0,55.94963088567918,0.0,100.12039211121537,4.875819386289932,18.681919933996035,0.0,14.723587075178731,0.0,0.0,0.0,0.0,0.0,0.0
2025-05-01,1,main_upper_negative,4.121768490082676,193.17429831731232,197.296066807395,0.02089128565399351,65100.0,6.331441613030224,5355.0,30.176487844743548,post_leap,3,3,0.0,0.9253731343283582,0.0,55.94963088567918,0.0,103.0651095262511,4.121768490082676,19.435970830203292,0.0,14.723587075178731,0.0,0.0,0.0,0.0,0.0,0.0
2025-05-08,1,main_upper_negative,3.978076940229019,187.42855503709447,191.40663197732349,0.020783380905528465,55532.0,7.163575848572028,4784.0,30.26792233893373,post_leap,3,3,0.0,0.9230769230769231,0.0,53.00491347064343,0.0,100.12039211121537,3.978076940229019,19.57966238005695,0.0,14.723587075178731,0.0,0.0,0.0,0.0,0.0,0.0
2025-05-15,1,main_upper_negative,8.295557228282794,183.11107474904068,191.40663197732349,0.04333996759979348,45589.0,18.19640094821732,4971.5,30.40149246588847,post_leap,3,3,0.0,0.9230769230769231,0.0,50.06019605560768,0.0,100.12039211121537,8.295557228282794,18.20689950703892,0.0,14.723587075178731,0.0,0.0,0.0,0.0,0.0,0.0
2025-06-19,2,main_upper_negative,55.94963088567919,217.9090887126452,273.8587195983244,0.20430107526881724,,,0.0,0.0,pre_leap,3,3,0.20430107526881724,0.30107526881720437,50.54195700733424,61.357304764024114,5.407673878344956,112.3810227230849,0.0,26.502456735321715,0.0,17.668304490214474,0.0,0.0,0.0,0.0,0.0,0.0
2025-06-26,2,main_upper_negative,103.06510952625109,223.79852354271674,326.86363306896783,0.31531531531531526,650456.0,15.845054780992273,0.0,0.0,pre_leap,3,3,0.31531531531531526,0.39639639639639634,62.80412194537178,60.874009486129545,40.26098758087932,112.86431800097947,1.5347924023885637e-15,26.502456735321715,0.0,20.61302190525022,0.0,0.0,0.0,2.944717415035746,0.0,0.0
2025-07-03,2,main_upper_negative,122.70886393131342,218.87835621283313,341.58722014414656,0.35923142522583673,619598.0,19.804593289731958,0.0,0.0,pre_leap,3,3,0.3534482758620689,0.4396551724137931,57.408799425794754,60.379897175635094,63.324614590670826,113.35843031147394,1.9754499148478413,27.47172423550962,0.0,17.668304490214474,0.0,0.0,0.0,0.0,0.0,0.0
2025-07-10,2,main_upper_negative,137.09881942746912,225.10142262192764,362.20024204939676,0.3785166422080183,563148.0,24.345077924003835,0.0,0.0,pre_leap,3,3,0.37398373983739835,0.45528455284552843,51.929873060249754,59.9693887111086,83.52712803139455,113.76893877600044,1.641818335824814,27.805355814532646,0.0,20.61302190525022,0.0,0.0,0.0,2.944717415035746,0.0,0.0
2025-07-17,2,main_upper_negative,166.68643987176233,219.0715414979204,385.75798136968274,0.4321010787124117,531711.0,31.349067420414915,15718.5,3.0613448587876344,post_leap,3,3,0.0,0.9312977099236641,47.48208152620755,58.52774541507931,115.46548773211317,105.38831839556777,3.738870613441578,28.653020951951632,0.0,20.61302190525022,0.0,0.0,0.0,5.889434830071492,0.0,0.0
2025-07-24,2,main_upper_negative,172.86171975019937,218.78569644955485,391.6474161997542,0.4413707651323651,503401.0,34.338771625443606,14155.0,6.596006529181479,post_leap,3,3,0.0,0.9323308270676691,38.47793109060397,58.697743605575646,125.1602602775679,104.52769809522029,9.223528382027496,29.0577980134372,0.0,17.668304490214474,0.0,2.944717415035746,0.0,5.889434830071492,0.0,0.0
2025-07-31,2,main_upper_negative,176.0705664301829,221.4662845996428,397.5368510298257,0.4429037609320224,471778.0,37.320639459699876,15811.5,10.906606396981186,post_leap,3,3,0.0,0.925925925925926,33.33802034859931,57.948219517508825,134.3652656905296,104.15684492736582,8.367280391053976,29.91404600441072,0.0,20.61302190525022,0.0,0.0,0.0,8.834152245107237,0.0,0.0
2025-08-07,2,main_upper_negative,177.45527835268237,223.0262900921791,400.48156844486147,0.44310473273906614,439788.0,40.350186533666765,15995.0,15.627622390259477,post_leap,3,3,0.0,0.9264705882352942,27.402703816420125,57.99410121961651,136.40708862535894,105.05973940757224,13.645485910903284,30.525275314632907,0.0,17.668304490214474,0.0,2.944717415035746,0.0,8.834152245107237,0.0,0.0
2025-08-14,2,main_upper_negative,179.6996185764145,226.6713846985185,406.371003274933,0.4422058097851965,410441.0,43.782082827109015,14673.5,20.28611197512225,post_leap,3,3,0.0,0.9130434782608694,26.343502921863315,56.108584699137566,141.07207390306164,103.33947154490528,12.284041751489577,31.886719474046615,0.0,23.557739320285968,0.0,0.0,0.0,11.778869660142984,0.0,0.0
2025-08-21,2,main_upper_negative,191.07470041412725,229.02546286575708,420.1001632798843,0.4548312929048473,388357.0,49.200787011468115,11042.0,24.052215483862145,post_leap,3,3,0.0,0.9035090708062442,22.942748109159723,54.22915656074258,143.1096527185306,100.80139291170016,25.022299586436915,33.45905828398976,0.0,27.54539315799444,0.0,5.441492955628173,0.0,7.548968995701999,0.0,0.0
2025-08-28,2,main_upper_negative,190.37204137744007,233.66726638770737,424.03930776514744,0.44894904291013726,356370.0,53.41977197223113,15993.5,30.227096702986156,post_leap,3,3,0.0,0.8888888888888888,21.60234496008161,52.01559041581204,142.2350347897183,99.23179324321288,26.534661627640137,35.30440408811053,0.0,32.39189156539321,0.0,0.0,0.0,14.723587075178731,0.0,0.0
2025-09-04,2,main_upper_negative,185.2203788463883,235.87421150372333,421.0945903501116,0.43985456733697315,332895.0,55.639279306204145,11737.5,35.09207780766373,post_leap,3,3,0.0,0.8881118881118882,18.830775922980422,51.842442037877476,135.15001014620782,100.42738305665188,31.23959277720004,36.48890776862211,0.0,32.39189156539321,0.0,2.944717415035746,0.0,11.778869660142984,0.0,0.0
2025-09-11,2,main_upper_negative,177.56005505168199,240.58981788339398,418.14987293507596,0.4246325696701834,309117.0,57.441051463258894,11889.0,40.2085805519971,post_leap,3,3,0.0,0.880281690140845,17.008229920907254,50.7202706249149,130.8544720529989,101.77820373482504,29.697353077775862,38.0311474680463,0.0,32.39189156539321,0.0,5.889434830071492,0.0,11.778869660142984,0.0,0.0
2025-09-18,2,main_upper_negative,175.17973696501673,245.9148533850949,421.0945903501116,0.41601041898773067,288952.0,60.62589529230347,10082.5,44.64073286026357,post_leap,3,3,0.0,0.8671328671328673,16.039910916174314,48.743872214612104,125.73823552440504,101.0050054333474,33.40159052443738,40.21634485145627,0.0,38.281326395464696,0.0,5.889434830071492,0.0,11.778869660142984,0.0,0.0
2025-09-25,2,main_upper_negative,140.64681775122324,253.94531586356675,394.59213361479,0.3564359392134409,240758.0,58.41833615133173,24097.0,56.10474678683136,post_leap,3,3,0.0,0.8656716417910447,8.993531640479333,49.90081666023559,103.27185606065544,108.74779782191828,28.381430050088476,42.29178791076942,0.0,35.33660898042895,0.0,5.889434830071492,0.0,11.778869660142984,0.0,0.0
2025-10-02,2,main_upper_negative,127.75625924679697,260.9464395379215,388.70269878471845,0.32867345569307277,216580.0,58.98802255369701,12089.0,61.47397717876479,post_leap,3,3,0.0,0.856060606060606,7.118491366633403,48.83113951904578,94.24240095170165,111.88781810080056,26.39536692846192,44.27785103239597,0.0,35.33660898042895,0.0,5.889434830071492,0.0,14.723587075178731,0.0,0.0
2025-10-09,2,main_upper_negative,121.55079682194814,264.2071845477346,385.75798136968274,0.3150959998037282,198964.0,61.09185421581197,8808.0,65.32313931409468,post_leap,3,3,0.0,0.8549618320610687,7.40165163852278,48.5479792471564,86.16901640097461,114.07176782145612,27.980128782450738,45.63780659344292,0.0,38.281326395464696,0.0,5.889434830071492,0.0,11.778869660142984,0.0,0.0
2025-10-16,2,main_upper_negative,105.65967844990153,271.26415067467394,376.9238291245755,0.28032103646856565,185308.0,57.01841175227272,6828.0,68.33360506220872,post_leap,3,3,0.0,0.8437500000000001,5.985731667990387,47.019181802653044,73.46962551852454,117.93700645879895,26.2043212633866,47.41361411250705,0.0,38.281326395464696,0.0,5.889434830071492,0.0,14.723587075178731,0.0,0.0
2025-10-23,2,main_upper_negative,63.54452556080684,257.42967267808945,320.9741982388963,0.19797393656393403,169443.0,37.502006905453065,7932.5,71.6103254466969,post_leap,3,3,0.0,0.7706422018348624,3.3520070024647546,40.81875422307144,44.85656857098645,93.54514993569362,15.335949987355631,49.447833143430785,0.0,47.115478640571936,0.0,8.834152245107237,0.0,17.668304490214474,0.0,0.0
2025-10-30,2,main_upper_negative,43.514796589906666,256.8463797437394,300.3611763336461,0.14487490401079572,150125.0,28.985709635241744,9659.0,74.15012889706159,post_leap,3,3,0.0,0.7549019607843137,1.5717543244373546,39.654289486063085,27.802121180790152,92.93129283567544,14.140921084679162,50.642862046107254,0.0,47.115478640571936,0.0,8.834152245107237,0.0,17.668304490214474,0.0,0.0
2025-11-06,2,main_upper_negative,38.581284586168096,258.8351743324423,297.4164589186104,0.12972141732319553,134699.0,28.642591694198245,7713.0,75.56791247990922,post_leap,3,3,0.0,0.7425742574257423,2.69064870657317,38.53539510392727,23.01955349463863,91.82442569175547,12.871082384956301,51.912700745830115,0.0,50.06019605560768,0.0,8.834152245107237,0.0,17.668304490214474,0.0,0.0
2025-11-13,2,main_upper_negative,36.36711053399561,263.99406579965046,300.3611763336461,0.12107793349962923,118308.0,30.739350284000754,8195.5,77.0679957993481,post_leap,3,3,0.0,0.7352941176470589,1.2542939963563537,37.02703239910834,23.713383501977773,94.07531309945207,11.399433035661474,53.384350095124944,0.0,47.115478640571936,0.0,11.778869660142984,0.0,20.61302190525022,0.0,0.0
2025-12-18,3,main_upper_negative,14.723587075178756,282.6928718434316,297.4164589186104,0.04950495049504959,,,0.0,0.0,pre_leap,3,3,0.04950495049504959,0.2475247524752476,14.723587075178646,35.336608980429034,1.1178245546395204e-13,103.06510952625099,0.0,58.894348300714924,0.0,53.00491347064343,0.0,11.778869660142984,0.0,20.61302190525022,0.0,0.0
2025-12-25,3,main_upper_negative,29.447174150357498,288.58230667350307,318.0294808238606,0.09259259259259271,289845.0,10.159628128950818,0.0,0.0,pre_leap,3,3,0.09259259259259268,0.28703703703703715,17.97941439049939,35.025499080144044,11.467759759858104,103.37621942653598,0.0,61.839065715750664,0.0,53.00491347064343,0.0,11.778869660142984,0.0,23.557739320285968,0.0,0.0
2026-01-01,3,main_upper_negative,32.39189156539324,291.52702408853884,323.91891565393206,0.1000000000000001,283614.0,11.421118691388028,0.0,0.0,pre_leap,3,3,0.1000000000000001,0.3000000000000001,18.00951728356361,34.99539618707982,14.382374281829627,103.40632231960022,0.0,64.78378313078642,0.0,53.00491347064343,0.0,11.778869660142984,0.0,23.557739320285968,0.0,0.0
2026-01-08,3,main_upper_negative,32.391891565393216,294.4717415035746,326.86363306896783,0.09909909909909913,257052.0,12.601299178918358,0.0,0.0,pre_leap,3,3,0.09909909909909913,0.29729729729729737,12.304988376668888,34.81049026390305,20.086903188724328,103.59122824277699,0.0,64.78378313078642,0.0,55.94963088567918,0.0,11.778869660142984,0.0,23.557739320285968,0.0,0.0
2026-01-15,3,main_upper_negative,31.087752788741934,310.49946735540465,341.58722014414656,0.09100970690772096,234425.0,13.261278783722698,11313.5,1.1405183860855428,post_leap,3,3,0.0,0.6982758620689654,9.188622573059831,34.98213865247636,21.899130215682103,104.72371863085498,0.0,67.72850054582216,0.0,58.894348300714924,0.0,14.723587075178731,0.0,29.447174150357462,0.0,0.0
2026-01-22,3,main_upper_negative,27.983113247116282,322.4382591421375,350.4213723892538,0.07985561227707362,217437.0,12.86952691911509,8494.0,2.03594621006664,post_leap,3,3,0.0,0.6806722689075629,9.09935755738935,35.07140366814684,18.73316351443345,104.94496791706788,0.15059217529348665,70.52262578556441,0.0,58.894348300714924,0.0,17.668304490214474,0.0,35.33660898042895,0.0,0.0
2026-01-29,3,main_upper_negative,23.49293824538554,329.873151558904,353.3660898042895,0.06648328439889922,193637.0,12.13246344726759,11900.0,3.250945441716064,post_leap,3,3,0.0,0.6666666666666666,5.960625609862409,35.26541820063803,17.532312635523134,106.14581879597819,0.0,70.6732179608579,0.0,61.839065715750664,0.0,17.668304490214474,0.0,38.281326395464696,0.0,0.0
2026-02-05,3,main_upper_negative,20.57392986955914,335.73687734976613,356.3108072193253,0.05774152636603853,179372.0,11.469978519255593,7132.5,3.9269690788085723,post_leap,3,3,0.0,0.6611570247933883,3.012318758561659,35.269007636903034,17.019410531705383,106.65872089979595,0.5422005792921005,73.07573479660155,0.0,64.78378313078642,0.0,17.668304490214474,0.0,38.281326395464696,0.0,0.0
2026-02-12,3,main_upper_negative,19.24407153230052,345.90088793213204,365.14495946443253,0.052702552872498344,168935.0,11.391405885281628,5218.5,4.386182896636411,post_leap,3,3,0.0,0.6451612903225805,3.132618293434369,35.14870810203033,16.11145323886615,107.56667819263518,0.0,73.61793537589365,0.0,64.78378313078642,0.0,20.61302190525022,0.0,44.17076122553619,0.0,0.0
2026-02-19,3,main_upper_negative,16.694624412546432,354.3397698819576,371.034394294504,0.04499481630076396,154821.0,10.78317825911629,7057.0,5.007365192812689,post_leap,3,3,0.0,0.6349206349206349,3.1488186240270637,35.13250777143763,13.423454144965351,107.30995987150024,0.12235164355401751,76.44030114737538,0.0,67.72850054582216,0.0,20.61302190525022,0.0,47.115478640571936,0.0,0.0
2026-02-26,3,main_upper_negative,14.669780798879865,359.30933091065987,373.9791117095397,0.03922620365565636,148798.0,9.858856166668817,3011.5,5.242116697467256,post_leap,3,3,0.0,0.6299212598425197,0.4026115318495369,34.93399744857941,14.267169267030328,109.410962164471,0.0,76.56265279092939,0.0,67.72850054582216,0.0,23.557739320285968,0.0,47.115478640571936,0.0,0.0
2026-03-05,3,main_upper_negative,11.926563630302477,362.0525480792372,373.9791117095397,0.03189098871266784,139917.0,8.524027552264897,4440.5,5.566132120444662,post_leap,3,3,0.0,0.6220472440944882,0.4576516889760995,34.87895729145285,10.756101684992132,107.03259491643772,0.7128102563342449,78.7945599496309,0.0,70.6732179608579,0.0,23.557739320285968,0.0,47.115478640571936,0.0,0.0
2026-03-12,3,main_upper_negative,15.724101054920665,367.0891628997263,382.81326395464697,0.04107512078469555,132277.0,11.887252549514024,3820.0,5.798795741839655,post_leap,3,3,0.0,0.6230769230769231,0.6789918517821243,34.65761712864683,14.611889307258002,109.06624212424333,0.4332198958805367,79.0741503100846,0.0,73.61793537589365,0.0,23.557739320285968,0.0,47.115478640571936,0.0,0.0
2026-03-19,3,main_upper_negative,29.712284598266685,391.3823057518449,421.0945903501116,0.07055964450543745,138000.0,21.53064101323673,0.0,5.769801763130456,post_leap,3,3,0.0,0.6153846153846154,3.794498581914242,34.486827813550455,18.392542677198726,111.17502358437412,7.525243339153718,83.76099652695441,0.0,79.50737020596515,0.0,26.502456735321715,0.0,55.94963088567918,0.0,0.0
2026-03-26,3,main_upper_negative,32.843365644930486,388.25122470518113,421.0945903501116,0.07799522102058698,154628.0,21.24024474540865,0.0,5.740952754314804,post_leap,3,3,0.0,0.6153846153846154,6.838083457475849,34.387960353024596,17.917389438869815,108.70545940766726,8.087892748584819,83.19834711752331,0.0,79.50737020596515,0.0,26.502456735321715,0.0,55.94963088567918,0.0,0.0
2026-04-02,3,main_upper_negative,29.171568459804753,394.8677393053427,424.03930776514744,0.06879449127853335,130670.0,22.3246104383598,11979.0,7.747743124985229,post_leap,3,3,0.0,0.611111111111111,3.8047104626703256,34.47661593279437,16.12394570654413,110.49890313999295,9.242912290590292,84.98804499055358,0.0,79.50737020596515,0.0,26.502456735321715,0.0,58.894348300714924,0.0,0.0
2026-04-09,3,main_upper_negative,31.094468334449317,401.7789916758054,432.8734600102547,0.07183269755949624,119643.0,25.98937533700201,5513.5,8.693698326575479,post_leap,3,3,0.0,0.6054421768707482,3.7533201947582118,34.528006200706486,15.633593020835532,110.98925582570155,11.707555118855574,85.46811957732405,0.0,82.45208762100089,0.0,26.502456735321715,0.0,61.839065715750664,0.0,0.0
2026-06-18,4,main_upper_negative,98.94775163666938,510.60875327573,609.5565049123994,0.16232744764308496,,,0.0,0.0,pre_leap,4,3,0.13526570048309178,0.5024154589371981,35.5977369772327,35.0754809836252,46.85435064376819,126.88397684334083,6.763003727743268,102.19154062857933,9.732660287925215,105.11131889846888,0.0,38.281326395464696,0.0,91.28623986610813,0.0,11.778869660142984
2026-06-25,4,main_upper_negative,169.82987661891576,510.3998462543415,680.2297228732573,0.24966547463048602,472376.0,35.95226612252015,0.0,0.0,pre_leap,4,3,0.18181818181818193,0.5541125541125542,23.815978403622285,35.07836989709264,99.8621530278791,126.88108792987335,36.42066686776836,101.9810516389117,9.731078319646027,105.11290086674806,0.0,38.281326395464696,0.0,94.23095728114387,0.0,8.834152245107237
2026-07-02,4,main_upper_negative,209.29087428040157,515.109609818392,724.4004840987935,0.28891597793556767,450911.0,46.415118344950905,0.0,0.0,pre_leap,4,3,0.18292682926829268,0.573170731707317,18.179738732014446,34.82517473862899,114.33254494459415,127.13428308833703,63.199465858554774,101.704709383447,13.579124745238211,104.20957185619164,0.0,41.22604381050044,0.0,97.17567469617961,0.0,8.834152245107237
2026-07-09,4,main_upper_negative,238.92083527543218,514.9268229737188,753.847658249151,0.31693516940854843,431527.0,55.36636995493496,0.0,0.0,pre_leap,4,3,0.17968750000000008,0.5898437500000001,12.291172579077738,34.8243060614942,123.1658285125667,127.13515176547172,81.24394049104113,101.32853924117514,22.219893692746588,104.40295515379049,0.0,41.22604381050044,0.0,97.17567469617961,0.0,8.834152245107237
2026-07-16,4,main_upper_negative,264.3527342898409,518.9420981096675,783.2948323995084,0.337488163275679,412846.0,64.03180224341301,0.0,0.0,pre_leap,4,3,0.1766917293233083,0.5977443609022557,9.557993583790065,34.612767641746125,128.84372492289012,127.34669018521979,96.69619324755875,100.59987355983624,29.25482253560198,103.25746114100659,0.0,44.17076122553619,0.0,100.12039211121537,0.0,8.834152245107237
2026-07-23,4,main_upper_negative,292.07828636059884,523.6084376043027,815.6867239649015,0.35807654799242117,399123.0,73.18001878132777,6861.5,3.5148336887454286,post_leap,4,3,0.0,0.8014440433212998,6.966583311862043,34.2594604986384,132.1508211725028,124.03959393560712,111.6308338382175,100.38882004435622,41.33004803801652,102.96110529873505,0.0,44.17076122553619,0.0,106.00982694128686,0.0,11.778869660142984
2026-07-30,4,main_upper_negative,309.5547971859663,532.6343835142569,842.1891807002232,0.36755969356978974,380114.0,81.43735752589126,9504.5,9.06157542835874,post_leap,4,3,0.0,0.8006993006993008,4.142423618941945,34.13890277652275,130.8033805932631,125.38703451484679,126.9605279060295,102.72743046675869,47.648465067731806,102.53212309909124,0.0,47.115478640571936,0.0,108.9545443563226,0.0,11.778869660142984
2026-08-06,4,main_upper_negative,327.8078454098039,540.8837920257413,868.6916374355452,0.37735812258711476,367949.0,89.09056565170823,6082.5,12.979009368426814,post_leap,4,3,0.0,0.7966101694915253,1.5100019286588686,33.82660705177008,130.63337390898837,125.55704119912153,133.45496444584595,102.12242875701375,62.20950512631074,102.69467011569103,0.0,50.06019605560768,0.0,114.8439791863941,0.0,11.778869660142984
2026-08-13,4,main_upper_negative,344.32524092636373,550.868853244503,895.1940941708668,0.3846375251674102,354963.0,97.0031357990449,6493.0,17.541834663797015,post_leap,4,3,0.0,0.7927631578947367,1.80379099440851,33.53281798602044,126.45486131364395,126.79083637943022,137.61432823781573,103.85249979511545,78.4522603804956,101.1755019366849,0.0,53.00491347064343,0.0,117.78869660142985,0.0,14.723587075178731
2026-08-20,4,main_upper_negative,372.2451367587185,572.2491860134389,944.4943227721574,0.39412109504920345,343054.0,108.50919585800442,5954.5,22.074966867401333,post_leap,4,3,0.0,0.7756060367575094,1.3488854188883794e-12,30.868761867959574,113.8166218219364,125.2162028956898,132.69906967315345,102.98080254466609,125.72944526362735,101.24459435824681,0.0,58.38721941389031,0.0,127.04914819766462,0.0,26.502456735321715
2024-12-19,1,solo_upper_control,35.33660898042894,182.57247973221624,217.90908871264517,0.16216216216216214,173213.0,20.40066795242213,0.0,0.0,pre_leap,3,3,0.16216216216216214,0.2027027027027027,30.018413111466074,70.10197899974929,5.318195868962867,97.74691365728825,0.0,8.834152245107237,0.0,0.0,0.0,0.0,0.0,5.889434830071492,0.0,0.0
2024-12-26,1,solo_upper_control,53.00491347064342,182.57247973221627,235.5773932028597,0.22499999999999995,340543.0,15.564822495439174,0.0,0.0,pre_leap,3,3,0.22499999999999995,0.26249999999999996,42.565153005773794,69.33410876558456,10.439760464869629,98.51478389145296,0.0,8.834152245107237,0.0,0.0,0.0,0.0,0.0,5.889434830071492,0.0,0.0
2025-01-02,1,solo_upper_control,63.2023655925861,181.20917985538082,244.41154544796692,0.2585899347624776,351168.0,17.997757652344774,0.0,0.0,pre_leap,3,3,0.25301204819277123,0.3012048192771086,43.189273565741956,68.7099882056164,18.649792150008754,99.1389044514211,1.3632998768353872,10.415569783307596,0.0,2.944717415035746,0.0,0.0,0.0,0.0,0.0,0.0
2025-01-09,1,solo_upper_control,62.5362420228858,181.8753034250811,244.41154544796692,0.255864516990255,330152.0,18.941651730986273,0.0,0.0,pre_leap,3,3,0.25301204819277107,0.30120481927710846,40.74804561911578,68.20649873720683,21.09102009663488,99.64239391983071,0.6971763071351442,11.08169335300784,0.0,2.944717415035746,0.0,0.0,0.0,0.0,0.0,0.0
2025-01-16,1,solo_upper_control,68.87525175860466,181.4257285194338,250.30098027803845,0.2751697243937954,307111.0,22.426826703896854,11520.5,1.7457383901346188,post_leap,3,3,0.0,0.976470588235294,39.336938179083596,66.67288876220326,29.477815025921167,97.14503382061591,0.06049855359990212,11.718371106543081,0.0,5.889434830071492,0.0,0.0,0.0,0.0,0.0,0.0
2025-01-23,1,solo_upper_control,65.22484230728855,182.1314205557141,247.35626286300266,0.2636878547256072,277133.0,23.535574005004296,14989.0,4.426255341901625,post_leap,3,3,0.0,0.9761904761904764,33.3562297334714,66.76416237774396,31.868612573817146,97.69895368775569,0.0,11.778869660142984,0.0,5.889434830071492,0.0,0.0,0.0,0.0,0.0,0.0
2025-01-30,1,solo_upper_control,68.98554938199892,184.26014831107523,253.24569769307413,0.27240561245627654,257133.0,26.828742083668345,10000.0,6.286969985592461,post_leap,3,3,0.0,0.9767441860465116,33.085931962968516,67.03446014824685,33.91808802596128,98.5941956506473,1.9815293930691207,12.74205768210961,0.0,5.889434830071492,0.0,0.0,0.0,0.0,0.0,0.0
2025-02-06,1,solo_upper_control,67.91045355980783,185.33524413326631,253.24569769307413,0.2681603445919669,237813.0,28.556241063275696,9660.0,8.328860323890389,post_leap,3,3,0.0,0.9767441860465116,30.456674950355335,66.71899974582428,36.088707701128875,99.36829339051545,1.365070908323632,13.358516166855098,0.0,5.889434830071492,0.0,0.0,0.0,0.0,0.0,0.0
2025-02-13,1,solo_upper_control,68.49306271734343,184.7526349757307,253.24569769307413,0.2704609134183787,216696.0,31.60790356875228,10558.5,10.69930459240371,post_leap,3,3,0.0,0.9767441860465116,30.518638734491926,66.65703596168768,37.97442398285151,100.42729452382855,0.0,11.778869660142984,0.0,5.889434830071492,0.0,0.0,0.0,0.0,0.0,0.0
2025-02-20,1,solo_upper_control,71.87236151837877,190.20748841980262,262.0798499381814,0.27423841068030147,200373.0,35.86928454351573,8161.5,12.709551309252664,post_leap,3,3,0.0,0.9775280898876404,32.96666048815645,67.15373162305892,38.491110931845846,102.85532498986996,0.41459009837647937,14.308996976802252,0.0,5.889434830071492,0.0,0.0,0.0,0.0,0.0,0.0
2025-02-27,1,solo_upper_control,67.62769198547447,185.61800570759965,253.24569769307413,0.26704379423431357,222293.0,30.42277174066411,0.0,12.6460035527064,post_leap,3,3,0.0,0.9767441860465116,32.090865656302995,65.08480903987662,35.536826329170616,99.92017476247369,8.499337185948154e-13,14.723587075177882,0.0,5.889434830071492,0.0,0.0,0.0,0.0,0.0,0.0
2025-03-06,1,solo_upper_control,60.40002574139886,186.9562371216038,247.35626286300266,0.24418231841920732,202226.0,29.867586631490937,10033.5,15.024748577022493,post_leap,3,3,0.0,0.9761904761904762,26.26113019183385,65.02510967427429,34.13889554956502,101.3181055420793,0.0,14.723587075178731,0.0,5.889434830071492,0.0,0.0,0.0,0.0,0.0,0.0
2025-03-13,1,solo_upper_control,58.827110611085054,188.5291522519176,247.35626286300266,0.2378234127981883,179680.0,32.739932441610115,11273.0,17.643203266911765,post_leap,3,3,0.0,0.9761904761904762,23.29857504987696,65.04294740119542,35.528535561208095,102.87318294547197,0.0,14.723587075178731,0.0,5.889434830071492,0.0,0.0,0.0,0.0,0.0,0.0
2025-03-20,1,solo_upper_control,59.237283754402945,191.0636965236355,250.30098027803845,0.2366642099787272,163262.0,36.2835710418854,8209.0,19.705084093882625,post_leap,3,3,0.0,0.976470588235294,22.617837737926504,65.72368471314587,36.619446016476445,104.72698990523935,0.0,14.723587075178731,0.0,5.889434830071492,0.0,0.0,0.0,0.0,0.0,0.0
2025-03-27,1,solo_upper_control,54.88608931597291,195.41489096206556,250.30098027803845,0.21928036100779366,140011.0,39.201269411669735,11625.5,22.98107591459272,post_leap,3,3,0.0,0.976470588235294,18.995117045051703,66.40168799098494,35.8909722709212,108.40018106583037,0.0,14.723587075178731,0.0,5.889434830071492,0.0,0.0,0.0,0.0,0.0,0.0
2025-04-03,1,solo_upper_control,50.27638471329481,197.07987814970784,247.35626286300266,0.20325494948611914,126230.0,39.829188555252166,6890.5,25.027101310068637,post_leap,3,3,0.0,0.9761904761904762,15.921752875135809,66.53033474586508,34.354631838158994,109.93652149859257,0.0,14.723587075178731,0.0,5.889434830071492,0.0,0.0,0.0,0.0,0.0,0.0
2025-04-10,1,solo_upper_control,39.69952177900574,207.6567410839969,247.35626286300266,0.16049531683373294,110998.0,35.765979368101895,7616.0,27.3286786038127,post_leap,3,3,0.0,0.9761904761904762,11.207368492515437,68.3000017134497,28.492153286488787,115.79900005026278,1.5198699315412252e-12,17.668304490212954,0.0,5.889434830071492,0.0,0.0,0.0,0.0,0.0,0.0
2025-04-17,1,solo_upper_control,15.127132038227806,202.78195667441736,217.90908871264517,0.06941946353681386,100353.0,15.073921096756257,5322.5,28.71495061228741,post_leap,3,3,0.0,0.9324324324324325,0.2127887330350882,61.626276982715574,12.063182093429186,108.6702319230364,2.851161211763533,17.76186069348669,0.0,14.723587075178731,0.0,0.0,0.0,0.0,0.0,0.0
2025-04-24,1,solo_upper_control,4.875819386289932,189.4755300060693,194.35134939235923,0.025087653888353302,75810.0,6.431630901318998,12271.5,30.05121284113673,post_leap,3,3,0.0,0.9242424242424243,0.0,55.94963088567918,0.0,100.12039211121537,4.875819386289932,18.681919933996035,0.0,14.723587075178731,0.0,0.0,0.0,0.0,0.0,0.0
2025-05-01,1,solo_upper_control,4.121768490082676,193.17429831731232,197.296066807395,0.02089128565399351,65100.0,6.331441613030224,5355.0,30.176487844743548,post_leap,3,3,0.0,0.9253731343283582,0.0,55.94963088567918,0.0,103.0651095262511,4.121768490082676,19.435970830203292,0.0,14.723587075178731,0.0,0.0,0.0,0.0,0.0,0.0
2025-05-08,1,solo_upper_control,3.978076940229019,187.42855503709447,191.40663197732349,0.020783380905528465,55532.0,7.163575848572028,4784.0,30.26792233893373,post_leap,3,3,0.0,0.9230769230769231,0.0,53.00491347064343,0.0,100.12039211121537,3.978076940229019,19.57966238005695,0.0,14.723587075178731,0.0,0.0,0.0,0.0,0.0,0.0
2025-05-15,1,solo_upper_control,8.295557228282794,183.11107474904068,191.40663197732349,0.04333996759979348,45589.0,18.19640094821732,4971.5,30.40149246588847,post_leap,3,3,0.0,0.9230769230769231,0.0,50.06019605560768,0.0,100.12039211121537,8.295557228282794,18.20689950703892,0.0,14.723587075178731,0.0,0.0,0.0,0.0,0.0,0.0
2025-06-19,2,solo_upper_control,55.94963088567919,217.9090887126452,273.8587195983244,0.20430107526881724,,,0.0,0.0,pre_leap,3,3,0.20430107526881724,0.30107526881720437,51.032704448073964,60.86655732328439,4.916926437605225,112.87177016382462,3.5571413559262866e-15,26.50245673532171,0.0,17.668304490214474,0.0,0.0,0.0,0.0,0.0,0.0
2025-06-26,2,solo_upper_control,103.06510952625112,223.7985235427167,326.86363306896783,0.3153153153153153,650456.0,15.845054780992275,0.0,0.0,pre_leap,3,3,0.31531531531531526,0.39639639639639634,63.78538827579441,59.89274315570692,39.27972125045669,113.8455843314021,2.0730808188173596e-14,26.502456735321694,0.0,20.61302190525022,0.0,0.0,0.0,2.944717415035746,0.0,0.0
2025-07-03,2,solo_upper_control,121.82434103589257,219.76287910825397,341.58722014414656,0.35664197561162814,619598.0,19.661835744449235,0.0,0.0,pre_leap,3,3,0.3534482758620689,0.4396551724137931,58.88996789576628,58.898728705663565,61.8434461206993,114.83959878144546,1.0909270194269916,28.35624713093047,0.0,17.668304490214474,0.0,0.0,0.0,0.0,0.0,0.0
2025-07-10,2,solo_upper_control,135.9248006324596,226.27544141693716,362.20024204939676,0.3752752893354561,563148.0,24.136603633939856,0.0,0.0,pre_leap,3,3,0.37398373983739835,0.45528455284552843,53.86081887050338,58.038442900854974,81.59618222114092,115.69988458625407,0.46779954081528247,28.97937460954218,0.0,20.61302190525022,0.0,0.0,0.0,2.944717415035746,0.0,0.0
2025-07-17,2,solo_upper_control,172.73912754710483,213.0188538225779,385.75798136968274,0.44779145446005447,531711.0,32.48740905249371,15718.5,3.035129633760668,post_leap,3,3,0.0,0.9312977099236641,50.02935176181359,55.980475179473274,120.00414175581555,100.84966437186539,2.7056340294756986,29.68625753591751,0.0,20.61302190525022,0.0,0.0,0.0,5.889434830071492,0.0,0.0
2025-07-24,2,solo_upper_control,180.68195342018706,210.96546277956716,391.6474161997542,0.4613383005903268,503401.0,35.892251588730865,14155.0,6.698828186696253,post_leap,3,3,0.0,0.9323308270676691,41.66866171763382,55.507012978545795,131.09681460653127,98.59114376625692,7.916477096021962,30.36484929944273,0.0,17.668304490214474,0.0,2.944717415035746,0.0,5.889434830071492,0.0,0.0
2025-07-31,2,solo_upper_control,183.08983503344783,214.44701599637787,397.5368510298257,0.46056066138057544,471778.0,38.80847242420118,15811.5,11.205416733724514,post_leap,3,3,0.0,0.925925925925926,36.22229732023914,55.06394254586899,139.64647169554036,98.87563892235508,7.22106601766833,31.060260377796364,0.0,20.61302190525022,0.0,0.0,0.0,8.834152245107237,0.0,0.0
2025-08-07,2,solo_upper_control,185.65774810426143,214.82382034060004,400.48156844486147,0.46358624898819256,439788.0,42.21528284179227,15995.0,16.115321781456675,post_leap,3,3,0.0,0.9264705882352942,30.89266277442909,54.50414226160755,142.52935305654347,98.9374749763877,12.235732273288855,31.935028952247336,0.0,17.668304490214474,0.0,2.944717415035746,0.0,8.834152245107237,0.0,0.0
2025-08-14,2,solo_upper_control,184.6588100269495,221.7121932479835,406.371003274933,0.45440941538345286,410441.0,44.99034210201942,14673.5,20.99031279478171,post_leap,3,3,0.0,0.9130434782608694,28.57440859999667,53.87767902100421,144.61066318261788,99.80088226534903,11.473738244334942,32.69702298120124,0.0,23.557739320285968,0.0,0.0,0.0,11.778869660142984,0.0,0.0
2025-08-21,2,solo_upper_control,192.98661311998774,227.1135501598966,420.1001632798843,0.4593823806524298,388357.0,49.69309504398987,11042.0,24.859628090731782,post_leap,3,3,0.0,0.9035090708062442,24.135861586990025,53.03604308291228,144.14753514742915,99.76351048280162,24.703216385568567,33.77814148485811,0.0,27.54539315799444,0.0,5.441492955628173,0.0,7.548968995701999,0.0,0.0
2025-08-28,2,solo_upper_control,188.98718978860666,235.05211797654079,424.03930776514744,0.4456831862702608,356370.0,53.031172598312615,15993.5,31.09346207496654,post_leap,3,3,0.0,0.8888888888888888,21.404305451974768,52.21362992391889,140.68101006693686,100.78581796599431,26.901874269695035,34.93719144605563,0.0,32.39189156539321,0.0,0.0,0.0,14.723587075178731,0.0,0.0
2025-09-04,2,solo_upper_control,184.9909760212611,236.1036143288505,421.0945903501116,0.43930978991550007,332895.0,55.570367840088046,11737.5,35.91762187157326,post_leap,3,3,0.0,0.8881118881118882,19.29917757390835,51.374040386949545,134.39545327205954,101.18193993080016,31.296345175293233,36.432155370528925,0.0,32.39189156539321,0.0,2.944717415035746,0.0,11.778869660142984,0.0,0.0
2025-09-11,2,solo_upper_control,176.39532701495494,241.75454592012102,418.14987293507596,0.4218471376705236,309117.0,57.064259492345926,11889.0,41.023442588221855,post_leap,3,3,0.0,0.880281690140845,17.20613558087706,50.5223649649451,129.3072894211834,103.32538636664052,29.881902012894475,37.846598532927686,0.0,32.39189156539321,0.0,5.889434830071492,0.0,11.778869660142984,0.0,0.0
2025-09-18,2,solo_upper_control,171.415571362676,249.67901898743563,421.0945903501116,0.4070714164723787,288952.0,59.32319948042442,10082.5,45.421128545933364,post_leap,3,3,0.0,0.8671328671328673,15.08268912526093,49.70109400552549,122.20663522574107,104.53660573201138,34.12624701167397,39.491688364219684,0.0,38.281326395464696,0.0,5.889434830071492,0.0,11.778869660142984,0.0,0.0
2025-09-25,2,solo_upper_control,139.84535638457714,254.74677723021284,394.59213361479,0.35440482582224364,240758.0,58.08544529551547,24097.0,56.630112006241994,post_leap,3,3,0.0,0.8656716417910447,9.624130890827416,49.27021740988751,101.90202582166413,110.1176280609096,28.319199672085592,42.35401828877231,0.0,35.33660898042895,0.0,5.889434830071492,0.0,11.778869660142984,0.0,0.0
2025-10-02,2,solo_upper_control,126.78314309029717,261.91955569442126,388.70269878471845,0.32616995839412877,216580.0,58.538712295824716,12089.0,61.96452103163068,post_leap,3,3,0.0,0.856060606060606,7.541466426467794,48.408164459211385,92.84331613999682,113.2869029125054,26.398360523832565,44.27485743702533,0.0,35.33660898042895,0.0,5.889434830071492,0.0,14.723587075178731,0.0,0.0
2025-10-09,2,solo_upper_control,121.32979091630114,264.4281904533816,385.75798136968274,0.31452308643233845,198964.0,60.98077587719443,8808.0,65.77957024968552,post_leap,3,3,0.0,0.8549618320610687,8.443770704372787,47.50586018130639,85.22963540688308,115.01114881554766,27.656384805045263,45.96155057084839,0.0,38.281326395464696,0.0,5.889434830071492,0.0,11.778869660142984,0.0,0.0
2025-10-16,2,solo_upper_control,103.44783891622949,273.475990208346,376.9238291245755,0.27445290247764986,185308.0,55.824810000771414,6828.0,68.78168629995297,post_leap,3,3,0.0,0.8437500000000001,6.584120020933149,46.42079344971028,70.78117610808181,120.62545586924168,26.08254278721453,47.53539258867912,0.0,38.281326395464696,0.0,5.889434830071492,0.0,14.723587075178731,0.0,0.0
2025-10-23,2,solo_upper_control,54.7212990940727,266.2528991448236,320.9741982388963,0.17048504021293467,169443.0,32.29481247031314,7932.5,71.98042031110215,post_leap,3,3,0.0,0.7706422018348624,0.41161756412012795,43.75914366141606,37.254297002038115,101.14742150464194,17.05538452791445,47.72839860287197,0.0,47.115478640571936,0.0,8.834152245107237,0.0,17.668304490214474,0.0,0.0
2025-10-30,2,solo_upper_control,35.36663981490366,264.99453651874245,300.3611763336461,0.11774704123417674,150125.0,23.55812810318312,9659.0,74.11600295875267,post_leap,3,3,0.0,0.7549019607843137,2.4608426340478597e-14,41.22604381050042,19.796104942709608,100.93730907375598,15.570534872194022,49.213248258592394,0.0,47.115478640571936,0.0,8.834152245107237,0.0,17.668304490214474,0.0,0.0
2025-11-06,2,solo_upper_control,29.198835494976223,268.21762342363417,297.4164589186104,0.0981749147345159,134699.0,21.67709893538647,7713.0,75.19905368043773,post_leap,3,3,0.0,0.7425742574257423,0.3733578670010131,40.85268594349943,14.4539918947822,100.38998729161189,14.37148573319301,50.412297397593406,0.0,50.06019605560768,0.0,8.834152245107237,0.0,17.668304490214474,0.0,0.0
2025-11-13,2,solo_upper_control,26.275639455822564,274.08553687782353,300.3611763336461,0.08748014565848936,118308.0,22.209520451552358,8195.5,76.24429572663522,post_leap,3,3,0.0,0.7352941176470589,2.0674484907603788e-14,38.281326395464674,13.27905390360613,104.50964269782372,12.99658555221641,51.78719757857001,0.0,47.115478640571936,0.0,11.778869660142984,0.0,20.61302190525022,0.0,0.0
2025-12-18,3,solo_upper_control,14.72358707517889,282.6928718434315,297.4164589186104,0.04950495049505004,,,0.0,0.0,pre_leap,3,3,0.04950495049504959,0.2475247524752476,14.723587075178587,35.3366089804291,1.7000641315133874e-13,103.06510952625094,1.3247482670199782e-13,58.89434830071479,0.0,53.00491347064343,0.0,11.778869660142984,0.0,20.61302190525022,0.0,0.0
2025-12-25,3,solo_upper_control,29.447174150357636,288.58230667350296,318.0294808238606,0.09259259259259314,289845.0,10.159628128950866,0.0,0.0,pre_leap,3,3,0.09259259259259268,0.28703703703703715,18.0330233405512,34.971890130092234,11.414150809806294,103.4298283765878,1.425634662429753e-13,61.83906571575052,0.0,53.00491347064343,0.0,11.778869660142984,0.0,23.557739320285968,0.0,0.0
2026-01-01,3,solo_upper_control,32.391891565393266,291.5270240885388,323.91891565393206,0.10000000000000019,283614.0,11.421118691388036,0.0,0.0,pre_leap,3,3,0.1000000000000001,0.3000000000000001,18.15357497757558,34.85133849306785,14.238316587817657,103.5503800136122,2.6538358701695756e-14,64.78378313078639,0.0,53.00491347064343,0.0,11.778869660142984,0.0,23.557739320285968,0.0,0.0
2026-01-08,3,solo_upper_control,32.39189156539338,294.47174150357444,326.86363306896783,0.09909909909909963,257052.0,12.60129917891842,0.0,0.0,pre_leap,3,3,0.09909909909909913,0.29729729729729737,12.49544677114702,34.62003186942492,19.8964447942462,103.78168663725512,1.6520631914956803e-13,64.78378313078625,0.0,55.94963088567918,0.0,11.778869660142984,0.0,23.557739320285968,0.0,0.0
2026-01-15,3,solo_upper_control,31.097172910829237,310.49004723331734,341.58722014414656,0.09103728440925432,234425.0,13.265297178555716,11313.5,1.1405183860855488,post_leap,3,3,0.0,0.6982758620689654,9.296168118933233,34.87459310660296,21.801004791896002,104.82184405464108,0.0,67.72850054582216,0.0,58.894348300714924,0.0,14.723587075178731,0.0,29.447174150357462,0.0,0.0
2026-01-22,3,solo_upper_control,27.839575359015946,322.58179703023785,350.4213723892538,0.07944599716963407,217437.0,12.803513366637668,8494.0,2.0362192680323394,post_leap,3,3,0.0,0.6806722689075629,9.166460159593349,35.00430106594284,18.673115199422593,105.00501623207873,0.0,70.6732179608579,0.0,58.894348300714924,0.0,17.668304490214474,0.0,35.33660898042895,0.0,0.0
2026-01-29,3,solo_upper_control,23.48895619783986,329.87713360644966,353.3660898042895,0.06647201549772117,193637.0,12.130406997546885,11900.0,3.244932644196083,post_leap,3,3,0.0,0.6666666666666666,6.029516073262733,35.19652773723771,17.459440124577128,106.2186913069242,0.0,70.6732179608579,0.0,61.839065715750664,0.0,17.668304490214474,0.0,38.281326395464696,0.0,0.0
2026-02-05,3,solo_upper_control,20.06980927798387,336.2409979413414,356.3108072193253,0.05632669251491439,179372.0,11.188930980300087,7132.5,3.920869004255127,post_leap,3,3,0.0,0.6611570247933883,3.129793402191383,35.151532993273314,16.94001587579249,106.73811555570884,0.0,73.61793537589365,0.0,64.78378313078642,0.0,17.668304490214474,0.0,38.281326395464696,0.0,0.0
2026-02-12,3,solo_upper_control,19.221693576687226,345.9232658877453,365.14495946443253,0.052641267744405335,168935.0,11.37815939662428,5218.5,4.36838014979942,post_leap,3,3,0.0,0.6451612903225805,3.206515395991312,35.074810999473385,16.015178180695912,107.66295325080542,0.0,73.61793537589365,0.0,64.78378313078642,0.0,20.61302190525022,0.0,44.17076122553619,0.0,0.0
2026-02-19,3,solo_upper_control,16.542665336271824,354.4917289582322,371.034394294504,0.044585261071892125,154821.0,10.685026796282044,7057.0,4.988903615946244,post_leap,3,3,0.0,0.6349206349206349,3.225615955310553,35.055710440154144,13.31704938096127,107.41636463550432,0.0,76.56265279092939,0.0,67.72850054582216,0.0,20.61302190525022,0.0,47.115478640571936,0.0,0.0
2026-02-26,3,solo_upper_control,14.638933592694677,359.34017811684504,373.9791117095397,0.039143719887928856,148798.0,9.838125238709308,3011.5,5.22138276344254,post_leap,3,3,0.0,0.6299212598425197,0.5242065239205772,34.81240245650837,14.1147270687741,109.56340436272723,0.0,76.56265279092939,0.0,67.72850054582216,0.0,23.557739320285968,0.0,47.115478640571936,0.0,0.0
2026-03-05,3,solo_upper_control,11.25408041551242,362.7250312940273,373.9791117095397,0.030092804820214623,139917.0,8.043397453856514,4440.5,5.544765410605235,post_leap,3,3,0.0,0.6220472440944882,0.6348163684447613,34.70179261198419,10.61926404706764,107.1694325543622,1.601424544316442e-14,79.50737020596513,0.0,70.6732179608579,0.0,23.557739320285968,0.0,47.115478640571936,0.0,0.0
2026-03-12,3,solo_upper_control,15.34212480886753,367.47113914577943,382.81326395464697,0.040077307276074836,132277.0,11.598482584929753,3820.0,5.762847809742066,post_leap,3,3,0.0,0.6230769230769231,0.8919825868748316,34.44462639355412,14.450142221992698,109.22798920950864,0.0,79.50737020596515,0.0,73.61793537589365,0.0,23.557739320285968,0.0,47.115478640571936,0.0,0.0
2026-03-19,3,solo_upper_control,29.72568096578164,391.36890938433,421.0945903501116,0.0705914577080336,138000.0,21.540348525928724,0.0,5.734033570693355,post_leap,3,3,0.0,0.6153846153846154,3.8464288495186993,34.434897545945994,18.284570793058073,111.28299546851477,7.594681323204864,83.69155854290327,0.0,79.50737020596515,0.0,26.502456735321715,0.0,55.94963088567918,0.0,0.0
2026-03-26,3,solo_upper_control,32.43155472289299,388.6630356272186,421.0945903501116,0.0770172675358483,154628.0,20.97392110283583,0.0,5.705363402839887,post_leap,3,3,0.0,0.6153846153846154,6.982397883799749,34.243645926700694,17.820383626887125,108.80246521964996,7.628773212206117,83.65746665390202,0.0,79.50737020596515,0.0,26.502456735321715,0.0,55.94963088567918,0.0,0.0
2026-04-02,3,solo_upper_control,28.545621991354814,395.4936857737926,424.03930776514744,0.06731833928746224,130670.0,21.845581993843126,11979.0,7.686809392952651,post_leap,3,3,0.0,0.611111111111111,3.9959399014808774,34.28538649398382,16.028401824854754,110.59444702168233,8.521280265019183,85.70967701612469,0.0,79.50737020596515,0.0,26.502456735321715,0.0,58.894348300714924,0.0,0.0
2026-04-09,3,solo_upper_control,31.633883756022367,401.2395762542323,432.8734600102547,0.07307882482625053,119643.0,26.440229479386478,5513.5,8.611940276572321,post_leap,3,3,0.0,0.6054421768707482,3.9272256512109553,34.35410074425374,15.394302181652773,111.2285466648843,12.31235592315864,84.86331877302098,0.0,82.45208762100089,0.0,26.502456735321715,0.0,61.839065715750664,0.0,0.0
2026-06-18,4,solo_upper_control,96.74247521651161,512.8140296958878,609.5565049123994,0.1587096100802249,,,0.0,0.0,pre_leap,4,3,0.13526570048309178,0.5024154589371981,35.272762358377044,35.400455602480854,47.17932526262384,126.55900222448517,5.675859780309679,103.27868457601292,8.61452781520103,106.22945137119306,0.0,38.281326395464696,0.0,91.28623986610813,0.0,11.778869660142984
2026-06-25,4,solo_upper_control,168.872662787971,511.3570600852863,680.2297228732573,0.24825828262055513,472376.0,35.74962800565037,0.0,0.0,pre_leap,4,3,0.18181818181818193,0.5541125541125542,23.68236653300673,35.211981767708195,99.99576489849467,126.74747605925778,35.93927454824516,102.4624439584349,9.255256808224438,105.58872237816965,0.0,38.281326395464696,0.0,94.23095728114387,0.0,8.834152245107237
2026-07-02,4,solo_upper_control,206.4248153092151,517.9756687895784,724.4004840987935,0.28495952148074893,450911.0,45.77950311906675,0.0,0.0,pre_leap,4,3,0.18292682926829268,0.573170731707317,17.735937139848694,35.268976330794736,114.77634653675983,126.69048149617134,61.8142439135514,103.08993132845038,12.098287719055193,105.69040888237465,0.0,41.22604381050044,0.0,97.17567469617961,0.0,8.834152245107237
2026-07-09,4,solo_upper_control,236.9815279969473,516.8661302522037,753.847658249151,0.3143626240709546,431527.0,54.91696417534646,0.0,0.0,pre_leap,4,3,0.17968750000000008,0.5898437500000001,12.01830543872191,35.097173201850026,123.43869565292269,126.86228462511573,80.26574476202676,102.30673497018951,21.25878214327591,105.36406670326117,0.0,41.22604381050044,0.0,97.17567469617961,0.0,8.834152245107237
2026-07-16,4,solo_upper_control,260.5285665828564,522.7662658166521,783.2948323995084,0.33260600709539406,412846.0,63.10550824831933,0.0,0.0,pre_leap,4,3,0.1766917293233083,0.5977443609022557,8.93664383493884,35.23411739059735,129.46507467174172,126.72534043636819,94.81762616675306,102.47844064064194,27.309221909422764,105.20306176718582,0.0,44.17076122553619,0.0,100.12039211121537,0.0,8.834152245107237
2026-07-23,4,solo_upper_control,279.7767370043252,535.9099869605764,815.6867239649015,0.34299532992811566,399123.0,70.09787383947435,6861.5,3.463987558766745,post_leap,4,3,0.0,0.8014440433212998,5.6454706680751086,35.58057314242534,128.2225593975186,127.9678557105913,108.19130429743018,103.82834958514354,37.71740264130127,106.57375069545029,0.0,44.17076122553619,0.0,106.00982694128686,0.0,11.778869660142984
2026-07-30,4,solo_upper_control,293.3419729292529,548.8472077709703,842.1891807002232,0.3483088831482719,380114.0,77.17210440269311,9504.5,8.776629556231184,post_leap,4,3,0.0,0.8006993006993008,2.5671128245642696,35.71421357090043,125.19904679352776,130.99136831458213,122.49082597220746,107.19713240058073,43.084987338953454,107.09560082786959,0.0,47.115478640571936,0.0,108.9545443563226,0.0,11.778869660142984
2026-08-06,4,solo_upper_control,306.937126785937,561.7545106496082,868.6916374355452,0.35333265978252376,367949.0,83.41838863155954,6082.5,12.487941008685075,post_leap,4,3,0.0,0.7966101694915253,2.399391366263898e-12,35.33660898042655,123.2648592091652,132.9255558989447,127.51916184302931,108.05823135983039,56.15310573374004,108.75106950826174,0.0,50.06019605560768,0.0,114.8439791863941,0.0,11.778869660142984
2026-08-13,4,solo_upper_control,317.9636483752139,577.2304457956529,895.1940941708668,0.3551896180344145,354963.0,89.5765610430422,6493.0,16.75858608271938,post_leap,4,3,0.0,0.7927631578947367,3.0285133572225876e-12,35.33660898042592,117.03169207767718,136.21400561539699,130.07001034659754,111.39681768633363,70.86194595093619,108.76581636624431,0.0,53.00491347064343,0.0,117.78869660142985,0.0,14.723587075178731
2026-08-20,4,solo_upper_control,334.2446372756558,610.2496854965016,944.4943227721574,0.3538873969031643,343054.0,97.43207695454821,5954.5,20.94186221415214,post_leap,4,3,0.0,0.7756060367575094,2.3933520735380762e-11,30.86876186793699,99.58683181084251,139.4459929067837,121.06513298053298,114.61473923728656,113.59267248425635,113.38136713761781,0.0,58.38721941389031,0.0,127.04914819766462,0.0,26.502456735321715
2024-12-19,1,chuchu_population,35.33660898042894,182.57247973221624,217.90908871264517,0.16216216216216214,173213.0,20.40066795242213,0.0,0.0,pre_leap,3,3,0.16216216216216214,0.2027027027027027,30.018413111466074,70.10197899974929,5.318195868962867,97.74691365728825,0.0,8.834152245107237,0.0,0.0,0.0,0.0,0.0,5.889434830071492,0.0,0.0
2024-12-26,1,chuchu_population,53.00491347064342,182.57247973221627,235.5773932028597,0.22499999999999995,340543.0,15.564822495439174,0.0,0.0,pre_leap,3,3,0.22499999999999995,0.26249999999999996,42.565153005773794,69.33410876558456,10.439760464869629,98.51478389145296,0.0,8.834152245107237,0.0,0.0,0.0,0.0,0.0,5.889434830071492,0.0,0.0
2025-01-02,1,chuchu_population,63.2023655925861,181.20917985538082,244.41154544796692,0.2585899347624776,351168.0,17.997757652344774,0.0,0.0,pre_leap,3,3,0.25301204819277123,0.3012048192771086,43.189273565741956,68.7099882056164,18.649792150008754,99.1389044514211,1.3632998768353872,10.415569783307596,0.0,2.944717415035746,0.0,0.0,0.0,0.0,0.0,0.0
2025-01-09,1,chuchu_population,62.5362420228858,181.8753034250811,244.41154544796692,0.255864516990255,330152.0,18.941651730986273,0.0,0.0,pre_leap,3,3,0.25301204819277107,0.30120481927710846,40.74804561911578,68.20649873720683,21.09102009663488,99.64239391983071,0.6971763071351442,11.08169335300784,0.0,2.944717415035746,0.0,0.0,0.0,0.0,0.0,0.0
2025-01-16,1,chuchu_population,68.87525175860466,181.4257285194338,250.30098027803845,0.2751697243937954,307111.0,22.426826703896854,11520.5,1.7457383901346188,post_leap,3,3,0.0,0.976470588235294,39.336938179083596,66.67288876220326,29.477815025921167,97.14503382061591,0.06049855359990212,11.718371106543081,0.0,5.889434830071492,0.0,0.0,0.0,0.0,0.0,0.0
2025-01-23,1,chuchu_population,65.22484230728855,182.1314205557141,247.35626286300266,0.2636878547256072,277133.0,23.535574005004296,14989.0,4.426255341901625,post_leap,3,3,0.0,0.9761904761904764,33.3562297334714,66.76416237774396,31.868612573817146,97.69895368775569,0.0,11.778869660142984,0.0,5.889434830071492,0.0,0.0,0.0,0.0,0.0,0.0
2025-01-30,1,chuchu_population,68.98554938199892,184.26014831107523,253.24569769307413,0.27240561245627654,257133.0,26.828742083668345,10000.0,6.286969985592461,post_leap,3,3,0.0,0.9767441860465116,33.085931962968516,67.03446014824685,33.91808802596128,98.5941956506473,1.9815293930691207,12.74205768210961,0.0,5.889434830071492,0.0,0.0,0.0,0.0,0.0,0.0
2025-02-06,1,chuchu_population,67.91045355980783,185.33524413326631,253.24569769307413,0.2681603445919669,237813.0,28.556241063275696,9660.0,8.328860323890389,post_leap,3,3,0.0,0.9767441860465116,30.456674950355335,66.71899974582428,36.088707701128875,99.36829339051545,1.365070908323632,13.358516166855098,0.0,5.889434830071492,0.0,0.0,0.0,0.0,0.0,0.0
2025-02-13,1,chuchu_population,68.49306271734343,184.7526349757307,253.24569769307413,0.2704609134183787,216696.0,31.60790356875228,10558.5,10.69930459240371,post_leap,3,3,0.0,0.9767441860465116,30.518638734491926,66.65703596168768,37.97442398285151,100.42729452382855,0.0,11.778869660142984,0.0,5.889434830071492,0.0,0.0,0.0,0.0,0.0,0.0
2025-02-20,1,chuchu_population,71.87236151837877,190.20748841980262,262.0798499381814,0.27423841068030147,200373.0,35.86928454351573,8161.5,12.709551309252664,post_leap,3,3,0.0,0.9775280898876404,32.96666048815645,67.15373162305892,38.491110931845846,102.85532498986996,0.41459009837647937,14.308996976802252,0.0,5.889434830071492,0.0,0.0,0.0,0.0,0.0,0.0
2025-02-27,1,chuchu_population,67.62769198547447,185.61800570759965,253.24569769307413,0.26704379423431357,222293.0,30.42277174066411,0.0,12.6460035527064,post_leap,3,3,0.0,0.9767441860465116,32.090865656302995,65.08480903987662,35.536826329170616,99.92017476247369,8.499337185948154e-13,14.723587075177882,0.0,5.889434830071492,0.0,0.0,0.0,0.0,0.0,0.0
2025-03-06,1,chuchu_population,60.40002574139886,186.9562371216038,247.35626286300266,0.24418231841920732,202226.0,29.867586631490937,10033.5,15.024748577022493,post_leap,3,3,0.0,0.9761904761904762,26.26113019183385,65.02510967427429,34.13889554956502,101.3181055420793,0.0,14.723587075178731,0.0,5.889434830071492,0.0,0.0,0.0,0.0,0.0,0.0
2025-03-13,1,chuchu_population,58.827110611085054,188.5291522519176,247.35626286300266,0.2378234127981883,179680.0,32.739932441610115,11273.0,17.643203266911765,post_leap,3,3,0.0,0.9761904761904762,23.29857504987696,65.04294740119542,35.528535561208095,102.87318294547197,0.0,14.723587075178731,0.0,5.889434830071492,0.0,0.0,0.0,0.0,0.0,0.0
2025-03-20,1,chuchu_population,59.237283754402945,191.0636965236355,250.30098027803845,0.2366642099787272,163262.0,36.2835710418854,8209.0,19.705084093882625,post_leap,3,3,0.0,0.976470588235294,22.617837737926504,65.72368471314587,36.619446016476445,104.72698990523935,0.0,14.723587075178731,0.0,5.889434830071492,0.0,0.0,0.0,0.0,0.0,0.0
2025-03-27,1,chuchu_population,54.88608931597291,195.41489096206556,250.30098027803845,0.21928036100779366,140011.0,39.201269411669735,11625.5,22.98107591459272,post_leap,3,3,0.0,0.976470588235294,18.995117045051703,66.40168799098494,35.8909722709212,108.40018106583037,0.0,14.723587075178731,0.0,5.889434830071492,0.0,0.0,0.0,0.0,0.0,0.0
2025-04-03,1,chuchu_population,50.27638471329481,197.07987814970784,247.35626286300266,0.20325494948611914,126230.0,39.829188555252166,6890.5,25.027101310068637,post_leap,3,3,0.0,0.9761904761904762,15.921752875135809,66.53033474586508,34.354631838158994,109.93652149859257,0.0,14.723587075178731,0.0,5.889434830071492,0.0,0.0,0.0,0.0,0.0,0.0
2025-04-10,1,chuchu_population,39.69952177900574,207.6567410839969,247.35626286300266,0.16049531683373294,110998.0,35.765979368101895,7616.0,27.3286786038127,post_leap,3,3,0.0,0.9761904761904762,11.207368492515437,68.3000017134497,28.492153286488787,115.79900005026278,1.5198699315412252e-12,17.668304490212954,0.0,5.889434830071492,0.0,0.0,0.0,0.0,0.0,0.0
2025-04-17,1,chuchu_population,15.127132038227806,202.78195667441736,217.90908871264517,0.06941946353681386,100353.0,15.073921096756257,5322.5,28.71495061228741,post_leap,3,3,0.0,0.9324324324324325,0.2127887330350882,61.626276982715574,12.063182093429186,108.6702319230364,2.851161211763533,17.76186069348669,0.0,14.723587075178731,0.0,0.0,0.0,0.0,0.0,0.0
2025-04-24,1,chuchu_population,4.875819386289932,189.4755300060693,194.35134939235923,0.025087653888353302,75810.0,6.431630901318998,12271.5,30.05121284113673,post_leap,3,3,0.0,0.9242424242424243,0.0,55.94963088567918,0.0,100.12039211121537,4.875819386289932,18.681919933996035,0.0,14.723587075178731,0.0,0.0,0.0,0.0,0.0,0.0
2025-05-01,1,chuchu_population,4.121768490082676,193.17429831731232,197.296066807395,0.02089128565399351,65100.0,6.331441613030224,5355.0,30.176487844743548,post_leap,3,3,0.0,0.9253731343283582,0.0,55.94963088567918,0.0,103.0651095262511,4.121768490082676,19.435970830203292,0.0,14.723587075178731,0.0,0.0,0.0,0.0,0.0,0.0
2025-05-08,1,chuchu_population,3.978076940229019,187.42855503709447,191.40663197732349,0.020783380905528465,55532.0,7.163575848572028,4784.0,30.26792233893373,post_leap,3,3,0.0,0.9230769230769231,0.0,53.00491347064343,0.0,100.12039211121537,3.978076940229019,19.57966238005695,0.0,14.723587075178731,0.0,0.0,0.0,0.0,0.0,0.0
2025-05-15,1,chuchu_population,8.295557228282794,183.11107474904068,191.40663197732349,0.04333996759979348,45589.0,18.19640094821732,4971.5,30.40149246588847,post_leap,3,3,0.0,0.9230769230769231,0.0,50.06019605560768,0.0,100.12039211121537,8.295557228282794,18.20689950703892,0.0,14.723587075178731,0.0,0.0,0.0,0.0,0.0,0.0
2025-06-19,2,chuchu_population,55.949630885679206,217.9090887126452,273.8587195983244,0.2043010752688173,,,0.0,0.0,pre_leap,3,3,0.20430107526881724,0.30107526881720437,51.03482638335263,60.864435388005724,4.914804502326566,112.87389209910329,7.62528600232555e-15,26.502456735321708,0.0,17.668304490214474,0.0,0.0,0.0,0.0,0.0,0.0
2025-06-26,2,chuchu_population,103.06510952625109,223.79852354271674,326.86363306896783,0.31531531531531526,646382,15.944922588539143,0.0,0.0,pre_leap,3,3,0.31531531531531526,0.39639639639639634,63.78936022705703,59.888771204444296,39.275749299194075,113.84955628266471,6.125287540552721e-15,26.502456735321708,0.0,20.61302190525022,0.0,0.0,0.0,2.944717415035746,0.0,0.0
2025-07-03,2,chuchu_population,121.83371426436914,219.75350587977744,341.58722014414656,0.3566694158316475,610759,19.947919599116695,0.0,0.0,pre_leap,3,3,0.3534482758620689,0.4396551724137931,58.89729652985114,58.89140007157871,61.83611748661444,114.84692741553032,1.100300247903545,28.34687390245392,0.0,17.668304490214474,0.0,0.0,0.0,0.0,0.0,0.0
2025-07-10,2,chuchu_population,135.94047200774847,226.2597700416483,362.20024204939676,0.37531855649397644,565098,24.056087971953268,0.0,0.0,pre_leap,3,3,0.37398373983739835,0.45528455284552843,53.87046399158262,58.028797779775736,81.58653710006169,115.7095297073333,0.4834709161041737,28.963703234253288,0.0,20.61302190525022,0.0,0.0,0.0,2.944717415035746,0.0,0.0
2025-07-17,2,chuchu_population,172.9688041754756,212.78917719420713,385.75798136968274,0.4483868449366307,535134,32.322521868443346,14982.0,2.883266479966431,post_leap,3,3,0.0,0.9312977099236641,50.10410438030405,55.90572256098281,120.13958723730815,100.71421889037279,2.7251125578633797,29.66677900752983,0.0,20.61302190525022,0.0,0.0,0.0,5.889434830071492,0.0,0.0
2025-07-24,2,chuchu_population,180.66097874230198,210.98643745745224,391.6474161997542,0.4612847455890234,504895,35.781891035225534,15119.5,6.778453102686031,post_leap,3,3,0.0,0.9323308270676691,41.67920407043288,55.49647062574673,131.04627024561367,98.64168812717452,7.935504426255413,30.345821969209283,0.0,17.668304490214474,0.0,2.944717415035746,0.0,5.889434830071492,0.0,0.0
2025-07-31,2,chuchu_population,183.15375763381707,214.38309339600863,397.5368510298257,0.46072145804685594,473426,38.68688192744316,15734.5,11.248642153122653,post_leap,3,3,0.0,0.925925925925926,36.24585773161531,55.04038213449282,139.6624101894006,98.85970042849485,7.245489712801158,31.035836682663536,0.0,20.61302190525022,0.0,0.0,0.0,8.834152245107237,0.0,0.0
2025-08-07,2,chuchu_population,185.6500581061194,214.83151033874208,400.48156844486147,0.46356704711038355,440838,42.1129889224884,16294.0,16.23531137536311,post_leap,3,3,0.0,0.9264705882352942,30.903823195038438,54.4929818409982,142.4850823664249,98.98174566650627,12.261152544656042,31.909608680880147,0.0,17.668304490214474,0.0,2.944717415035746,0.0,8.834152245107237,0.0,0.0
2025-08-14,2,chuchu_population,184.65792102373294,221.71308225120006,406.371003274933,0.4544072277194478,411196,44.907518804592684,14821.0,21.147387689047896,post_leap,3,3,0.0,0.9130434782608694,28.58294839009867,53.86913923090221,144.57445222470443,99.83709322326249,11.500520408929846,32.670240816606345,0.0,23.557739320285968,0.0,0.0,0.0,11.778869660142984,0.0,0.0
2025-08-21,2,chuchu_population,192.70606410200878,227.39409917787555,420.1001632798843,0.4587145660631933,387795,49.69276656532673,11700.5,25.245174140787753,post_leap,3,3,0.0,0.9035090708062442,24.111008143155274,53.06089652674703,143.8784554885571,100.03259014167367,24.716600470296385,33.76475740013029,0.0,27.54539315799444,0.0,5.441492955628173,0.0,7.548968995701999,0.0,0.0
2025-08-28,2,chuchu_population,189.0684725094103,234.97083525573714,424.03930776514744,0.4458748730297549,357161,52.93648312929192,15317.0,31.208101113932692,post_leap,3,3,0.0,0.8888888888888888,21.42081717131779,52.19711820457586,140.69161411325877,100.77521391967241,26.956041224833744,34.883024490916924,0.0,32.39189156539321,0.0,0.0,0.0,14.723587075178731,0.0,0.0
2025-09-04,2,chuchu_population,185.113896111138,235.98069423897363,421.0945903501116,0.4396016960399048,333800,55.456529691772914,11680.5,35.998657337896574,post_leap,3,3,0.0,0.8881118881118882,19.32136780856465,51.35185015229325,134.43525031874773,101.14214288411196,31.357277983825586,36.371222561996575,0.0,32.39189156539321,0.0,2.944717415035746,0.0,11.778869660142984,0.0,0.0
2025-09-11,2,chuchu_population,176.54607462381375,241.6037983112622,418.14987293507596,0.4222076486227348,308536,57.22057543489698,12632.0,41.4228791157389,post_leap,3,3,0.0,0.880281690140845,17.195938747665636,50.53256179815652,129.4338600293778,103.19881575844613,29.91627584677031,37.812224699051846,0.0,32.39189156539321,0.0,5.889434830071492,0.0,11.778869660142984,0.0,0.0
2025-09-18,2,chuchu_population,166.79956925882232,254.2950210912893,421.0945903501116,0.39610950385313615,274868,60.6835169095065,16834.0,48.92177405512866,post_leap,3,3,0.0,0.8671328671328673,14.71204567525242,50.071737455534,118.56339043871928,108.17985051903317,33.5241331448506,40.09380223104305,0.0,38.281326395464696,0.0,5.889434830071492,0.0,11.778869660142984,0.0,0.0
2025-09-25,2,chuchu_population,141.18052706700445,253.41160654778554,394.59213361479,0.3577884986547354,244013,57.857789161644845,15427.5,56.1667248418243,post_leap,3,3,0.0,0.8656716417910447,9.688278144336676,49.206070156378246,102.87645438992558,109.14319949264814,28.615794532742182,42.05742342811571,0.0,35.33660898042895,0.0,5.889434830071492,0.0,11.778869660142984,0.0,0.0
2025-10-02,2,chuchu_population,127.45060180109841,261.25209698362005,388.70269878471845,0.327887102918435,219229,58.13583139142103,12392.0,61.621681003944,post_leap,3,3,0.0,0.856060606060606,7.5968607244228465,48.35277016125633,93.20782607771777,112.92239297478444,26.64591499895781,44.02730296190009,0.0,35.33660898042895,0.0,5.889434830071492,0.0,14.723587075178731,0.0,0.0
2025-10-09,2,chuchu_population,122.38845387030253,263.3695274993802,385.75798136968274,0.31726745726879524,202222,60.5218294104017,8503.5,65.26843693681987,post_leap,3,3,0.0,0.8549618320610687,8.52414578734071,47.42548509833847,85.90477032552491,114.33601389690583,27.9595377574369,45.658397618456746,0.0,38.281326395464696,0.0,5.889434830071492,0.0,11.778869660142984,0.0,0.0
2025-10-16,2,chuchu_population,103.98945122409116,272.9343779004843,376.9238291245755,0.2758898302227585,187087,55.583472514974936,7567.5,68.60608630464148,post_leap,3,3,0.0,0.8437500000000001,6.61099479782076,46.39391867282267,71.08085592982663,120.32577604749686,26.297600496443774,47.320334879449874,0.0,38.281326395464696,0.0,5.889434830071492,0.0,14.723587075178731,0.0,0.0
2025-10-23,2,chuchu_population,54.192242430068774,266.78195580882755,320.9741982388963,0.16883675612372526,167069,32.4370424375969,10009.0,72.71373568433735,post_leap,3,3,0.0,0.7706422018348624,0.40855208706629165,43.7622091384699,36.770638445219085,101.63108006146098,17.01305189778339,47.770731233003026,0.0,47.115478640571936,0.0,8.834152245107237,0.0,17.668304490214474,0.0,0.0
2025-10-30,2,chuchu_population,35.680644186928134,264.68053214671795,300.3611763336461,0.11879246386787849,152742,23.360073972403224,7163.5,74.20906903392948,post_leap,3,3,0.0,0.7549019607843137,2.6669749868973712e-14,41.226043810500414,19.924546247606642,100.80886776885895,15.756097939321462,49.027685191464954,0.0,47.115478640571936,0.0,8.834152245107237,0.0,17.668304490214474,0.0,0.0
2025-11-06,2,chuchu_population,29.18077612804963,268.23568279056076,297.4164589186104,0.09811419392910971,135484,21.53817139149245,8629.0,75.45061631522277,post_leap,3,3,0.0,0.7425742574257423,0.36156486689640316,40.86447894360404,14.345504648004864,100.49847453838923,14.473706613148362,50.31007651763805,0.0,50.06019605560768,0.0,8.834152245107237,0.0,17.668304490214474,0.0,0.0
2025-11-13,2,chuchu_population,25.86463758025922,274.49653875338686,300.3611763336461,0.08611178680272699,115885,22.319228183336257,9799.5,76.76186971805409,post_leap,3,3,0.0,0.7352941176470589,1.3875132257555458e-14,38.28132639546468,12.91558500587471,104.87311159555514,12.949052574384492,51.83473055640192,0.0,47.115478640571936,0.0,11.778869660142984,0.0,20.61302190525022,0.0,0.0
2025-12-18,3,chuchu_population,14.723587075178756,282.6928718434316,297.4164589186104,0.04950495049504959,,,0.0,0.0,pre_leap,3,3,0.04950495049504959,0.2475247524752476,14.723587075178472,35.33660898042921,2.8659285302468973e-13,103.06510952625082,0.0,58.894348300714924,0.0,53.00491347064343,0.0,11.778869660142984,0.0,20.61302190525022,0.0,0.0
2025-12-25,3,chuchu_population,29.44717415035749,288.58230667350307,318.0294808238606,0.09259259259259268,289816.0,10.160644736783853,0.0,0.0,pre_leap,3,3,0.09259259259259268,0.28703703703703715,18.022814752347312,34.982098718296115,11.42435939801018,103.41961978838391,0.0,61.839065715750664,0.0,53.00491347064343,0.0,11.778869660142984,0.0,23.557739320285968,0.0,0.0
2026-01-01,3,chuchu_population,32.39189156539324,291.52702408853884,323.91891565393206,0.1000000000000001,282601.0,11.462058366882367,0.0,0.0,pre_leap,3,3,0.1000000000000001,0.3000000000000001,18.138401111849888,34.86651235879354,14.253490453543352,103.5352061478865,0.0,64.78378313078642,0.0,53.00491347064343,0.0,11.778869660142984,0.0,23.557739320285968,0.0,0.0
2026-01-08,3,chuchu_population,32.391891565393216,294.4717415035746,326.86363306896783,0.09909909909909913,260657.0,12.427017715002172,0.0,0.0,pre_leap,3,3,0.09909909909909913,0.29729729729729737,12.476072507277477,34.63940613329446,19.91581905811574,103.76231237338558,0.0,64.78378313078642,0.0,55.94963088567918,0.0,11.778869660142984,0.0,23.557739320285968,0.0,0.0
2026-01-15,3,chuchu_population,31.169387883834716,310.41783226031185,341.58722014414656,0.0912486944642763,239884.0,12.993525155422919,10386.5,1.0325857559749607,post_leap,3,3,0.0,0.6982758620689654,9.307300922911184,34.86346030262501,21.86208696092353,104.76076188561355,0.0,67.72850054582216,0.0,58.894348300714924,0.0,14.723587075178731,0.0,29.447174150357462,0.0,0.0
2026-01-22,3,chuchu_population,27.54796675103595,322.87340563821783,350.4213723892538,0.07861383157998485,217437.0,12.669401597260793,11223.5,2.194085463850199,post_leap,3,3,0.0,0.6806722689075629,9.08829154282426,35.08246968271193,18.45967520821169,105.21845622328964,0.0,70.6732179608579,0.0,58.894348300714924,0.0,17.668304490214474,0.0,35.33660898042895,0.0,0.0
2026-01-29,3,chuchu_population,23.333614396855538,330.032475407434,353.3660898042895,0.06603240964569852,195420.0,11.940238663829463,11008.5,3.2988838963985114,post_leap,3,3,0.0,0.6666666666666666,5.980956362997792,35.24508744750265,17.352658033857747,106.32547339764358,0.0,70.6732179608579,0.0,61.839065715750664,0.0,17.668304490214474,0.0,38.281326395464696,0.0,0.0
2026-02-05,3,chuchu_population,19.89162175192226,336.41918546740305,356.3108072193253,0.05582660236201613,180850.0,10.998961433188972,7285.0,3.9782665862444997,post_leap,3,3,0.0,0.6611570247933883,3.072951240032771,35.20837515543192,16.818670511889465,106.85946091961186,2.4465903220813806e-14,73.61793537589362,0.0,64.78378313078642,0.0,17.668304490214474,0.0,38.281326395464696,0.0,0.0
2026-02-12,3,chuchu_population,18.92821706047128,346.21674240396123,365.14495946443253,0.051837541693670865,168914.0,11.20583081359229,5968.0,4.483509667979453,post_leap,3,3,0.0,0.6451612903225805,3.133619633709756,35.14770676175494,15.794597426761525,107.8835340047398,0.0,73.61793537589365,0.0,64.78378313078642,0.0,20.61302190525022,0.0,44.17076122553619,0.0,0.0
2026-02-19,3,chuchu_population,16.526785854215913,354.5076084402881,371.034394294504,0.04454246320112841,159140.0,10.385060861012889,4887.0,4.899195281127759,post_leap,3,3,0.0,0.6349206349206349,3.1877919968275563,35.09353439863714,13.338993857388292,107.3944201590773,6.488531914429742e-14,76.56265279092932,0.0,67.72850054582216,0.0,20.61302190525022,0.0,47.115478640571936,0.0,0.0
2026-02-26,3,chuchu_population,14.394708571865305,359.5844031376744,373.9791117095397,0.038490675337625055,149497.0,9.628760825879652,4821.5,5.275271872253109,post_leap,3,3,0.0,0.6299212598425197,0.4469290343748446,34.8896799460541,13.947779537490462,109.73035189401087,0.0,76.56265279092939,0.0,67.72850054582216,0.0,23.557739320285968,0.0,47.115478640571936,0.0,0.0
2026-03-05,3,chuchu_population,11.016325219735814,362.96278648980393,373.9791117095397,0.02945706023359914,140295.0,7.852257899237902,4601.0,5.603310941370822,post_leap,3,3,0.0,0.6220472440944882,0.5534680058690608,34.783140974559885,10.462857213866666,107.32583938756318,8.582487999517847e-14,79.50737020596506,0.0,70.6732179608579,0.0,23.557739320285968,0.0,47.115478640571936,0.0,0.0
2026-03-12,3,chuchu_population,15.095166259437661,367.7180976952093,382.81326395464697,0.039432192352734236,131033.0,11.520125662571765,4631.0,5.866204837314933,post_leap,3,3,0.0,0.6230769230769231,0.8069991622823214,34.529609818146625,14.288167097155341,109.38996433434599,0.0,79.50737020596515,0.0,73.61793537589365,0.0,23.557739320285968,0.0,47.115478640571936,0.0,0.0
2026-03-19,3,chuchu_population,29.19744154163355,391.89714880847805,421.0945903501116,0.06933701408360021,132808.0,21.984700877683235,0.0,5.836873813128358,post_leap,3,3,0.0,0.6153846153846154,3.7480953842456053,34.53323101121909,17.96601285327525,111.60155340829759,7.4833333041126995,83.80290656199543,0.0,79.50737020596515,0.0,26.502456735321715,0.0,55.94963088567918,0.0,0.0
2026-03-26,3,chuchu_population,31.656768682779923,389.4378216673317,421.0945903501116,0.0751773340437821,144182.0,21.956117048438724,0.0,5.807689444062716,post_leap,3,3,0.0,0.6153846153846154,6.854451739074772,34.37159207142567,17.38687393463989,109.23597491189719,7.41544300906526,83.87079685704288,0.0,79.50737020596515,0.0,26.502456735321715,0.0,55.94963088567918,0.0,0.0
2026-04-02,3,chuchu_population,29.37433194513576,394.6649758200117,424.03930776514744,0.06927266271598723,132032.0,22.247888349139423,6075.0,6.845718285396525,post_leap,3,3,0.0,0.611111111111111,4.102745355646515,34.178581039818184,16.493273882164804,110.12957496437228,8.778312707324442,85.45264457381943,0.0,79.50737020596515,0.0,26.502456735321715,0.0,58.894348300714924,0.0,0.0
2026-04-09,3,chuchu_population,31.83870414047639,401.0347558697783,432.8734600102547,0.07355198939598223,117252.0,27.15408192651417,7390.0,8.126784853170664,post_leap,3,3,0.0,0.6054421768707482,3.963978868754825,34.317347526709874,15.463609213241316,111.15923963329577,12.411116058480252,84.76455863769937,0.0,82.45208762100089,0.0,26.502456735321715,0.0,61.839065715750664,0.0,0.0
2026-06-18,4,chuchu_population,97.1756746961796,512.3808302162198,609.5565049123994,0.15942028985507242,,,0.0,0.0,pre_leap,4,3,0.13526570048309178,0.5024154589371981,35.33661866424116,35.33659929661674,47.115468956759734,126.62285853034928,5.889434830071494,103.0651095262511,8.83415224510722,106.00982694128687,0.0,38.281326395464696,0.0,91.28623986610813,0.0,11.778869660142984
2026-06-25,4,chuchu_population,168.03553889255178,512.1941839807055,680.2297228732573,0.24702763381579068,480964,34.937238315664324,0.0,0.0,pre_leap,4,3,0.18181818181818193,0.5541125541125542,23.554830421296675,35.33951787941825,100.12330101020468,126.61993994754776,35.52943278031664,102.87228572636342,8.827974680733789,106.0160045056603,0.0,38.281326395464696,0.0,94.23095728114387,0.0,8.834152245107237
2026-07-02,4,chuchu_population,205.92928129404217,518.4712028047513,724.4004840987935,0.28427546062484077,458731,44.891075879773155,0.0,0.0,pre_leap,4,3,0.18292682926829268,0.573170731707317,17.67068058754373,35.3342328830997,114.84160308906486,126.62522494386631,61.56537205260002,103.33880318940174,11.85162556483355,105.9370710365963,0.0,41.22604381050044,0.0,97.17567469617961,0.0,8.834152245107237
2026-07-09,4,chuchu_population,235.35113502892085,518.4965232202301,753.847658249151,0.3121998622049655,437609,53.78114596110246,0.0,0.0,pre_leap,4,3,0.17968750000000008,0.5898437500000001,11.776401201781388,35.33907743879055,123.68059988986309,126.62038038817533,79.46069778156217,103.11178195065409,20.433436155714197,106.18941269082288,0.0,41.22604381050044,0.0,97.17567469617961,0.0,8.834152245107237
2026-07-16,4,chuchu_population,259.2162432870746,524.0785891124339,783.2948323995084,0.3309306184147848,418303,61.968535556062136,0.0,0.0,pre_leap,4,3,0.1766917293233083,0.5977443609022557,8.789326035274394,35.3814351902618,129.61239247140585,126.57802263670405,94.15102123295284,103.14504557444215,26.663503547441504,105.84878012916707,0.0,44.17076122553619,0.0,100.12039211121537,0.0,8.834152245107237
2026-07-23,4,chuchu_population,280.19543683678,535.4912871281215,815.6867239649015,0.34350863953602445,405952,69.02181460783049,6175.5,3.061493530611694,post_leap,4,3,0.0,0.8014440433212998,5.686757314931878,35.53928649556856,128.4510635847555,127.7393515233544,108.31002266938725,103.70963121318647,37.74759326770537,106.5435600690462,0.0,44.17076122553619,0.0,106.00982694128686,0.0,11.778869660142984
2026-07-30,4,chuchu_population,294.3203729429713,547.868807757252,842.1891807002232,0.3494706173953266,385907,76.26717653293962,10022.5,8.580355158214482,post_leap,4,3,0.0,0.8006993006993008,2.664329455440692,35.616996940024,125.5566758121029,130.633739296007,122.79394133869917,106.89401703408902,43.305426336728495,106.87516183009456,0.0,47.115478640571936,0.0,108.9545443563226,0.0,11.778869660142984
2026-08-06,4,chuchu_population,309.7654807922468,558.9261566432983,868.6916374355452,0.35658853780002076,374313,82.75573672093857,5797.0,12.074419961315018,post_leap,4,3,0.0,0.7966101694915253,9.680801160907798e-13,35.33660898042798,124.39396697294049,131.7964481351694,128.42633455020066,107.15105865265903,56.94517926910463,107.95899597289714,0.0,50.06019605560768,0.0,114.8439791863941,0.0,11.778869660142984
2026-08-13,4,chuchu_population,322.6799837446287,572.5141104262382,895.1940941708668,0.36045812393735294,361079,89.36548061355789,6617.0,16.39480554056805,post_leap,4,3,0.0,0.7927631578947367,9.655892009776334e-13,35.33660898042798,118.93524464423277,134.3104530488414,131.57663309129885,109.89019494163233,72.16810600909615,107.45965630808435,0.0,53.00491347064343,0.0,117.78869660142985,0.0,14.723587075178731
2026-08-20,4,chuchu_population,345.03087537925126,599.4634473929061,944.4943227721574,0.3653075164777712,348774,98.92677647394909,6152.5,20.71140046866453,post_leap,4,3,0.0,0.7756060367575094,1.4448598056783405e-11,30.868761867946475,103.59258545446717,135.44023926315901,124.38341420189758,111.29645801592196,117.05487572287208,109.91916389900209,0.0,58.38721941389031,0.0,127.04914819766462,0.0,26.502456735321715
2024-12-19,1,without_progression,35.33660898042894,182.57247973221624,217.90908871264517,0.16216216216216214,173213.0,20.40066795242213,0.0,0.0,pre_leap,3,3,0.16216216216216214,0.2027027027027027,30.018413111466074,70.10197899974929,5.318195868962867,97.74691365728825,0.0,8.834152245107237,0.0,0.0,0.0,0.0,0.0,5.889434830071492,0.0,0.0
2024-12-26,1,without_progression,53.00491347064342,182.57247973221627,235.5773932028597,0.22499999999999995,340543.0,15.564822495439174,0.0,0.0,pre_leap,3,3,0.22499999999999995,0.26249999999999996,42.565153005773794,69.33410876558456,10.439760464869629,98.51478389145296,0.0,8.834152245107237,0.0,0.0,0.0,0.0,0.0,5.889434830071492,0.0,0.0
2025-01-02,1,without_progression,63.2023655925861,181.20917985538082,244.41154544796692,0.2585899347624776,351168.0,17.997757652344774,0.0,0.0,pre_leap,3,3,0.25301204819277123,0.3012048192771086,43.189273565741956,68.7099882056164,18.649792150008754,99.1389044514211,1.3632998768353872,10.415569783307596,0.0,2.944717415035746,0.0,0.0,0.0,0.0,0.0,0.0
2025-01-09,1,without_progression,62.5362420228858,181.8753034250811,244.41154544796692,0.255864516990255,330152.0,18.941651730986273,0.0,0.0,pre_leap,3,3,0.25301204819277107,0.30120481927710846,40.74804561911578,68.20649873720683,21.09102009663488,99.64239391983071,0.6971763071351442,11.08169335300784,0.0,2.944717415035746,0.0,0.0,0.0,0.0,0.0,0.0
2025-01-16,1,without_progression,68.87525175860466,181.4257285194338,250.30098027803845,0.2751697243937954,307111.0,22.426826703896854,11520.5,1.7457383901346188,post_leap,3,3,0.0,0.976470588235294,39.336938179083596,66.67288876220326,29.477815025921167,97.14503382061591,0.06049855359990212,11.718371106543081,0.0,5.889434830071492,0.0,0.0,0.0,0.0,0.0,0.0
2025-01-23,1,without_progression,65.22484230728855,182.1314205557141,247.35626286300266,0.2636878547256072,277133.0,23.535574005004296,14989.0,4.426255341901625,post_leap,3,3,0.0,0.9761904761904764,33.3562297334714,66.76416237774396,31.868612573817146,97.69895368775569,0.0,11.778869660142984,0.0,5.889434830071492,0.0,0.0,0.0,0.0,0.0,0.0
2025-01-30,1,without_progression,68.98554938199892,184.26014831107523,253.24569769307413,0.27240561245627654,257133.0,26.828742083668345,10000.0,6.286969985592461,post_leap,3,3,0.0,0.9767441860465116,33.085931962968516,67.03446014824685,33.91808802596128,98.5941956506473,1.9815293930691207,12.74205768210961,0.0,5.889434830071492,0.0,0.0,0.0,0.0,0.0,0.0
2025-02-06,1,without_progression,67.91045355980783,185.33524413326631,253.24569769307413,0.2681603445919669,237813.0,28.556241063275696,9660.0,8.328860323890389,post_leap,3,3,0.0,0.9767441860465116,30.456674950355335,66.71899974582428,36.088707701128875,99.36829339051545,1.365070908323632,13.358516166855098,0.0,5.889434830071492,0.0,0.0,0.0,0.0,0.0,0.0
2025-02-13,1,without_progression,68.49306271734343,184.7526349757307,253.24569769307413,0.2704609134183787,216696.0,31.60790356875228,10558.5,10.69930459240371,post_leap,3,3,0.0,0.9767441860465116,30.518638734491926,66.65703596168768,37.97442398285151,100.42729452382855,0.0,11.778869660142984,0.0,5.889434830071492,0.0,0.0,0.0,0.0,0.0,0.0
2025-02-20,1,without_progression,71.87236151837877,190.20748841980262,262.0798499381814,0.27423841068030147,200373.0,35.86928454351573,8161.5,12.709551309252664,post_leap,3,3,0.0,0.9775280898876404,32.96666048815645,67.15373162305892,38.491110931845846,102.85532498986996,0.41459009837647937,14.308996976802252,0.0,5.889434830071492,0.0,0.0,0.0,0.0,0.0,0.0
2025-02-27,1,without_progression,67.62769198547447,185.61800570759965,253.24569769307413,0.26704379423431357,222293.0,30.42277174066411,0.0,12.6460035527064,post_leap,3,3,0.0,0.9767441860465116,32.090865656302995,65.08480903987662,35.536826329170616,99.92017476247369,8.499337185948154e-13,14.723587075177882,0.0,5.889434830071492,0.0,0.0,0.0,0.0,0.0,0.0
2025-03-06,1,without_progression,60.40002574139886,186.9562371216038,247.35626286300266,0.24418231841920732,202226.0,29.867586631490937,10033.5,15.024748577022493,post_leap,3,3,0.0,0.9761904761904762,26.26113019183385,65.02510967427429,34.13889554956502,101.3181055420793,0.0,14.723587075178731,0.0,5.889434830071492,0.0,0.0,0.0,0.0,0.0,0.0
2025-03-13,1,without_progression,58.827110611085054,188.5291522519176,247.35626286300266,0.2378234127981883,179680.0,32.739932441610115,11273.0,17.643203266911765,post_leap,3,3,0.0,0.9761904761904762,23.29857504987696,65.04294740119542,35.528535561208095,102.87318294547197,0.0,14.723587075178731,0.0,5.889434830071492,0.0,0.0,0.0,0.0,0.0,0.0
2025-03-20,1,without_progression,59.237283754402945,191.0636965236355,250.30098027803845,0.2366642099787272,163262.0,36.2835710418854,8209.0,19.705084093882625,post_leap,3,3,0.0,0.976470588235294,22.617837737926504,65.72368471314587,36.619446016476445,104.72698990523935,0.0,14.723587075178731,0.0,5.889434830071492,0.0,0.0,0.0,0.0,0.0,0.0
2025-03-27,1,without_progression,54.88608931597291,195.41489096206556,250.30098027803845,0.21928036100779366,140011.0,39.201269411669735,11625.5,22.98107591459272,post_leap,3,3,0.0,0.976470588235294,18.995117045051703,66.40168799098494,35.8909722709212,108.40018106583037,0.0,14.723587075178731,0.0,5.889434830071492,0.0,0.0,0.0,0.0,0.0,0.0
2025-04-03,1,without_progression,50.27638471329481,197.07987814970784,247.35626286300266,0.20325494948611914,126230.0,39.829188555252166,6890.5,25.027101310068637,post_leap,3,3,0.0,0.9761904761904762,15.921752875135809,66.53033474586508,34.354631838158994,109.93652149859257,0.0,14.723587075178731,0.0,5.889434830071492,0.0,0.0,0.0,0.0,0.0,0.0
2025-04-10,1,without_progression,39.69952177900574,207.6567410839969,247.35626286300266,0.16049531683373294,110998.0,35.765979368101895,7616.0,27.3286786038127,post_leap,3,3,0.0,0.9761904761904762,11.207368492515437,68.3000017134497,28.492153286488787,115.79900005026278,1.5198699315412252e-12,17.668304490212954,0.0,5.889434830071492,0.0,0.0,0.0,0.0,0.0,0.0
2025-04-17,1,without_progression,15.127132038227806,202.78195667441736,217.90908871264517,0.06941946353681386,100353.0,15.073921096756257,5322.5,28.71495061228741,post_leap,3,3,0.0,0.9324324324324325,0.2127887330350882,61.626276982715574,12.063182093429186,108.6702319230364,2.851161211763533,17.76186069348669,0.0,14.723587075178731,0.0,0.0,0.0,0.0,0.0,0.0
2025-04-24,1,without_progression,4.875819386289932,189.4755300060693,194.35134939235923,0.025087653888353302,75810.0,6.431630901318998,12271.5,30.05121284113673,post_leap,3,3,0.0,0.9242424242424243,0.0,55.94963088567918,0.0,100.12039211121537,4.875819386289932,18.681919933996035,0.0,14.723587075178731,0.0,0.0,0.0,0.0,0.0,0.0
2025-05-01,1,without_progression,4.121768490082676,193.17429831731232,197.296066807395,0.02089128565399351,65100.0,6.331441613030224,5355.0,30.176487844743548,post_leap,3,3,0.0,0.9253731343283582,0.0,55.94963088567918,0.0,103.0651095262511,4.121768490082676,19.435970830203292,0.0,14.723587075178731,0.0,0.0,0.0,0.0,0.0,0.0
2025-05-08,1,without_progression,3.978076940229019,187.42855503709447,191.40663197732349,0.020783380905528465,55532.0,7.163575848572028,4784.0,30.26792233893373,post_leap,3,3,0.0,0.9230769230769231,0.0,53.00491347064343,0.0,100.12039211121537,3.978076940229019,19.57966238005695,0.0,14.723587075178731,0.0,0.0,0.0,0.0,0.0,0.0
2025-05-15,1,without_progression,8.295557228282794,183.11107474904068,191.40663197732349,0.04333996759979348,45589.0,18.19640094821732,4971.5,30.40149246588847,post_leap,3,3,0.0,0.9230769230769231,0.0,50.06019605560768,0.0,100.12039211121537,8.295557228282794,18.20689950703892,0.0,14.723587075178731,0.0,0.0,0.0,0.0,0.0,0.0
2025-06-19,2,without_progression,55.949630885679206,217.9090887126452,273.8587195983244,0.2043010752688173,,,0.0,0.0,pre_leap,3,3,0.20430107526881724,0.30107526881720437,50.99795154056002,60.90131023079834,4.95167934511917,112.83701725631067,6.519305522550799e-15,26.502456735321708,0.0,17.668304490214474,0.0,0.0,0.0,0.0,0.0,0.0
2025-06-26,2,without_progression,103.06510952625109,223.79852354271674,326.86363306896783,0.31531531531531526,650456.0,15.845054780992273,0.0,0.0,pre_leap,3,3,0.31531531531531526,0.39639639639639634,63.71595530982916,59.962176121672165,39.34915421642194,113.77615136543685,8.537380074822637e-15,26.502456735321708,0.0,20.61302190525022,0.0,0.0,0.0,2.944717415035746,0.0,0.0
2025-07-03,2,without_progression,121.93470943501057,219.65251070913598,341.58722014414656,0.35696508020281115,619598.0,19.679648648803024,0.0,0.0,pre_leap,3,3,0.3534482758620689,0.4396551724137931,58.78998833429001,58.99870826713984,61.94342568217558,114.73961921996917,1.2012954185449987,28.245878731812464,0.0,17.668304490214474,0.0,0.0,0.0,0.0,0.0,0.0
2025-07-10,2,without_progression,136.1802363894145,226.02000565998227,362.20024204939676,0.37598052287011524,563148.0,24.181962182128764,0.0,0.0,pre_leap,3,3,0.37398373983739835,0.45528455284552843,53.71107460303792,58.18818716832043,81.7459264886064,115.55014031878859,0.7232352977701699,28.723938852587292,0.0,20.61302190525022,0.0,0.0,0.0,2.944717415035746,0.0,0.0
2025-07-17,2,without_progression,177.6625138281424,208.09546754154033,385.75798136968274,0.4605543434184539,531711.0,33.41336060907944,15718.5,3.040833380478328,post_leap,3,3,0.0,0.9312977099236641,50.35913862319292,55.65068831809394,124.19121125902217,96.66259486865877,3.112163945927295,29.279727619465913,0.0,20.61302190525022,0.0,0.0,0.0,5.889434830071492,0.0,0.0
2025-07-24,2,without_progression,185.07790448225688,206.56951171749733,391.6474161997542,0.4725625571033016,503401.0,36.7655019521727,14155.0,6.8093581689480915,post_leap,3,3,0.0,0.9323308270676691,41.89716186589246,55.278512830287156,134.90916874685624,94.77878962593195,8.271573869508217,30.00975252595648,0.0,17.668304490214474,0.0,2.944717415035746,0.0,5.889434830071492,0.0,0.0
2025-07-31,2,without_progression,186.5690026746529,210.9678483551728,397.5368510298257,0.4693124730231747,471778.0,39.54593106814071,15811.5,11.42585325103758,post_leap,3,3,0.0,0.925925925925926,36.33471770983001,54.95152215627812,142.71947453016912,95.80263608772631,7.514810434653747,30.76651596081095,0.0,20.61302190525022,0.0,0.0,0.0,8.834152245107237,0.0,0.0
2025-08-07,2,without_progression,188.2847247511117,212.19684369374977,400.48156844486147,0.4701457934312771,439788.0,42.81261079227075,15995.0,16.42902132426168,post_leap,3,3,0.0,0.9264705882352942,30.89230501265065,54.50450002338599,144.92294149066177,96.5438865422694,12.4694782477993,31.701282977736888,0.0,17.668304490214474,0.0,2.944717415035746,0.0,8.834152245107237,0.0,0.0
2025-08-14,2,without_progression,186.65623520994353,219.71476806498947,406.371003274933,0.45932469026009715,410441.0,45.476995526748915,14673.5,21.37256297332345,post_leap,3,3,0.0,0.9130434782608694,28.47988664854808,53.972200972452804,146.51461817137522,97.8969272765917,11.661730390020228,32.50903083551596,0.0,23.557739320285968,0.0,0.0,0.0,11.778869660142984,0.0,0.0
2025-08-21,2,without_progression,194.60326124483606,225.49690203504827,420.1001632798843,0.4632306251097195,388357.0,50.10937391236312,11042.0,25.282956035307723,post_leap,3,3,0.0,0.9035090708062442,23.99105526885042,53.18084940105189,145.73404050404056,98.17700512619021,24.878165471945078,33.603192398481596,0.0,27.54539315799444,0.0,5.441492955628173,0.0,7.548968995701999,0.0,0.0
2025-08-28,2,without_progression,188.50496984463675,235.5343379205107,424.03930776514744,0.4445459805085794,356370.0,52.8958581936293,15993.5,31.56793542847023,post_leap,3,3,0.0,0.8888888888888888,21.005113598978,52.61282177691565,140.59581014291223,100.87101789001895,26.90404610274652,34.935019613004144,0.0,32.39189156539321,0.0,0.0,0.0,14.723587075178731,0.0,0.0
2025-09-04,2,without_progression,184.58335896876685,236.51123138134477,421.0945903501116,0.4383417958784469,332895.0,55.44792170767565,11737.5,36.37701683570967,post_leap,3,3,0.0,0.8881118881118882,18.8948379585606,51.7783800022973,134.36935562696948,101.20803757589022,31.319165383236747,36.40933516258541,0.0,32.39189156539321,0.0,2.944717415035746,0.0,11.778869660142984,0.0,0.0
2025-09-11,2,without_progression,176.41837471470149,241.73149822037448,418.14987293507596,0.42190225594566444,309117.0,57.07171547171507,11889.0,41.468894480991565,post_leap,3,3,0.0,0.880281690140845,16.820740295894336,50.90776024992782,129.65530494175346,102.97737084607047,29.942329477053708,37.78617106876845,0.0,32.39189156539321,0.0,5.889434830071492,0.0,11.778869660142984,0.0,0.0
2025-09-18,2,without_progression,171.8552332351197,249.23935711499192,421.0945903501116,0.40811550937340163,288952.0,59.47535688803666,10082.5,45.86495457853514,post_leap,3,3,0.0,0.8671328671328673,14.716024696563801,50.06775843422262,122.92191626294036,103.82132469481209,34.21729227561555,39.4006431002781,0.0,38.281326395464696,0.0,5.889434830071492,0.0,11.778869660142984,0.0,0.0
2025-09-25,2,without_progression,141.33859286792946,253.25354074686052,394.59213361479,0.35818907886771884,240758.0,58.70566829261311,24097.0,57.10105120509063,post_leap,3,3,0.0,0.8656716417910447,9.342809210441322,49.5515390902736,103.50878737516396,108.51086650740976,28.486996282324185,42.18622167853371,0.0,35.33660898042895,0.0,5.889434830071492,0.0,11.778869660142984,0.0,0.0
2025-10-02,2,without_progression,130.05676271326362,258.6459360714548,388.70269878471845,0.334591869621402,216580.0,60.0502182626575,12089.0,62.49308854098037,post_leap,3,3,0.0,0.856060606060606,7.437897641559446,48.51173324411973,95.89530332729119,110.23491572521102,26.723561744412986,43.94965621644491,0.0,35.33660898042895,0.0,5.889434830071492,0.0,14.723587075178731,0.0,0.0
2025-10-09,2,without_progression,125.47189354152472,260.28608782815803,385.75798136968274,0.3252606546104913,198964.0,63.062611096240886,8808.0,66.41200167793536,post_leap,3,3,0.0,0.8549618320610687,8.380277608577126,47.56935327710205,89.06060643613303,111.1801777862977,28.03100949681458,45.586925879079075,0.0,38.281326395464696,0.0,5.889434830071492,0.0,11.778869660142984,0.0,0.0
2025-10-16,2,without_progression,109.19308298773569,267.7307461368398,376.9238291245755,0.2896953563305937,185308.0,58.92518563026728,6828.0,69.52467373806674,post_leap,3,3,0.0,0.8437500000000001,6.670880215355883,46.33403325528755,75.93316012265723,115.47347185466626,26.589042649722582,47.028892726171065,0.0,38.281326395464696,0.0,5.889434830071492,0.0,14.723587075178731,0.0,0.0
2025-10-23,2,without_progression,62.47668789896469,258.4975103399316,320.9741982388963,0.19464707207544524,169443.0,36.87180225737545,7932.5,72.9164426494732,post_leap,3,3,0.0,0.7706422018348624,0.6455483944497549,43.525212831086435,44.11144141797841,94.29027708870164,17.719698086536525,47.06408504424989,0.0,47.115478640571936,0.0,8.834152245107237,0.0,17.668304490214474,0.0,0.0
2025-10-30,2,without_progression,45.090469253889495,255.2707070797566,300.3611763336461,0.15012083054236766,150125.0,30.03528343306544,9659.0,75.40101834025772,post_leap,3,3,0.0,0.7549019607843137,9.558616486828822e-15,41.226043810500435,28.663892329923684,92.0695216865419,16.426576923965804,48.357206206820614,0.0,47.115478640571936,0.0,8.834152245107237,0.0,17.668304490214474,0.0,0.0
2025-11-06,2,without_progression,42.3198718090667,255.0965871095437,297.4164589186104,0.14229162690908023,134699.0,31.418103927324402,7713.0,76.87731037751031,post_leap,3,3,0.0,0.7425742574257423,0.986036899516668,40.24000691098377,25.920449490441825,88.92352969595227,15.413385419108206,49.37039771167821,0.0,50.06019605560768,0.0,8.834152245107237,0.0,17.668304490214474,0.0,0.0
2025-11-13,2,without_progression,42.64480490611605,257.71637142753,300.3611763336461,0.14197841887110438,118308.0,36.04558010119016,8195.5,78.55282039151386,post_leap,3,3,0.0,0.7352941176470589,2.2693374368317864e-16,38.281326395464696,28.169611010116412,89.61908559131344,14.475193895999638,50.30858923478678,0.0,47.115478640571936,0.0,11.778869660142984,0.0,20.61302190525022,0.0,0.0
2025-12-18,3,without_progression,14.72358707517941,282.69287184343096,297.4164589186104,0.04950495049505178,,,0.0,0.0,pre_leap,3,3,0.04950495049504959,0.2475247524752476,14.723587075178763,35.33660898042892,0.0,103.0651095262511,6.471378506321096e-13,58.89434830071428,0.0,53.00491347064343,0.0,11.778869660142984,0.0,20.61302190525022,0.0,0.0
2025-12-25,3,without_progression,29.447174150357814,288.5823066735028,318.0294808238606,0.0925925925925937,289845.0,10.159628128950928,0.0,0.0,pre_leap,3,3,0.09259259259259268,0.28703703703703715,18.033022990256534,34.9718904803869,11.414151160100955,103.42982802629314,3.2229625404901513e-13,61.839065715750344,0.0,53.00491347064343,0.0,11.778869660142984,0.0,23.557739320285968,0.0,0.0
2026-01-01,3,without_progression,32.39189156539351,291.52702408853855,323.91891565393206,0.10000000000000094,283614.0,11.421118691388122,0.0,0.0,pre_leap,3,3,0.1000000000000001,0.3000000000000001,18.15339459989563,34.851518870747796,14.238496965497605,103.55019963593224,2.6437470492908753e-13,64.78378313078615,0.0,53.00491347064343,0.0,11.778869660142984,0.0,23.557739320285968,0.0,0.0
2026-01-08,3,without_progression,32.39189156539368,294.47174150357415,326.86363306896783,0.09909909909910053,257052.0,12.601299178918536,0.0,0.0,pre_leap,3,3,0.09909909909909913,0.29729729729729737,12.496075218904553,34.619403421667386,19.89581634648866,103.78231508501267,4.610858355103023e-13,64.78378313078596,0.0,55.94963088567918,0.0,11.778869660142984,0.0,23.557739320285968,0.0,0.0
2026-01-15,3,without_progression,30.967452086276754,310.6197680578698,341.58722014414656,0.09065752539924879,234425.0,13.209961431705985,11313.5,1.140518386085559,post_leap,3,3,0.0,0.6982758620689654,9.28326934872357,34.88749187681262,21.68418273755282,104.93866610898426,3.591624844479387e-13,67.7285005458218,0.0,58.894348300714924,0.0,14.723587075178731,0.0,29.447174150357462,0.0,0.0
2026-01-22,3,without_progression,27.687700419910378,322.73367196934345,350.4213723892538,0.07901259055955762,217437.0,12.73366557665456,8494.0,2.0324590933624163,post_leap,3,3,0.0,0.6806722689075629,9.152502296139492,35.018258929396694,18.535198123770886,105.14293330773044,0.0,70.6732179608579,0.0,58.894348300714924,0.0,17.668304490214474,0.0,35.33660898042895,0.0,0.0
2026-01-29,3,without_progression,23.31357294950393,330.0525168547856,353.3660898042895,0.0659756938262414,193637.0,12.03983378667503,11900.0,3.234541760793118,post_leap,3,3,0.0,0.6666666666666666,6.012576868692306,35.213466941808136,17.30099608081133,106.37713535069,2.9080136419920135e-13,70.67321796085761,0.0,61.839065715750664,0.0,17.668304490214474,0.0,38.281326395464696,0.0,0.0
2026-02-05,3,without_progression,19.93763274423594,336.37317447508934,356.3108072193253,0.055955733983570795,179372.0,11.115242481678267,7132.5,3.9053619678568294,post_leap,3,3,0.0,0.6611570247933883,3.117503390041535,35.16382300542316,16.82012935419439,106.85800207730694,2.0403553145779265e-14,73.61793537589364,0.0,64.78378313078642,0.0,17.668304490214474,0.0,38.281326395464696,0.0,0.0
2026-02-12,3,without_progression,19.146725685683844,345.99823377874867,365.14495946443253,0.05243595780088773,168935.0,11.333782629818478,5218.5,4.34987430114265,post_leap,3,3,0.0,0.6451612903225805,3.1992468974369643,35.08207949802773,15.947478788246636,107.73065264325469,2.436722865195351e-13,73.61793537589341,0.0,64.78378313078642,0.0,20.61302190525022,0.0,44.17076122553619,0.0,0.0
2026-02-19,3,without_progression,16.562881544365922,354.4715127501381,371.034394294504,0.04463974714759014,154821.0,10.698084590828067,7057.0,4.9679849617859695,post_leap,3,3,0.0,0.6349206349206349,3.227389120826088,35.053937274638606,13.335492423539833,107.39792159292575,0.0,76.56265279092939,0.0,67.72850054582216,0.0,20.61302190525022,0.0,47.115478640571936,0.0,0.0
2026-02-26,3,without_progression,14.762379835525326,359.2167318740144,373.9791117095397,0.03947380849171838,148798.0,9.921087538492,3011.5,5.200883290939269,post_leap,3,3,0.0,0.6299212598425197,0.5357820697835256,34.800826910645426,14.226597765741623,109.45153366575971,1.804790114362953e-13,76.5626527909292,0.0,67.72850054582216,0.0,23.557739320285968,0.0,47.115478640571936,0.0,0.0
2026-03-05,3,without_progression,11.434385684386097,362.54472602515364,373.9791117095397,0.030574931396882134,139917.0,8.172263330678971,4440.5,5.5273155882019624,post_leap,3,3,0.0,0.6220472440944882,0.652926644810781,34.683682335618165,10.781459039575317,107.00723756185454,0.0,79.50737020596515,0.0,70.6732179608579,0.0,23.557739320285968,0.0,47.115478640571936,0.0,0.0
2026-03-12,3,without_progression,15.457280865584314,367.35598308906265,382.81326395464697,0.04037812249738448,132277.0,11.685539334566338,3820.0,5.749423377646502,post_leap,3,3,0.0,0.6230769230769231,0.9024951111664643,34.43411386926248,14.554785754417795,109.12334567708353,5.290308542031812e-14,79.50737020596509,0.0,73.61793537589365,0.0,23.557739320285968,0.0,47.115478640571936,0.0,0.0
2026-03-19,3,without_progression,29.79372188699907,391.3008684631125,421.0945903501116,0.07075303879403344,138000.0,21.589653541303672,0.0,5.720676260758269,post_leap,3,3,0.0,0.6153846153846154,3.851468779799405,34.42985761566529,18.334111839358645,111.2334544222142,7.608141267841022,83.67809859826711,0.0,79.50737020596515,0.0,26.502456735321715,0.0,55.94963088567918,0.0,0.0
2026-03-26,3,without_progression,32.439344585810424,388.6552457643012,421.0945903501116,0.07703576661680528,154628.0,20.978958911588084,0.0,5.692072879454479,post_leap,3,3,0.0,0.6153846153846154,6.982989906706316,34.24305390379413,17.826599836925908,108.79624900961117,7.629754842178199,83.65648502392993,0.0,79.50737020596515,0.0,26.502456735321715,0.0,55.94963088567918,0.0,0.0
2026-04-02,3,without_progression,28.51687464753035,395.5224331176171,424.03930776514744,0.06725054523323652,130670.0,21.82358203683351,11979.0,7.674068105472514,post_leap,3,3,0.0,0.611111111111111,3.9940018171697704,34.28732457829493,16.009482141259923,110.61336670527716,8.513390689100655,85.71756659204321,0.0,79.50737020596515,0.0,26.502456735321715,0.0,58.894348300714924,0.0,0.0
2026-04-09,3,without_progression,31.585715059777424,401.28774495047725,432.8734600102547,0.07296754820457037,119643.0,26.399969124626953,5513.5,8.598292321425804,post_leap,3,3,0.0,0.6054421768707482,3.923965815380536,34.35736058008416,15.361973712730448,111.26087513380664,12.299775531666441,84.87589916451317,0.0,82.45208762100089,0.0,26.502456735321715,0.0,61.839065715750664,0.0,0.0
2026-06-18,4,without_progression,97.1756746961782,512.3808302162212,609.5565049123994,0.15942028985507015,,,0.0,0.0,pre_leap,4,3,0.13526570048309178,0.5024154589371981,35.33661552021077,35.33660244064713,47.11547210078873,126.62285538632028,5.889434830071494,103.0651095262511,8.834152245107218,106.00982694128687,0.0,38.281326395464696,0.0,91.28623986610813,0.0,11.778869660142984
2026-06-25,4,without_progression,168.04795396541215,512.1817689078451,680.2297228732573,0.24704588511008568,472376.0,35.575040638265314,0.0,0.0,pre_leap,4,3,0.18181818181818193,0.5541125541125542,23.554499475091685,35.339848825623235,100.12363195640984,126.61960900134261,35.54097337176001,102.86074513492005,8.828849162150613,106.01513002424348,0.0,38.281326395464696,0.0,94.23095728114387,0.0,8.834152245107237
2026-07-02,4,without_progression,205.90334181903995,518.4971422797536,724.4004840987935,0.2842396524281711,450911.0,45.66385424596871,0.0,0.0,pre_leap,4,3,0.18292682926829268,0.573170731707317,17.67140514702254,35.33350832362089,114.84087852958682,126.62594950334436,61.54129792437093,103.36287731763085,11.84976021805964,105.9389363833702,0.0,41.22604381050044,0.0,97.17567469617961,0.0,8.834152245107237
2026-07-09,4,without_progression,235.3568499285371,518.490808320614,753.847658249151,0.31220744317912347,431527.0,54.540469061851766,0.0,0.0,pre_leap,4,3,0.17968750000000008,0.5898437500000001,11.77602062181168,35.339458018760254,123.68098046983403,126.6199998082044,79.46810271020149,103.10437702201477,20.43174612668989,106.1911027198472,0.0,41.22604381050044,0.0,97.17567469617961,0.0,8.834152245107237
2026-07-16,4,without_progression,259.2478134769772,524.0470189225312,783.2948323995084,0.33097092276583734,412846.0,62.795282860189324,0.0,0.0,pre_leap,4,3,0.1766917293233083,0.5977443609022557,8.781488046987326,35.38927317854886,129.6202304596944,126.5701846484155,94.172790086836,103.12327672055899,26.673304883459515,105.83897879314907,0.0,44.17076122553619,0.0,100.12039211121537,0.0,8.834152245107237
2026-07-23,4,without_progression,279.72870022433324,535.9580237405683,815.6867239649015,0.34293643871586393,399123.0,70.0858382564606,6861.5,3.4469586667615135,post_leap,4,3,0.0,0.8014440433212998,5.676233591261914,35.54981021923853,128.21326797893119,127.97714712917872,108.14687152219784,103.87278236037588,37.692327131942335,106.59882620480923,0.0,44.17076122553619,0.0,106.00982694128686,0.0,11.778869660142984
2026-07-30,4,without_progression,294.1944354050777,547.9947452951455,842.1891807002232,0.3493210814706441,380114.0,77.39636935368802,9504.5,8.758770671095945,post_leap,4,3,0.0,0.8006993006993008,2.6513801686200638,35.62994622684463,125.49608400923017,130.69433109887973,122.74340713521555,106.94455123757264,43.30356409201195,106.87702407481109,0.0,47.115478640571936,0.0,108.9545443563226,0.0,11.778869660142984
2026-08-06,4,without_progression,309.3396865087195,559.3519509268257,868.6916374355452,0.3560983819550948,367949.0,84.07134861318268,6082.5,12.481084150490924,post_leap,4,3,0.0,0.7966101694915253,1.9404874500894862e-12,35.33660898042701,124.18588532526671,132.00452978284318,128.26950920564747,107.30788399721223,56.88429197780348,108.01988326419828,0.0,50.06019605560768,0.0,114.8439791863941,0.0,11.778869660142984
2026-08-13,4,without_progression,322.3001554783336,572.8939386925333,895.1940941708668,0.36003382682819146,354963.0,90.79823966958065,6493.0,16.785680862101632,post_leap,4,3,0.0,0.7927631578947367,1.90840223143247e-12,35.33660898042704,118.73311210946915,134.51258558360502,131.41589869679427,110.0509293361369,72.15114467206823,107.47661764511227,0.0,53.00491347064343,0.0,117.78869660142985,0.0,14.723587075178731
2026-08-20,4,without_progression,344.7359559994829,599.7583667726744,944.4943227721574,0.36499526538990573,343054.0,100.49028899225279,5954.5,21.027017402691268,post_leap,4,3,0.0,0.7756060367575094,2.9305396397645054e-11,30.868761867931617,103.4483604721685,135.5844642454577,124.27413259526807,111.40573962255147,117.01346293201705,109.96057668985712,0.0,58.38721941389031,0.0,127.04914819766462,0.0,26.502456735321715
2024-12-19,1,weaker_main_bridge,35.33660898043108,182.5724797322141,217.90908871264517,0.16216216216217194,173213.0,20.400667952423362,0.0,0.0,pre_leap,3,3,0.16216216216216214,0.2027027027027027,29.83270347940545,70.28768863180991,5.503905501023491,97.56120402522761,2.1363502686415814e-12,8.8341522451051,0.0,0.0,0.0,0.0,0.0,5.889434830071492,0.0,0.0
2024-12-26,1,weaker_main_bridge,53.004913470647054,182.57247973221263,235.5773932028597,0.22500000000001538,340543.0,15.56482249544024,0.0,0.0,pre_leap,3,3,0.22499999999999995,0.26249999999999996,42.677769860859286,69.22149191049907,10.327143609784144,98.62740074653846,3.628587126744345e-12,8.834152245103608,0.0,0.0,0.0,0.0,0.0,5.889434830071492,0.0,0.0
2025-01-02,1,weaker_main_bridge,63.201963732225074,181.20958171574185,244.41154544796692,0.2585882905669864,351168.0,17.997643216985907,0.0,0.0,pre_leap,3,3,0.25301204819277123,0.3012048192771086,43.25339882144712,68.64586294991123,18.585666894303586,99.20302970712626,1.36289801647437,10.415971643668614,0.0,2.944717415035746,0.0,0.0,0.0,0.0,0.0,0.0
2025-01-09,1,weaker_main_bridge,62.53629512688222,181.8752503210847,244.41154544796692,0.25586473426311873,330152.0,18.941667815697688,0.0,0.0,pre_leap,3,3,0.25301204819277107,0.30120481927710846,40.549587093623614,68.40495726269899,21.289478622127042,99.44393539433855,0.6972294111315619,11.081640249011421,0.0,2.944717415035746,0.0,0.0,0.0,0.0,0.0,0.0
2025-01-16,1,weaker_main_bridge,68.55847327508992,181.7425070029485,250.30098027803845,0.2739041341305737,307111.0,22.323678824623645,11520.5,1.7457398725659614,post_leap,3,3,0.0,0.976470588235294,39.20175816595642,66.80806877533044,29.295802525262854,97.32704632127422,0.06091258387064903,11.717957076272334,0.0,5.889434830071492,0.0,0.0,0.0,0.0,0.0,0.0
2025-01-23,1,weaker_main_bridge,66.01116542998336,181.3450974330193,247.35626286300266,0.26686676401859855,277133.0,23.819308934693222,14989.0,4.413888148421401,post_leap,3,3,0.0,0.9761904761904764,33.813162996285975,66.30722911492938,32.19800243369667,97.36956382787616,7.237578293306349e-13,11.778869660142261,0.0,5.889434830071492,0.0,0.0,0.0,0.0,0.0,0.0
2025-01-30,1,weaker_main_bridge,68.91401313427772,184.3316845587964,253.24569769307413,0.27212313481352546,257133.0,26.800921365315894,10000.0,6.297363422454752,post_leap,3,3,0.0,0.9767441860465116,32.803802184242905,67.31658992697245,34.132831359963134,98.37945231664544,1.9773795900716917,12.746207485107039,0.0,5.889434830071492,0.0,0.0,0.0,0.0,0.0,0.0
2025-02-06,1,weaker_main_bridge,68.1735277016019,185.07216999147224,253.24569769307413,0.26919915450735943,237813.0,28.66686333446948,9660.0,8.337051808454092,post_leap,3,3,0.0,0.9767441860465116,30.597419833328615,66.578254862851,36.218343021955555,99.23865806968877,1.3577648463177354,13.365822228860996,0.0,5.889434830071492,0.0,0.0,0.0,0.0,0.0,0.0
2025-02-13,1,weaker_main_bridge,67.94572630319253,185.2999713898816,253.24569769307413,0.2682996272874125,216696.0,31.355320958020698,10558.5,10.71679916154779,post_leap,3,3,0.0,0.9767441860465116,30.513663312389077,66.66201138379054,37.432062990797085,100.96965551588298,6.370805431569193e-12,11.778869660136614,0.0,5.889434830071492,0.0,0.0,0.0,0.0,0.0,0.0
2025-02-20,1,weaker_main_bridge,68.88439493745295,193.19545500072843,262.0798499381814,0.2628374327660108,200373.0,34.37808234515277,8161.5,12.710466781731137,post_leap,3,3,0.0,0.9775280898876404,31.80293917211784,68.31745293909754,36.65806372516442,104.68837219655137,0.4233920401707057,14.300195035008025,0.0,5.889434830071492,0.0,0.0,0.0,0.0,0.0,0.0
2025-02-27,1,weaker_main_bridge,70.00987657557131,183.23582111750284,253.24569769307413,0.2764504084899444,222293.0,31.494413488311064,0.0,12.646914447822482,post_leap,3,3,0.0,0.9767441860465116,32.622179489069666,64.55349520710995,37.38769708650072,98.0693040051436,9.298410435587623e-13,14.723587075177802,0.0,5.889434830071492,0.0,0.0,0.0,0.0,0.0,0.0
2025-03-06,1,weaker_main_bridge,63.556270907678226,183.79999195532443,247.35626286300266,0.25694223454078713,202226.0,31.428338051327835,10033.5,15.111673457463123,post_leap,3,3,0.0,0.9761904761904762,27.355543610260867,63.930696255847266,36.20072729741615,99.25627379422816,1.212079930002598e-12,14.72358707517752,0.0,5.889434830071492,0.0,0.0,0.0,0.0,0.0,0.0
2025-03-13,1,weaker_main_bridge,60.73723795188073,186.61902491112193,247.35626286300266,0.2455455837215645,179680.0,33.803004202961226,11273.0,17.87044832899676,post_leap,3,3,0.0,0.9761904761904762,24.105972547851454,64.23554990322093,36.631265404026514,101.77045310265353,2.7689121300666317e-12,14.723587075175962,0.0,5.889434830071492,0.0,0.0,0.0,0.0,0.0,0.0
2025-03-20,1,weaker_main_bridge,58.296487263298616,192.00449301473984,250.30098027803845,0.23290554914544048,163262.0,35.70732152203122,8209.0,20.001006979368643,post_leap,3,3,0.0,0.976470588235294,22.044193192319444,66.29732925875294,36.25229407097459,105.09414185074121,4.574656796874223e-12,14.723587075174157,0.0,5.889434830071492,0.0,0.0,0.0,0.0,0.0,0.0
2025-03-27,1,weaker_main_bridge,50.890917997728124,199.41006228031034,250.30098027803845,0.20331889208423257,140011.0,36.347799814106125,11625.5,23.221925675306792,post_leap,3,3,0.0,0.976470588235294,17.60675265130728,67.79005238472936,33.2841653464145,111.00698799033707,6.355208967439334e-12,14.723587075172375,0.0,5.889434830071492,0.0,0.0,0.0,0.0,0.0,0.0
2025-04-03,1,weaker_main_bridge,44.25038701655557,203.10587584644708,247.35626286300266,0.17889333588882478,126230.0,35.05536482338238,6890.5,25.109452163883045,post_leap,3,3,0.0,0.9761904761904762,13.826497827763761,68.62558979323713,30.423889188783754,113.8672641479678,8.057003467594739e-12,14.723587075170673,0.0,5.889434830071492,0.0,0.0,0.0,0.0,0.0,0.0
2025-04-10,1,weaker_main_bridge,33.328397806212976,214.02786505678966,247.35626286300266,0.13473844333050822,110998.0,30.026124620455303,7616.0,27.119758171022667,post_leap,3,3,0.0,0.9761904761904762,8.930930238972188,70.57643996699295,24.39746756723837,119.8936857695132,2.421515141893044e-12,17.66830449021205,0.0,5.889434830071492,0.0,0.0,0.0,0.0,0.0,0.0
2025-04-17,1,weaker_main_bridge,19.12366295053243,198.78542576211274,217.90908871264517,0.08775982251823668,100353.0,19.056393880135552,5322.5,28.262671766506543,post_leap,3,3,0.0,0.9324324324324325,1.9938833830449716,59.84518233270569,14.382248525365757,106.35116549109983,2.7475310421217,17.86549086312852,0.0,14.723587075178731,0.0,0.0,0.0,0.0,0.0,0.0
2025-04-24,1,weaker_main_bridge,9.897770180066463,184.45357921229277,194.35134939235923,0.05092720071670151,75810.0,13.056021870553307,12271.5,29.99216270767468,post_leap,3,3,0.0,0.9242424242424243,1.1070210490955376e-12,55.94963088567807,5.234064038648636,94.88632807256673,4.6637061414167205,18.894033178869247,0.0,14.723587075178731,0.0,0.0,0.0,0.0,0.0,0.0
2025-05-01,1,weaker_main_bridge,6.409240218400305,190.8868265889947,197.296066807395,0.03248539275066823,65100.0,9.845223069739331,5355.0,30.40152187107081,post_leap,3,3,0.0,0.9253731343283582,2.5920044560833223e-13,55.94963088567892,2.391065746075189,100.67404378017592,4.018174472324856,19.539564847961113,0.0,14.723587075178731,0.0,0.0,0.0,0.0,0.0,0.0
2025-05-08,1,weaker_main_bridge,4.8262894434937325,186.58034253382976,191.40663197732349,0.02521484963000403,55532.0,8.691005984826285,4784.0,30.626310639040522,post_leap,3,3,0.0,0.9230769230769231,1.1628086984764965e-12,53.004913470642265,0.8482250538699267,99.27216705734544,3.9780643896226424,19.579674930663327,0.0,14.723587075178731,0.0,0.0,0.0,0.0,0.0,0.0
2025-05-15,1,weaker_main_bridge,8.32970190203056,183.07693007529292,191.40663197732349,0.04351835574337573,45589.0,18.271297685912305,4971.5,30.81883777587383,post_leap,3,3,0.0,0.9230769230769231,2.106167714241708e-12,50.06019605560558,2.7934881774198383e-12,100.12039211121257,8.32970190202566,18.172754833296054,0.0,14.723587075178731,0.0,0.0,0.0,0.0,0.0,0.0
2025-06-19,2,weaker_main_bridge,55.94963088567919,217.9090887126452,273.8587195983244,0.20430107526881724,,,0.0,0.0,pre_leap,3,3,0.20430107526881724,0.30107526881720437,51.02050742935005,60.87875434200831,4.9291234563291475,112.8595731451007,1.946744161774036e-15,26.50245673532171,0.0,17.668304490214474,0.0,0.0,0.0,0.0,0.0,0.0
2025-06-26,2,weaker_main_bridge,103.06510952625109,223.79852354271674,326.86363306896783,0.31531531531531526,650456.0,15.845054780992273,0.0,0.0,pre_leap,3,3,0.31531531531531526,0.39639639639639634,63.76718033001835,59.91095110148298,39.29792919623275,113.82737638562602,5.283174241131884e-15,26.50245673532171,0.0,20.61302190525022,0.0,0.0,0.0,2.944717415035746,0.0,0.0
2025-07-03,2,weaker_main_bridge,121.8962339621624,219.69098618198416,341.58722014414656,0.3568524428716137,619598.0,19.673438901055587,0.0,0.0,pre_leap,3,3,0.3534482758620689,0.4396551724137931,58.89880490464843,58.88989169678142,61.83460911181714,114.84843579032761,1.162819945696832,28.28435420466063,0.0,17.668304490214474,0.0,0.0,0.0,0.0,0.0,0.0
2025-07-10,2,weaker_main_bridge,136.01729481662198,226.18294723277478,362.20024204939676,0.3755306568736969,563148.0,24.1530281234457,0.0,0.0,pre_leap,3,3,0.37398373983739835,0.45528455284552843,53.646759596724245,58.25250217463411,81.81024149492008,115.48582531247492,0.5602937249776483,28.886880425379815,0.0,20.61302190525022,0.0,0.0,0.0,2.944717415035746,0.0,0.0
2025-07-17,2,weaker_main_bridge,169.37963161625845,216.3783497534243,385.75798136968274,0.43908263677359194,531711.0,31.85558162540524,15718.5,3.0371949804670497,post_leap,3,3,0.0,0.9312977099236641,49.766623115598634,56.24320382568823,116.9618983979086,103.89190772977234,2.6511101027512334,29.740781462641976,0.0,20.61302190525022,0.0,0.0,0.0,5.889434830071492,0.0,0.0
2025-07-24,2,weaker_main_bridge,180.83850779299522,210.808908406759,391.6474161997542,0.46173803352952825,503401.0,35.923350925603096,14155.0,6.629335068825602,post_leap,3,3,0.0,0.9323308270676691,41.61561707671705,55.56005761946256,131.39651651010092,98.29144186268726,7.82637420617726,30.454952189287436,0.0,17.668304490214474,0.0,2.944717415035746,0.0,5.889434830071492,0.0,0.0
2025-07-31,2,weaker_main_bridge,184.46642623345295,213.07042479637275,397.5368510298257,0.4640234628703972,471778.0,39.100260341400606,15811.5,11.140204898762862,post_leap,3,3,0.0,0.925925925925926,36.249203632300606,55.03703623380753,140.7582206082211,97.76389000967433,7.459001992931209,30.822324402533486,0.0,20.61302190525022,0.0,0.0,0.0,8.834152245107237,0.0,0.0
2025-08-07,2,weaker_main_bridge,188.23423456129652,212.24733388356495,400.48156844486147,0.47001971973951834,439788.0,42.80113021758132,15995.0,16.087773187554667,post_leap,3,3,0.0,0.9264705882352942,31.105656732744468,54.291148303292175,144.83204299603392,96.63478503689726,12.296534832518107,31.874226393018084,0.0,17.668304490214474,0.0,2.944717415035746,0.0,8.834152245107237,0.0,0.0
2025-08-14,2,weaker_main_bridge,187.5501736905169,218.8208295844161,406.371003274933,0.46152449898997494,410441.0,45.694795035222334,14673.5,21.031673395598332,post_leap,3,3,0.0,0.9130434782608694,28.709963679378692,53.7421239416222,146.82629888964624,97.58524655832068,12.013911121491985,32.1568501040442,0.0,23.557739320285968,0.0,0.0,0.0,11.778869660142984,0.0,0.0
2025-08-21,2,weaker_main_bridge,195.71010175842153,224.3900615214628,420.1001632798843,0.46586533133059777,388357.0,50.39437985112191,11042.0,24.963010442851736,post_leap,3,3,0.0,0.9035090708062442,24.269755579086176,52.902149090816124,146.77885594887644,97.13218968135433,24.661490230458924,33.819867639967754,0.0,27.54539315799444,0.0,5.441492955628173,0.0,7.548968995701999,0.0,0.0
2025-08-28,2,weaker_main_bridge,193.3639865488668,230.67532121628065,424.03930776514744,0.45600486324716083,356370.0,54.25933343122788,15993.5,31.286055503828823,post_leap,3,3,0.0,0.8888888888888888,21.793957707991517,51.823977667902135,144.07952751367156,97.38730051925961,27.4905013272037,34.34856438854696,0.0,32.39189156539321,0.0,0.0,0.0,14.723587075178731,0.0,0.0
2025-09-04,2,weaker_main_bridge,188.8426835675912,232.25190678252042,421.0945903501116,0.44845668383101595,332895.0,56.727401603385815,11737.5,36.22457663550199,post_leap,3,3,0.0,0.8881118881118882,19.515521594734302,51.157696366123595,137.8707852867651,97.70660791609458,31.456376686091787,36.27212385973037,0.0,32.39189156539321,0.0,2.944717415035746,0.0,11.778869660142984,0.0,0.0
2025-09-11,2,weaker_main_bridge,178.12429165278309,240.02558128229288,418.14987293507596,0.42598193418664404,309117.0,57.62358319108398,11889.0,41.438910373625696,post_leap,3,3,0.0,0.880281690140845,17.260999656508947,50.467500889313214,130.56857005384703,102.0641057339769,30.2947219424271,37.433778603395055,0.0,32.39189156539321,0.0,5.889434830071492,0.0,11.778869660142984,0.0,0.0
2025-09-18,2,weaker_main_bridge,170.61349623793512,250.4810941121765,421.0945903501116,0.4051666778622864,288952.0,59.04561873180844,10082.5,45.87963404195041,post_leap,3,3,0.0,0.8671328671328673,14.790322789969016,49.9934603408174,121.89829595809492,104.84494499965753,33.92487748987118,39.69305788602247,0.0,38.281326395464696,0.0,5.889434830071492,0.0,11.778869660142984,0.0,0.0
2025-09-25,2,weaker_main_bridge,137.77822353771595,256.81391007707407,394.59213361479,0.3491661688122203,240758.0,57.22685166753169,24097.0,57.032814068383765,post_leap,3,3,0.0,0.8656716417910447,9.304773560815775,49.58957473989915,100.19768947824073,111.82196440433299,28.275760498659437,42.39745746219846,0.0,35.33660898042895,0.0,5.889434830071492,0.0,11.778869660142984,0.0,0.0
2025-10-02,2,weaker_main_bridge,121.31648936774305,267.3862094169754,388.70269878471845,0.31210611541170113,216580.0,56.01463171472113,12089.0,62.28217327651217,post_leap,3,3,0.0,0.856060606060606,6.938043348564056,49.01158753711512,88.22167548695916,117.90854356554306,26.156770532219824,44.516447428638074,0.0,35.33660898042895,0.0,5.889434830071492,0.0,14.723587075178731,0.0,0.0
2025-10-09,2,weaker_main_bridge,112.22464957740672,273.53333179227604,385.75798136968274,0.29091983833734003,198964.0,56.4045000992173,8808.0,65.91777741927571,post_leap,3,3,0.0,0.8549618320610687,7.368972226091733,48.58065865958744,77.79916314301653,122.4416210794142,27.056514208298456,46.5614211675952,0.0,38.281326395464696,0.0,5.889434830071492,0.0,11.778869660142984,0.0,0.0
2025-10-16,2,weaker_main_bridge,95.15415684109017,281.7696722834853,376.9238291245755,0.25244930006704663,185308.0,51.34918991143943,6828.0,68.66922794559898,post_leap,3,3,0.0,0.8437500000000001,5.5983240786082,47.40658939203523,64.2412792278622,127.16535274946129,25.314553534619776,48.303381841273875,0.0,38.281326395464696,0.0,5.889434830071492,0.0,14.723587075178731,0.0,0.0
2025-10-23,2,weaker_main_bridge,63.054662941459185,257.9195352974371,320.9741982388963,0.19644776211740403,169443.0,37.21290519021688,7932.5,71.58450139765094,post_leap,3,3,0.0,0.7706422018348624,1.0812849894713676,43.08947623606482,43.86025065791986,94.54146784876019,18.113127294067958,46.67065583671846,0.0,47.115478640571936,0.0,8.834152245107237,0.0,17.668304490214474,0.0,0.0
2025-10-30,2,weaker_main_bridge,45.88358453003547,254.4775918036106,300.3611763336461,0.15276136912936855,150125.0,30.563586697775502,9659.0,74.10209450052113,post_leap,3,3,0.0,0.7549019607843137,0.047370711466625366,41.178673099033816,29.5611120507909,91.17230196567469,16.27510176777794,48.50868136300848,0.0,47.115478640571936,0.0,8.834152245107237,0.0,17.668304490214474,0.0,0.0
2025-11-06,2,weaker_main_bridge,37.78426014672176,259.6321987718886,297.4164589186104,0.1270415910541845,134699.0,28.05088393137422,7713.0,75.61747958161806,post_leap,3,3,0.0,0.7425742574257423,0.6356016470894668,40.59044216341098,22.09589285114024,92.74808633525386,15.05276564849206,49.73101748229436,0.0,50.06019605560768,0.0,8.834152245107237,0.0,17.668304490214474,0.0,0.0
2025-11-13,2,weaker_main_bridge,31.146873324718516,269.2143030089276,300.3611763336461,0.10369806679049647,118308.0,26.326937590626596,8195.5,77.07852033778659,post_leap,3,3,0.0,0.7352941176470589,2.227440566892405e-15,38.281326395464696,17.533969923512373,100.25472667791747,13.61290340120614,51.17087972958028,0.0,47.115478640571936,0.0,11.778869660142984,0.0,20.61302190525022,0.0,0.0
2025-12-18,3,weaker_main_bridge,14.72358707517876,282.6928718434316,297.4164589186104,0.0495049504950496,,,0.0,0.0,pre_leap,3,3,0.04950495049504959,0.2475247524752476,14.723587075178724,35.33660898042896,3.4852067287002887e-14,103.06510952625108,0.0,58.894348300714924,0.0,53.00491347064343,0.0,11.778869660142984,0.0,20.61302190525022,0.0,0.0
2025-12-25,3,weaker_main_bridge,29.44717415035749,288.58230667350307,318.0294808238606,0.09259259259259268,289845.0,10.159628128950814,0.0,0.0,pre_leap,3,3,0.09259259259259268,0.28703703703703715,18.068268394211536,34.936645076431894,11.378905756145953,103.46507343024814,0.0,61.839065715750664,0.0,53.00491347064343,0.0,11.778869660142984,0.0,23.557739320285968,0.0,0.0
2026-01-01,3,weaker_main_bridge,32.39189156539324,291.52702408853884,323.91891565393206,0.1000000000000001,283614.0,11.421118691388028,0.0,0.0,pre_leap,3,3,0.1000000000000001,0.3000000000000001,18.051472914918307,34.95344055572512,14.340418650474932,103.44827795095492,0.0,64.78378313078642,0.0,53.00491347064343,0.0,11.778869660142984,0.0,23.557739320285968,0.0,0.0
2026-01-08,3,weaker_main_bridge,32.39189156539324,294.4717415035746,326.86363306896783,0.09909909909909918,257052.0,12.601299178918365,0.0,0.0,pre_leap,3,3,0.09909909909909913,0.29729729729729737,12.548585466427037,34.5668931741449,19.84330609896618,103.83482533253515,2.0993252758770887e-14,64.7837831307864,0.0,55.94963088567918,0.0,11.778869660142984,0.0,23.557739320285968,0.0,0.0
2026-01-15,3,weaker_main_bridge,30.686060547097277,310.9011595970493,341.58722014414656,0.08983374885672846,234425.0,13.08992664907637,11313.5,1.1405183860855435,post_leap,3,3,0.0,0.6982758620689654,9.332566434779919,34.83819479075627,21.35349411231735,105.26935473421973,7.787646883697891e-15,67.72850054582214,0.0,58.894348300714924,0.0,14.723587075178731,0.0,29.447174150357462,0.0,0.0
2026-01-22,3,weaker_main_bridge,28.1649375950228,322.256434794231,350.4213723892538,0.08037448573124337,217437.0,12.953148541886982,8494.0,2.024302489813153,post_leap,3,3,0.0,0.6806722689075629,9.086914884226392,35.083846341309794,19.0780227107964,104.60010872070492,6.7096203816548096e-15,70.6732179608579,0.0,58.894348300714924,0.0,17.668304490214474,0.0,35.33660898042895,0.0,0.0
2026-01-29,3,weaker_main_bridge,23.702864507392444,329.66322529689705,353.3660898042895,0.06707736025412112,193637.0,12.240875714554782,11900.0,3.2473207185517285,post_leap,3,3,0.0,0.6666666666666666,6.0244654719666055,35.201578338533835,17.678399035425837,105.99973239607549,0.0,70.6732179608579,0.0,61.839065715750664,0.0,17.668304490214474,0.0,38.281326395464696,0.0,0.0
2026-02-05,3,weaker_main_bridge,20.332536451165478,335.9782707681598,356.3108072193253,0.0570640464426045,179372.0,11.335401540466448,7132.5,3.929548483231465,post_leap,3,3,0.0,0.6611570247933883,3.2198527722767616,35.061473623187936,17.112683678888715,106.56544775261261,0.0,73.61793537589365,0.0,64.78378313078642,0.0,17.668304490214474,0.0,38.281326395464696,0.0,0.0
2026-02-12,3,weaker_main_bridge,19.17339569442302,345.97156377000954,365.14495946443253,0.05250899731039731,168935.0,11.34956977205613,5218.5,4.383131084326701,post_leap,3,3,0.0,0.6451612903225805,3.211243175876587,35.070083219588106,15.962152518546436,107.7159789129549,0.0,73.61793537589365,0.0,64.78378313078642,0.0,20.61302190525022,0.0,44.17076122553619,0.0,0.0
2026-02-19,3,weaker_main_bridge,16.84111033944524,354.19328395505875,371.034394294504,0.04538962047296838,154821.0,10.877794575312935,7057.0,5.001966739956269,post_leap,3,3,0.0,0.6349206349206349,3.095808561964739,35.18551783349996,13.745301777480496,106.9881122389851,4.236916388168674e-15,76.56265279092939,0.0,67.72850054582216,0.0,20.61302190525022,0.0,47.115478640571936,0.0,0.0
2026-02-26,3,weaker_main_bridge,14.326546940371005,359.6525647691687,373.9791117095397,0.038308414806595074,148798.0,9.628185150587377,3011.5,5.239024733164927,post_leap,3,3,0.0,0.6299212598425197,0.6463803669000835,34.690228613528866,13.68016657347092,109.9979648580304,0.0,76.56265279092939,0.0,67.72850054582216,0.0,23.557739320285968,0.0,47.115478640571936,0.0,0.0
2026-03-05,3,weaker_main_bridge,12.74361745987613,361.2354942496636,373.9791117095397,0.03407574664163003,139917.0,9.10798363306541,4440.5,5.554861258788568,post_leap,3,3,0.0,0.6220472440944882,0.5741059001270019,34.76250308030195,12.169511559749125,105.61918504168072,3.3338574074573547e-15,79.50737020596515,0.0,70.6732179608579,0.0,23.557739320285968,0.0,47.115478640571936,0.0,0.0
2026-03-12,3,weaker_main_bridge,15.74309315676001,367.070170797887,382.81326395464697,0.04112473270681953,132277.0,11.90161037577206,3820.0,5.8054269323211045,post_leap,3,3,0.0,0.6230769230769231,1.031898608542553,34.304710371886394,14.409458732390828,109.2686726991105,0.3017358158266277,79.20563439013851,0.0,73.61793537589365,0.0,23.557739320285968,0.0,47.115478640571936,0.0,0.0
2026-03-19,3,weaker_main_bridge,26.588440142215735,394.50615020789587,421.0945903501116,0.06314125318045347,138000.0,19.266985610301255,0.0,5.776399797659498,post_leap,3,3,0.0,0.6153846153846154,3.7618661836080793,34.51946021185662,16.767719446243294,112.79984681532954,6.058854512364363,85.22738535374377,0.0,79.50737020596515,0.0,26.502456735321715,0.0,55.94963088567918,0.0,0.0
2026-03-26,3,weaker_main_bridge,32.5518076188817,388.5427827312299,421.0945903501116,0.07730283970596032,154628.0,21.051690262359795,0.0,5.7475177986712005,post_leap,3,3,0.0,0.6153846153846154,6.769053525225033,34.45699028527541,18.133599557390966,108.48924928914612,7.649154536265702,83.63708532984244,0.0,79.50737020596515,0.0,26.502456735321715,0.0,55.94963088567918,0.0,0.0
2026-04-02,3,weaker_main_bridge,29.37507300318306,394.6642347619644,424.03930776514744,0.0692744103323844,130670.0,22.480349738412077,11979.0,7.73620579090031,post_leap,3,3,0.0,0.611111111111111,4.197494442564223,34.083831952900475,16.3784117275588,110.24443711897828,8.79916683306004,85.43179044808383,0.0,79.50737020596515,0.0,26.502456735321715,0.0,58.894348300714924,0.0,0.0
2026-04-09,3,weaker_main_bridge,31.745188021165756,401.12827198908894,432.8734600102547,0.07333595369975725,119643.0,26.533259798873107,5513.5,8.689088028207687,post_leap,3,3,0.0,0.6054421768707482,3.931433892192726,34.34989250327197,15.82363319721416,110.79921564932292,11.99012093175887,85.18555376442075,0.0,82.45208762100089,0.0,26.502456735321715,0.0,61.839065715750664,0.0,0.0
2026-06-18,4,weaker_main_bridge,97.1756746961796,512.3808302162198,609.5565049123994,0.15942028985507242,,,0.0,0.0,pre_leap,4,3,0.13526570048309178,0.5024154589371981,35.33660916890196,35.33660879195594,47.11547845209893,126.62284903501009,5.889434830071494,103.0651095262511,8.834152245107218,106.00982694128687,0.0,38.281326395464696,0.0,91.28623986610813,0.0,11.778869660142984
2026-06-25,4,weaker_main_bridge,168.44605858610066,511.7836642871566,680.2297228732573,0.24763113536790585,472376.0,35.65931770159802,0.0,0.0,pre_leap,4,3,0.18181818181818193,0.5541125541125542,23.54499187913156,35.349356421583366,100.13313955236983,126.61010140538262,35.9701429268892,102.43157557979086,8.79778422771006,106.04619495868403,0.0,38.281326395464696,0.0,94.23095728114387,0.0,8.834152245107237
2026-07-02,4,weaker_main_bridge,205.46631056420725,518.9341735345863,724.4004840987935,0.28363635181694025,450911.0,45.56693240222732,0.0,0.0,pre_leap,4,3,0.18292682926829268,0.573170731707317,17.679924388610406,35.32498908203303,114.83235928799817,126.634468744933,60.94499893910034,103.95917630290143,12.009027948498355,105.77966865293149,0.0,41.22604381050044,0.0,97.17567469617961,0.0,8.834152245107237
2026-07-09,4,weaker_main_bridge,234.8698414146186,518.9778168345324,753.847658249151,0.3115614127662287,431527.0,54.42761204156834,0.0,0.0,pre_leap,4,3,0.17968750000000008,0.5898437500000001,11.771091899410921,35.34438674116102,123.68590919223345,126.61507108580497,79.30770613689432,103.26477359532194,20.105134186079894,106.51771466045719,0.0,41.22604381050044,0.0,97.17567469617961,0.0,8.834152245107237
2026-07-16,4,weaker_main_bridge,259.62321887782866,523.6716135216798,783.2948323995084,0.3314501872590058,412846.0,62.8862139581899,0.0,0.0,pre_leap,4,3,0.1766917293233083,0.5977443609022557,8.806715385031175,35.364045840505014,129.59500312164892,126.59541198646099,94.25160045816335,103.04446634923164,26.969899912985284,105.54238376362329,0.0,44.17076122553619,0.0,100.12039211121537,0.0,8.834152245107237
2026-07-23,4,weaker_main_bridge,280.49317245694573,535.1935515079558,815.6867239649015,0.34387365175385054,399123.0,70.2773762616902,6861.5,3.4519500565929615,post_leap,4,3,0.0,0.8014440433212998,5.674193765706248,35.55185004479419,128.8698685124121,127.3205465956978,108.74294364237478,103.27671024019894,37.20616653645263,107.08498680029894,0.0,44.17076122553619,0.0,106.00982694128686,0.0,11.778869660142984
2026-07-30,4,weaker_main_bridge,294.2639075007667,547.9252731994566,842.1891807002232,0.34940357136398525,380114.0,77.41464600113827,9504.5,8.778300887743873,post_leap,4,3,0.0,0.8006993006993008,2.644194572552788,35.63713182291191,126.00981315666135,130.18060195144855,122.05376097109986,107.63419740168833,43.55613880045274,106.6244493663703,0.0,47.115478640571936,0.0,108.9545443563226,0.0,11.778869660142984
2026-08-06,4,weaker_main_bridge,309.8270571649719,558.8645802705732,868.6916374355452,0.3566594218399625,367949.0,84.2038046481909,6082.5,12.50140605772054,post_leap,4,3,0.0,0.7966101694915253,1.3735223829299515e-14,35.336608980428935,124.48506402447093,131.70535108363896,128.9541745085732,106.62321869428649,56.38781863192774,108.51635661007403,0.0,50.06019605560768,0.0,114.8439791863941,0.0,11.778869660142984
2026-08-13,4,weaker_main_bridge,323.02631109951346,572.1677830713534,895.1940941708668,0.36084499797633496,354963.0,91.00281187039592,6493.0,16.81278145607757,post_leap,4,3,0.0,0.7927631578947367,1.7936183246989197e-14,35.33660898042893,118.00113352479005,135.2445641682841,130.91707592535096,110.54975210758022,74.10810164937244,105.51966066780805,0.0,53.00491347064343,0.0,117.78869660142985,0.0,14.723587075178731
2026-08-20,4,weaker_main_bridge,343.6911434658836,600.8031793062737,944.4943227721574,0.36388905171724684,343054.0,100.18572687270331,5954.5,21.06372749505536,post_leap,4,3,0.0,0.7756060367575094,2.912440181411802e-13,30.868761867960632,103.61155291021159,135.4212718074146,124.39046303921451,111.28940917860503,115.6891275164573,111.28491210541686,0.0,58.38721941389031,0.0,127.04914819766462,0.0,26.502456735321715
