date,profile,rank,boss,meso
2024-08-22,challenger_seren,1,선택받은세렌(하드),356000000
2024-08-22,challenger_seren,2,감시자칼로스(이지),280000000
2024-08-22,challenger_seren,3,진힐라(하드),106000000
2024-08-22,challenger_seren,4,듄켈(하드),94400000
2024-08-22,challenger_seren,5,윌(하드),77100000
2024-08-22,challenger_seren,6,가디언엔젤슬라임(카오스),75100000
2024-08-22,challenger_seren,7,더스크(카오스),69800000
2024-08-22,challenger_seren,8,루시드(하드),62900000
2024-08-22,challenger_seren,9,스우(하드),51500000
2024-08-22,challenger_seren,10,데미안(하드),48900000
2024-08-22,challenger_seren,11,파풀라투스(카오스),13100000
2024-08-22,challenger_seren,12,벨룸(카오스),9280000
2024-08-29,challenger_seren,1,선택받은세렌(하드),356000000
2024-08-29,challenger_seren,2,감시자칼로스(이지),280000000
2024-08-29,challenger_seren,3,진힐라(하드),106000000
2024-08-29,challenger_seren,4,듄켈(하드),94400000
2024-08-29,challenger_seren,5,윌(하드),77100000
2024-08-29,challenger_seren,6,가디언엔젤슬라임(카오스),75100000
2024-08-29,challenger_seren,7,더스크(카오스),69800000
2024-08-29,challenger_seren,8,루시드(하드),62900000
2024-08-29,challenger_seren,9,스우(하드),51500000
2024-08-29,challenger_seren,10,데미안(하드),48900000
2024-08-29,challenger_seren,11,파풀라투스(카오스),13100000
2024-08-29,challenger_seren,12,벨룸(카오스),9280000
2024-09-05,challenger_seren,1,선택받은세렌(하드),356000000
2024-09-05,challenger_seren,2,감시자칼로스(이지),280000000
2024-09-05,challenger_seren,3,진힐라(하드),106000000
2024-09-05,challenger_seren,4,듄켈(하드),94400000
2024-09-05,challenger_seren,5,윌(하드),77100000
2024-09-05,challenger_seren,6,가디언엔젤슬라임(카오스),75100000
2024-09-05,challenger_seren,7,더스크(카오스),69800000
2024-09-05,challenger_seren,8,루시드(하드),62900000
2024-09-05,challenger_seren,9,스우(하드),51500000
2024-09-05,challenger_seren,10,데미안(하드),48900000
2024-09-05,challenger_seren,11,파풀라투스(카오스),13100000
2024-09-05,challenger_seren,12,벨룸(카오스),9280000
2024-09-12,challenger_seren,1,선택받은세렌(하드),356000000
2024-09-12,challenger_seren,2,감시자칼로스(이지),280000000
2024-09-12,challenger_seren,3,진힐라(하드),106000000
2024-09-12,challenger_seren,4,듄켈(하드),94400000
2024-09-12,challenger_seren,5,윌(하드),77100000
2024-09-12,challenger_seren,6,가디언엔젤슬라임(카오스),75100000
2024-09-12,challenger_seren,7,더스크(카오스),69800000
2024-09-12,challenger_seren,8,루시드(하드),62900000
2024-09-12,challenger_seren,9,스우(하드),51500000
2024-09-12,challenger_seren,10,데미안(하드),48900000
2024-09-12,challenger_seren,11,파풀라투스(카오스),13100000
2024-09-12,challenger_seren,12,벨룸(카오스),9280000
2024-09-19,challenger_seren,1,선택받은세렌(하드),356000000
2024-09-19,challenger_seren,2,감시자칼로스(이지),280000000
2024-09-19,challenger_seren,3,진힐라(하드),106000000
2024-09-19,challenger_seren,4,듄켈(하드),94400000
2024-09-19,challenger_seren,5,윌(하드),77100000
2024-09-19,challenger_seren,6,가디언엔젤슬라임(카오스),75100000
2024-09-19,challenger_seren,7,더스크(카오스),69800000
2024-09-19,challenger_seren,8,루시드(하드),62900000
2024-09-19,challenger_seren,9,스우(하드),51500000
2024-09-19,challenger_seren,10,데미안(하드),48900000
2024-09-19,challenger_seren,11,파풀라투스(카오스),13100000
2024-09-19,challenger_seren,12,벨룸(카오스),9280000
2024-09-26,challenger_seren,1,선택받은세렌(하드),356000000
2024-09-26,challenger_seren,2,감시자칼로스(이지),280000000
2024-09-26,challenger_seren,3,진힐라(하드),106000000
2024-09-26,challenger_seren,4,듄켈(하드),94400000
2024-09-26,challenger_seren,5,윌(하드),77100000
2024-09-26,challenger_seren,6,가디언엔젤슬라임(카오스),75100000
2024-09-26,challenger_seren,7,더스크(카오스),69800000
2024-09-26,challenger_seren,8,루시드(하드),62900000
2024-09-26,challenger_seren,9,스우(하드),51500000
2024-09-26,challenger_seren,10,데미안(하드),48900000
2024-09-26,challenger_seren,11,파풀라투스(카오스),13100000
2024-09-26,challenger_seren,12,벨룸(카오스),9280000
2024-10-03,challenger_seren,1,선택받은세렌(하드),356000000
2024-10-03,challenger_seren,2,감시자칼로스(이지),280000000
2024-10-03,challenger_seren,3,진힐라(하드),106000000
2024-10-03,challenger_seren,4,듄켈(하드),94400000
2024-10-03,challenger_seren,5,윌(하드),77100000
2024-10-03,challenger_seren,6,가디언엔젤슬라임(카오스),75100000
2024-10-03,challenger_seren,7,더스크(카오스),69800000
2024-10-03,challenger_seren,8,루시드(하드),62900000
2024-10-03,challenger_seren,9,스우(하드),51500000
2024-10-03,challenger_seren,10,데미안(하드),48900000
2024-10-03,challenger_seren,11,파풀라투스(카오스),13100000
2024-10-03,challenger_seren,12,벨룸(카오스),9280000
2024-10-10,challenger_seren,1,선택받은세렌(하드),356000000
2024-10-10,challenger_seren,2,감시자칼로스(이지),280000000
2024-10-10,challenger_seren,3,진힐라(하드),106000000
2024-10-10,challenger_seren,4,듄켈(하드),94400000
2024-10-10,challenger_seren,5,윌(하드),77100000
2024-10-10,challenger_seren,6,가디언엔젤슬라임(카오스),75100000
2024-10-10,challenger_seren,7,더스크(카오스),69800000
2024-10-10,challenger_seren,8,루시드(하드),62900000
2024-10-10,challenger_seren,9,스우(하드),51500000
2024-10-10,challenger_seren,10,데미안(하드),48900000
2024-10-10,challenger_seren,11,파풀라투스(카오스),13100000
2024-10-10,challenger_seren,12,벨룸(카오스),9280000
2024-10-17,challenger_seren,1,선택받은세렌(하드),356000000
2024-10-17,challenger_seren,2,감시자칼로스(이지),280000000
2024-10-17,challenger_seren,3,진힐라(하드),106000000
2024-10-17,challenger_seren,4,듄켈(하드),94400000
2024-10-17,challenger_seren,5,윌(하드),77100000
2024-10-17,challenger_seren,6,가디언엔젤슬라임(카오스),75100000
2024-10-17,challenger_seren,7,더스크(카오스),69800000
2024-10-17,challenger_seren,8,루시드(하드),62900000
2024-10-17,challenger_seren,9,스우(하드),51500000
2024-10-17,challenger_seren,10,데미안(하드),48900000
2024-10-17,challenger_seren,11,파풀라투스(카오스),13100000
2024-10-17,challenger_seren,12,벨룸(카오스),9280000
2024-10-24,challenger_seren,1,선택받은세렌(하드),356000000
2024-10-24,challenger_seren,2,감시자칼로스(이지),280000000
2024-10-24,challenger_seren,3,진힐라(하드),106000000
2024-10-24,challenger_seren,4,듄켈(하드),94400000
2024-10-24,challenger_seren,5,윌(하드),77100000
2024-10-24,challenger_seren,6,가디언엔젤슬라임(카오스),75100000
2024-10-24,challenger_seren,7,더스크(카오스),69800000
2024-10-24,challenger_seren,8,루시드(하드),62900000
2024-10-24,challenger_seren,9,스우(하드),51500000
2024-10-24,challenger_seren,10,데미안(하드),48900000
2024-10-24,challenger_seren,11,파풀라투스(카오스),13100000
2024-10-24,challenger_seren,12,벨룸(카오스),9280000
2024-10-31,challenger_seren,1,선택받은세렌(하드),356000000
2024-10-31,challenger_seren,2,감시자칼로스(이지),280000000
2024-10-31,challenger_seren,3,진힐라(하드),106000000
2024-10-31,challenger_seren,4,듄켈(하드),94400000
2024-10-31,challenger_seren,5,윌(하드),77100000
2024-10-31,challenger_seren,6,가디언엔젤슬라임(카오스),75100000
2024-10-31,challenger_seren,7,더스크(카오스),69800000
2024-10-31,challenger_seren,8,루시드(하드),62900000
2024-10-31,challenger_seren,9,스우(하드),51500000
2024-10-31,challenger_seren,10,데미안(하드),48900000
2024-10-31,challenger_seren,11,파풀라투스(카오스),13100000
2024-10-31,challenger_seren,12,벨룸(카오스),9280000
2024-11-07,challenger_seren,1,선택받은세렌(하드),356000000
2024-11-07,challenger_seren,2,감시자칼로스(이지),280000000
2024-11-07,challenger_seren,3,진힐라(하드),106000000
2024-11-07,challenger_seren,4,듄켈(하드),94400000
2024-11-07,challenger_seren,5,윌(하드),77100000
2024-11-07,challenger_seren,6,가디언엔젤슬라임(카오스),75100000
2024-11-07,challenger_seren,7,더스크(카오스),69800000
2024-11-07,challenger_seren,8,루시드(하드),62900000
2024-11-07,challenger_seren,9,스우(하드),51500000
2024-11-07,challenger_seren,10,데미안(하드),48900000
2024-11-07,challenger_seren,11,파풀라투스(카오스),13100000
2024-11-07,challenger_seren,12,벨룸(카오스),9280000
2024-11-14,challenger_seren,1,선택받은세렌(하드),356000000
2024-11-14,challenger_seren,2,감시자칼로스(이지),280000000
2024-11-14,challenger_seren,3,진힐라(하드),106000000
2024-11-14,challenger_seren,4,듄켈(하드),94400000
2024-11-14,challenger_seren,5,윌(하드),77100000
2024-11-14,challenger_seren,6,가디언엔젤슬라임(카오스),75100000
2024-11-14,challenger_seren,7,더스크(카오스),69800000
2024-11-14,challenger_seren,8,루시드(하드),62900000
2024-11-14,challenger_seren,9,스우(하드),51500000
2024-11-14,challenger_seren,10,데미안(하드),48900000
2024-11-14,challenger_seren,11,파풀라투스(카오스),13100000
2024-11-14,challenger_seren,12,벨룸(카오스),9280000
2024-11-21,challenger_seren,1,선택받은세렌(하드),356000000
2024-11-21,challenger_seren,2,감시자칼로스(이지),280000000
2024-11-21,challenger_seren,3,진힐라(하드),106000000
2024-11-21,challenger_seren,4,듄켈(하드),94400000
2024-11-21,challenger_seren,5,윌(하드),77100000
2024-11-21,challenger_seren,6,가디언엔젤슬라임(카오스),75100000
2024-11-21,challenger_seren,7,더스크(카오스),69800000
2024-11-21,challenger_seren,8,루시드(하드),62900000
2024-11-21,challenger_seren,9,스우(하드),51500000
2024-11-21,challenger_seren,10,데미안(하드),48900000
2024-11-21,challenger_seren,11,파풀라투스(카오스),13100000
2024-11-21,challenger_seren,12,벨룸(카오스),9280000
2024-11-28,challenger_seren,1,선택받은세렌(하드),356000000
2024-11-28,challenger_seren,2,감시자칼로스(이지),280000000
2024-11-28,challenger_seren,3,진힐라(하드),106000000
2024-11-28,challenger_seren,4,듄켈(하드),94400000
2024-11-28,challenger_seren,5,윌(하드),77100000
2024-11-28,challenger_seren,6,가디언엔젤슬라임(카오스),75100000
2024-11-28,challenger_seren,7,더스크(카오스),69800000
2024-11-28,challenger_seren,8,루시드(하드),62900000
2024-11-28,challenger_seren,9,스우(하드),51500000
2024-11-28,challenger_seren,10,데미안(하드),48900000
2024-11-28,challenger_seren,11,파풀라투스(카오스),13100000
2024-11-28,challenger_seren,12,벨룸(카오스),9280000
2024-12-05,challenger_seren,1,선택받은세렌(하드),356000000
2024-12-05,challenger_seren,2,감시자칼로스(이지),280000000
2024-12-05,challenger_seren,3,진힐라(하드),106000000
2024-12-05,challenger_seren,4,듄켈(하드),94400000
2024-12-05,challenger_seren,5,윌(하드),77100000
2024-12-05,challenger_seren,6,가디언엔젤슬라임(카오스),75100000
2024-12-05,challenger_seren,7,더스크(카오스),69800000
2024-12-05,challenger_seren,8,루시드(하드),62900000
2024-12-05,challenger_seren,9,스우(하드),51500000
2024-12-05,challenger_seren,10,데미안(하드),48900000
2024-12-05,challenger_seren,11,파풀라투스(카오스),13100000
2024-12-05,challenger_seren,12,벨룸(카오스),9280000
2024-12-12,challenger_seren,1,선택받은세렌(하드),356000000
2024-12-12,challenger_seren,2,감시자칼로스(이지),280000000
2024-12-12,challenger_seren,3,진힐라(하드),106000000
2024-12-12,challenger_seren,4,듄켈(하드),94400000
2024-12-12,challenger_seren,5,윌(하드),77100000
2024-12-12,challenger_seren,6,가디언엔젤슬라임(카오스),75100000
2024-12-12,challenger_seren,7,더스크(카오스),69800000
2024-12-12,challenger_seren,8,루시드(하드),62900000
2024-12-12,challenger_seren,9,스우(하드),51500000
2024-12-12,challenger_seren,10,데미안(하드),48900000
2024-12-12,challenger_seren,11,파풀라투스(카오스),13100000
2024-12-12,challenger_seren,12,벨룸(카오스),9280000
2024-12-19,challenger_seren,1,선택받은세렌(하드),356000000
2024-12-19,challenger_seren,2,감시자칼로스(이지),280000000
2024-12-19,challenger_seren,3,진힐라(하드),106000000
2024-12-19,challenger_seren,4,듄켈(하드),94400000
2024-12-19,challenger_seren,5,윌(하드),77100000
2024-12-19,challenger_seren,6,가디언엔젤슬라임(카오스),75100000
2024-12-19,challenger_seren,7,더스크(카오스),69800000
2024-12-19,challenger_seren,8,루시드(하드),62900000
2024-12-19,challenger_seren,9,스우(하드),51500000
2024-12-19,challenger_seren,10,데미안(하드),48900000
2024-12-19,challenger_seren,11,파풀라투스(카오스),13100000
2024-12-19,challenger_seren,12,벨룸(카오스),9280000
2024-12-26,challenger_seren,1,선택받은세렌(하드),356000000
2024-12-26,challenger_seren,2,감시자칼로스(이지),280000000
2024-12-26,challenger_seren,3,진힐라(하드),106000000
2024-12-26,challenger_seren,4,듄켈(하드),94400000
2024-12-26,challenger_seren,5,윌(하드),77100000
2024-12-26,challenger_seren,6,가디언엔젤슬라임(카오스),75100000
2024-12-26,challenger_seren,7,더스크(카오스),69800000
2024-12-26,challenger_seren,8,루시드(하드),62900000
2024-12-26,challenger_seren,9,스우(하드),51500000
2024-12-26,challenger_seren,10,데미안(하드),48900000
2024-12-26,challenger_seren,11,파풀라투스(카오스),13100000
2024-12-26,challenger_seren,12,벨룸(카오스),9280000
2025-01-02,challenger_seren,1,선택받은세렌(하드),356000000
2025-01-02,challenger_seren,2,감시자칼로스(이지),280000000
2025-01-02,challenger_seren,3,진힐라(하드),106000000
2025-01-02,challenger_seren,4,듄켈(하드),94400000
2025-01-02,challenger_seren,5,윌(하드),77100000
2025-01-02,challenger_seren,6,가디언엔젤슬라임(카오스),75100000
2025-01-02,challenger_seren,7,더스크(카오스),69800000
2025-01-02,challenger_seren,8,루시드(하드),62900000
2025-01-02,challenger_seren,9,스우(하드),51500000
2025-01-02,challenger_seren,10,데미안(하드),48900000
2025-01-02,challenger_seren,11,파풀라투스(카오스),13100000
2025-01-02,challenger_seren,12,벨룸(카오스),9280000
2025-01-09,challenger_seren,1,선택받은세렌(하드),356000000
2025-01-09,challenger_seren,2,감시자칼로스(이지),280000000
2025-01-09,challenger_seren,3,진힐라(하드),106000000
2025-01-09,challenger_seren,4,듄켈(하드),94400000
2025-01-09,challenger_seren,5,윌(하드),77100000
2025-01-09,challenger_seren,6,가디언엔젤슬라임(카오스),75100000
2025-01-09,challenger_seren,7,더스크(카오스),69800000
2025-01-09,challenger_seren,8,루시드(하드),62900000
2025-01-09,challenger_seren,9,스우(하드),51500000
2025-01-09,challenger_seren,10,데미안(하드),48900000
2025-01-09,challenger_seren,11,파풀라투스(카오스),13100000
2025-01-09,challenger_seren,12,벨룸(카오스),9280000
2025-01-16,challenger_seren,1,선택받은세렌(하드),356000000
2025-01-16,challenger_seren,2,감시자칼로스(이지),280000000
2025-01-16,challenger_seren,3,진힐라(하드),106000000
2025-01-16,challenger_seren,4,듄켈(하드),94400000
2025-01-16,challenger_seren,5,윌(하드),77100000
2025-01-16,challenger_seren,6,가디언엔젤슬라임(카오스),75100000
2025-01-16,challenger_seren,7,더스크(카오스),69800000
2025-01-16,challenger_seren,8,루시드(하드),62900000
2025-01-16,challenger_seren,9,스우(하드),51500000
2025-01-16,challenger_seren,10,데미안(하드),48900000
2025-01-16,challenger_seren,11,파풀라투스(카오스),13100000
2025-01-16,challenger_seren,12,벨룸(카오스),9280000
2025-01-23,challenger_seren,1,선택받은세렌(하드),356000000
2025-01-23,challenger_seren,2,감시자칼로스(이지),280000000
2025-01-23,challenger_seren,3,진힐라(하드),106000000
2025-01-23,challenger_seren,4,듄켈(하드),94400000
2025-01-23,challenger_seren,5,윌(하드),77100000
2025-01-23,challenger_seren,6,가디언엔젤슬라임(카오스),75100000
2025-01-23,challenger_seren,7,더스크(카오스),69800000
2025-01-23,challenger_seren,8,루시드(하드),62900000
2025-01-23,challenger_seren,9,스우(하드),51500000
2025-01-23,challenger_seren,10,데미안(하드),48900000
2025-01-23,challenger_seren,11,파풀라투스(카오스),13100000
2025-01-23,challenger_seren,12,벨룸(카오스),9280000
2025-01-30,challenger_seren,1,선택받은세렌(하드),356000000
2025-01-30,challenger_seren,2,감시자칼로스(이지),280000000
2025-01-30,challenger_seren,3,진힐라(하드),106000000
2025-01-30,challenger_seren,4,듄켈(하드),94400000
2025-01-30,challenger_seren,5,윌(하드),77100000
2025-01-30,challenger_seren,6,가디언엔젤슬라임(카오스),75100000
2025-01-30,challenger_seren,7,더스크(카오스),69800000
2025-01-30,challenger_seren,8,루시드(하드),62900000
2025-01-30,challenger_seren,9,스우(하드),51500000
2025-01-30,challenger_seren,10,데미안(하드),48900000
2025-01-30,challenger_seren,11,파풀라투스(카오스),13100000
2025-01-30,challenger_seren,12,벨룸(카오스),9280000
2025-02-06,challenger_seren,1,선택받은세렌(하드),356000000
2025-02-06,challenger_seren,2,감시자칼로스(이지),280000000
2025-02-06,challenger_seren,3,진힐라(하드),106000000
2025-02-06,challenger_seren,4,듄켈(하드),94400000
2025-02-06,challenger_seren,5,윌(하드),77100000
2025-02-06,challenger_seren,6,가디언엔젤슬라임(카오스),75100000
2025-02-06,challenger_seren,7,더스크(카오스),69800000
2025-02-06,challenger_seren,8,루시드(하드),62900000
2025-02-06,challenger_seren,9,스우(하드),51500000
2025-02-06,challenger_seren,10,데미안(하드),48900000
2025-02-06,challenger_seren,11,파풀라투스(카오스),13100000
2025-02-06,challenger_seren,12,벨룸(카오스),9280000
2025-02-13,challenger_seren,1,선택받은세렌(하드),356000000
2025-02-13,challenger_seren,2,감시자칼로스(이지),280000000
2025-02-13,challenger_seren,3,진힐라(하드),106000000
2025-02-13,challenger_seren,4,듄켈(하드),94400000
2025-02-13,challenger_seren,5,윌(하드),77100000
2025-02-13,challenger_seren,6,가디언엔젤슬라임(카오스),75100000
2025-02-13,challenger_seren,7,더스크(카오스),69800000
2025-02-13,challenger_seren,8,루시드(하드),62900000
2025-02-13,challenger_seren,9,스우(하드),51500000
2025-02-13,challenger_seren,10,데미안(하드),48900000
2025-02-13,challenger_seren,11,파풀라투스(카오스),13100000
2025-02-13,challenger_seren,12,벨룸(카오스),9280000
2025-02-20,challenger_seren,1,선택받은세렌(하드),356000000
2025-02-20,challenger_seren,2,감시자칼로스(이지),280000000
2025-02-20,challenger_seren,3,진힐라(하드),106000000
2025-02-20,challenger_seren,4,듄켈(하드),94400000
2025-02-20,challenger_seren,5,윌(하드),77100000
2025-02-20,challenger_seren,6,가디언엔젤슬라임(카오스),75100000
2025-02-20,challenger_seren,7,더스크(카오스),69800000
2025-02-20,challenger_seren,8,루시드(하드),62900000
2025-02-20,challenger_seren,9,스우(하드),51500000
2025-02-20,challenger_seren,10,데미안(하드),48900000
2025-02-20,challenger_seren,11,파풀라투스(카오스),13100000
2025-02-20,challenger_seren,12,벨룸(카오스),9280000
2025-02-27,challenger_seren,1,선택받은세렌(하드),356000000
2025-02-27,challenger_seren,2,감시자칼로스(이지),280000000
2025-02-27,challenger_seren,3,진힐라(하드),106000000
2025-02-27,challenger_seren,4,듄켈(하드),94400000
2025-02-27,challenger_seren,5,윌(하드),77100000
2025-02-27,challenger_seren,6,가디언엔젤슬라임(카오스),75100000
2025-02-27,challenger_seren,7,더스크(카오스),69800000
2025-02-27,challenger_seren,8,루시드(하드),62900000
2025-02-27,challenger_seren,9,스우(하드),51500000
2025-02-27,challenger_seren,10,데미안(하드),48900000
2025-02-27,challenger_seren,11,파풀라투스(카오스),13100000
2025-02-27,challenger_seren,12,벨룸(카오스),9280000
2025-03-06,challenger_seren,1,선택받은세렌(하드),356000000
2025-03-06,challenger_seren,2,감시자칼로스(이지),280000000
2025-03-06,challenger_seren,3,진힐라(하드),106000000
2025-03-06,challenger_seren,4,듄켈(하드),94400000
2025-03-06,challenger_seren,5,윌(하드),77100000
2025-03-06,challenger_seren,6,가디언엔젤슬라임(카오스),75100000
2025-03-06,challenger_seren,7,더스크(카오스),69800000
2025-03-06,challenger_seren,8,루시드(하드),62900000
2025-03-06,challenger_seren,9,스우(하드),51500000
2025-03-06,challenger_seren,10,데미안(하드),48900000
2025-03-06,challenger_seren,11,파풀라투스(카오스),13100000
2025-03-06,challenger_seren,12,벨룸(카오스),9280000
2025-03-13,challenger_seren,1,선택받은세렌(하드),356000000
2025-03-13,challenger_seren,2,감시자칼로스(이지),280000000
2025-03-13,challenger_seren,3,진힐라(하드),106000000
2025-03-13,challenger_seren,4,듄켈(하드),94400000
2025-03-13,challenger_seren,5,윌(하드),77100000
2025-03-13,challenger_seren,6,가디언엔젤슬라임(카오스),75100000
2025-03-13,challenger_seren,7,더스크(카오스),69800000
2025-03-13,challenger_seren,8,루시드(하드),62900000
2025-03-13,challenger_seren,9,스우(하드),51500000
2025-03-13,challenger_seren,10,데미안(하드),48900000
2025-03-13,challenger_seren,11,파풀라투스(카오스),13100000
2025-03-13,challenger_seren,12,벨룸(카오스),9280000
2025-03-20,challenger_seren,1,선택받은세렌(하드),356000000
2025-03-20,challenger_seren,2,감시자칼로스(이지),280000000
2025-03-20,challenger_seren,3,진힐라(하드),106000000
2025-03-20,challenger_seren,4,듄켈(하드),94400000
2025-03-20,challenger_seren,5,윌(하드),77100000
2025-03-20,challenger_seren,6,가디언엔젤슬라임(카오스),75100000
2025-03-20,challenger_seren,7,더스크(카오스),69800000
2025-03-20,challenger_seren,8,루시드(하드),62900000
2025-03-20,challenger_seren,9,스우(하드),51500000
2025-03-20,challenger_seren,10,데미안(하드),48900000
2025-03-20,challenger_seren,11,파풀라투스(카오스),13100000
2025-03-20,challenger_seren,12,벨룸(카오스),9280000
2025-03-27,challenger_seren,1,선택받은세렌(하드),356000000
2025-03-27,challenger_seren,2,감시자칼로스(이지),280000000
2025-03-27,challenger_seren,3,진힐라(하드),106000000
2025-03-27,challenger_seren,4,듄켈(하드),94400000
2025-03-27,challenger_seren,5,윌(하드),77100000
2025-03-27,challenger_seren,6,가디언엔젤슬라임(카오스),75100000
2025-03-27,challenger_seren,7,더스크(카오스),69800000
2025-03-27,challenger_seren,8,루시드(하드),62900000
2025-03-27,challenger_seren,9,스우(하드),51500000
2025-03-27,challenger_seren,10,데미안(하드),48900000
2025-03-27,challenger_seren,11,파풀라투스(카오스),13100000
2025-03-27,challenger_seren,12,벨룸(카오스),9280000
2025-04-03,challenger_seren,1,선택받은세렌(하드),356000000
2025-04-03,challenger_seren,2,감시자칼로스(이지),280000000
2025-04-03,challenger_seren,3,진힐라(하드),106000000
2025-04-03,challenger_seren,4,듄켈(하드),94400000
2025-04-03,challenger_seren,5,윌(하드),77100000
2025-04-03,challenger_seren,6,가디언엔젤슬라임(카오스),75100000
2025-04-03,challenger_seren,7,더스크(카오스),69800000
2025-04-03,challenger_seren,8,루시드(하드),62900000
2025-04-03,challenger_seren,9,스우(하드),51500000
2025-04-03,challenger_seren,10,데미안(하드),48900000
2025-04-03,challenger_seren,11,파풀라투스(카오스),13100000
2025-04-03,challenger_seren,12,벨룸(카오스),9280000
2025-04-10,challenger_seren,1,선택받은세렌(하드),356000000
2025-04-10,challenger_seren,2,감시자칼로스(이지),280000000
2025-04-10,challenger_seren,3,진힐라(하드),106000000
2025-04-10,challenger_seren,4,듄켈(하드),94400000
2025-04-10,challenger_seren,5,윌(하드),77100000
2025-04-10,challenger_seren,6,가디언엔젤슬라임(카오스),75100000
2025-04-10,challenger_seren,7,더스크(카오스),69800000
2025-04-10,challenger_seren,8,루시드(하드),62900000
2025-04-10,challenger_seren,9,스우(하드),51500000
2025-04-10,challenger_seren,10,데미안(하드),48900000
2025-04-10,challenger_seren,11,파풀라투스(카오스),13100000
2025-04-10,challenger_seren,12,벨룸(카오스),9280000
2025-04-17,challenger_seren,1,선택받은세렌(하드),356000000
2025-04-17,challenger_seren,2,감시자칼로스(이지),280000000
2025-04-17,challenger_seren,3,진힐라(하드),106000000
2025-04-17,challenger_seren,4,듄켈(하드),94400000
2025-04-17,challenger_seren,5,윌(하드),77100000
2025-04-17,challenger_seren,6,가디언엔젤슬라임(카오스),75100000
2025-04-17,challenger_seren,7,더스크(카오스),69800000
2025-04-17,challenger_seren,8,루시드(하드),62900000
2025-04-17,challenger_seren,9,스우(하드),51500000
2025-04-17,challenger_seren,10,데미안(하드),48900000
2025-04-17,challenger_seren,11,파풀라투스(카오스),13100000
2025-04-17,challenger_seren,12,벨룸(카오스),9280000
2025-04-24,challenger_seren,1,선택받은세렌(하드),356000000
2025-04-24,challenger_seren,2,감시자칼로스(이지),280000000
2025-04-24,challenger_seren,3,진힐라(하드),106000000
2025-04-24,challenger_seren,4,듄켈(하드),94400000
2025-04-24,challenger_seren,5,윌(하드),77100000
2025-04-24,challenger_seren,6,가디언엔젤슬라임(카오스),75100000
2025-04-24,challenger_seren,7,더스크(카오스),69800000
2025-04-24,challenger_seren,8,루시드(하드),62900000
2025-04-24,challenger_seren,9,스우(하드),51500000
2025-04-24,challenger_seren,10,데미안(하드),48900000
2025-04-24,challenger_seren,11,파풀라투스(카오스),13100000
2025-04-24,challenger_seren,12,벨룸(카오스),9280000
2025-05-01,challenger_seren,1,선택받은세렌(하드),356000000
2025-05-01,challenger_seren,2,감시자칼로스(이지),280000000
2025-05-01,challenger_seren,3,진힐라(하드),106000000
2025-05-01,challenger_seren,4,듄켈(하드),94400000
2025-05-01,challenger_seren,5,윌(하드),77100000
2025-05-01,challenger_seren,6,가디언엔젤슬라임(카오스),75100000
2025-05-01,challenger_seren,7,더스크(카오스),69800000
2025-05-01,challenger_seren,8,루시드(하드),62900000
2025-05-01,challenger_seren,9,스우(하드),51500000
2025-05-01,challenger_seren,10,데미안(하드),48900000
2025-05-01,challenger_seren,11,파풀라투스(카오스),13100000
2025-05-01,challenger_seren,12,벨룸(카오스),9280000
2025-05-08,challenger_seren,1,선택받은세렌(하드),356000000
2025-05-08,challenger_seren,2,감시자칼로스(이지),280000000
2025-05-08,challenger_seren,3,진힐라(하드),106000000
2025-05-08,challenger_seren,4,듄켈(하드),94400000
2025-05-08,challenger_seren,5,윌(하드),77100000
2025-05-08,challenger_seren,6,가디언엔젤슬라임(카오스),75100000
2025-05-08,challenger_seren,7,더스크(카오스),69800000
2025-05-08,challenger_seren,8,루시드(하드),62900000
2025-05-08,challenger_seren,9,스우(하드),51500000
2025-05-08,challenger_seren,10,데미안(하드),48900000
2025-05-08,challenger_seren,11,파풀라투스(카오스),13100000
2025-05-08,challenger_seren,12,벨룸(카오스),9280000
2025-05-15,challenger_seren,1,선택받은세렌(하드),356000000
2025-05-15,challenger_seren,2,감시자칼로스(이지),280000000
2025-05-15,challenger_seren,3,진힐라(하드),106000000
2025-05-15,challenger_seren,4,듄켈(하드),94400000
2025-05-15,challenger_seren,5,윌(하드),77100000
2025-05-15,challenger_seren,6,가디언엔젤슬라임(카오스),75100000
2025-05-15,challenger_seren,7,더스크(카오스),69800000
2025-05-15,challenger_seren,8,루시드(하드),62900000
2025-05-15,challenger_seren,9,스우(하드),51500000
2025-05-15,challenger_seren,10,데미안(하드),48900000
2025-05-15,challenger_seren,11,파풀라투스(카오스),13100000
2025-05-15,challenger_seren,12,벨룸(카오스),9280000
2025-05-22,challenger_seren,1,선택받은세렌(하드),356000000
2025-05-22,challenger_seren,2,감시자칼로스(이지),280000000
2025-05-22,challenger_seren,3,진힐라(하드),106000000
2025-05-22,challenger_seren,4,듄켈(하드),94400000
2025-05-22,challenger_seren,5,윌(하드),77100000
2025-05-22,challenger_seren,6,가디언엔젤슬라임(카오스),75100000
2025-05-22,challenger_seren,7,더스크(카오스),69800000
2025-05-22,challenger_seren,8,루시드(하드),62900000
2025-05-22,challenger_seren,9,스우(하드),51500000
2025-05-22,challenger_seren,10,데미안(하드),48900000
2025-05-22,challenger_seren,11,파풀라투스(카오스),13100000
2025-05-22,challenger_seren,12,벨룸(카오스),9280000
2025-05-29,challenger_seren,1,선택받은세렌(하드),356000000
2025-05-29,challenger_seren,2,감시자칼로스(이지),280000000
2025-05-29,challenger_seren,3,진힐라(하드),106000000
2025-05-29,challenger_seren,4,듄켈(하드),94400000
2025-05-29,challenger_seren,5,윌(하드),77100000
2025-05-29,challenger_seren,6,가디언엔젤슬라임(카오스),75100000
2025-05-29,challenger_seren,7,더스크(카오스),69800000
2025-05-29,challenger_seren,8,루시드(하드),62900000
2025-05-29,challenger_seren,9,스우(하드),51500000
2025-05-29,challenger_seren,10,데미안(하드),48900000
2025-05-29,challenger_seren,11,파풀라투스(카오스),13100000
2025-05-29,challenger_seren,12,벨룸(카오스),9280000
2025-06-05,challenger_seren,1,선택받은세렌(하드),356000000
2025-06-05,challenger_seren,2,감시자칼로스(이지),280000000
2025-06-05,challenger_seren,3,진힐라(하드),106000000
2025-06-05,challenger_seren,4,듄켈(하드),94400000
2025-06-05,challenger_seren,5,윌(하드),77100000
2025-06-05,challenger_seren,6,가디언엔젤슬라임(카오스),75100000
2025-06-05,challenger_seren,7,더스크(카오스),69800000
2025-06-05,challenger_seren,8,루시드(하드),62900000
2025-06-05,challenger_seren,9,스우(하드),51500000
2025-06-05,challenger_seren,10,데미안(하드),48900000
2025-06-05,challenger_seren,11,파풀라투스(카오스),13100000
2025-06-05,challenger_seren,12,벨룸(카오스),9280000
2025-06-12,challenger_seren,1,선택받은세렌(하드),356000000
2025-06-12,challenger_seren,2,감시자칼로스(이지),280000000
2025-06-12,challenger_seren,3,진힐라(하드),106000000
2025-06-12,challenger_seren,4,듄켈(하드),94400000
2025-06-12,challenger_seren,5,윌(하드),77100000
2025-06-12,challenger_seren,6,가디언엔젤슬라임(카오스),75100000
2025-06-12,challenger_seren,7,더스크(카오스),69800000
2025-06-12,challenger_seren,8,루시드(하드),62900000
2025-06-12,challenger_seren,9,스우(하드),51500000
2025-06-12,challenger_seren,10,데미안(하드),48900000
2025-06-12,challenger_seren,11,파풀라투스(카오스),13100000
2025-06-12,challenger_seren,12,벨룸(카오스),9280000
2025-06-19,challenger_seren,1,선택받은세렌(하드),356000000
2025-06-19,challenger_seren,2,감시자칼로스(이지),280000000
2025-06-19,challenger_seren,3,진힐라(하드),106000000
2025-06-19,challenger_seren,4,듄켈(하드),94400000
2025-06-19,challenger_seren,5,윌(하드),77100000
2025-06-19,challenger_seren,6,가디언엔젤슬라임(카오스),75100000
2025-06-19,challenger_seren,7,더스크(카오스),69800000
2025-06-19,challenger_seren,8,루시드(하드),62900000
2025-06-19,challenger_seren,9,스우(하드),51500000
2025-06-19,challenger_seren,10,데미안(하드),48900000
2025-06-19,challenger_seren,11,파풀라투스(카오스),13100000
2025-06-19,challenger_seren,12,벨룸(카오스),9280000
2025-06-26,challenger_seren,1,선택받은세렌(하드),356000000
2025-06-26,challenger_seren,2,감시자칼로스(이지),280000000
2025-06-26,challenger_seren,3,진힐라(하드),106000000
2025-06-26,challenger_seren,4,듄켈(하드),94400000
2025-06-26,challenger_seren,5,윌(하드),77100000
2025-06-26,challenger_seren,6,가디언엔젤슬라임(카오스),75100000
2025-06-26,challenger_seren,7,더스크(카오스),69800000
2025-06-26,challenger_seren,8,루시드(하드),62900000
2025-06-26,challenger_seren,9,스우(하드),51500000
2025-06-26,challenger_seren,10,데미안(하드),48900000
2025-06-26,challenger_seren,11,파풀라투스(카오스),13100000
2025-06-26,challenger_seren,12,벨룸(카오스),9280000
2025-07-03,challenger_seren,1,선택받은세렌(하드),356000000
2025-07-03,challenger_seren,2,감시자칼로스(이지),280000000
2025-07-03,challenger_seren,3,진힐라(하드),106000000
2025-07-03,challenger_seren,4,듄켈(하드),94400000
2025-07-03,challenger_seren,5,윌(하드),77100000
2025-07-03,challenger_seren,6,가디언엔젤슬라임(카오스),75100000
2025-07-03,challenger_seren,7,더스크(카오스),69800000
2025-07-03,challenger_seren,8,루시드(하드),62900000
2025-07-03,challenger_seren,9,스우(하드),51500000
2025-07-03,challenger_seren,10,데미안(하드),48900000
2025-07-03,challenger_seren,11,파풀라투스(카오스),13100000
2025-07-03,challenger_seren,12,벨룸(카오스),9280000
2025-07-10,challenger_seren,1,선택받은세렌(하드),356000000
2025-07-10,challenger_seren,2,감시자칼로스(이지),280000000
2025-07-10,challenger_seren,3,진힐라(하드),106000000
2025-07-10,challenger_seren,4,듄켈(하드),94400000
2025-07-10,challenger_seren,5,윌(하드),77100000
2025-07-10,challenger_seren,6,가디언엔젤슬라임(카오스),75100000
2025-07-10,challenger_seren,7,더스크(카오스),69800000
2025-07-10,challenger_seren,8,루시드(하드),62900000
2025-07-10,challenger_seren,9,스우(하드),51500000
2025-07-10,challenger_seren,10,데미안(하드),48900000
2025-07-10,challenger_seren,11,파풀라투스(카오스),13100000
2025-07-10,challenger_seren,12,벨룸(카오스),9280000
2025-07-17,challenger_seren,1,선택받은세렌(하드),356000000
2025-07-17,challenger_seren,2,감시자칼로스(이지),280000000
2025-07-17,challenger_seren,3,진힐라(하드),106000000
2025-07-17,challenger_seren,4,듄켈(하드),94400000
2025-07-17,challenger_seren,5,윌(하드),77100000
2025-07-17,challenger_seren,6,가디언엔젤슬라임(카오스),75100000
2025-07-17,challenger_seren,7,더스크(카오스),69800000
2025-07-17,challenger_seren,8,루시드(하드),62900000
2025-07-17,challenger_seren,9,스우(하드),51500000
2025-07-17,challenger_seren,10,데미안(하드),48900000
2025-07-17,challenger_seren,11,파풀라투스(카오스),13100000
2025-07-17,challenger_seren,12,벨룸(카오스),9280000
2025-07-24,challenger_seren,1,선택받은세렌(하드),356000000
2025-07-24,challenger_seren,2,감시자칼로스(이지),280000000
2025-07-24,challenger_seren,3,진힐라(하드),106000000
2025-07-24,challenger_seren,4,듄켈(하드),94400000
2025-07-24,challenger_seren,5,윌(하드),77100000
2025-07-24,challenger_seren,6,가디언엔젤슬라임(카오스),75100000
2025-07-24,challenger_seren,7,더스크(카오스),69800000
2025-07-24,challenger_seren,8,루시드(하드),62900000
2025-07-24,challenger_seren,9,스우(하드),51500000
2025-07-24,challenger_seren,10,데미안(하드),48900000
2025-07-24,challenger_seren,11,파풀라투스(카오스),13100000
2025-07-24,challenger_seren,12,벨룸(카오스),9280000
2025-07-31,challenger_seren,1,선택받은세렌(하드),356000000
2025-07-31,challenger_seren,2,감시자칼로스(이지),280000000
2025-07-31,challenger_seren,3,진힐라(하드),106000000
2025-07-31,challenger_seren,4,듄켈(하드),94400000
2025-07-31,challenger_seren,5,윌(하드),77100000
2025-07-31,challenger_seren,6,가디언엔젤슬라임(카오스),75100000
2025-07-31,challenger_seren,7,더스크(카오스),69800000
2025-07-31,challenger_seren,8,루시드(하드),62900000
2025-07-31,challenger_seren,9,스우(하드),51500000
2025-07-31,challenger_seren,10,데미안(하드),48900000
2025-07-31,challenger_seren,11,파풀라투스(카오스),13100000
2025-07-31,challenger_seren,12,벨룸(카오스),9280000
2025-08-07,challenger_seren,1,선택받은세렌(하드),356000000
2025-08-07,challenger_seren,2,감시자칼로스(이지),280000000
2025-08-07,challenger_seren,3,진힐라(하드),106000000
2025-08-07,challenger_seren,4,듄켈(하드),94400000
2025-08-07,challenger_seren,5,윌(하드),77100000
2025-08-07,challenger_seren,6,가디언엔젤슬라임(카오스),75100000
2025-08-07,challenger_seren,7,더스크(카오스),69800000
2025-08-07,challenger_seren,8,루시드(하드),62900000
2025-08-07,challenger_seren,9,스우(하드),51500000
2025-08-07,challenger_seren,10,데미안(하드),48900000
2025-08-07,challenger_seren,11,파풀라투스(카오스),13100000
2025-08-07,challenger_seren,12,벨룸(카오스),9280000
2025-08-14,challenger_seren,1,선택받은세렌(하드),356000000
2025-08-14,challenger_seren,2,감시자칼로스(이지),280000000
2025-08-14,challenger_seren,3,진힐라(하드),106000000
2025-08-14,challenger_seren,4,듄켈(하드),94400000
2025-08-14,challenger_seren,5,윌(하드),77100000
2025-08-14,challenger_seren,6,가디언엔젤슬라임(카오스),75100000
2025-08-14,challenger_seren,7,더스크(카오스),69800000
2025-08-14,challenger_seren,8,루시드(하드),62900000
2025-08-14,challenger_seren,9,스우(하드),51500000
2025-08-14,challenger_seren,10,데미안(하드),48900000
2025-08-14,challenger_seren,11,파풀라투스(카오스),13100000
2025-08-14,challenger_seren,12,벨룸(카오스),9280000
2025-08-21,challenger_seren,1,선택받은세렌(하드),356000000
2025-08-21,challenger_seren,2,최초의대적자(이지),308000000
2025-08-21,challenger_seren,3,감시자칼로스(이지),280000000
2025-08-21,challenger_seren,4,진힐라(하드),106000000
2025-08-21,challenger_seren,5,듄켈(하드),94400000
2025-08-21,challenger_seren,6,윌(하드),77100000
2025-08-21,challenger_seren,7,가디언엔젤슬라임(카오스),75100000
2025-08-21,challenger_seren,8,더스크(카오스),69800000
2025-08-21,challenger_seren,9,루시드(하드),62900000
2025-08-21,challenger_seren,10,스우(하드),51500000
2025-08-21,challenger_seren,11,데미안(하드),48900000
2025-08-21,challenger_seren,12,파풀라투스(카오스),13100000
2025-08-28,challenger_seren,1,선택받은세렌(하드),356000000
2025-08-28,challenger_seren,2,최초의대적자(이지),308000000
2025-08-28,challenger_seren,3,감시자칼로스(이지),280000000
2025-08-28,challenger_seren,4,진힐라(하드),106000000
2025-08-28,challenger_seren,5,듄켈(하드),94400000
2025-08-28,challenger_seren,6,윌(하드),77100000
2025-08-28,challenger_seren,7,가디언엔젤슬라임(카오스),75100000
2025-08-28,challenger_seren,8,더스크(카오스),69800000
2025-08-28,challenger_seren,9,루시드(하드),62900000
2025-08-28,challenger_seren,10,스우(하드),51500000
2025-08-28,challenger_seren,11,데미안(하드),48900000
2025-08-28,challenger_seren,12,파풀라투스(카오스),13100000
2025-09-04,challenger_seren,1,선택받은세렌(하드),356000000
2025-09-04,challenger_seren,2,최초의대적자(이지),308000000
2025-09-04,challenger_seren,3,감시자칼로스(이지),280000000
2025-09-04,challenger_seren,4,진힐라(하드),106000000
2025-09-04,challenger_seren,5,듄켈(하드),94400000
2025-09-04,challenger_seren,6,윌(하드),77100000
2025-09-04,challenger_seren,7,가디언엔젤슬라임(카오스),75100000
2025-09-04,challenger_seren,8,더스크(카오스),69800000
2025-09-04,challenger_seren,9,루시드(하드),62900000
2025-09-04,challenger_seren,10,스우(하드),51500000
2025-09-04,challenger_seren,11,데미안(하드),48900000
2025-09-04,challenger_seren,12,파풀라투스(카오스),13100000
2025-09-11,challenger_seren,1,선택받은세렌(하드),356000000
2025-09-11,challenger_seren,2,최초의대적자(이지),308000000
2025-09-11,challenger_seren,3,감시자칼로스(이지),280000000
2025-09-11,challenger_seren,4,진힐라(하드),106000000
2025-09-11,challenger_seren,5,듄켈(하드),94400000
2025-09-11,challenger_seren,6,윌(하드),77100000
2025-09-11,challenger_seren,7,가디언엔젤슬라임(카오스),75100000
2025-09-11,challenger_seren,8,더스크(카오스),69800000
2025-09-11,challenger_seren,9,루시드(하드),62900000
2025-09-11,challenger_seren,10,스우(하드),51500000
2025-09-11,challenger_seren,11,데미안(하드),48900000
2025-09-11,challenger_seren,12,파풀라투스(카오스),13100000
2025-09-18,challenger_seren,1,선택받은세렌(하드),356000000
2025-09-18,challenger_seren,2,최초의대적자(이지),308000000
2025-09-18,challenger_seren,3,감시자칼로스(이지),280000000
2025-09-18,challenger_seren,4,진힐라(하드),106000000
2025-09-18,challenger_seren,5,듄켈(하드),94400000
2025-09-18,challenger_seren,6,윌(하드),77100000
2025-09-18,challenger_seren,7,가디언엔젤슬라임(카오스),75100000
2025-09-18,challenger_seren,8,더스크(카오스),69800000
2025-09-18,challenger_seren,9,루시드(하드),62900000
2025-09-18,challenger_seren,10,스우(하드),51500000
2025-09-18,challenger_seren,11,데미안(하드),48900000
2025-09-18,challenger_seren,12,파풀라투스(카오스),13100000
2025-09-25,challenger_seren,1,선택받은세렌(하드),356000000
2025-09-25,challenger_seren,2,최초의대적자(이지),308000000
2025-09-25,challenger_seren,3,감시자칼로스(이지),280000000
2025-09-25,challenger_seren,4,진힐라(하드),106000000
2025-09-25,challenger_seren,5,듄켈(하드),94400000
2025-09-25,challenger_seren,6,윌(하드),77100000
2025-09-25,challenger_seren,7,가디언엔젤슬라임(카오스),75100000
2025-09-25,challenger_seren,8,더스크(카오스),69800000
2025-09-25,challenger_seren,9,루시드(하드),62900000
2025-09-25,challenger_seren,10,스우(하드),51500000
2025-09-25,challenger_seren,11,데미안(하드),48900000
2025-09-25,challenger_seren,12,파풀라투스(카오스),13100000
2025-10-02,challenger_seren,1,선택받은세렌(하드),356000000
2025-10-02,challenger_seren,2,최초의대적자(이지),308000000
2025-10-02,challenger_seren,3,감시자칼로스(이지),280000000
2025-10-02,challenger_seren,4,진힐라(하드),106000000
2025-10-02,challenger_seren,5,듄켈(하드),94400000
2025-10-02,challenger_seren,6,윌(하드),77100000
2025-10-02,challenger_seren,7,가디언엔젤슬라임(카오스),75100000
2025-10-02,challenger_seren,8,더스크(카오스),69800000
2025-10-02,challenger_seren,9,루시드(하드),62900000
2025-10-02,challenger_seren,10,스우(하드),51500000
2025-10-02,challenger_seren,11,데미안(하드),48900000
2025-10-02,challenger_seren,12,파풀라투스(카오스),13100000
2025-10-09,challenger_seren,1,선택받은세렌(하드),356000000
2025-10-09,challenger_seren,2,최초의대적자(이지),308000000
2025-10-09,challenger_seren,3,감시자칼로스(이지),280000000
2025-10-09,challenger_seren,4,진힐라(하드),106000000
2025-10-09,challenger_seren,5,듄켈(하드),94400000
2025-10-09,challenger_seren,6,윌(하드),77100000
2025-10-09,challenger_seren,7,가디언엔젤슬라임(카오스),75100000
2025-10-09,challenger_seren,8,더스크(카오스),69800000
2025-10-09,challenger_seren,9,루시드(하드),62900000
2025-10-09,challenger_seren,10,스우(하드),51500000
2025-10-09,challenger_seren,11,데미안(하드),48900000
2025-10-09,challenger_seren,12,파풀라투스(카오스),13100000
2025-10-16,challenger_seren,1,선택받은세렌(하드),356000000
2025-10-16,challenger_seren,2,최초의대적자(이지),308000000
2025-10-16,challenger_seren,3,감시자칼로스(이지),280000000
2025-10-16,challenger_seren,4,진힐라(하드),106000000
2025-10-16,challenger_seren,5,듄켈(하드),94400000
2025-10-16,challenger_seren,6,윌(하드),77100000
2025-10-16,challenger_seren,7,가디언엔젤슬라임(카오스),75100000
2025-10-16,challenger_seren,8,더스크(카오스),69800000
2025-10-16,challenger_seren,9,루시드(하드),62900000
2025-10-16,challenger_seren,10,스우(하드),51500000
2025-10-16,challenger_seren,11,데미안(하드),48900000
2025-10-16,challenger_seren,12,파풀라투스(카오스),13100000
2025-10-23,challenger_seren,1,선택받은세렌(하드),356000000
2025-10-23,challenger_seren,2,최초의대적자(이지),308000000
2025-10-23,challenger_seren,3,감시자칼로스(이지),280000000
2025-10-23,challenger_seren,4,진힐라(하드),106000000
2025-10-23,challenger_seren,5,듄켈(하드),94400000
2025-10-23,challenger_seren,6,윌(하드),77100000
2025-10-23,challenger_seren,7,가디언엔젤슬라임(카오스),75100000
2025-10-23,challenger_seren,8,더스크(카오스),69800000
2025-10-23,challenger_seren,9,루시드(하드),62900000
2025-10-23,challenger_seren,10,스우(하드),51500000
2025-10-23,challenger_seren,11,데미안(하드),48900000
2025-10-23,challenger_seren,12,파풀라투스(카오스),13100000
2025-10-30,challenger_seren,1,선택받은세렌(하드),356000000
2025-10-30,challenger_seren,2,최초의대적자(이지),308000000
2025-10-30,challenger_seren,3,감시자칼로스(이지),280000000
2025-10-30,challenger_seren,4,진힐라(하드),106000000
2025-10-30,challenger_seren,5,듄켈(하드),94400000
2025-10-30,challenger_seren,6,윌(하드),77100000
2025-10-30,challenger_seren,7,가디언엔젤슬라임(카오스),75100000
2025-10-30,challenger_seren,8,더스크(카오스),69800000
2025-10-30,challenger_seren,9,루시드(하드),62900000
2025-10-30,challenger_seren,10,스우(하드),51500000
2025-10-30,challenger_seren,11,데미안(하드),48900000
2025-10-30,challenger_seren,12,파풀라투스(카오스),13100000
2025-11-06,challenger_seren,1,선택받은세렌(하드),356000000
2025-11-06,challenger_seren,2,최초의대적자(이지),308000000
2025-11-06,challenger_seren,3,감시자칼로스(이지),280000000
2025-11-06,challenger_seren,4,진힐라(하드),106000000
2025-11-06,challenger_seren,5,듄켈(하드),94400000
2025-11-06,challenger_seren,6,윌(하드),77100000
2025-11-06,challenger_seren,7,가디언엔젤슬라임(카오스),75100000
2025-11-06,challenger_seren,8,더스크(카오스),69800000
2025-11-06,challenger_seren,9,루시드(하드),62900000
2025-11-06,challenger_seren,10,스우(하드),51500000
2025-11-06,challenger_seren,11,데미안(하드),48900000
2025-11-06,challenger_seren,12,파풀라투스(카오스),13100000
2025-11-13,challenger_seren,1,선택받은세렌(하드),356000000
2025-11-13,challenger_seren,2,최초의대적자(이지),308000000
2025-11-13,challenger_seren,3,감시자칼로스(이지),280000000
2025-11-13,challenger_seren,4,진힐라(하드),106000000
2025-11-13,challenger_seren,5,듄켈(하드),94400000
2025-11-13,challenger_seren,6,윌(하드),77100000
2025-11-13,challenger_seren,7,가디언엔젤슬라임(카오스),75100000
2025-11-13,challenger_seren,8,더스크(카오스),69800000
2025-11-13,challenger_seren,9,루시드(하드),62900000
2025-11-13,challenger_seren,10,스우(하드),51500000
2025-11-13,challenger_seren,11,데미안(하드),48900000
2025-11-13,challenger_seren,12,파풀라투스(카오스),13100000
2025-11-20,challenger_seren,1,선택받은세렌(하드),356000000
2025-11-20,challenger_seren,2,최초의대적자(이지),308000000
2025-11-20,challenger_seren,3,감시자칼로스(이지),280000000
2025-11-20,challenger_seren,4,진힐라(하드),106000000
2025-11-20,challenger_seren,5,듄켈(하드),94400000
2025-11-20,challenger_seren,6,윌(하드),77100000
2025-11-20,challenger_seren,7,가디언엔젤슬라임(카오스),75100000
2025-11-20,challenger_seren,8,더스크(카오스),69800000
2025-11-20,challenger_seren,9,루시드(하드),62900000
2025-11-20,challenger_seren,10,스우(하드),51500000
2025-11-20,challenger_seren,11,데미안(하드),48900000
2025-11-20,challenger_seren,12,파풀라투스(카오스),13100000
2025-11-27,challenger_seren,1,선택받은세렌(하드),356000000
2025-11-27,challenger_seren,2,최초의대적자(이지),308000000
2025-11-27,challenger_seren,3,감시자칼로스(이지),280000000
2025-11-27,challenger_seren,4,진힐라(하드),106000000
2025-11-27,challenger_seren,5,듄켈(하드),94400000
2025-11-27,challenger_seren,6,윌(하드),77100000
2025-11-27,challenger_seren,7,가디언엔젤슬라임(카오스),75100000
2025-11-27,challenger_seren,8,더스크(카오스),69800000
2025-11-27,challenger_seren,9,루시드(하드),62900000
2025-11-27,challenger_seren,10,스우(하드),51500000
2025-11-27,challenger_seren,11,데미안(하드),48900000
2025-11-27,challenger_seren,12,파풀라투스(카오스),13100000
2025-12-04,challenger_seren,1,선택받은세렌(하드),356000000
2025-12-04,challenger_seren,2,최초의대적자(이지),308000000
2025-12-04,challenger_seren,3,감시자칼로스(이지),280000000
2025-12-04,challenger_seren,4,진힐라(하드),106000000
2025-12-04,challenger_seren,5,듄켈(하드),94400000
2025-12-04,challenger_seren,6,윌(하드),77100000
2025-12-04,challenger_seren,7,가디언엔젤슬라임(카오스),75100000
2025-12-04,challenger_seren,8,더스크(카오스),69800000
2025-12-04,challenger_seren,9,루시드(하드),62900000
2025-12-04,challenger_seren,10,스우(하드),51500000
2025-12-04,challenger_seren,11,데미안(하드),48900000
2025-12-04,challenger_seren,12,파풀라투스(카오스),13100000
2025-12-11,challenger_seren,1,선택받은세렌(하드),356000000
2025-12-11,challenger_seren,2,최초의대적자(이지),308000000
2025-12-11,challenger_seren,3,감시자칼로스(이지),280000000
2025-12-11,challenger_seren,4,진힐라(하드),106000000
2025-12-11,challenger_seren,5,듄켈(하드),94400000
2025-12-11,challenger_seren,6,윌(하드),77100000
2025-12-11,challenger_seren,7,가디언엔젤슬라임(카오스),75100000
2025-12-11,challenger_seren,8,더스크(카오스),69800000
2025-12-11,challenger_seren,9,루시드(하드),62900000
2025-12-11,challenger_seren,10,스우(하드),51500000
2025-12-11,challenger_seren,11,데미안(하드),48900000
2025-12-11,challenger_seren,12,파풀라투스(카오스),13100000
2025-12-18,challenger_seren,1,선택받은세렌(하드),356000000
2025-12-18,challenger_seren,2,최초의대적자(이지),308000000
2025-12-18,challenger_seren,3,감시자칼로스(이지),280000000
2025-12-18,challenger_seren,4,진힐라(하드),106000000
2025-12-18,challenger_seren,5,듄켈(하드),94400000
2025-12-18,challenger_seren,6,윌(하드),77100000
2025-12-18,challenger_seren,7,가디언엔젤슬라임(카오스),75100000
2025-12-18,challenger_seren,8,더스크(카오스),69800000
2025-12-18,challenger_seren,9,루시드(하드),62900000
2025-12-18,challenger_seren,10,스우(하드),51500000
2025-12-18,challenger_seren,11,데미안(하드),48900000
2025-12-18,challenger_seren,12,파풀라투스(카오스),13100000
2025-12-25,challenger_seren,1,선택받은세렌(하드),356000000
2025-12-25,challenger_seren,2,최초의대적자(이지),308000000
2025-12-25,challenger_seren,3,감시자칼로스(이지),280000000
2025-12-25,challenger_seren,4,진힐라(하드),106000000
2025-12-25,challenger_seren,5,듄켈(하드),94400000
2025-12-25,challenger_seren,6,윌(하드),77100000
2025-12-25,challenger_seren,7,가디언엔젤슬라임(카오스),75100000
2025-12-25,challenger_seren,8,더스크(카오스),69800000
2025-12-25,challenger_seren,9,루시드(하드),62900000
2025-12-25,challenger_seren,10,스우(하드),51500000
2025-12-25,challenger_seren,11,데미안(하드),48900000
2025-12-25,challenger_seren,12,파풀라투스(카오스),13100000
2026-01-01,challenger_seren,1,선택받은세렌(하드),356000000
2026-01-01,challenger_seren,2,최초의대적자(이지),308000000
2026-01-01,challenger_seren,3,감시자칼로스(이지),280000000
2026-01-01,challenger_seren,4,진힐라(하드),106000000
2026-01-01,challenger_seren,5,듄켈(하드),94400000
2026-01-01,challenger_seren,6,윌(하드),77100000
2026-01-01,challenger_seren,7,가디언엔젤슬라임(카오스),75100000
2026-01-01,challenger_seren,8,더스크(카오스),69800000
2026-01-01,challenger_seren,9,루시드(하드),62900000
2026-01-01,challenger_seren,10,스우(하드),51500000
2026-01-01,challenger_seren,11,데미안(하드),48900000
2026-01-01,challenger_seren,12,파풀라투스(카오스),13100000
2026-01-08,challenger_seren,1,선택받은세렌(하드),356000000
2026-01-08,challenger_seren,2,최초의대적자(이지),308000000
2026-01-08,challenger_seren,3,감시자칼로스(이지),280000000
2026-01-08,challenger_seren,4,진힐라(하드),106000000
2026-01-08,challenger_seren,5,듄켈(하드),94400000
2026-01-08,challenger_seren,6,윌(하드),77100000
2026-01-08,challenger_seren,7,가디언엔젤슬라임(카오스),75100000
2026-01-08,challenger_seren,8,더스크(카오스),69800000
2026-01-08,challenger_seren,9,루시드(하드),62900000
2026-01-08,challenger_seren,10,스우(하드),51500000
2026-01-08,challenger_seren,11,데미안(하드),48900000
2026-01-08,challenger_seren,12,파풀라투스(카오스),13100000
2026-01-15,challenger_seren,1,선택받은세렌(하드),356000000
2026-01-15,challenger_seren,2,최초의대적자(이지),308000000
2026-01-15,challenger_seren,3,감시자칼로스(이지),280000000
2026-01-15,challenger_seren,4,진힐라(하드),106000000
2026-01-15,challenger_seren,5,듄켈(하드),94400000
2026-01-15,challenger_seren,6,윌(하드),77100000
2026-01-15,challenger_seren,7,가디언엔젤슬라임(카오스),75100000
2026-01-15,challenger_seren,8,더스크(카오스),69800000
2026-01-15,challenger_seren,9,루시드(하드),62900000
2026-01-15,challenger_seren,10,스우(하드),51500000
2026-01-15,challenger_seren,11,데미안(하드),48900000
2026-01-15,challenger_seren,12,파풀라투스(카오스),13100000
2026-01-22,challenger_seren,1,선택받은세렌(하드),356000000
2026-01-22,challenger_seren,2,최초의대적자(이지),308000000
2026-01-22,challenger_seren,3,감시자칼로스(이지),280000000
2026-01-22,challenger_seren,4,진힐라(하드),106000000
2026-01-22,challenger_seren,5,듄켈(하드),94400000
2026-01-22,challenger_seren,6,윌(하드),77100000
2026-01-22,challenger_seren,7,가디언엔젤슬라임(카오스),75100000
2026-01-22,challenger_seren,8,더스크(카오스),69800000
2026-01-22,challenger_seren,9,루시드(하드),62900000
2026-01-22,challenger_seren,10,스우(하드),51500000
2026-01-22,challenger_seren,11,데미안(하드),48900000
2026-01-22,challenger_seren,12,파풀라투스(카오스),13100000
2026-01-29,challenger_seren,1,선택받은세렌(하드),356000000
2026-01-29,challenger_seren,2,최초의대적자(이지),308000000
2026-01-29,challenger_seren,3,감시자칼로스(이지),280000000
2026-01-29,challenger_seren,4,진힐라(하드),106000000
2026-01-29,challenger_seren,5,듄켈(하드),94400000
2026-01-29,challenger_seren,6,윌(하드),77100000
2026-01-29,challenger_seren,7,가디언엔젤슬라임(카오스),75100000
2026-01-29,challenger_seren,8,더스크(카오스),69800000
2026-01-29,challenger_seren,9,루시드(하드),62900000
2026-01-29,challenger_seren,10,스우(하드),51500000
2026-01-29,challenger_seren,11,데미안(하드),48900000
2026-01-29,challenger_seren,12,파풀라투스(카오스),13100000
2026-02-05,challenger_seren,1,선택받은세렌(하드),356000000
2026-02-05,challenger_seren,2,최초의대적자(이지),308000000
2026-02-05,challenger_seren,3,감시자칼로스(이지),280000000
2026-02-05,challenger_seren,4,진힐라(하드),106000000
2026-02-05,challenger_seren,5,듄켈(하드),94400000
2026-02-05,challenger_seren,6,윌(하드),77100000
2026-02-05,challenger_seren,7,가디언엔젤슬라임(카오스),75100000
2026-02-05,challenger_seren,8,더스크(카오스),69800000
2026-02-05,challenger_seren,9,루시드(하드),62900000
2026-02-05,challenger_seren,10,스우(하드),51500000
2026-02-05,challenger_seren,11,데미안(하드),48900000
2026-02-05,challenger_seren,12,파풀라투스(카오스),13100000
2026-02-12,challenger_seren,1,선택받은세렌(하드),356000000
2026-02-12,challenger_seren,2,최초의대적자(이지),308000000
2026-02-12,challenger_seren,3,감시자칼로스(이지),280000000
2026-02-12,challenger_seren,4,진힐라(하드),106000000
2026-02-12,challenger_seren,5,듄켈(하드),94400000
2026-02-12,challenger_seren,6,윌(하드),77100000
2026-02-12,challenger_seren,7,가디언엔젤슬라임(카오스),75100000
2026-02-12,challenger_seren,8,더스크(카오스),69800000
2026-02-12,challenger_seren,9,루시드(하드),62900000
2026-02-12,challenger_seren,10,스우(하드),51500000
2026-02-12,challenger_seren,11,데미안(하드),48900000
2026-02-12,challenger_seren,12,파풀라투스(카오스),13100000
2026-02-19,challenger_seren,1,선택받은세렌(하드),356000000
2026-02-19,challenger_seren,2,최초의대적자(이지),308000000
2026-02-19,challenger_seren,3,감시자칼로스(이지),280000000
2026-02-19,challenger_seren,4,진힐라(하드),106000000
2026-02-19,challenger_seren,5,듄켈(하드),94400000
2026-02-19,challenger_seren,6,윌(하드),77100000
2026-02-19,challenger_seren,7,가디언엔젤슬라임(카오스),75100000
2026-02-19,challenger_seren,8,더스크(카오스),69800000
2026-02-19,challenger_seren,9,루시드(하드),62900000
2026-02-19,challenger_seren,10,스우(하드),51500000
2026-02-19,challenger_seren,11,데미안(하드),48900000
2026-02-19,challenger_seren,12,파풀라투스(카오스),13100000
2026-02-26,challenger_seren,1,선택받은세렌(하드),356000000
2026-02-26,challenger_seren,2,최초의대적자(이지),308000000
2026-02-26,challenger_seren,3,감시자칼로스(이지),280000000
2026-02-26,challenger_seren,4,진힐라(하드),106000000
2026-02-26,challenger_seren,5,듄켈(하드),94400000
2026-02-26,challenger_seren,6,윌(하드),77100000
2026-02-26,challenger_seren,7,가디언엔젤슬라임(카오스),75100000
2026-02-26,challenger_seren,8,더스크(카오스),69800000
2026-02-26,challenger_seren,9,루시드(하드),62900000
2026-02-26,challenger_seren,10,스우(하드),51500000
2026-02-26,challenger_seren,11,데미안(하드),48900000
2026-02-26,challenger_seren,12,파풀라투스(카오스),13100000
2026-03-05,challenger_seren,1,선택받은세렌(하드),356000000
2026-03-05,challenger_seren,2,최초의대적자(이지),308000000
2026-03-05,challenger_seren,3,감시자칼로스(이지),280000000
2026-03-05,challenger_seren,4,진힐라(하드),106000000
2026-03-05,challenger_seren,5,듄켈(하드),94400000
2026-03-05,challenger_seren,6,윌(하드),77100000
2026-03-05,challenger_seren,7,가디언엔젤슬라임(카오스),75100000
2026-03-05,challenger_seren,8,더스크(카오스),69800000
2026-03-05,challenger_seren,9,루시드(하드),62900000
2026-03-05,challenger_seren,10,스우(하드),51500000
2026-03-05,challenger_seren,11,데미안(하드),48900000
2026-03-05,challenger_seren,12,파풀라투스(카오스),13100000
2026-03-12,challenger_seren,1,선택받은세렌(하드),356000000
2026-03-12,challenger_seren,2,최초의대적자(이지),308000000
2026-03-12,challenger_seren,3,감시자칼로스(이지),280000000
2026-03-12,challenger_seren,4,진힐라(하드),106000000
2026-03-12,challenger_seren,5,듄켈(하드),94400000
2026-03-12,challenger_seren,6,윌(하드),77100000
2026-03-12,challenger_seren,7,가디언엔젤슬라임(카오스),75100000
2026-03-12,challenger_seren,8,더스크(카오스),69800000
2026-03-12,challenger_seren,9,루시드(하드),62900000
2026-03-12,challenger_seren,10,스우(하드),51500000
2026-03-12,challenger_seren,11,데미안(하드),48900000
2026-03-12,challenger_seren,12,파풀라투스(카오스),13100000
2026-03-19,challenger_seren,1,선택받은세렌(하드),356000000
2026-03-19,challenger_seren,2,최초의대적자(이지),308000000
2026-03-19,challenger_seren,3,감시자칼로스(이지),280000000
2026-03-19,challenger_seren,4,진힐라(하드),106000000
2026-03-19,challenger_seren,5,듄켈(하드),94400000
2026-03-19,challenger_seren,6,윌(하드),77100000
2026-03-19,challenger_seren,7,가디언엔젤슬라임(카오스),75100000
2026-03-19,challenger_seren,8,더스크(카오스),69800000
2026-03-19,challenger_seren,9,루시드(하드),62900000
2026-03-19,challenger_seren,10,스우(하드),51500000
2026-03-19,challenger_seren,11,데미안(하드),48900000
2026-03-19,challenger_seren,12,파풀라투스(카오스),13100000
2026-03-26,challenger_seren,1,선택받은세렌(하드),356000000
2026-03-26,challenger_seren,2,최초의대적자(이지),308000000
2026-03-26,challenger_seren,3,감시자칼로스(이지),280000000
2026-03-26,challenger_seren,4,진힐라(하드),106000000
2026-03-26,challenger_seren,5,듄켈(하드),94400000
2026-03-26,challenger_seren,6,윌(하드),77100000
2026-03-26,challenger_seren,7,가디언엔젤슬라임(카오스),75100000
2026-03-26,challenger_seren,8,더스크(카오스),69800000
2026-03-26,challenger_seren,9,루시드(하드),62900000
2026-03-26,challenger_seren,10,스우(하드),51500000
2026-03-26,challenger_seren,11,데미안(하드),48900000
2026-03-26,challenger_seren,12,파풀라투스(카오스),13100000
2026-04-02,challenger_seren,1,선택받은세렌(하드),356000000
2026-04-02,challenger_seren,2,최초의대적자(이지),308000000
2026-04-02,challenger_seren,3,감시자칼로스(이지),280000000
2026-04-02,challenger_seren,4,진힐라(하드),106000000
2026-04-02,challenger_seren,5,듄켈(하드),94400000
2026-04-02,challenger_seren,6,윌(하드),77100000
2026-04-02,challenger_seren,7,가디언엔젤슬라임(카오스),75100000
2026-04-02,challenger_seren,8,더스크(카오스),69800000
2026-04-02,challenger_seren,9,루시드(하드),62900000
2026-04-02,challenger_seren,10,스우(하드),51500000
2026-04-02,challenger_seren,11,데미안(하드),48900000
2026-04-02,challenger_seren,12,파풀라투스(카오스),13100000
2026-04-09,challenger_seren,1,선택받은세렌(하드),356000000
2026-04-09,challenger_seren,2,최초의대적자(이지),308000000
2026-04-09,challenger_seren,3,감시자칼로스(이지),280000000
2026-04-09,challenger_seren,4,진힐라(하드),106000000
2026-04-09,challenger_seren,5,듄켈(하드),94400000
2026-04-09,challenger_seren,6,윌(하드),77100000
2026-04-09,challenger_seren,7,가디언엔젤슬라임(카오스),75100000
2026-04-09,challenger_seren,8,더스크(카오스),69800000
2026-04-09,challenger_seren,9,루시드(하드),62900000
2026-04-09,challenger_seren,10,스우(하드),51500000
2026-04-09,challenger_seren,11,데미안(하드),48900000
2026-04-09,challenger_seren,12,파풀라투스(카오스),13100000
2026-04-16,challenger_seren,1,선택받은세렌(하드),356000000
2026-04-16,challenger_seren,2,최초의대적자(이지),308000000
2026-04-16,challenger_seren,3,감시자칼로스(이지),280000000
2026-04-16,challenger_seren,4,진힐라(하드),106000000
2026-04-16,challenger_seren,5,듄켈(하드),94400000
2026-04-16,challenger_seren,6,윌(하드),77100000
2026-04-16,challenger_seren,7,가디언엔젤슬라임(카오스),75100000
2026-04-16,challenger_seren,8,더스크(카오스),69800000
2026-04-16,challenger_seren,9,루시드(하드),62900000
2026-04-16,challenger_seren,10,스우(하드),51500000
2026-04-16,challenger_seren,11,데미안(하드),48900000
2026-04-16,challenger_seren,12,파풀라투스(카오스),13100000
2026-04-23,challenger_seren,1,선택받은세렌(하드),356000000
2026-04-23,challenger_seren,2,최초의대적자(이지),308000000
2026-04-23,challenger_seren,3,감시자칼로스(이지),280000000
2026-04-23,challenger_seren,4,진힐라(하드),106000000
2026-04-23,challenger_seren,5,듄켈(하드),94400000
2026-04-23,challenger_seren,6,윌(하드),77100000
2026-04-23,challenger_seren,7,가디언엔젤슬라임(카오스),75100000
2026-04-23,challenger_seren,8,더스크(카오스),69800000
2026-04-23,challenger_seren,9,루시드(하드),62900000
2026-04-23,challenger_seren,10,스우(하드),51500000
2026-04-23,challenger_seren,11,데미안(하드),48900000
2026-04-23,challenger_seren,12,파풀라투스(카오스),13100000
2026-04-30,challenger_seren,1,선택받은세렌(하드),356000000
2026-04-30,challenger_seren,2,최초의대적자(이지),308000000
2026-04-30,challenger_seren,3,감시자칼로스(이지),280000000
2026-04-30,challenger_seren,4,진힐라(하드),106000000
2026-04-30,challenger_seren,5,듄켈(하드),94400000
2026-04-30,challenger_seren,6,윌(하드),77100000
2026-04-30,challenger_seren,7,가디언엔젤슬라임(카오스),75100000
2026-04-30,challenger_seren,8,더스크(카오스),69800000
2026-04-30,challenger_seren,9,루시드(하드),62900000
2026-04-30,challenger_seren,10,스우(하드),51500000
2026-04-30,challenger_seren,11,데미안(하드),48900000
2026-04-30,challenger_seren,12,파풀라투스(카오스),13100000
2026-05-07,challenger_seren,1,선택받은세렌(하드),356000000
2026-05-07,challenger_seren,2,최초의대적자(이지),308000000
2026-05-07,challenger_seren,3,감시자칼로스(이지),280000000
2026-05-07,challenger_seren,4,진힐라(하드),106000000
2026-05-07,challenger_seren,5,듄켈(하드),94400000
2026-05-07,challenger_seren,6,윌(하드),77100000
2026-05-07,challenger_seren,7,가디언엔젤슬라임(카오스),75100000
2026-05-07,challenger_seren,8,더스크(카오스),69800000
2026-05-07,challenger_seren,9,루시드(하드),62900000
2026-05-07,challenger_seren,10,스우(하드),51500000
2026-05-07,challenger_seren,11,데미안(하드),48900000
2026-05-07,challenger_seren,12,파풀라투스(카오스),13100000
2026-05-14,challenger_seren,1,선택받은세렌(하드),356000000
2026-05-14,challenger_seren,2,최초의대적자(이지),308000000
2026-05-14,challenger_seren,3,감시자칼로스(이지),280000000
2026-05-14,challenger_seren,4,진힐라(하드),106000000
2026-05-14,challenger_seren,5,듄켈(하드),94400000
2026-05-14,challenger_seren,6,윌(하드),77100000
2026-05-14,challenger_seren,7,가디언엔젤슬라임(카오스),75100000
2026-05-14,challenger_seren,8,더스크(카오스),69800000
2026-05-14,challenger_seren,9,루시드(하드),62900000
2026-05-14,challenger_seren,10,스우(하드),51500000
2026-05-14,challenger_seren,11,데미안(하드),48900000
2026-05-14,challenger_seren,12,파풀라투스(카오스),13100000
2026-05-21,challenger_seren,1,선택받은세렌(하드),356000000
2026-05-21,challenger_seren,2,최초의대적자(이지),308000000
2026-05-21,challenger_seren,3,감시자칼로스(이지),280000000
2026-05-21,challenger_seren,4,진힐라(하드),106000000
2026-05-21,challenger_seren,5,듄켈(하드),94400000
2026-05-21,challenger_seren,6,윌(하드),77100000
2026-05-21,challenger_seren,7,가디언엔젤슬라임(카오스),75100000
2026-05-21,challenger_seren,8,더스크(카오스),69800000
2026-05-21,challenger_seren,9,루시드(하드),62900000
2026-05-21,challenger_seren,10,스우(하드),51500000
2026-05-21,challenger_seren,11,데미안(하드),48900000
2026-05-21,challenger_seren,12,파풀라투스(카오스),13100000
2026-05-28,challenger_seren,1,선택받은세렌(하드),356000000
2026-05-28,challenger_seren,2,최초의대적자(이지),308000000
2026-05-28,challenger_seren,3,감시자칼로스(이지),280000000
2026-05-28,challenger_seren,4,진힐라(하드),106000000
2026-05-28,challenger_seren,5,듄켈(하드),94400000
2026-05-28,challenger_seren,6,윌(하드),77100000
2026-05-28,challenger_seren,7,가디언엔젤슬라임(카오스),75100000
2026-05-28,challenger_seren,8,더스크(카오스),69800000
2026-05-28,challenger_seren,9,루시드(하드),62900000
2026-05-28,challenger_seren,10,스우(하드),51500000
2026-05-28,challenger_seren,11,데미안(하드),48900000
2026-05-28,challenger_seren,12,파풀라투스(카오스),13100000
2026-06-04,challenger_seren,1,선택받은세렌(하드),356000000
2026-06-04,challenger_seren,2,최초의대적자(이지),308000000
2026-06-04,challenger_seren,3,감시자칼로스(이지),280000000
2026-06-04,challenger_seren,4,진힐라(하드),106000000
2026-06-04,challenger_seren,5,듄켈(하드),94400000
2026-06-04,challenger_seren,6,윌(하드),77100000
2026-06-04,challenger_seren,7,가디언엔젤슬라임(카오스),75100000
2026-06-04,challenger_seren,8,더스크(카오스),69800000
2026-06-04,challenger_seren,9,루시드(하드),62900000
2026-06-04,challenger_seren,10,스우(하드),51500000
2026-06-04,challenger_seren,11,데미안(하드),48900000
2026-06-04,challenger_seren,12,파풀라투스(카오스),13100000
2026-06-11,challenger_seren,1,선택받은세렌(하드),356000000
2026-06-11,challenger_seren,2,최초의대적자(이지),308000000
2026-06-11,challenger_seren,3,감시자칼로스(이지),280000000
2026-06-11,challenger_seren,4,진힐라(하드),106000000
2026-06-11,challenger_seren,5,듄켈(하드),94400000
2026-06-11,challenger_seren,6,윌(하드),77100000
2026-06-11,challenger_seren,7,가디언엔젤슬라임(카오스),75100000
2026-06-11,challenger_seren,8,더스크(카오스),69800000
2026-06-11,challenger_seren,9,루시드(하드),62900000
2026-06-11,challenger_seren,10,스우(하드),51500000
2026-06-11,challenger_seren,11,데미안(하드),48900000
2026-06-11,challenger_seren,12,파풀라투스(카오스),13100000
2026-06-18,challenger_seren,1,선택받은세렌(하드),356000000
2026-06-18,challenger_seren,2,최초의대적자(이지),308000000
2026-06-18,challenger_seren,3,감시자칼로스(이지),280000000
2026-06-18,challenger_seren,4,진힐라(하드),106000000
2026-06-18,challenger_seren,5,듄켈(하드),94400000
2026-06-18,challenger_seren,6,윌(하드),77100000
2026-06-18,challenger_seren,7,가디언엔젤슬라임(카오스),75100000
2026-06-18,challenger_seren,8,더스크(카오스),69800000
2026-06-18,challenger_seren,9,루시드(하드),62900000
2026-06-18,challenger_seren,10,스우(하드),51500000
2026-06-18,challenger_seren,11,데미안(하드),48900000
2026-06-18,challenger_seren,12,파풀라투스(카오스),13100000
2026-06-25,challenger_seren,1,선택받은세렌(하드),356000000
2026-06-25,challenger_seren,2,최초의대적자(이지),308000000
2026-06-25,challenger_seren,3,감시자칼로스(이지),280000000
2026-06-25,challenger_seren,4,진힐라(하드),106000000
2026-06-25,challenger_seren,5,듄켈(하드),94400000
2026-06-25,challenger_seren,6,윌(하드),77100000
2026-06-25,challenger_seren,7,가디언엔젤슬라임(카오스),75100000
2026-06-25,challenger_seren,8,더스크(카오스),69800000
2026-06-25,challenger_seren,9,루시드(하드),62900000
2026-06-25,challenger_seren,10,스우(하드),51500000
2026-06-25,challenger_seren,11,데미안(하드),48900000
2026-06-25,challenger_seren,12,파풀라투스(카오스),13100000
2026-07-02,challenger_seren,1,선택받은세렌(하드),356000000
2026-07-02,challenger_seren,2,최초의대적자(이지),308000000
2026-07-02,challenger_seren,3,감시자칼로스(이지),280000000
2026-07-02,challenger_seren,4,진힐라(하드),106000000
2026-07-02,challenger_seren,5,듄켈(하드),94400000
2026-07-02,challenger_seren,6,윌(하드),77100000
2026-07-02,challenger_seren,7,가디언엔젤슬라임(카오스),75100000
2026-07-02,challenger_seren,8,더스크(카오스),69800000
2026-07-02,challenger_seren,9,루시드(하드),62900000
2026-07-02,challenger_seren,10,스우(하드),51500000
2026-07-02,challenger_seren,11,데미안(하드),48900000
2026-07-02,challenger_seren,12,파풀라투스(카오스),13100000
2026-07-09,challenger_seren,1,선택받은세렌(하드),356000000
2026-07-09,challenger_seren,2,최초의대적자(이지),308000000
2026-07-09,challenger_seren,3,감시자칼로스(이지),280000000
2026-07-09,challenger_seren,4,진힐라(하드),106000000
2026-07-09,challenger_seren,5,듄켈(하드),94400000
2026-07-09,challenger_seren,6,윌(하드),77100000
2026-07-09,challenger_seren,7,가디언엔젤슬라임(카오스),75100000
2026-07-09,challenger_seren,8,더스크(카오스),69800000
2026-07-09,challenger_seren,9,루시드(하드),62900000
2026-07-09,challenger_seren,10,스우(하드),51500000
2026-07-09,challenger_seren,11,데미안(하드),48900000
2026-07-09,challenger_seren,12,파풀라투스(카오스),13100000
2026-07-16,challenger_seren,1,선택받은세렌(하드),356000000
2026-07-16,challenger_seren,2,최초의대적자(이지),308000000
2026-07-16,challenger_seren,3,감시자칼로스(이지),280000000
2026-07-16,challenger_seren,4,진힐라(하드),106000000
2026-07-16,challenger_seren,5,듄켈(하드),94400000
2026-07-16,challenger_seren,6,윌(하드),77100000
2026-07-16,challenger_seren,7,가디언엔젤슬라임(카오스),75100000
2026-07-16,challenger_seren,8,더스크(카오스),69800000
2026-07-16,challenger_seren,9,루시드(하드),62900000
2026-07-16,challenger_seren,10,스우(하드),51500000
2026-07-16,challenger_seren,11,데미안(하드),48900000
2026-07-16,challenger_seren,12,파풀라투스(카오스),13100000
2026-07-23,challenger_seren,1,선택받은세렌(하드),356000000
2026-07-23,challenger_seren,2,최초의대적자(이지),308000000
2026-07-23,challenger_seren,3,감시자칼로스(이지),280000000
2026-07-23,challenger_seren,4,진힐라(하드),106000000
2026-07-23,challenger_seren,5,듄켈(하드),94400000
2026-07-23,challenger_seren,6,윌(하드),77100000
2026-07-23,challenger_seren,7,가디언엔젤슬라임(카오스),75100000
2026-07-23,challenger_seren,8,더스크(카오스),69800000
2026-07-23,challenger_seren,9,루시드(하드),62900000
2026-07-23,challenger_seren,10,스우(하드),51500000
2026-07-23,challenger_seren,11,데미안(하드),48900000
2026-07-23,challenger_seren,12,파풀라투스(카오스),13100000
2026-07-30,challenger_seren,1,선택받은세렌(하드),356000000
2026-07-30,challenger_seren,2,최초의대적자(이지),308000000
2026-07-30,challenger_seren,3,감시자칼로스(이지),280000000
2026-07-30,challenger_seren,4,진힐라(하드),106000000
2026-07-30,challenger_seren,5,듄켈(하드),94400000
2026-07-30,challenger_seren,6,윌(하드),77100000
2026-07-30,challenger_seren,7,가디언엔젤슬라임(카오스),75100000
2026-07-30,challenger_seren,8,더스크(카오스),69800000
2026-07-30,challenger_seren,9,루시드(하드),62900000
2026-07-30,challenger_seren,10,스우(하드),51500000
2026-07-30,challenger_seren,11,데미안(하드),48900000
2026-07-30,challenger_seren,12,파풀라투스(카오스),13100000
2026-08-06,challenger_seren,1,선택받은세렌(하드),356000000
2026-08-06,challenger_seren,2,최초의대적자(이지),308000000
2026-08-06,challenger_seren,3,감시자칼로스(이지),280000000
2026-08-06,challenger_seren,4,진힐라(하드),106000000
2026-08-06,challenger_seren,5,듄켈(하드),94400000
2026-08-06,challenger_seren,6,윌(하드),77100000
2026-08-06,challenger_seren,7,가디언엔젤슬라임(카오스),75100000
2026-08-06,challenger_seren,8,더스크(카오스),69800000
2026-08-06,challenger_seren,9,루시드(하드),62900000
2026-08-06,challenger_seren,10,스우(하드),51500000
2026-08-06,challenger_seren,11,데미안(하드),48900000
2026-08-06,challenger_seren,12,파풀라투스(카오스),13100000
2026-08-13,challenger_seren,1,선택받은세렌(하드),356000000
2026-08-13,challenger_seren,2,최초의대적자(이지),308000000
2026-08-13,challenger_seren,3,감시자칼로스(이지),280000000
2026-08-13,challenger_seren,4,진힐라(하드),106000000
2026-08-13,challenger_seren,5,듄켈(하드),94400000
2026-08-13,challenger_seren,6,윌(하드),77100000
2026-08-13,challenger_seren,7,가디언엔젤슬라임(카오스),75100000
2026-08-13,challenger_seren,8,더스크(카오스),69800000
2026-08-13,challenger_seren,9,루시드(하드),62900000
2026-08-13,challenger_seren,10,스우(하드),51500000
2026-08-13,challenger_seren,11,데미안(하드),48900000
2026-08-13,challenger_seren,12,파풀라투스(카오스),13100000
2026-08-20,challenger_seren,1,선택받은세렌(하드),356000000
2026-08-20,challenger_seren,2,최초의대적자(이지),308000000
2026-08-20,challenger_seren,3,감시자칼로스(이지),280000000
2026-08-20,challenger_seren,4,진힐라(하드),106000000
2026-08-20,challenger_seren,5,듄켈(하드),94400000
2026-08-20,challenger_seren,6,윌(하드),77100000
2026-08-20,challenger_seren,7,가디언엔젤슬라임(카오스),75100000
2026-08-20,challenger_seren,8,더스크(카오스),69800000
2026-08-20,challenger_seren,9,루시드(하드),62900000
2026-08-20,challenger_seren,10,스우(하드),51500000
2026-08-20,challenger_seren,11,데미안(하드),48900000
2026-08-20,challenger_seren,12,파풀라투스(카오스),13100000
2024-08-22,challenger_extreme_suu,1,스우(익스트림),574000000
2024-08-22,challenger_extreme_suu,2,감시자칼로스(노멀),505000000
2024-08-22,challenger_extreme_suu,3,카링(이지),377000000
2024-08-22,challenger_extreme_suu,4,선택받은세렌(하드),356000000
2024-08-22,challenger_extreme_suu,5,진힐라(하드),106000000
2024-08-22,challenger_extreme_suu,6,듄켈(하드),94400000
2024-08-22,challenger_extreme_suu,7,윌(하드),77100000
2024-08-22,challenger_extreme_suu,8,가디언엔젤슬라임(카오스),75100000
2024-08-22,challenger_extreme_suu,9,더스크(카오스),69800000
2024-08-22,challenger_extreme_suu,10,루시드(하드),62900000
2024-08-22,challenger_extreme_suu,11,데미안(하드),48900000
2024-08-22,challenger_extreme_suu,12,파풀라투스(카오스),13100000
2024-08-29,challenger_extreme_suu,1,스우(익스트림),574000000
2024-08-29,challenger_extreme_suu,2,감시자칼로스(노멀),505000000
2024-08-29,challenger_extreme_suu,3,카링(이지),377000000
2024-08-29,challenger_extreme_suu,4,선택받은세렌(하드),356000000
2024-08-29,challenger_extreme_suu,5,진힐라(하드),106000000
2024-08-29,challenger_extreme_suu,6,듄켈(하드),94400000
2024-08-29,challenger_extreme_suu,7,윌(하드),77100000
2024-08-29,challenger_extreme_suu,8,가디언엔젤슬라임(카오스),75100000
2024-08-29,challenger_extreme_suu,9,더스크(카오스),69800000
2024-08-29,challenger_extreme_suu,10,루시드(하드),62900000
2024-08-29,challenger_extreme_suu,11,데미안(하드),48900000
2024-08-29,challenger_extreme_suu,12,파풀라투스(카오스),13100000
2024-09-05,challenger_extreme_suu,1,스우(익스트림),574000000
2024-09-05,challenger_extreme_suu,2,감시자칼로스(노멀),505000000
2024-09-05,challenger_extreme_suu,3,카링(이지),377000000
2024-09-05,challenger_extreme_suu,4,선택받은세렌(하드),356000000
2024-09-05,challenger_extreme_suu,5,진힐라(하드),106000000
2024-09-05,challenger_extreme_suu,6,듄켈(하드),94400000
2024-09-05,challenger_extreme_suu,7,윌(하드),77100000
2024-09-05,challenger_extreme_suu,8,가디언엔젤슬라임(카오스),75100000
2024-09-05,challenger_extreme_suu,9,더스크(카오스),69800000
2024-09-05,challenger_extreme_suu,10,루시드(하드),62900000
2024-09-05,challenger_extreme_suu,11,데미안(하드),48900000
2024-09-05,challenger_extreme_suu,12,파풀라투스(카오스),13100000
2024-09-12,challenger_extreme_suu,1,스우(익스트림),574000000
2024-09-12,challenger_extreme_suu,2,감시자칼로스(노멀),505000000
2024-09-12,challenger_extreme_suu,3,카링(이지),377000000
2024-09-12,challenger_extreme_suu,4,선택받은세렌(하드),356000000
2024-09-12,challenger_extreme_suu,5,진힐라(하드),106000000
2024-09-12,challenger_extreme_suu,6,듄켈(하드),94400000
2024-09-12,challenger_extreme_suu,7,윌(하드),77100000
2024-09-12,challenger_extreme_suu,8,가디언엔젤슬라임(카오스),75100000
2024-09-12,challenger_extreme_suu,9,더스크(카오스),69800000
2024-09-12,challenger_extreme_suu,10,루시드(하드),62900000
2024-09-12,challenger_extreme_suu,11,데미안(하드),48900000
2024-09-12,challenger_extreme_suu,12,파풀라투스(카오스),13100000
2024-09-19,challenger_extreme_suu,1,스우(익스트림),574000000
2024-09-19,challenger_extreme_suu,2,감시자칼로스(노멀),505000000
2024-09-19,challenger_extreme_suu,3,카링(이지),377000000
2024-09-19,challenger_extreme_suu,4,선택받은세렌(하드),356000000
2024-09-19,challenger_extreme_suu,5,진힐라(하드),106000000
2024-09-19,challenger_extreme_suu,6,듄켈(하드),94400000
2024-09-19,challenger_extreme_suu,7,윌(하드),77100000
2024-09-19,challenger_extreme_suu,8,가디언엔젤슬라임(카오스),75100000
2024-09-19,challenger_extreme_suu,9,더스크(카오스),69800000
2024-09-19,challenger_extreme_suu,10,루시드(하드),62900000
2024-09-19,challenger_extreme_suu,11,데미안(하드),48900000
2024-09-19,challenger_extreme_suu,12,파풀라투스(카오스),13100000
2024-09-26,challenger_extreme_suu,1,스우(익스트림),574000000
2024-09-26,challenger_extreme_suu,2,감시자칼로스(노멀),505000000
2024-09-26,challenger_extreme_suu,3,카링(이지),377000000
2024-09-26,challenger_extreme_suu,4,선택받은세렌(하드),356000000
2024-09-26,challenger_extreme_suu,5,진힐라(하드),106000000
2024-09-26,challenger_extreme_suu,6,듄켈(하드),94400000
2024-09-26,challenger_extreme_suu,7,윌(하드),77100000
2024-09-26,challenger_extreme_suu,8,가디언엔젤슬라임(카오스),75100000
2024-09-26,challenger_extreme_suu,9,더스크(카오스),69800000
2024-09-26,challenger_extreme_suu,10,루시드(하드),62900000
2024-09-26,challenger_extreme_suu,11,데미안(하드),48900000
2024-09-26,challenger_extreme_suu,12,파풀라투스(카오스),13100000
2024-10-03,challenger_extreme_suu,1,스우(익스트림),574000000
2024-10-03,challenger_extreme_suu,2,감시자칼로스(노멀),505000000
2024-10-03,challenger_extreme_suu,3,카링(이지),377000000
2024-10-03,challenger_extreme_suu,4,선택받은세렌(하드),356000000
2024-10-03,challenger_extreme_suu,5,진힐라(하드),106000000
2024-10-03,challenger_extreme_suu,6,듄켈(하드),94400000
2024-10-03,challenger_extreme_suu,7,윌(하드),77100000
2024-10-03,challenger_extreme_suu,8,가디언엔젤슬라임(카오스),75100000
2024-10-03,challenger_extreme_suu,9,더스크(카오스),69800000
2024-10-03,challenger_extreme_suu,10,루시드(하드),62900000
2024-10-03,challenger_extreme_suu,11,데미안(하드),48900000
2024-10-03,challenger_extreme_suu,12,파풀라투스(카오스),13100000
2024-10-10,challenger_extreme_suu,1,스우(익스트림),574000000
2024-10-10,challenger_extreme_suu,2,감시자칼로스(노멀),505000000
2024-10-10,challenger_extreme_suu,3,카링(이지),377000000
2024-10-10,challenger_extreme_suu,4,선택받은세렌(하드),356000000
2024-10-10,challenger_extreme_suu,5,진힐라(하드),106000000
2024-10-10,challenger_extreme_suu,6,듄켈(하드),94400000
2024-10-10,challenger_extreme_suu,7,윌(하드),77100000
2024-10-10,challenger_extreme_suu,8,가디언엔젤슬라임(카오스),75100000
2024-10-10,challenger_extreme_suu,9,더스크(카오스),69800000
2024-10-10,challenger_extreme_suu,10,루시드(하드),62900000
2024-10-10,challenger_extreme_suu,11,데미안(하드),48900000
2024-10-10,challenger_extreme_suu,12,파풀라투스(카오스),13100000
2024-10-17,challenger_extreme_suu,1,스우(익스트림),574000000
2024-10-17,challenger_extreme_suu,2,감시자칼로스(노멀),505000000
2024-10-17,challenger_extreme_suu,3,카링(이지),377000000
2024-10-17,challenger_extreme_suu,4,선택받은세렌(하드),356000000
2024-10-17,challenger_extreme_suu,5,진힐라(하드),106000000
2024-10-17,challenger_extreme_suu,6,듄켈(하드),94400000
2024-10-17,challenger_extreme_suu,7,윌(하드),77100000
2024-10-17,challenger_extreme_suu,8,가디언엔젤슬라임(카오스),75100000
2024-10-17,challenger_extreme_suu,9,더스크(카오스),69800000
2024-10-17,challenger_extreme_suu,10,루시드(하드),62900000
2024-10-17,challenger_extreme_suu,11,데미안(하드),48900000
2024-10-17,challenger_extreme_suu,12,파풀라투스(카오스),13100000
2024-10-24,challenger_extreme_suu,1,스우(익스트림),574000000
2024-10-24,challenger_extreme_suu,2,감시자칼로스(노멀),505000000
2024-10-24,challenger_extreme_suu,3,카링(이지),377000000
2024-10-24,challenger_extreme_suu,4,선택받은세렌(하드),356000000
2024-10-24,challenger_extreme_suu,5,진힐라(하드),106000000
2024-10-24,challenger_extreme_suu,6,듄켈(하드),94400000
2024-10-24,challenger_extreme_suu,7,윌(하드),77100000
2024-10-24,challenger_extreme_suu,8,가디언엔젤슬라임(카오스),75100000
2024-10-24,challenger_extreme_suu,9,더스크(카오스),69800000
2024-10-24,challenger_extreme_suu,10,루시드(하드),62900000
2024-10-24,challenger_extreme_suu,11,데미안(하드),48900000
2024-10-24,challenger_extreme_suu,12,파풀라투스(카오스),13100000
2024-10-31,challenger_extreme_suu,1,스우(익스트림),574000000
2024-10-31,challenger_extreme_suu,2,감시자칼로스(노멀),505000000
2024-10-31,challenger_extreme_suu,3,카링(이지),377000000
2024-10-31,challenger_extreme_suu,4,선택받은세렌(하드),356000000
2024-10-31,challenger_extreme_suu,5,진힐라(하드),106000000
2024-10-31,challenger_extreme_suu,6,듄켈(하드),94400000
2024-10-31,challenger_extreme_suu,7,윌(하드),77100000
2024-10-31,challenger_extreme_suu,8,가디언엔젤슬라임(카오스),75100000
2024-10-31,challenger_extreme_suu,9,더스크(카오스),69800000
2024-10-31,challenger_extreme_suu,10,루시드(하드),62900000
2024-10-31,challenger_extreme_suu,11,데미안(하드),48900000
2024-10-31,challenger_extreme_suu,12,파풀라투스(카오스),13100000
2024-11-07,challenger_extreme_suu,1,스우(익스트림),574000000
2024-11-07,challenger_extreme_suu,2,감시자칼로스(노멀),505000000
2024-11-07,challenger_extreme_suu,3,카링(이지),377000000
2024-11-07,challenger_extreme_suu,4,선택받은세렌(하드),356000000
2024-11-07,challenger_extreme_suu,5,진힐라(하드),106000000
2024-11-07,challenger_extreme_suu,6,듄켈(하드),94400000
2024-11-07,challenger_extreme_suu,7,윌(하드),77100000
2024-11-07,challenger_extreme_suu,8,가디언엔젤슬라임(카오스),75100000
2024-11-07,challenger_extreme_suu,9,더스크(카오스),69800000
2024-11-07,challenger_extreme_suu,10,루시드(하드),62900000
2024-11-07,challenger_extreme_suu,11,데미안(하드),48900000
2024-11-07,challenger_extreme_suu,12,파풀라투스(카오스),13100000
2024-11-14,challenger_extreme_suu,1,스우(익스트림),574000000
2024-11-14,challenger_extreme_suu,2,감시자칼로스(노멀),505000000
2024-11-14,challenger_extreme_suu,3,카링(이지),377000000
2024-11-14,challenger_extreme_suu,4,선택받은세렌(하드),356000000
2024-11-14,challenger_extreme_suu,5,진힐라(하드),106000000
2024-11-14,challenger_extreme_suu,6,듄켈(하드),94400000
2024-11-14,challenger_extreme_suu,7,윌(하드),77100000
2024-11-14,challenger_extreme_suu,8,가디언엔젤슬라임(카오스),75100000
2024-11-14,challenger_extreme_suu,9,더스크(카오스),69800000
2024-11-14,challenger_extreme_suu,10,루시드(하드),62900000
2024-11-14,challenger_extreme_suu,11,데미안(하드),48900000
2024-11-14,challenger_extreme_suu,12,파풀라투스(카오스),13100000
2024-11-21,challenger_extreme_suu,1,스우(익스트림),574000000
2024-11-21,challenger_extreme_suu,2,감시자칼로스(노멀),505000000
2024-11-21,challenger_extreme_suu,3,카링(이지),377000000
2024-11-21,challenger_extreme_suu,4,선택받은세렌(하드),356000000
2024-11-21,challenger_extreme_suu,5,진힐라(하드),106000000
2024-11-21,challenger_extreme_suu,6,듄켈(하드),94400000
2024-11-21,challenger_extreme_suu,7,윌(하드),77100000
2024-11-21,challenger_extreme_suu,8,가디언엔젤슬라임(카오스),75100000
2024-11-21,challenger_extreme_suu,9,더스크(카오스),69800000
2024-11-21,challenger_extreme_suu,10,루시드(하드),62900000
2024-11-21,challenger_extreme_suu,11,데미안(하드),48900000
2024-11-21,challenger_extreme_suu,12,파풀라투스(카오스),13100000
2024-11-28,challenger_extreme_suu,1,스우(익스트림),574000000
2024-11-28,challenger_extreme_suu,2,감시자칼로스(노멀),505000000
2024-11-28,challenger_extreme_suu,3,카링(이지),377000000
2024-11-28,challenger_extreme_suu,4,선택받은세렌(하드),356000000
2024-11-28,challenger_extreme_suu,5,진힐라(하드),106000000
2024-11-28,challenger_extreme_suu,6,듄켈(하드),94400000
2024-11-28,challenger_extreme_suu,7,윌(하드),77100000
2024-11-28,challenger_extreme_suu,8,가디언엔젤슬라임(카오스),75100000
2024-11-28,challenger_extreme_suu,9,더스크(카오스),69800000
2024-11-28,challenger_extreme_suu,10,루시드(하드),62900000
2024-11-28,challenger_extreme_suu,11,데미안(하드),48900000
2024-11-28,challenger_extreme_suu,12,파풀라투스(카오스),13100000
2024-12-05,challenger_extreme_suu,1,스우(익스트림),574000000
2024-12-05,challenger_extreme_suu,2,감시자칼로스(노멀),505000000
2024-12-05,challenger_extreme_suu,3,카링(이지),377000000
2024-12-05,challenger_extreme_suu,4,선택받은세렌(하드),356000000
2024-12-05,challenger_extreme_suu,5,진힐라(하드),106000000
2024-12-05,challenger_extreme_suu,6,듄켈(하드),94400000
2024-12-05,challenger_extreme_suu,7,윌(하드),77100000
2024-12-05,challenger_extreme_suu,8,가디언엔젤슬라임(카오스),75100000
2024-12-05,challenger_extreme_suu,9,더스크(카오스),69800000
2024-12-05,challenger_extreme_suu,10,루시드(하드),62900000
2024-12-05,challenger_extreme_suu,11,데미안(하드),48900000
2024-12-05,challenger_extreme_suu,12,파풀라투스(카오스),13100000
2024-12-12,challenger_extreme_suu,1,스우(익스트림),574000000
2024-12-12,challenger_extreme_suu,2,감시자칼로스(노멀),505000000
2024-12-12,challenger_extreme_suu,3,카링(이지),377000000
2024-12-12,challenger_extreme_suu,4,선택받은세렌(하드),356000000
2024-12-12,challenger_extreme_suu,5,진힐라(하드),106000000
2024-12-12,challenger_extreme_suu,6,듄켈(하드),94400000
2024-12-12,challenger_extreme_suu,7,윌(하드),77100000
2024-12-12,challenger_extreme_suu,8,가디언엔젤슬라임(카오스),75100000
2024-12-12,challenger_extreme_suu,9,더스크(카오스),69800000
2024-12-12,challenger_extreme_suu,10,루시드(하드),62900000
2024-12-12,challenger_extreme_suu,11,데미안(하드),48900000
2024-12-12,challenger_extreme_suu,12,파풀라투스(카오스),13100000
2024-12-19,challenger_extreme_suu,1,스우(익스트림),574000000
2024-12-19,challenger_extreme_suu,2,감시자칼로스(노멀),505000000
2024-12-19,challenger_extreme_suu,3,카링(이지),377000000
2024-12-19,challenger_extreme_suu,4,선택받은세렌(하드),356000000
2024-12-19,challenger_extreme_suu,5,진힐라(하드),106000000
2024-12-19,challenger_extreme_suu,6,듄켈(하드),94400000
2024-12-19,challenger_extreme_suu,7,윌(하드),77100000
2024-12-19,challenger_extreme_suu,8,가디언엔젤슬라임(카오스),75100000
2024-12-19,challenger_extreme_suu,9,더스크(카오스),69800000
2024-12-19,challenger_extreme_suu,10,루시드(하드),62900000
2024-12-19,challenger_extreme_suu,11,데미안(하드),48900000
2024-12-19,challenger_extreme_suu,12,파풀라투스(카오스),13100000
2024-12-26,challenger_extreme_suu,1,스우(익스트림),574000000
2024-12-26,challenger_extreme_suu,2,감시자칼로스(노멀),505000000
2024-12-26,challenger_extreme_suu,3,카링(이지),377000000
2024-12-26,challenger_extreme_suu,4,선택받은세렌(하드),356000000
2024-12-26,challenger_extreme_suu,5,진힐라(하드),106000000
2024-12-26,challenger_extreme_suu,6,듄켈(하드),94400000
2024-12-26,challenger_extreme_suu,7,윌(하드),77100000
2024-12-26,challenger_extreme_suu,8,가디언엔젤슬라임(카오스),75100000
2024-12-26,challenger_extreme_suu,9,더스크(카오스),69800000
2024-12-26,challenger_extreme_suu,10,루시드(하드),62900000
2024-12-26,challenger_extreme_suu,11,데미안(하드),48900000
2024-12-26,challenger_extreme_suu,12,파풀라투스(카오스),13100000
2025-01-02,challenger_extreme_suu,1,스우(익스트림),574000000
2025-01-02,challenger_extreme_suu,2,감시자칼로스(노멀),505000000
2025-01-02,challenger_extreme_suu,3,카링(이지),377000000
2025-01-02,challenger_extreme_suu,4,선택받은세렌(하드),356000000
2025-01-02,challenger_extreme_suu,5,진힐라(하드),106000000
2025-01-02,challenger_extreme_suu,6,듄켈(하드),94400000
2025-01-02,challenger_extreme_suu,7,윌(하드),77100000
2025-01-02,challenger_extreme_suu,8,가디언엔젤슬라임(카오스),75100000
2025-01-02,challenger_extreme_suu,9,더스크(카오스),69800000
2025-01-02,challenger_extreme_suu,10,루시드(하드),62900000
2025-01-02,challenger_extreme_suu,11,데미안(하드),48900000
2025-01-02,challenger_extreme_suu,12,파풀라투스(카오스),13100000
2025-01-09,challenger_extreme_suu,1,스우(익스트림),574000000
2025-01-09,challenger_extreme_suu,2,감시자칼로스(노멀),505000000
2025-01-09,challenger_extreme_suu,3,카링(이지),377000000
2025-01-09,challenger_extreme_suu,4,선택받은세렌(하드),356000000
2025-01-09,challenger_extreme_suu,5,진힐라(하드),106000000
2025-01-09,challenger_extreme_suu,6,듄켈(하드),94400000
2025-01-09,challenger_extreme_suu,7,윌(하드),77100000
2025-01-09,challenger_extreme_suu,8,가디언엔젤슬라임(카오스),75100000
2025-01-09,challenger_extreme_suu,9,더스크(카오스),69800000
2025-01-09,challenger_extreme_suu,10,루시드(하드),62900000
2025-01-09,challenger_extreme_suu,11,데미안(하드),48900000
2025-01-09,challenger_extreme_suu,12,파풀라투스(카오스),13100000
2025-01-16,challenger_extreme_suu,1,스우(익스트림),574000000
2025-01-16,challenger_extreme_suu,2,감시자칼로스(노멀),505000000
2025-01-16,challenger_extreme_suu,3,카링(이지),377000000
2025-01-16,challenger_extreme_suu,4,선택받은세렌(하드),356000000
2025-01-16,challenger_extreme_suu,5,진힐라(하드),106000000
2025-01-16,challenger_extreme_suu,6,듄켈(하드),94400000
2025-01-16,challenger_extreme_suu,7,윌(하드),77100000
2025-01-16,challenger_extreme_suu,8,가디언엔젤슬라임(카오스),75100000
2025-01-16,challenger_extreme_suu,9,더스크(카오스),69800000
2025-01-16,challenger_extreme_suu,10,루시드(하드),62900000
2025-01-16,challenger_extreme_suu,11,데미안(하드),48900000
2025-01-16,challenger_extreme_suu,12,파풀라투스(카오스),13100000
2025-01-23,challenger_extreme_suu,1,스우(익스트림),574000000
2025-01-23,challenger_extreme_suu,2,감시자칼로스(노멀),505000000
2025-01-23,challenger_extreme_suu,3,카링(이지),377000000
2025-01-23,challenger_extreme_suu,4,선택받은세렌(하드),356000000
2025-01-23,challenger_extreme_suu,5,진힐라(하드),106000000
2025-01-23,challenger_extreme_suu,6,듄켈(하드),94400000
2025-01-23,challenger_extreme_suu,7,윌(하드),77100000
2025-01-23,challenger_extreme_suu,8,가디언엔젤슬라임(카오스),75100000
2025-01-23,challenger_extreme_suu,9,더스크(카오스),69800000
2025-01-23,challenger_extreme_suu,10,루시드(하드),62900000
2025-01-23,challenger_extreme_suu,11,데미안(하드),48900000
2025-01-23,challenger_extreme_suu,12,파풀라투스(카오스),13100000
2025-01-30,challenger_extreme_suu,1,스우(익스트림),574000000
2025-01-30,challenger_extreme_suu,2,감시자칼로스(노멀),505000000
2025-01-30,challenger_extreme_suu,3,카링(이지),377000000
2025-01-30,challenger_extreme_suu,4,선택받은세렌(하드),356000000
2025-01-30,challenger_extreme_suu,5,진힐라(하드),106000000
2025-01-30,challenger_extreme_suu,6,듄켈(하드),94400000
2025-01-30,challenger_extreme_suu,7,윌(하드),77100000
2025-01-30,challenger_extreme_suu,8,가디언엔젤슬라임(카오스),75100000
2025-01-30,challenger_extreme_suu,9,더스크(카오스),69800000
2025-01-30,challenger_extreme_suu,10,루시드(하드),62900000
2025-01-30,challenger_extreme_suu,11,데미안(하드),48900000
2025-01-30,challenger_extreme_suu,12,파풀라투스(카오스),13100000
2025-02-06,challenger_extreme_suu,1,스우(익스트림),574000000
2025-02-06,challenger_extreme_suu,2,감시자칼로스(노멀),505000000
2025-02-06,challenger_extreme_suu,3,카링(이지),377000000
2025-02-06,challenger_extreme_suu,4,선택받은세렌(하드),356000000
2025-02-06,challenger_extreme_suu,5,진힐라(하드),106000000
2025-02-06,challenger_extreme_suu,6,듄켈(하드),94400000
2025-02-06,challenger_extreme_suu,7,윌(하드),77100000
2025-02-06,challenger_extreme_suu,8,가디언엔젤슬라임(카오스),75100000
2025-02-06,challenger_extreme_suu,9,더스크(카오스),69800000
2025-02-06,challenger_extreme_suu,10,루시드(하드),62900000
2025-02-06,challenger_extreme_suu,11,데미안(하드),48900000
2025-02-06,challenger_extreme_suu,12,파풀라투스(카오스),13100000
2025-02-13,challenger_extreme_suu,1,스우(익스트림),574000000
2025-02-13,challenger_extreme_suu,2,감시자칼로스(노멀),505000000
2025-02-13,challenger_extreme_suu,3,카링(이지),377000000
2025-02-13,challenger_extreme_suu,4,선택받은세렌(하드),356000000
2025-02-13,challenger_extreme_suu,5,진힐라(하드),106000000
2025-02-13,challenger_extreme_suu,6,듄켈(하드),94400000
2025-02-13,challenger_extreme_suu,7,윌(하드),77100000
2025-02-13,challenger_extreme_suu,8,가디언엔젤슬라임(카오스),75100000
2025-02-13,challenger_extreme_suu,9,더스크(카오스),69800000
2025-02-13,challenger_extreme_suu,10,루시드(하드),62900000
2025-02-13,challenger_extreme_suu,11,데미안(하드),48900000
2025-02-13,challenger_extreme_suu,12,파풀라투스(카오스),13100000
2025-02-20,challenger_extreme_suu,1,스우(익스트림),574000000
2025-02-20,challenger_extreme_suu,2,감시자칼로스(노멀),505000000
2025-02-20,challenger_extreme_suu,3,카링(이지),377000000
2025-02-20,challenger_extreme_suu,4,선택받은세렌(하드),356000000
2025-02-20,challenger_extreme_suu,5,진힐라(하드),106000000
2025-02-20,challenger_extreme_suu,6,듄켈(하드),94400000
2025-02-20,challenger_extreme_suu,7,윌(하드),77100000
2025-02-20,challenger_extreme_suu,8,가디언엔젤슬라임(카오스),75100000
2025-02-20,challenger_extreme_suu,9,더스크(카오스),69800000
2025-02-20,challenger_extreme_suu,10,루시드(하드),62900000
2025-02-20,challenger_extreme_suu,11,데미안(하드),48900000
2025-02-20,challenger_extreme_suu,12,파풀라투스(카오스),13100000
2025-02-27,challenger_extreme_suu,1,스우(익스트림),574000000
2025-02-27,challenger_extreme_suu,2,감시자칼로스(노멀),505000000
2025-02-27,challenger_extreme_suu,3,카링(이지),377000000
2025-02-27,challenger_extreme_suu,4,선택받은세렌(하드),356000000
2025-02-27,challenger_extreme_suu,5,진힐라(하드),106000000
2025-02-27,challenger_extreme_suu,6,듄켈(하드),94400000
2025-02-27,challenger_extreme_suu,7,윌(하드),77100000
2025-02-27,challenger_extreme_suu,8,가디언엔젤슬라임(카오스),75100000
2025-02-27,challenger_extreme_suu,9,더스크(카오스),69800000
2025-02-27,challenger_extreme_suu,10,루시드(하드),62900000
2025-02-27,challenger_extreme_suu,11,데미안(하드),48900000
2025-02-27,challenger_extreme_suu,12,파풀라투스(카오스),13100000
2025-03-06,challenger_extreme_suu,1,스우(익스트림),574000000
2025-03-06,challenger_extreme_suu,2,감시자칼로스(노멀),505000000
2025-03-06,challenger_extreme_suu,3,카링(이지),377000000
2025-03-06,challenger_extreme_suu,4,선택받은세렌(하드),356000000
2025-03-06,challenger_extreme_suu,5,진힐라(하드),106000000
2025-03-06,challenger_extreme_suu,6,듄켈(하드),94400000
2025-03-06,challenger_extreme_suu,7,윌(하드),77100000
2025-03-06,challenger_extreme_suu,8,가디언엔젤슬라임(카오스),75100000
2025-03-06,challenger_extreme_suu,9,더스크(카오스),69800000
2025-03-06,challenger_extreme_suu,10,루시드(하드),62900000
2025-03-06,challenger_extreme_suu,11,데미안(하드),48900000
2025-03-06,challenger_extreme_suu,12,파풀라투스(카오스),13100000
2025-03-13,challenger_extreme_suu,1,스우(익스트림),574000000
2025-03-13,challenger_extreme_suu,2,감시자칼로스(노멀),505000000
2025-03-13,challenger_extreme_suu,3,카링(이지),377000000
2025-03-13,challenger_extreme_suu,4,선택받은세렌(하드),356000000
2025-03-13,challenger_extreme_suu,5,진힐라(하드),106000000
2025-03-13,challenger_extreme_suu,6,듄켈(하드),94400000
2025-03-13,challenger_extreme_suu,7,윌(하드),77100000
2025-03-13,challenger_extreme_suu,8,가디언엔젤슬라임(카오스),75100000
2025-03-13,challenger_extreme_suu,9,더스크(카오스),69800000
2025-03-13,challenger_extreme_suu,10,루시드(하드),62900000
2025-03-13,challenger_extreme_suu,11,데미안(하드),48900000
2025-03-13,challenger_extreme_suu,12,파풀라투스(카오스),13100000
2025-03-20,challenger_extreme_suu,1,스우(익스트림),574000000
2025-03-20,challenger_extreme_suu,2,감시자칼로스(노멀),505000000
2025-03-20,challenger_extreme_suu,3,카링(이지),377000000
2025-03-20,challenger_extreme_suu,4,선택받은세렌(하드),356000000
2025-03-20,challenger_extreme_suu,5,진힐라(하드),106000000
2025-03-20,challenger_extreme_suu,6,듄켈(하드),94400000
2025-03-20,challenger_extreme_suu,7,윌(하드),77100000
2025-03-20,challenger_extreme_suu,8,가디언엔젤슬라임(카오스),75100000
2025-03-20,challenger_extreme_suu,9,더스크(카오스),69800000
2025-03-20,challenger_extreme_suu,10,루시드(하드),62900000
2025-03-20,challenger_extreme_suu,11,데미안(하드),48900000
2025-03-20,challenger_extreme_suu,12,파풀라투스(카오스),13100000
2025-03-27,challenger_extreme_suu,1,스우(익스트림),574000000
2025-03-27,challenger_extreme_suu,2,감시자칼로스(노멀),505000000
2025-03-27,challenger_extreme_suu,3,카링(이지),377000000
2025-03-27,challenger_extreme_suu,4,선택받은세렌(하드),356000000
2025-03-27,challenger_extreme_suu,5,진힐라(하드),106000000
2025-03-27,challenger_extreme_suu,6,듄켈(하드),94400000
2025-03-27,challenger_extreme_suu,7,윌(하드),77100000
2025-03-27,challenger_extreme_suu,8,가디언엔젤슬라임(카오스),75100000
2025-03-27,challenger_extreme_suu,9,더스크(카오스),69800000
2025-03-27,challenger_extreme_suu,10,루시드(하드),62900000
2025-03-27,challenger_extreme_suu,11,데미안(하드),48900000
2025-03-27,challenger_extreme_suu,12,파풀라투스(카오스),13100000
2025-04-03,challenger_extreme_suu,1,스우(익스트림),574000000
2025-04-03,challenger_extreme_suu,2,감시자칼로스(노멀),505000000
2025-04-03,challenger_extreme_suu,3,카링(이지),377000000
2025-04-03,challenger_extreme_suu,4,선택받은세렌(하드),356000000
2025-04-03,challenger_extreme_suu,5,진힐라(하드),106000000
2025-04-03,challenger_extreme_suu,6,듄켈(하드),94400000
2025-04-03,challenger_extreme_suu,7,윌(하드),77100000
2025-04-03,challenger_extreme_suu,8,가디언엔젤슬라임(카오스),75100000
2025-04-03,challenger_extreme_suu,9,더스크(카오스),69800000
2025-04-03,challenger_extreme_suu,10,루시드(하드),62900000
2025-04-03,challenger_extreme_suu,11,데미안(하드),48900000
2025-04-03,challenger_extreme_suu,12,파풀라투스(카오스),13100000
2025-04-10,challenger_extreme_suu,1,스우(익스트림),574000000
2025-04-10,challenger_extreme_suu,2,감시자칼로스(노멀),505000000
2025-04-10,challenger_extreme_suu,3,카링(이지),377000000
2025-04-10,challenger_extreme_suu,4,선택받은세렌(하드),356000000
2025-04-10,challenger_extreme_suu,5,진힐라(하드),106000000
2025-04-10,challenger_extreme_suu,6,듄켈(하드),94400000
2025-04-10,challenger_extreme_suu,7,윌(하드),77100000
2025-04-10,challenger_extreme_suu,8,가디언엔젤슬라임(카오스),75100000
2025-04-10,challenger_extreme_suu,9,더스크(카오스),69800000
2025-04-10,challenger_extreme_suu,10,루시드(하드),62900000
2025-04-10,challenger_extreme_suu,11,데미안(하드),48900000
2025-04-10,challenger_extreme_suu,12,파풀라투스(카오스),13100000
2025-04-17,challenger_extreme_suu,1,스우(익스트림),574000000
2025-04-17,challenger_extreme_suu,2,감시자칼로스(노멀),505000000
2025-04-17,challenger_extreme_suu,3,카링(이지),377000000
2025-04-17,challenger_extreme_suu,4,선택받은세렌(하드),356000000
2025-04-17,challenger_extreme_suu,5,진힐라(하드),106000000
2025-04-17,challenger_extreme_suu,6,듄켈(하드),94400000
2025-04-17,challenger_extreme_suu,7,윌(하드),77100000
2025-04-17,challenger_extreme_suu,8,가디언엔젤슬라임(카오스),75100000
2025-04-17,challenger_extreme_suu,9,더스크(카오스),69800000
2025-04-17,challenger_extreme_suu,10,루시드(하드),62900000
2025-04-17,challenger_extreme_suu,11,데미안(하드),48900000
2025-04-17,challenger_extreme_suu,12,파풀라투스(카오스),13100000
2025-04-24,challenger_extreme_suu,1,스우(익스트림),574000000
2025-04-24,challenger_extreme_suu,2,감시자칼로스(노멀),505000000
2025-04-24,challenger_extreme_suu,3,카링(이지),377000000
2025-04-24,challenger_extreme_suu,4,선택받은세렌(하드),356000000
2025-04-24,challenger_extreme_suu,5,진힐라(하드),106000000
2025-04-24,challenger_extreme_suu,6,듄켈(하드),94400000
2025-04-24,challenger_extreme_suu,7,윌(하드),77100000
2025-04-24,challenger_extreme_suu,8,가디언엔젤슬라임(카오스),75100000
2025-04-24,challenger_extreme_suu,9,더스크(카오스),69800000
2025-04-24,challenger_extreme_suu,10,루시드(하드),62900000
2025-04-24,challenger_extreme_suu,11,데미안(하드),48900000
2025-04-24,challenger_extreme_suu,12,파풀라투스(카오스),13100000
2025-05-01,challenger_extreme_suu,1,스우(익스트림),574000000
2025-05-01,challenger_extreme_suu,2,감시자칼로스(노멀),505000000
2025-05-01,challenger_extreme_suu,3,카링(이지),377000000
2025-05-01,challenger_extreme_suu,4,선택받은세렌(하드),356000000
2025-05-01,challenger_extreme_suu,5,진힐라(하드),106000000
2025-05-01,challenger_extreme_suu,6,듄켈(하드),94400000
2025-05-01,challenger_extreme_suu,7,윌(하드),77100000
2025-05-01,challenger_extreme_suu,8,가디언엔젤슬라임(카오스),75100000
2025-05-01,challenger_extreme_suu,9,더스크(카오스),69800000
2025-05-01,challenger_extreme_suu,10,루시드(하드),62900000
2025-05-01,challenger_extreme_suu,11,데미안(하드),48900000
2025-05-01,challenger_extreme_suu,12,파풀라투스(카오스),13100000
2025-05-08,challenger_extreme_suu,1,스우(익스트림),574000000
2025-05-08,challenger_extreme_suu,2,감시자칼로스(노멀),505000000
2025-05-08,challenger_extreme_suu,3,카링(이지),377000000
2025-05-08,challenger_extreme_suu,4,선택받은세렌(하드),356000000
2025-05-08,challenger_extreme_suu,5,진힐라(하드),106000000
2025-05-08,challenger_extreme_suu,6,듄켈(하드),94400000
2025-05-08,challenger_extreme_suu,7,윌(하드),77100000
2025-05-08,challenger_extreme_suu,8,가디언엔젤슬라임(카오스),75100000
2025-05-08,challenger_extreme_suu,9,더스크(카오스),69800000
2025-05-08,challenger_extreme_suu,10,루시드(하드),62900000
2025-05-08,challenger_extreme_suu,11,데미안(하드),48900000
2025-05-08,challenger_extreme_suu,12,파풀라투스(카오스),13100000
2025-05-15,challenger_extreme_suu,1,스우(익스트림),574000000
2025-05-15,challenger_extreme_suu,2,감시자칼로스(노멀),505000000
2025-05-15,challenger_extreme_suu,3,카링(이지),377000000
2025-05-15,challenger_extreme_suu,4,선택받은세렌(하드),356000000
2025-05-15,challenger_extreme_suu,5,진힐라(하드),106000000
2025-05-15,challenger_extreme_suu,6,듄켈(하드),94400000
2025-05-15,challenger_extreme_suu,7,윌(하드),77100000
2025-05-15,challenger_extreme_suu,8,가디언엔젤슬라임(카오스),75100000
2025-05-15,challenger_extreme_suu,9,더스크(카오스),69800000
2025-05-15,challenger_extreme_suu,10,루시드(하드),62900000
2025-05-15,challenger_extreme_suu,11,데미안(하드),48900000
2025-05-15,challenger_extreme_suu,12,파풀라투스(카오스),13100000
2025-05-22,challenger_extreme_suu,1,스우(익스트림),574000000
2025-05-22,challenger_extreme_suu,2,감시자칼로스(노멀),505000000
2025-05-22,challenger_extreme_suu,3,카링(이지),377000000
2025-05-22,challenger_extreme_suu,4,선택받은세렌(하드),356000000
2025-05-22,challenger_extreme_suu,5,진힐라(하드),106000000
2025-05-22,challenger_extreme_suu,6,듄켈(하드),94400000
2025-05-22,challenger_extreme_suu,7,윌(하드),77100000
2025-05-22,challenger_extreme_suu,8,가디언엔젤슬라임(카오스),75100000
2025-05-22,challenger_extreme_suu,9,더스크(카오스),69800000
2025-05-22,challenger_extreme_suu,10,루시드(하드),62900000
2025-05-22,challenger_extreme_suu,11,데미안(하드),48900000
2025-05-22,challenger_extreme_suu,12,파풀라투스(카오스),13100000
2025-05-29,challenger_extreme_suu,1,스우(익스트림),574000000
2025-05-29,challenger_extreme_suu,2,감시자칼로스(노멀),505000000
2025-05-29,challenger_extreme_suu,3,카링(이지),377000000
2025-05-29,challenger_extreme_suu,4,선택받은세렌(하드),356000000
2025-05-29,challenger_extreme_suu,5,진힐라(하드),106000000
2025-05-29,challenger_extreme_suu,6,듄켈(하드),94400000
2025-05-29,challenger_extreme_suu,7,윌(하드),77100000
2025-05-29,challenger_extreme_suu,8,가디언엔젤슬라임(카오스),75100000
2025-05-29,challenger_extreme_suu,9,더스크(카오스),69800000
2025-05-29,challenger_extreme_suu,10,루시드(하드),62900000
2025-05-29,challenger_extreme_suu,11,데미안(하드),48900000
2025-05-29,challenger_extreme_suu,12,파풀라투스(카오스),13100000
2025-06-05,challenger_extreme_suu,1,스우(익스트림),574000000
2025-06-05,challenger_extreme_suu,2,감시자칼로스(노멀),505000000
2025-06-05,challenger_extreme_suu,3,카링(이지),377000000
2025-06-05,challenger_extreme_suu,4,선택받은세렌(하드),356000000
2025-06-05,challenger_extreme_suu,5,진힐라(하드),106000000
2025-06-05,challenger_extreme_suu,6,듄켈(하드),94400000
2025-06-05,challenger_extreme_suu,7,윌(하드),77100000
2025-06-05,challenger_extreme_suu,8,가디언엔젤슬라임(카오스),75100000
2025-06-05,challenger_extreme_suu,9,더스크(카오스),69800000
2025-06-05,challenger_extreme_suu,10,루시드(하드),62900000
2025-06-05,challenger_extreme_suu,11,데미안(하드),48900000
2025-06-05,challenger_extreme_suu,12,파풀라투스(카오스),13100000
2025-06-12,challenger_extreme_suu,1,스우(익스트림),574000000
2025-06-12,challenger_extreme_suu,2,감시자칼로스(노멀),505000000
2025-06-12,challenger_extreme_suu,3,카링(이지),377000000
2025-06-12,challenger_extreme_suu,4,선택받은세렌(하드),356000000
2025-06-12,challenger_extreme_suu,5,진힐라(하드),106000000
2025-06-12,challenger_extreme_suu,6,듄켈(하드),94400000
2025-06-12,challenger_extreme_suu,7,윌(하드),77100000
2025-06-12,challenger_extreme_suu,8,가디언엔젤슬라임(카오스),75100000
2025-06-12,challenger_extreme_suu,9,더스크(카오스),69800000
2025-06-12,challenger_extreme_suu,10,루시드(하드),62900000
2025-06-12,challenger_extreme_suu,11,데미안(하드),48900000
2025-06-12,challenger_extreme_suu,12,파풀라투스(카오스),13100000
2025-06-19,challenger_extreme_suu,1,스우(익스트림),574000000
2025-06-19,challenger_extreme_suu,2,감시자칼로스(노멀),505000000
2025-06-19,challenger_extreme_suu,3,카링(이지),377000000
2025-06-19,challenger_extreme_suu,4,선택받은세렌(하드),356000000
2025-06-19,challenger_extreme_suu,5,진힐라(하드),106000000
2025-06-19,challenger_extreme_suu,6,듄켈(하드),94400000
2025-06-19,challenger_extreme_suu,7,윌(하드),77100000
2025-06-19,challenger_extreme_suu,8,가디언엔젤슬라임(카오스),75100000
2025-06-19,challenger_extreme_suu,9,더스크(카오스),69800000
2025-06-19,challenger_extreme_suu,10,루시드(하드),62900000
2025-06-19,challenger_extreme_suu,11,데미안(하드),48900000
2025-06-19,challenger_extreme_suu,12,파풀라투스(카오스),13100000
2025-06-26,challenger_extreme_suu,1,스우(익스트림),574000000
2025-06-26,challenger_extreme_suu,2,감시자칼로스(노멀),505000000
2025-06-26,challenger_extreme_suu,3,카링(이지),377000000
2025-06-26,challenger_extreme_suu,4,선택받은세렌(하드),356000000
2025-06-26,challenger_extreme_suu,5,진힐라(하드),106000000
2025-06-26,challenger_extreme_suu,6,듄켈(하드),94400000
2025-06-26,challenger_extreme_suu,7,윌(하드),77100000
2025-06-26,challenger_extreme_suu,8,가디언엔젤슬라임(카오스),75100000
2025-06-26,challenger_extreme_suu,9,더스크(카오스),69800000
2025-06-26,challenger_extreme_suu,10,루시드(하드),62900000
2025-06-26,challenger_extreme_suu,11,데미안(하드),48900000
2025-06-26,challenger_extreme_suu,12,파풀라투스(카오스),13100000
2025-07-03,challenger_extreme_suu,1,스우(익스트림),574000000
2025-07-03,challenger_extreme_suu,2,감시자칼로스(노멀),505000000
2025-07-03,challenger_extreme_suu,3,카링(이지),377000000
2025-07-03,challenger_extreme_suu,4,선택받은세렌(하드),356000000
2025-07-03,challenger_extreme_suu,5,진힐라(하드),106000000
2025-07-03,challenger_extreme_suu,6,듄켈(하드),94400000
2025-07-03,challenger_extreme_suu,7,윌(하드),77100000
2025-07-03,challenger_extreme_suu,8,가디언엔젤슬라임(카오스),75100000
2025-07-03,challenger_extreme_suu,9,더스크(카오스),69800000
2025-07-03,challenger_extreme_suu,10,루시드(하드),62900000
2025-07-03,challenger_extreme_suu,11,데미안(하드),48900000
2025-07-03,challenger_extreme_suu,12,파풀라투스(카오스),13100000
2025-07-10,challenger_extreme_suu,1,스우(익스트림),574000000
2025-07-10,challenger_extreme_suu,2,감시자칼로스(노멀),505000000
2025-07-10,challenger_extreme_suu,3,카링(이지),377000000
2025-07-10,challenger_extreme_suu,4,선택받은세렌(하드),356000000
2025-07-10,challenger_extreme_suu,5,진힐라(하드),106000000
2025-07-10,challenger_extreme_suu,6,듄켈(하드),94400000
2025-07-10,challenger_extreme_suu,7,윌(하드),77100000
2025-07-10,challenger_extreme_suu,8,가디언엔젤슬라임(카오스),75100000
2025-07-10,challenger_extreme_suu,9,더스크(카오스),69800000
2025-07-10,challenger_extreme_suu,10,루시드(하드),62900000
2025-07-10,challenger_extreme_suu,11,데미안(하드),48900000
2025-07-10,challenger_extreme_suu,12,파풀라투스(카오스),13100000
2025-07-17,challenger_extreme_suu,1,스우(익스트림),574000000
2025-07-17,challenger_extreme_suu,2,감시자칼로스(노멀),505000000
2025-07-17,challenger_extreme_suu,3,카링(이지),377000000
2025-07-17,challenger_extreme_suu,4,선택받은세렌(하드),356000000
2025-07-17,challenger_extreme_suu,5,진힐라(하드),106000000
2025-07-17,challenger_extreme_suu,6,듄켈(하드),94400000
2025-07-17,challenger_extreme_suu,7,윌(하드),77100000
2025-07-17,challenger_extreme_suu,8,가디언엔젤슬라임(카오스),75100000
2025-07-17,challenger_extreme_suu,9,더스크(카오스),69800000
2025-07-17,challenger_extreme_suu,10,루시드(하드),62900000
2025-07-17,challenger_extreme_suu,11,데미안(하드),48900000
2025-07-17,challenger_extreme_suu,12,파풀라투스(카오스),13100000
2025-07-24,challenger_extreme_suu,1,스우(익스트림),574000000
2025-07-24,challenger_extreme_suu,2,감시자칼로스(노멀),505000000
2025-07-24,challenger_extreme_suu,3,카링(이지),377000000
2025-07-24,challenger_extreme_suu,4,선택받은세렌(하드),356000000
2025-07-24,challenger_extreme_suu,5,진힐라(하드),106000000
2025-07-24,challenger_extreme_suu,6,듄켈(하드),94400000
2025-07-24,challenger_extreme_suu,7,윌(하드),77100000
2025-07-24,challenger_extreme_suu,8,가디언엔젤슬라임(카오스),75100000
2025-07-24,challenger_extreme_suu,9,더스크(카오스),69800000
2025-07-24,challenger_extreme_suu,10,루시드(하드),62900000
2025-07-24,challenger_extreme_suu,11,데미안(하드),48900000
2025-07-24,challenger_extreme_suu,12,파풀라투스(카오스),13100000
2025-07-31,challenger_extreme_suu,1,스우(익스트림),574000000
2025-07-31,challenger_extreme_suu,2,감시자칼로스(노멀),505000000
2025-07-31,challenger_extreme_suu,3,카링(이지),377000000
2025-07-31,challenger_extreme_suu,4,선택받은세렌(하드),356000000
2025-07-31,challenger_extreme_suu,5,진힐라(하드),106000000
2025-07-31,challenger_extreme_suu,6,듄켈(하드),94400000
2025-07-31,challenger_extreme_suu,7,윌(하드),77100000
2025-07-31,challenger_extreme_suu,8,가디언엔젤슬라임(카오스),75100000
2025-07-31,challenger_extreme_suu,9,더스크(카오스),69800000
2025-07-31,challenger_extreme_suu,10,루시드(하드),62900000
2025-07-31,challenger_extreme_suu,11,데미안(하드),48900000
2025-07-31,challenger_extreme_suu,12,파풀라투스(카오스),13100000
2025-08-07,challenger_extreme_suu,1,스우(익스트림),574000000
2025-08-07,challenger_extreme_suu,2,감시자칼로스(노멀),505000000
2025-08-07,challenger_extreme_suu,3,카링(이지),377000000
2025-08-07,challenger_extreme_suu,4,선택받은세렌(하드),356000000
2025-08-07,challenger_extreme_suu,5,진힐라(하드),106000000
2025-08-07,challenger_extreme_suu,6,듄켈(하드),94400000
2025-08-07,challenger_extreme_suu,7,윌(하드),77100000
2025-08-07,challenger_extreme_suu,8,가디언엔젤슬라임(카오스),75100000
2025-08-07,challenger_extreme_suu,9,더스크(카오스),69800000
2025-08-07,challenger_extreme_suu,10,루시드(하드),62900000
2025-08-07,challenger_extreme_suu,11,데미안(하드),48900000
2025-08-07,challenger_extreme_suu,12,파풀라투스(카오스),13100000
2025-08-14,challenger_extreme_suu,1,스우(익스트림),574000000
2025-08-14,challenger_extreme_suu,2,감시자칼로스(노멀),505000000
2025-08-14,challenger_extreme_suu,3,카링(이지),377000000
2025-08-14,challenger_extreme_suu,4,선택받은세렌(하드),356000000
2025-08-14,challenger_extreme_suu,5,진힐라(하드),106000000
2025-08-14,challenger_extreme_suu,6,듄켈(하드),94400000
2025-08-14,challenger_extreme_suu,7,윌(하드),77100000
2025-08-14,challenger_extreme_suu,8,가디언엔젤슬라임(카오스),75100000
2025-08-14,challenger_extreme_suu,9,더스크(카오스),69800000
2025-08-14,challenger_extreme_suu,10,루시드(하드),62900000
2025-08-14,challenger_extreme_suu,11,데미안(하드),48900000
2025-08-14,challenger_extreme_suu,12,파풀라투스(카오스),13100000
2025-08-21,challenger_extreme_suu,1,스우(익스트림),574000000
2025-08-21,challenger_extreme_suu,2,감시자칼로스(노멀),505000000
2025-08-21,challenger_extreme_suu,3,카링(이지),377000000
2025-08-21,challenger_extreme_suu,4,선택받은세렌(하드),356000000
2025-08-21,challenger_extreme_suu,5,최초의대적자(이지),308000000
2025-08-21,challenger_extreme_suu,6,진힐라(하드),106000000
2025-08-21,challenger_extreme_suu,7,듄켈(하드),94400000
2025-08-21,challenger_extreme_suu,8,윌(하드),77100000
2025-08-21,challenger_extreme_suu,9,가디언엔젤슬라임(카오스),75100000
2025-08-21,challenger_extreme_suu,10,더스크(카오스),69800000
2025-08-21,challenger_extreme_suu,11,루시드(하드),62900000
2025-08-21,challenger_extreme_suu,12,데미안(하드),48900000
2025-08-28,challenger_extreme_suu,1,스우(익스트림),574000000
2025-08-28,challenger_extreme_suu,2,감시자칼로스(노멀),505000000
2025-08-28,challenger_extreme_suu,3,카링(이지),377000000
2025-08-28,challenger_extreme_suu,4,선택받은세렌(하드),356000000
2025-08-28,challenger_extreme_suu,5,최초의대적자(이지),308000000
2025-08-28,challenger_extreme_suu,6,진힐라(하드),106000000
2025-08-28,challenger_extreme_suu,7,듄켈(하드),94400000
2025-08-28,challenger_extreme_suu,8,윌(하드),77100000
2025-08-28,challenger_extreme_suu,9,가디언엔젤슬라임(카오스),75100000
2025-08-28,challenger_extreme_suu,10,더스크(카오스),69800000
2025-08-28,challenger_extreme_suu,11,루시드(하드),62900000
2025-08-28,challenger_extreme_suu,12,데미안(하드),48900000
2025-09-04,challenger_extreme_suu,1,스우(익스트림),574000000
2025-09-04,challenger_extreme_suu,2,감시자칼로스(노멀),505000000
2025-09-04,challenger_extreme_suu,3,카링(이지),377000000
2025-09-04,challenger_extreme_suu,4,선택받은세렌(하드),356000000
2025-09-04,challenger_extreme_suu,5,최초의대적자(이지),308000000
2025-09-04,challenger_extreme_suu,6,진힐라(하드),106000000
2025-09-04,challenger_extreme_suu,7,듄켈(하드),94400000
2025-09-04,challenger_extreme_suu,8,윌(하드),77100000
2025-09-04,challenger_extreme_suu,9,가디언엔젤슬라임(카오스),75100000
2025-09-04,challenger_extreme_suu,10,더스크(카오스),69800000
2025-09-04,challenger_extreme_suu,11,루시드(하드),62900000
2025-09-04,challenger_extreme_suu,12,데미안(하드),48900000
2025-09-11,challenger_extreme_suu,1,스우(익스트림),574000000
2025-09-11,challenger_extreme_suu,2,감시자칼로스(노멀),505000000
2025-09-11,challenger_extreme_suu,3,카링(이지),377000000
2025-09-11,challenger_extreme_suu,4,선택받은세렌(하드),356000000
2025-09-11,challenger_extreme_suu,5,최초의대적자(이지),308000000
2025-09-11,challenger_extreme_suu,6,진힐라(하드),106000000
2025-09-11,challenger_extreme_suu,7,듄켈(하드),94400000
2025-09-11,challenger_extreme_suu,8,윌(하드),77100000
2025-09-11,challenger_extreme_suu,9,가디언엔젤슬라임(카오스),75100000
2025-09-11,challenger_extreme_suu,10,더스크(카오스),69800000
2025-09-11,challenger_extreme_suu,11,루시드(하드),62900000
2025-09-11,challenger_extreme_suu,12,데미안(하드),48900000
2025-09-18,challenger_extreme_suu,1,스우(익스트림),574000000
2025-09-18,challenger_extreme_suu,2,감시자칼로스(노멀),505000000
2025-09-18,challenger_extreme_suu,3,카링(이지),377000000
2025-09-18,challenger_extreme_suu,4,선택받은세렌(하드),356000000
2025-09-18,challenger_extreme_suu,5,최초의대적자(이지),308000000
2025-09-18,challenger_extreme_suu,6,진힐라(하드),106000000
2025-09-18,challenger_extreme_suu,7,듄켈(하드),94400000
2025-09-18,challenger_extreme_suu,8,윌(하드),77100000
2025-09-18,challenger_extreme_suu,9,가디언엔젤슬라임(카오스),75100000
2025-09-18,challenger_extreme_suu,10,더스크(카오스),69800000
2025-09-18,challenger_extreme_suu,11,루시드(하드),62900000
2025-09-18,challenger_extreme_suu,12,데미안(하드),48900000
2025-09-25,challenger_extreme_suu,1,스우(익스트림),574000000
2025-09-25,challenger_extreme_suu,2,감시자칼로스(노멀),505000000
2025-09-25,challenger_extreme_suu,3,카링(이지),377000000
2025-09-25,challenger_extreme_suu,4,선택받은세렌(하드),356000000
2025-09-25,challenger_extreme_suu,5,최초의대적자(이지),308000000
2025-09-25,challenger_extreme_suu,6,진힐라(하드),106000000
2025-09-25,challenger_extreme_suu,7,듄켈(하드),94400000
2025-09-25,challenger_extreme_suu,8,윌(하드),77100000
2025-09-25,challenger_extreme_suu,9,가디언엔젤슬라임(카오스),75100000
2025-09-25,challenger_extreme_suu,10,더스크(카오스),69800000
2025-09-25,challenger_extreme_suu,11,루시드(하드),62900000
2025-09-25,challenger_extreme_suu,12,데미안(하드),48900000
2025-10-02,challenger_extreme_suu,1,스우(익스트림),574000000
2025-10-02,challenger_extreme_suu,2,감시자칼로스(노멀),505000000
2025-10-02,challenger_extreme_suu,3,카링(이지),377000000
2025-10-02,challenger_extreme_suu,4,선택받은세렌(하드),356000000
2025-10-02,challenger_extreme_suu,5,최초의대적자(이지),308000000
2025-10-02,challenger_extreme_suu,6,진힐라(하드),106000000
2025-10-02,challenger_extreme_suu,7,듄켈(하드),94400000
2025-10-02,challenger_extreme_suu,8,윌(하드),77100000
2025-10-02,challenger_extreme_suu,9,가디언엔젤슬라임(카오스),75100000
2025-10-02,challenger_extreme_suu,10,더스크(카오스),69800000
2025-10-02,challenger_extreme_suu,11,루시드(하드),62900000
2025-10-02,challenger_extreme_suu,12,데미안(하드),48900000
2025-10-09,challenger_extreme_suu,1,스우(익스트림),574000000
2025-10-09,challenger_extreme_suu,2,감시자칼로스(노멀),505000000
2025-10-09,challenger_extreme_suu,3,카링(이지),377000000
2025-10-09,challenger_extreme_suu,4,선택받은세렌(하드),356000000
2025-10-09,challenger_extreme_suu,5,최초의대적자(이지),308000000
2025-10-09,challenger_extreme_suu,6,진힐라(하드),106000000
2025-10-09,challenger_extreme_suu,7,듄켈(하드),94400000
2025-10-09,challenger_extreme_suu,8,윌(하드),77100000
2025-10-09,challenger_extreme_suu,9,가디언엔젤슬라임(카오스),75100000
2025-10-09,challenger_extreme_suu,10,더스크(카오스),69800000
2025-10-09,challenger_extreme_suu,11,루시드(하드),62900000
2025-10-09,challenger_extreme_suu,12,데미안(하드),48900000
2025-10-16,challenger_extreme_suu,1,스우(익스트림),574000000
2025-10-16,challenger_extreme_suu,2,감시자칼로스(노멀),505000000
2025-10-16,challenger_extreme_suu,3,카링(이지),377000000
2025-10-16,challenger_extreme_suu,4,선택받은세렌(하드),356000000
2025-10-16,challenger_extreme_suu,5,최초의대적자(이지),308000000
2025-10-16,challenger_extreme_suu,6,진힐라(하드),106000000
2025-10-16,challenger_extreme_suu,7,듄켈(하드),94400000
2025-10-16,challenger_extreme_suu,8,윌(하드),77100000
2025-10-16,challenger_extreme_suu,9,가디언엔젤슬라임(카오스),75100000
2025-10-16,challenger_extreme_suu,10,더스크(카오스),69800000
2025-10-16,challenger_extreme_suu,11,루시드(하드),62900000
2025-10-16,challenger_extreme_suu,12,데미안(하드),48900000
2025-10-23,challenger_extreme_suu,1,스우(익스트림),574000000
2025-10-23,challenger_extreme_suu,2,감시자칼로스(노멀),505000000
2025-10-23,challenger_extreme_suu,3,카링(이지),377000000
2025-10-23,challenger_extreme_suu,4,선택받은세렌(하드),356000000
2025-10-23,challenger_extreme_suu,5,최초의대적자(이지),308000000
2025-10-23,challenger_extreme_suu,6,진힐라(하드),106000000
2025-10-23,challenger_extreme_suu,7,듄켈(하드),94400000
2025-10-23,challenger_extreme_suu,8,윌(하드),77100000
2025-10-23,challenger_extreme_suu,9,가디언엔젤슬라임(카오스),75100000
2025-10-23,challenger_extreme_suu,10,더스크(카오스),69800000
2025-10-23,challenger_extreme_suu,11,루시드(하드),62900000
2025-10-23,challenger_extreme_suu,12,데미안(하드),48900000
2025-10-30,challenger_extreme_suu,1,스우(익스트림),574000000
2025-10-30,challenger_extreme_suu,2,감시자칼로스(노멀),505000000
2025-10-30,challenger_extreme_suu,3,카링(이지),377000000
2025-10-30,challenger_extreme_suu,4,선택받은세렌(하드),356000000
2025-10-30,challenger_extreme_suu,5,최초의대적자(이지),308000000
2025-10-30,challenger_extreme_suu,6,진힐라(하드),106000000
2025-10-30,challenger_extreme_suu,7,듄켈(하드),94400000
2025-10-30,challenger_extreme_suu,8,윌(하드),77100000
2025-10-30,challenger_extreme_suu,9,가디언엔젤슬라임(카오스),75100000
2025-10-30,challenger_extreme_suu,10,더스크(카오스),69800000
2025-10-30,challenger_extreme_suu,11,루시드(하드),62900000
2025-10-30,challenger_extreme_suu,12,데미안(하드),48900000
2025-11-06,challenger_extreme_suu,1,스우(익스트림),574000000
2025-11-06,challenger_extreme_suu,2,감시자칼로스(노멀),505000000
2025-11-06,challenger_extreme_suu,3,카링(이지),377000000
2025-11-06,challenger_extreme_suu,4,선택받은세렌(하드),356000000
2025-11-06,challenger_extreme_suu,5,최초의대적자(이지),308000000
2025-11-06,challenger_extreme_suu,6,진힐라(하드),106000000
2025-11-06,challenger_extreme_suu,7,듄켈(하드),94400000
2025-11-06,challenger_extreme_suu,8,윌(하드),77100000
2025-11-06,challenger_extreme_suu,9,가디언엔젤슬라임(카오스),75100000
2025-11-06,challenger_extreme_suu,10,더스크(카오스),69800000
2025-11-06,challenger_extreme_suu,11,루시드(하드),62900000
2025-11-06,challenger_extreme_suu,12,데미안(하드),48900000
2025-11-13,challenger_extreme_suu,1,스우(익스트림),574000000
2025-11-13,challenger_extreme_suu,2,감시자칼로스(노멀),505000000
2025-11-13,challenger_extreme_suu,3,카링(이지),377000000
2025-11-13,challenger_extreme_suu,4,선택받은세렌(하드),356000000
2025-11-13,challenger_extreme_suu,5,최초의대적자(이지),308000000
2025-11-13,challenger_extreme_suu,6,진힐라(하드),106000000
2025-11-13,challenger_extreme_suu,7,듄켈(하드),94400000
2025-11-13,challenger_extreme_suu,8,윌(하드),77100000
2025-11-13,challenger_extreme_suu,9,가디언엔젤슬라임(카오스),75100000
2025-11-13,challenger_extreme_suu,10,더스크(카오스),69800000
2025-11-13,challenger_extreme_suu,11,루시드(하드),62900000
2025-11-13,challenger_extreme_suu,12,데미안(하드),48900000
2025-11-20,challenger_extreme_suu,1,스우(익스트림),574000000
2025-11-20,challenger_extreme_suu,2,감시자칼로스(노멀),505000000
2025-11-20,challenger_extreme_suu,3,카링(이지),377000000
2025-11-20,challenger_extreme_suu,4,선택받은세렌(하드),356000000
2025-11-20,challenger_extreme_suu,5,최초의대적자(이지),308000000
2025-11-20,challenger_extreme_suu,6,진힐라(하드),106000000
2025-11-20,challenger_extreme_suu,7,듄켈(하드),94400000
2025-11-20,challenger_extreme_suu,8,윌(하드),77100000
2025-11-20,challenger_extreme_suu,9,가디언엔젤슬라임(카오스),75100000
2025-11-20,challenger_extreme_suu,10,더스크(카오스),69800000
2025-11-20,challenger_extreme_suu,11,루시드(하드),62900000
2025-11-20,challenger_extreme_suu,12,데미안(하드),48900000
2025-11-27,challenger_extreme_suu,1,스우(익스트림),574000000
2025-11-27,challenger_extreme_suu,2,감시자칼로스(노멀),505000000
2025-11-27,challenger_extreme_suu,3,카링(이지),377000000
2025-11-27,challenger_extreme_suu,4,선택받은세렌(하드),356000000
2025-11-27,challenger_extreme_suu,5,최초의대적자(이지),308000000
2025-11-27,challenger_extreme_suu,6,진힐라(하드),106000000
2025-11-27,challenger_extreme_suu,7,듄켈(하드),94400000
2025-11-27,challenger_extreme_suu,8,윌(하드),77100000
2025-11-27,challenger_extreme_suu,9,가디언엔젤슬라임(카오스),75100000
2025-11-27,challenger_extreme_suu,10,더스크(카오스),69800000
2025-11-27,challenger_extreme_suu,11,루시드(하드),62900000
2025-11-27,challenger_extreme_suu,12,데미안(하드),48900000
2025-12-04,challenger_extreme_suu,1,스우(익스트림),574000000
2025-12-04,challenger_extreme_suu,2,감시자칼로스(노멀),505000000
2025-12-04,challenger_extreme_suu,3,카링(이지),377000000
2025-12-04,challenger_extreme_suu,4,선택받은세렌(하드),356000000
2025-12-04,challenger_extreme_suu,5,최초의대적자(이지),308000000
2025-12-04,challenger_extreme_suu,6,진힐라(하드),106000000
2025-12-04,challenger_extreme_suu,7,듄켈(하드),94400000
2025-12-04,challenger_extreme_suu,8,윌(하드),77100000
2025-12-04,challenger_extreme_suu,9,가디언엔젤슬라임(카오스),75100000
2025-12-04,challenger_extreme_suu,10,더스크(카오스),69800000
2025-12-04,challenger_extreme_suu,11,루시드(하드),62900000
2025-12-04,challenger_extreme_suu,12,데미안(하드),48900000
2025-12-11,challenger_extreme_suu,1,스우(익스트림),574000000
2025-12-11,challenger_extreme_suu,2,감시자칼로스(노멀),505000000
2025-12-11,challenger_extreme_suu,3,카링(이지),377000000
2025-12-11,challenger_extreme_suu,4,선택받은세렌(하드),356000000
2025-12-11,challenger_extreme_suu,5,최초의대적자(이지),308000000
2025-12-11,challenger_extreme_suu,6,진힐라(하드),106000000
2025-12-11,challenger_extreme_suu,7,듄켈(하드),94400000
2025-12-11,challenger_extreme_suu,8,윌(하드),77100000
2025-12-11,challenger_extreme_suu,9,가디언엔젤슬라임(카오스),75100000
2025-12-11,challenger_extreme_suu,10,더스크(카오스),69800000
2025-12-11,challenger_extreme_suu,11,루시드(하드),62900000
2025-12-11,challenger_extreme_suu,12,데미안(하드),48900000
2025-12-18,challenger_extreme_suu,1,스우(익스트림),574000000
2025-12-18,challenger_extreme_suu,2,감시자칼로스(노멀),505000000
2025-12-18,challenger_extreme_suu,3,카링(이지),377000000
2025-12-18,challenger_extreme_suu,4,선택받은세렌(하드),356000000
2025-12-18,challenger_extreme_suu,5,최초의대적자(이지),308000000
2025-12-18,challenger_extreme_suu,6,진힐라(하드),106000000
2025-12-18,challenger_extreme_suu,7,듄켈(하드),94400000
2025-12-18,challenger_extreme_suu,8,윌(하드),77100000
2025-12-18,challenger_extreme_suu,9,가디언엔젤슬라임(카오스),75100000
2025-12-18,challenger_extreme_suu,10,더스크(카오스),69800000
2025-12-18,challenger_extreme_suu,11,루시드(하드),62900000
2025-12-18,challenger_extreme_suu,12,데미안(하드),48900000
2025-12-25,challenger_extreme_suu,1,스우(익스트림),574000000
2025-12-25,challenger_extreme_suu,2,감시자칼로스(노멀),505000000
2025-12-25,challenger_extreme_suu,3,카링(이지),377000000
2025-12-25,challenger_extreme_suu,4,선택받은세렌(하드),356000000
2025-12-25,challenger_extreme_suu,5,최초의대적자(이지),308000000
2025-12-25,challenger_extreme_suu,6,진힐라(하드),106000000
2025-12-25,challenger_extreme_suu,7,듄켈(하드),94400000
2025-12-25,challenger_extreme_suu,8,윌(하드),77100000
2025-12-25,challenger_extreme_suu,9,가디언엔젤슬라임(카오스),75100000
2025-12-25,challenger_extreme_suu,10,더스크(카오스),69800000
2025-12-25,challenger_extreme_suu,11,루시드(하드),62900000
2025-12-25,challenger_extreme_suu,12,데미안(하드),48900000
2026-01-01,challenger_extreme_suu,1,스우(익스트림),574000000
2026-01-01,challenger_extreme_suu,2,감시자칼로스(노멀),505000000
2026-01-01,challenger_extreme_suu,3,카링(이지),377000000
2026-01-01,challenger_extreme_suu,4,선택받은세렌(하드),356000000
2026-01-01,challenger_extreme_suu,5,최초의대적자(이지),308000000
2026-01-01,challenger_extreme_suu,6,진힐라(하드),106000000
2026-01-01,challenger_extreme_suu,7,듄켈(하드),94400000
2026-01-01,challenger_extreme_suu,8,윌(하드),77100000
2026-01-01,challenger_extreme_suu,9,가디언엔젤슬라임(카오스),75100000
2026-01-01,challenger_extreme_suu,10,더스크(카오스),69800000
2026-01-01,challenger_extreme_suu,11,루시드(하드),62900000
2026-01-01,challenger_extreme_suu,12,데미안(하드),48900000
2026-01-08,challenger_extreme_suu,1,스우(익스트림),574000000
2026-01-08,challenger_extreme_suu,2,감시자칼로스(노멀),505000000
2026-01-08,challenger_extreme_suu,3,카링(이지),377000000
2026-01-08,challenger_extreme_suu,4,선택받은세렌(하드),356000000
2026-01-08,challenger_extreme_suu,5,최초의대적자(이지),308000000
2026-01-08,challenger_extreme_suu,6,진힐라(하드),106000000
2026-01-08,challenger_extreme_suu,7,듄켈(하드),94400000
2026-01-08,challenger_extreme_suu,8,윌(하드),77100000
2026-01-08,challenger_extreme_suu,9,가디언엔젤슬라임(카오스),75100000
2026-01-08,challenger_extreme_suu,10,더스크(카오스),69800000
2026-01-08,challenger_extreme_suu,11,루시드(하드),62900000
2026-01-08,challenger_extreme_suu,12,데미안(하드),48900000
2026-01-15,challenger_extreme_suu,1,스우(익스트림),574000000
2026-01-15,challenger_extreme_suu,2,감시자칼로스(노멀),505000000
2026-01-15,challenger_extreme_suu,3,카링(이지),377000000
2026-01-15,challenger_extreme_suu,4,선택받은세렌(하드),356000000
2026-01-15,challenger_extreme_suu,5,최초의대적자(이지),308000000
2026-01-15,challenger_extreme_suu,6,진힐라(하드),106000000
2026-01-15,challenger_extreme_suu,7,듄켈(하드),94400000
2026-01-15,challenger_extreme_suu,8,윌(하드),77100000
2026-01-15,challenger_extreme_suu,9,가디언엔젤슬라임(카오스),75100000
2026-01-15,challenger_extreme_suu,10,더스크(카오스),69800000
2026-01-15,challenger_extreme_suu,11,루시드(하드),62900000
2026-01-15,challenger_extreme_suu,12,데미안(하드),48900000
2026-01-22,challenger_extreme_suu,1,스우(익스트림),574000000
2026-01-22,challenger_extreme_suu,2,감시자칼로스(노멀),505000000
2026-01-22,challenger_extreme_suu,3,카링(이지),377000000
2026-01-22,challenger_extreme_suu,4,선택받은세렌(하드),356000000
2026-01-22,challenger_extreme_suu,5,최초의대적자(이지),308000000
2026-01-22,challenger_extreme_suu,6,진힐라(하드),106000000
2026-01-22,challenger_extreme_suu,7,듄켈(하드),94400000
2026-01-22,challenger_extreme_suu,8,윌(하드),77100000
2026-01-22,challenger_extreme_suu,9,가디언엔젤슬라임(카오스),75100000
2026-01-22,challenger_extreme_suu,10,더스크(카오스),69800000
2026-01-22,challenger_extreme_suu,11,루시드(하드),62900000
2026-01-22,challenger_extreme_suu,12,데미안(하드),48900000
2026-01-29,challenger_extreme_suu,1,스우(익스트림),574000000
2026-01-29,challenger_extreme_suu,2,감시자칼로스(노멀),505000000
2026-01-29,challenger_extreme_suu,3,카링(이지),377000000
2026-01-29,challenger_extreme_suu,4,선택받은세렌(하드),356000000
2026-01-29,challenger_extreme_suu,5,최초의대적자(이지),308000000
2026-01-29,challenger_extreme_suu,6,진힐라(하드),106000000
2026-01-29,challenger_extreme_suu,7,듄켈(하드),94400000
2026-01-29,challenger_extreme_suu,8,윌(하드),77100000
2026-01-29,challenger_extreme_suu,9,가디언엔젤슬라임(카오스),75100000
2026-01-29,challenger_extreme_suu,10,더스크(카오스),69800000
2026-01-29,challenger_extreme_suu,11,루시드(하드),62900000
2026-01-29,challenger_extreme_suu,12,데미안(하드),48900000
2026-02-05,challenger_extreme_suu,1,스우(익스트림),574000000
2026-02-05,challenger_extreme_suu,2,감시자칼로스(노멀),505000000
2026-02-05,challenger_extreme_suu,3,카링(이지),377000000
2026-02-05,challenger_extreme_suu,4,선택받은세렌(하드),356000000
2026-02-05,challenger_extreme_suu,5,최초의대적자(이지),308000000
2026-02-05,challenger_extreme_suu,6,진힐라(하드),106000000
2026-02-05,challenger_extreme_suu,7,듄켈(하드),94400000
2026-02-05,challenger_extreme_suu,8,윌(하드),77100000
2026-02-05,challenger_extreme_suu,9,가디언엔젤슬라임(카오스),75100000
2026-02-05,challenger_extreme_suu,10,더스크(카오스),69800000
2026-02-05,challenger_extreme_suu,11,루시드(하드),62900000
2026-02-05,challenger_extreme_suu,12,데미안(하드),48900000
2026-02-12,challenger_extreme_suu,1,스우(익스트림),574000000
2026-02-12,challenger_extreme_suu,2,감시자칼로스(노멀),505000000
2026-02-12,challenger_extreme_suu,3,카링(이지),377000000
2026-02-12,challenger_extreme_suu,4,선택받은세렌(하드),356000000
2026-02-12,challenger_extreme_suu,5,최초의대적자(이지),308000000
2026-02-12,challenger_extreme_suu,6,진힐라(하드),106000000
2026-02-12,challenger_extreme_suu,7,듄켈(하드),94400000
2026-02-12,challenger_extreme_suu,8,윌(하드),77100000
2026-02-12,challenger_extreme_suu,9,가디언엔젤슬라임(카오스),75100000
2026-02-12,challenger_extreme_suu,10,더스크(카오스),69800000
2026-02-12,challenger_extreme_suu,11,루시드(하드),62900000
2026-02-12,challenger_extreme_suu,12,데미안(하드),48900000
2026-02-19,challenger_extreme_suu,1,스우(익스트림),574000000
2026-02-19,challenger_extreme_suu,2,감시자칼로스(노멀),505000000
2026-02-19,challenger_extreme_suu,3,카링(이지),377000000
2026-02-19,challenger_extreme_suu,4,선택받은세렌(하드),356000000
2026-02-19,challenger_extreme_suu,5,최초의대적자(이지),308000000
2026-02-19,challenger_extreme_suu,6,진힐라(하드),106000000
2026-02-19,challenger_extreme_suu,7,듄켈(하드),94400000
2026-02-19,challenger_extreme_suu,8,윌(하드),77100000
2026-02-19,challenger_extreme_suu,9,가디언엔젤슬라임(카오스),75100000
2026-02-19,challenger_extreme_suu,10,더스크(카오스),69800000
2026-02-19,challenger_extreme_suu,11,루시드(하드),62900000
2026-02-19,challenger_extreme_suu,12,데미안(하드),48900000
2026-02-26,challenger_extreme_suu,1,스우(익스트림),574000000
2026-02-26,challenger_extreme_suu,2,감시자칼로스(노멀),505000000
2026-02-26,challenger_extreme_suu,3,카링(이지),377000000
2026-02-26,challenger_extreme_suu,4,선택받은세렌(하드),356000000
2026-02-26,challenger_extreme_suu,5,최초의대적자(이지),308000000
2026-02-26,challenger_extreme_suu,6,진힐라(하드),106000000
2026-02-26,challenger_extreme_suu,7,듄켈(하드),94400000
2026-02-26,challenger_extreme_suu,8,윌(하드),77100000
2026-02-26,challenger_extreme_suu,9,가디언엔젤슬라임(카오스),75100000
2026-02-26,challenger_extreme_suu,10,더스크(카오스),69800000
2026-02-26,challenger_extreme_suu,11,루시드(하드),62900000
2026-02-26,challenger_extreme_suu,12,데미안(하드),48900000
2026-03-05,challenger_extreme_suu,1,스우(익스트림),574000000
2026-03-05,challenger_extreme_suu,2,감시자칼로스(노멀),505000000
2026-03-05,challenger_extreme_suu,3,카링(이지),377000000
2026-03-05,challenger_extreme_suu,4,선택받은세렌(하드),356000000
2026-03-05,challenger_extreme_suu,5,최초의대적자(이지),308000000
2026-03-05,challenger_extreme_suu,6,진힐라(하드),106000000
2026-03-05,challenger_extreme_suu,7,듄켈(하드),94400000
2026-03-05,challenger_extreme_suu,8,윌(하드),77100000
2026-03-05,challenger_extreme_suu,9,가디언엔젤슬라임(카오스),75100000
2026-03-05,challenger_extreme_suu,10,더스크(카오스),69800000
2026-03-05,challenger_extreme_suu,11,루시드(하드),62900000
2026-03-05,challenger_extreme_suu,12,데미안(하드),48900000
2026-03-12,challenger_extreme_suu,1,스우(익스트림),574000000
2026-03-12,challenger_extreme_suu,2,감시자칼로스(노멀),505000000
2026-03-12,challenger_extreme_suu,3,카링(이지),377000000
2026-03-12,challenger_extreme_suu,4,선택받은세렌(하드),356000000
2026-03-12,challenger_extreme_suu,5,최초의대적자(이지),308000000
2026-03-12,challenger_extreme_suu,6,진힐라(하드),106000000
2026-03-12,challenger_extreme_suu,7,듄켈(하드),94400000
2026-03-12,challenger_extreme_suu,8,윌(하드),77100000
2026-03-12,challenger_extreme_suu,9,가디언엔젤슬라임(카오스),75100000
2026-03-12,challenger_extreme_suu,10,더스크(카오스),69800000
2026-03-12,challenger_extreme_suu,11,루시드(하드),62900000
2026-03-12,challenger_extreme_suu,12,데미안(하드),48900000
2026-03-19,challenger_extreme_suu,1,스우(익스트림),574000000
2026-03-19,challenger_extreme_suu,2,감시자칼로스(노멀),505000000
2026-03-19,challenger_extreme_suu,3,카링(이지),377000000
2026-03-19,challenger_extreme_suu,4,선택받은세렌(하드),356000000
2026-03-19,challenger_extreme_suu,5,최초의대적자(이지),308000000
2026-03-19,challenger_extreme_suu,6,진힐라(하드),106000000
2026-03-19,challenger_extreme_suu,7,듄켈(하드),94400000
2026-03-19,challenger_extreme_suu,8,윌(하드),77100000
2026-03-19,challenger_extreme_suu,9,가디언엔젤슬라임(카오스),75100000
2026-03-19,challenger_extreme_suu,10,더스크(카오스),69800000
2026-03-19,challenger_extreme_suu,11,루시드(하드),62900000
2026-03-19,challenger_extreme_suu,12,데미안(하드),48900000
2026-03-26,challenger_extreme_suu,1,스우(익스트림),574000000
2026-03-26,challenger_extreme_suu,2,감시자칼로스(노멀),505000000
2026-03-26,challenger_extreme_suu,3,카링(이지),377000000
2026-03-26,challenger_extreme_suu,4,선택받은세렌(하드),356000000
2026-03-26,challenger_extreme_suu,5,최초의대적자(이지),308000000
2026-03-26,challenger_extreme_suu,6,진힐라(하드),106000000
2026-03-26,challenger_extreme_suu,7,듄켈(하드),94400000
2026-03-26,challenger_extreme_suu,8,윌(하드),77100000
2026-03-26,challenger_extreme_suu,9,가디언엔젤슬라임(카오스),75100000
2026-03-26,challenger_extreme_suu,10,더스크(카오스),69800000
2026-03-26,challenger_extreme_suu,11,루시드(하드),62900000
2026-03-26,challenger_extreme_suu,12,데미안(하드),48900000
2026-04-02,challenger_extreme_suu,1,스우(익스트림),574000000
2026-04-02,challenger_extreme_suu,2,감시자칼로스(노멀),505000000
2026-04-02,challenger_extreme_suu,3,카링(이지),377000000
2026-04-02,challenger_extreme_suu,4,선택받은세렌(하드),356000000
2026-04-02,challenger_extreme_suu,5,최초의대적자(이지),308000000
2026-04-02,challenger_extreme_suu,6,진힐라(하드),106000000
2026-04-02,challenger_extreme_suu,7,듄켈(하드),94400000
2026-04-02,challenger_extreme_suu,8,윌(하드),77100000
2026-04-02,challenger_extreme_suu,9,가디언엔젤슬라임(카오스),75100000
2026-04-02,challenger_extreme_suu,10,더스크(카오스),69800000
2026-04-02,challenger_extreme_suu,11,루시드(하드),62900000
2026-04-02,challenger_extreme_suu,12,데미안(하드),48900000
2026-04-09,challenger_extreme_suu,1,스우(익스트림),574000000
2026-04-09,challenger_extreme_suu,2,감시자칼로스(노멀),505000000
2026-04-09,challenger_extreme_suu,3,카링(이지),377000000
2026-04-09,challenger_extreme_suu,4,선택받은세렌(하드),356000000
2026-04-09,challenger_extreme_suu,5,최초의대적자(이지),308000000
2026-04-09,challenger_extreme_suu,6,진힐라(하드),106000000
2026-04-09,challenger_extreme_suu,7,듄켈(하드),94400000
2026-04-09,challenger_extreme_suu,8,윌(하드),77100000
2026-04-09,challenger_extreme_suu,9,가디언엔젤슬라임(카오스),75100000
2026-04-09,challenger_extreme_suu,10,더스크(카오스),69800000
2026-04-09,challenger_extreme_suu,11,루시드(하드),62900000
2026-04-09,challenger_extreme_suu,12,데미안(하드),48900000
2026-04-16,challenger_extreme_suu,1,스우(익스트림),574000000
2026-04-16,challenger_extreme_suu,2,감시자칼로스(노멀),505000000
2026-04-16,challenger_extreme_suu,3,카링(이지),377000000
2026-04-16,challenger_extreme_suu,4,선택받은세렌(하드),356000000
2026-04-16,challenger_extreme_suu,5,최초의대적자(이지),308000000
2026-04-16,challenger_extreme_suu,6,진힐라(하드),106000000
2026-04-16,challenger_extreme_suu,7,듄켈(하드),94400000
2026-04-16,challenger_extreme_suu,8,윌(하드),77100000
2026-04-16,challenger_extreme_suu,9,가디언엔젤슬라임(카오스),75100000
2026-04-16,challenger_extreme_suu,10,더스크(카오스),69800000
2026-04-16,challenger_extreme_suu,11,루시드(하드),62900000
2026-04-16,challenger_extreme_suu,12,데미안(하드),48900000
2026-04-23,challenger_extreme_suu,1,스우(익스트림),574000000
2026-04-23,challenger_extreme_suu,2,감시자칼로스(노멀),505000000
2026-04-23,challenger_extreme_suu,3,카링(이지),377000000
2026-04-23,challenger_extreme_suu,4,선택받은세렌(하드),356000000
2026-04-23,challenger_extreme_suu,5,최초의대적자(이지),308000000
2026-04-23,challenger_extreme_suu,6,진힐라(하드),106000000
2026-04-23,challenger_extreme_suu,7,듄켈(하드),94400000
2026-04-23,challenger_extreme_suu,8,윌(하드),77100000
2026-04-23,challenger_extreme_suu,9,가디언엔젤슬라임(카오스),75100000
2026-04-23,challenger_extreme_suu,10,더스크(카오스),69800000
2026-04-23,challenger_extreme_suu,11,루시드(하드),62900000
2026-04-23,challenger_extreme_suu,12,데미안(하드),48900000
2026-04-30,challenger_extreme_suu,1,스우(익스트림),574000000
2026-04-30,challenger_extreme_suu,2,감시자칼로스(노멀),505000000
2026-04-30,challenger_extreme_suu,3,카링(이지),377000000
2026-04-30,challenger_extreme_suu,4,선택받은세렌(하드),356000000
2026-04-30,challenger_extreme_suu,5,최초의대적자(이지),308000000
2026-04-30,challenger_extreme_suu,6,진힐라(하드),106000000
2026-04-30,challenger_extreme_suu,7,듄켈(하드),94400000
2026-04-30,challenger_extreme_suu,8,윌(하드),77100000
2026-04-30,challenger_extreme_suu,9,가디언엔젤슬라임(카오스),75100000
2026-04-30,challenger_extreme_suu,10,더스크(카오스),69800000
2026-04-30,challenger_extreme_suu,11,루시드(하드),62900000
2026-04-30,challenger_extreme_suu,12,데미안(하드),48900000
2026-05-07,challenger_extreme_suu,1,스우(익스트림),574000000
2026-05-07,challenger_extreme_suu,2,감시자칼로스(노멀),505000000
2026-05-07,challenger_extreme_suu,3,카링(이지),377000000
2026-05-07,challenger_extreme_suu,4,선택받은세렌(하드),356000000
2026-05-07,challenger_extreme_suu,5,최초의대적자(이지),308000000
2026-05-07,challenger_extreme_suu,6,진힐라(하드),106000000
2026-05-07,challenger_extreme_suu,7,듄켈(하드),94400000
2026-05-07,challenger_extreme_suu,8,윌(하드),77100000
2026-05-07,challenger_extreme_suu,9,가디언엔젤슬라임(카오스),75100000
2026-05-07,challenger_extreme_suu,10,더스크(카오스),69800000
2026-05-07,challenger_extreme_suu,11,루시드(하드),62900000
2026-05-07,challenger_extreme_suu,12,데미안(하드),48900000
2026-05-14,challenger_extreme_suu,1,스우(익스트림),574000000
2026-05-14,challenger_extreme_suu,2,감시자칼로스(노멀),505000000
2026-05-14,challenger_extreme_suu,3,카링(이지),377000000
2026-05-14,challenger_extreme_suu,4,선택받은세렌(하드),356000000
2026-05-14,challenger_extreme_suu,5,최초의대적자(이지),308000000
2026-05-14,challenger_extreme_suu,6,진힐라(하드),106000000
2026-05-14,challenger_extreme_suu,7,듄켈(하드),94400000
2026-05-14,challenger_extreme_suu,8,윌(하드),77100000
2026-05-14,challenger_extreme_suu,9,가디언엔젤슬라임(카오스),75100000
2026-05-14,challenger_extreme_suu,10,더스크(카오스),69800000
2026-05-14,challenger_extreme_suu,11,루시드(하드),62900000
2026-05-14,challenger_extreme_suu,12,데미안(하드),48900000
2026-05-21,challenger_extreme_suu,1,스우(익스트림),574000000
2026-05-21,challenger_extreme_suu,2,감시자칼로스(노멀),505000000
2026-05-21,challenger_extreme_suu,3,카링(이지),377000000
2026-05-21,challenger_extreme_suu,4,선택받은세렌(하드),356000000
2026-05-21,challenger_extreme_suu,5,최초의대적자(이지),308000000
2026-05-21,challenger_extreme_suu,6,진힐라(하드),106000000
2026-05-21,challenger_extreme_suu,7,듄켈(하드),94400000
2026-05-21,challenger_extreme_suu,8,윌(하드),77100000
2026-05-21,challenger_extreme_suu,9,가디언엔젤슬라임(카오스),75100000
2026-05-21,challenger_extreme_suu,10,더스크(카오스),69800000
2026-05-21,challenger_extreme_suu,11,루시드(하드),62900000
2026-05-21,challenger_extreme_suu,12,데미안(하드),48900000
2026-05-28,challenger_extreme_suu,1,스우(익스트림),574000000
2026-05-28,challenger_extreme_suu,2,감시자칼로스(노멀),505000000
2026-05-28,challenger_extreme_suu,3,카링(이지),377000000
2026-05-28,challenger_extreme_suu,4,선택받은세렌(하드),356000000
2026-05-28,challenger_extreme_suu,5,최초의대적자(이지),308000000
2026-05-28,challenger_extreme_suu,6,진힐라(하드),106000000
2026-05-28,challenger_extreme_suu,7,듄켈(하드),94400000
2026-05-28,challenger_extreme_suu,8,윌(하드),77100000
2026-05-28,challenger_extreme_suu,9,가디언엔젤슬라임(카오스),75100000
2026-05-28,challenger_extreme_suu,10,더스크(카오스),69800000
2026-05-28,challenger_extreme_suu,11,루시드(하드),62900000
2026-05-28,challenger_extreme_suu,12,데미안(하드),48900000
2026-06-04,challenger_extreme_suu,1,스우(익스트림),574000000
2026-06-04,challenger_extreme_suu,2,감시자칼로스(노멀),505000000
2026-06-04,challenger_extreme_suu,3,카링(이지),377000000
2026-06-04,challenger_extreme_suu,4,선택받은세렌(하드),356000000
2026-06-04,challenger_extreme_suu,5,최초의대적자(이지),308000000
2026-06-04,challenger_extreme_suu,6,진힐라(하드),106000000
2026-06-04,challenger_extreme_suu,7,듄켈(하드),94400000
2026-06-04,challenger_extreme_suu,8,윌(하드),77100000
2026-06-04,challenger_extreme_suu,9,가디언엔젤슬라임(카오스),75100000
2026-06-04,challenger_extreme_suu,10,더스크(카오스),69800000
2026-06-04,challenger_extreme_suu,11,루시드(하드),62900000
2026-06-04,challenger_extreme_suu,12,데미안(하드),48900000
2026-06-11,challenger_extreme_suu,1,스우(익스트림),574000000
2026-06-11,challenger_extreme_suu,2,감시자칼로스(노멀),505000000
2026-06-11,challenger_extreme_suu,3,카링(이지),377000000
2026-06-11,challenger_extreme_suu,4,선택받은세렌(하드),356000000
2026-06-11,challenger_extreme_suu,5,최초의대적자(이지),308000000
2026-06-11,challenger_extreme_suu,6,진힐라(하드),106000000
2026-06-11,challenger_extreme_suu,7,듄켈(하드),94400000
2026-06-11,challenger_extreme_suu,8,윌(하드),77100000
2026-06-11,challenger_extreme_suu,9,가디언엔젤슬라임(카오스),75100000
2026-06-11,challenger_extreme_suu,10,더스크(카오스),69800000
2026-06-11,challenger_extreme_suu,11,루시드(하드),62900000
2026-06-11,challenger_extreme_suu,12,데미안(하드),48900000
2026-06-18,challenger_extreme_suu,1,스우(익스트림),574000000
2026-06-18,challenger_extreme_suu,2,감시자칼로스(노멀),505000000
2026-06-18,challenger_extreme_suu,3,카링(이지),377000000
2026-06-18,challenger_extreme_suu,4,선택받은세렌(하드),356000000
2026-06-18,challenger_extreme_suu,5,최초의대적자(이지),308000000
2026-06-18,challenger_extreme_suu,6,진힐라(하드),106000000
2026-06-18,challenger_extreme_suu,7,듄켈(하드),94400000
2026-06-18,challenger_extreme_suu,8,윌(하드),77100000
2026-06-18,challenger_extreme_suu,9,가디언엔젤슬라임(카오스),75100000
2026-06-18,challenger_extreme_suu,10,더스크(카오스),69800000
2026-06-18,challenger_extreme_suu,11,루시드(하드),62900000
2026-06-18,challenger_extreme_suu,12,데미안(하드),48900000
2026-06-25,challenger_extreme_suu,1,스우(익스트림),574000000
2026-06-25,challenger_extreme_suu,2,감시자칼로스(노멀),505000000
2026-06-25,challenger_extreme_suu,3,카링(이지),377000000
2026-06-25,challenger_extreme_suu,4,선택받은세렌(하드),356000000
2026-06-25,challenger_extreme_suu,5,최초의대적자(이지),308000000
2026-06-25,challenger_extreme_suu,6,진힐라(하드),106000000
2026-06-25,challenger_extreme_suu,7,듄켈(하드),94400000
2026-06-25,challenger_extreme_suu,8,윌(하드),77100000
2026-06-25,challenger_extreme_suu,9,가디언엔젤슬라임(카오스),75100000
2026-06-25,challenger_extreme_suu,10,더스크(카오스),69800000
2026-06-25,challenger_extreme_suu,11,루시드(하드),62900000
2026-06-25,challenger_extreme_suu,12,데미안(하드),48900000
2026-07-02,challenger_extreme_suu,1,스우(익스트림),574000000
2026-07-02,challenger_extreme_suu,2,감시자칼로스(노멀),505000000
2026-07-02,challenger_extreme_suu,3,카링(이지),377000000
2026-07-02,challenger_extreme_suu,4,선택받은세렌(하드),356000000
2026-07-02,challenger_extreme_suu,5,최초의대적자(이지),308000000
2026-07-02,challenger_extreme_suu,6,진힐라(하드),106000000
2026-07-02,challenger_extreme_suu,7,듄켈(하드),94400000
2026-07-02,challenger_extreme_suu,8,윌(하드),77100000
2026-07-02,challenger_extreme_suu,9,가디언엔젤슬라임(카오스),75100000
2026-07-02,challenger_extreme_suu,10,더스크(카오스),69800000
2026-07-02,challenger_extreme_suu,11,루시드(하드),62900000
2026-07-02,challenger_extreme_suu,12,데미안(하드),48900000
2026-07-09,challenger_extreme_suu,1,스우(익스트림),574000000
2026-07-09,challenger_extreme_suu,2,감시자칼로스(노멀),505000000
2026-07-09,challenger_extreme_suu,3,카링(이지),377000000
2026-07-09,challenger_extreme_suu,4,선택받은세렌(하드),356000000
2026-07-09,challenger_extreme_suu,5,최초의대적자(이지),308000000
2026-07-09,challenger_extreme_suu,6,진힐라(하드),106000000
2026-07-09,challenger_extreme_suu,7,듄켈(하드),94400000
2026-07-09,challenger_extreme_suu,8,윌(하드),77100000
2026-07-09,challenger_extreme_suu,9,가디언엔젤슬라임(카오스),75100000
2026-07-09,challenger_extreme_suu,10,더스크(카오스),69800000
2026-07-09,challenger_extreme_suu,11,루시드(하드),62900000
2026-07-09,challenger_extreme_suu,12,데미안(하드),48900000
2026-07-16,challenger_extreme_suu,1,스우(익스트림),574000000
2026-07-16,challenger_extreme_suu,2,감시자칼로스(노멀),505000000
2026-07-16,challenger_extreme_suu,3,카링(이지),377000000
2026-07-16,challenger_extreme_suu,4,선택받은세렌(하드),356000000
2026-07-16,challenger_extreme_suu,5,최초의대적자(이지),308000000
2026-07-16,challenger_extreme_suu,6,진힐라(하드),106000000
2026-07-16,challenger_extreme_suu,7,듄켈(하드),94400000
2026-07-16,challenger_extreme_suu,8,윌(하드),77100000
2026-07-16,challenger_extreme_suu,9,가디언엔젤슬라임(카오스),75100000
2026-07-16,challenger_extreme_suu,10,더스크(카오스),69800000
2026-07-16,challenger_extreme_suu,11,루시드(하드),62900000
2026-07-16,challenger_extreme_suu,12,데미안(하드),48900000
2026-07-23,challenger_extreme_suu,1,스우(익스트림),574000000
2026-07-23,challenger_extreme_suu,2,감시자칼로스(노멀),505000000
2026-07-23,challenger_extreme_suu,3,카링(이지),377000000
2026-07-23,challenger_extreme_suu,4,선택받은세렌(하드),356000000
2026-07-23,challenger_extreme_suu,5,최초의대적자(이지),308000000
2026-07-23,challenger_extreme_suu,6,진힐라(하드),106000000
2026-07-23,challenger_extreme_suu,7,듄켈(하드),94400000
2026-07-23,challenger_extreme_suu,8,윌(하드),77100000
2026-07-23,challenger_extreme_suu,9,가디언엔젤슬라임(카오스),75100000
2026-07-23,challenger_extreme_suu,10,더스크(카오스),69800000
2026-07-23,challenger_extreme_suu,11,루시드(하드),62900000
2026-07-23,challenger_extreme_suu,12,데미안(하드),48900000
2026-07-30,challenger_extreme_suu,1,스우(익스트림),574000000
2026-07-30,challenger_extreme_suu,2,감시자칼로스(노멀),505000000
2026-07-30,challenger_extreme_suu,3,카링(이지),377000000
2026-07-30,challenger_extreme_suu,4,선택받은세렌(하드),356000000
2026-07-30,challenger_extreme_suu,5,최초의대적자(이지),308000000
2026-07-30,challenger_extreme_suu,6,진힐라(하드),106000000
2026-07-30,challenger_extreme_suu,7,듄켈(하드),94400000
2026-07-30,challenger_extreme_suu,8,윌(하드),77100000
2026-07-30,challenger_extreme_suu,9,가디언엔젤슬라임(카오스),75100000
2026-07-30,challenger_extreme_suu,10,더스크(카오스),69800000
2026-07-30,challenger_extreme_suu,11,루시드(하드),62900000
2026-07-30,challenger_extreme_suu,12,데미안(하드),48900000
2026-08-06,challenger_extreme_suu,1,스우(익스트림),574000000
2026-08-06,challenger_extreme_suu,2,감시자칼로스(노멀),505000000
2026-08-06,challenger_extreme_suu,3,카링(이지),377000000
2026-08-06,challenger_extreme_suu,4,선택받은세렌(하드),356000000
2026-08-06,challenger_extreme_suu,5,최초의대적자(이지),308000000
2026-08-06,challenger_extreme_suu,6,진힐라(하드),106000000
2026-08-06,challenger_extreme_suu,7,듄켈(하드),94400000
2026-08-06,challenger_extreme_suu,8,윌(하드),77100000
2026-08-06,challenger_extreme_suu,9,가디언엔젤슬라임(카오스),75100000
2026-08-06,challenger_extreme_suu,10,더스크(카오스),69800000
2026-08-06,challenger_extreme_suu,11,루시드(하드),62900000
2026-08-06,challenger_extreme_suu,12,데미안(하드),48900000
2026-08-13,challenger_extreme_suu,1,스우(익스트림),574000000
2026-08-13,challenger_extreme_suu,2,감시자칼로스(노멀),505000000
2026-08-13,challenger_extreme_suu,3,카링(이지),377000000
2026-08-13,challenger_extreme_suu,4,선택받은세렌(하드),356000000
2026-08-13,challenger_extreme_suu,5,최초의대적자(이지),308000000
2026-08-13,challenger_extreme_suu,6,진힐라(하드),106000000
2026-08-13,challenger_extreme_suu,7,듄켈(하드),94400000
2026-08-13,challenger_extreme_suu,8,윌(하드),77100000
2026-08-13,challenger_extreme_suu,9,가디언엔젤슬라임(카오스),75100000
2026-08-13,challenger_extreme_suu,10,더스크(카오스),69800000
2026-08-13,challenger_extreme_suu,11,루시드(하드),62900000
2026-08-13,challenger_extreme_suu,12,데미안(하드),48900000
2026-08-20,challenger_extreme_suu,1,스우(익스트림),574000000
2026-08-20,challenger_extreme_suu,2,감시자칼로스(노멀),505000000
2026-08-20,challenger_extreme_suu,3,카링(이지),377000000
2026-08-20,challenger_extreme_suu,4,선택받은세렌(하드),356000000
2026-08-20,challenger_extreme_suu,5,최초의대적자(이지),308000000
2026-08-20,challenger_extreme_suu,6,진힐라(하드),106000000
2026-08-20,challenger_extreme_suu,7,듄켈(하드),94400000
2026-08-20,challenger_extreme_suu,8,윌(하드),77100000
2026-08-20,challenger_extreme_suu,9,가디언엔젤슬라임(카오스),75100000
2026-08-20,challenger_extreme_suu,10,더스크(카오스),69800000
2026-08-20,challenger_extreme_suu,11,루시드(하드),62900000
2026-08-20,challenger_extreme_suu,12,데미안(하드),48900000
2024-08-22,main_extreme_suu,1,스우(익스트림),574000000
2024-08-22,main_extreme_suu,2,감시자칼로스(노멀),505000000
2024-08-22,main_extreme_suu,3,카링(이지),377000000
2024-08-22,main_extreme_suu,4,선택받은세렌(하드),356000000
2024-08-22,main_extreme_suu,5,진힐라(하드),106000000
2024-08-22,main_extreme_suu,6,듄켈(하드),94400000
2024-08-22,main_extreme_suu,7,윌(하드),77100000
2024-08-22,main_extreme_suu,8,가디언엔젤슬라임(카오스),75100000
2024-08-22,main_extreme_suu,9,더스크(카오스),69800000
2024-08-22,main_extreme_suu,10,루시드(하드),62900000
2024-08-22,main_extreme_suu,11,데미안(하드),48900000
2024-08-22,main_extreme_suu,12,파풀라투스(카오스),13100000
2024-08-29,main_extreme_suu,1,스우(익스트림),574000000
2024-08-29,main_extreme_suu,2,감시자칼로스(노멀),505000000
2024-08-29,main_extreme_suu,3,카링(이지),377000000
2024-08-29,main_extreme_suu,4,선택받은세렌(하드),356000000
2024-08-29,main_extreme_suu,5,진힐라(하드),106000000
2024-08-29,main_extreme_suu,6,듄켈(하드),94400000
2024-08-29,main_extreme_suu,7,윌(하드),77100000
2024-08-29,main_extreme_suu,8,가디언엔젤슬라임(카오스),75100000
2024-08-29,main_extreme_suu,9,더스크(카오스),69800000
2024-08-29,main_extreme_suu,10,루시드(하드),62900000
2024-08-29,main_extreme_suu,11,데미안(하드),48900000
2024-08-29,main_extreme_suu,12,파풀라투스(카오스),13100000
2024-09-05,main_extreme_suu,1,스우(익스트림),574000000
2024-09-05,main_extreme_suu,2,감시자칼로스(노멀),505000000
2024-09-05,main_extreme_suu,3,카링(이지),377000000
2024-09-05,main_extreme_suu,4,선택받은세렌(하드),356000000
2024-09-05,main_extreme_suu,5,진힐라(하드),106000000
2024-09-05,main_extreme_suu,6,듄켈(하드),94400000
2024-09-05,main_extreme_suu,7,윌(하드),77100000
2024-09-05,main_extreme_suu,8,가디언엔젤슬라임(카오스),75100000
2024-09-05,main_extreme_suu,9,더스크(카오스),69800000
2024-09-05,main_extreme_suu,10,루시드(하드),62900000
2024-09-05,main_extreme_suu,11,데미안(하드),48900000
2024-09-05,main_extreme_suu,12,파풀라투스(카오스),13100000
2024-09-12,main_extreme_suu,1,스우(익스트림),574000000
2024-09-12,main_extreme_suu,2,감시자칼로스(노멀),505000000
2024-09-12,main_extreme_suu,3,카링(이지),377000000
2024-09-12,main_extreme_suu,4,선택받은세렌(하드),356000000
2024-09-12,main_extreme_suu,5,진힐라(하드),106000000
2024-09-12,main_extreme_suu,6,듄켈(하드),94400000
2024-09-12,main_extreme_suu,7,윌(하드),77100000
2024-09-12,main_extreme_suu,8,가디언엔젤슬라임(카오스),75100000
2024-09-12,main_extreme_suu,9,더스크(카오스),69800000
2024-09-12,main_extreme_suu,10,루시드(하드),62900000
2024-09-12,main_extreme_suu,11,데미안(하드),48900000
2024-09-12,main_extreme_suu,12,파풀라투스(카오스),13100000
2024-09-19,main_extreme_suu,1,스우(익스트림),574000000
2024-09-19,main_extreme_suu,2,감시자칼로스(노멀),505000000
2024-09-19,main_extreme_suu,3,카링(이지),377000000
2024-09-19,main_extreme_suu,4,선택받은세렌(하드),356000000
2024-09-19,main_extreme_suu,5,진힐라(하드),106000000
2024-09-19,main_extreme_suu,6,듄켈(하드),94400000
2024-09-19,main_extreme_suu,7,윌(하드),77100000
2024-09-19,main_extreme_suu,8,가디언엔젤슬라임(카오스),75100000
2024-09-19,main_extreme_suu,9,더스크(카오스),69800000
2024-09-19,main_extreme_suu,10,루시드(하드),62900000
2024-09-19,main_extreme_suu,11,데미안(하드),48900000
2024-09-19,main_extreme_suu,12,파풀라투스(카오스),13100000
2024-09-26,main_extreme_suu,1,스우(익스트림),574000000
2024-09-26,main_extreme_suu,2,감시자칼로스(노멀),505000000
2024-09-26,main_extreme_suu,3,카링(이지),377000000
2024-09-26,main_extreme_suu,4,선택받은세렌(하드),356000000
2024-09-26,main_extreme_suu,5,진힐라(하드),106000000
2024-09-26,main_extreme_suu,6,듄켈(하드),94400000
2024-09-26,main_extreme_suu,7,윌(하드),77100000
2024-09-26,main_extreme_suu,8,가디언엔젤슬라임(카오스),75100000
2024-09-26,main_extreme_suu,9,더스크(카오스),69800000
2024-09-26,main_extreme_suu,10,루시드(하드),62900000
2024-09-26,main_extreme_suu,11,데미안(하드),48900000
2024-09-26,main_extreme_suu,12,파풀라투스(카오스),13100000
2024-10-03,main_extreme_suu,1,스우(익스트림),574000000
2024-10-03,main_extreme_suu,2,감시자칼로스(노멀),505000000
2024-10-03,main_extreme_suu,3,카링(이지),377000000
2024-10-03,main_extreme_suu,4,선택받은세렌(하드),356000000
2024-10-03,main_extreme_suu,5,진힐라(하드),106000000
2024-10-03,main_extreme_suu,6,듄켈(하드),94400000
2024-10-03,main_extreme_suu,7,윌(하드),77100000
2024-10-03,main_extreme_suu,8,가디언엔젤슬라임(카오스),75100000
2024-10-03,main_extreme_suu,9,더스크(카오스),69800000
2024-10-03,main_extreme_suu,10,루시드(하드),62900000
2024-10-03,main_extreme_suu,11,데미안(하드),48900000
2024-10-03,main_extreme_suu,12,파풀라투스(카오스),13100000
2024-10-10,main_extreme_suu,1,스우(익스트림),574000000
2024-10-10,main_extreme_suu,2,감시자칼로스(노멀),505000000
2024-10-10,main_extreme_suu,3,카링(이지),377000000
2024-10-10,main_extreme_suu,4,선택받은세렌(하드),356000000
2024-10-10,main_extreme_suu,5,진힐라(하드),106000000
2024-10-10,main_extreme_suu,6,듄켈(하드),94400000
2024-10-10,main_extreme_suu,7,윌(하드),77100000
2024-10-10,main_extreme_suu,8,가디언엔젤슬라임(카오스),75100000
2024-10-10,main_extreme_suu,9,더스크(카오스),69800000
2024-10-10,main_extreme_suu,10,루시드(하드),62900000
2024-10-10,main_extreme_suu,11,데미안(하드),48900000
2024-10-10,main_extreme_suu,12,파풀라투스(카오스),13100000
2024-10-17,main_extreme_suu,1,스우(익스트림),574000000
2024-10-17,main_extreme_suu,2,감시자칼로스(노멀),505000000
2024-10-17,main_extreme_suu,3,카링(이지),377000000
2024-10-17,main_extreme_suu,4,선택받은세렌(하드),356000000
2024-10-17,main_extreme_suu,5,진힐라(하드),106000000
2024-10-17,main_extreme_suu,6,듄켈(하드),94400000
2024-10-17,main_extreme_suu,7,윌(하드),77100000
2024-10-17,main_extreme_suu,8,가디언엔젤슬라임(카오스),75100000
2024-10-17,main_extreme_suu,9,더스크(카오스),69800000
2024-10-17,main_extreme_suu,10,루시드(하드),62900000
2024-10-17,main_extreme_suu,11,데미안(하드),48900000
2024-10-17,main_extreme_suu,12,파풀라투스(카오스),13100000
2024-10-24,main_extreme_suu,1,스우(익스트림),574000000
2024-10-24,main_extreme_suu,2,감시자칼로스(노멀),505000000
2024-10-24,main_extreme_suu,3,카링(이지),377000000
2024-10-24,main_extreme_suu,4,선택받은세렌(하드),356000000
2024-10-24,main_extreme_suu,5,진힐라(하드),106000000
2024-10-24,main_extreme_suu,6,듄켈(하드),94400000
2024-10-24,main_extreme_suu,7,윌(하드),77100000
2024-10-24,main_extreme_suu,8,가디언엔젤슬라임(카오스),75100000
2024-10-24,main_extreme_suu,9,더스크(카오스),69800000
2024-10-24,main_extreme_suu,10,루시드(하드),62900000
2024-10-24,main_extreme_suu,11,데미안(하드),48900000
2024-10-24,main_extreme_suu,12,파풀라투스(카오스),13100000
2024-10-31,main_extreme_suu,1,스우(익스트림),574000000
2024-10-31,main_extreme_suu,2,감시자칼로스(노멀),505000000
2024-10-31,main_extreme_suu,3,카링(이지),377000000
2024-10-31,main_extreme_suu,4,선택받은세렌(하드),356000000
2024-10-31,main_extreme_suu,5,진힐라(하드),106000000
2024-10-31,main_extreme_suu,6,듄켈(하드),94400000
2024-10-31,main_extreme_suu,7,윌(하드),77100000
2024-10-31,main_extreme_suu,8,가디언엔젤슬라임(카오스),75100000
2024-10-31,main_extreme_suu,9,더스크(카오스),69800000
2024-10-31,main_extreme_suu,10,루시드(하드),62900000
2024-10-31,main_extreme_suu,11,데미안(하드),48900000
2024-10-31,main_extreme_suu,12,파풀라투스(카오스),13100000
2024-11-07,main_extreme_suu,1,스우(익스트림),574000000
2024-11-07,main_extreme_suu,2,감시자칼로스(노멀),505000000
2024-11-07,main_extreme_suu,3,카링(이지),377000000
2024-11-07,main_extreme_suu,4,선택받은세렌(하드),356000000
2024-11-07,main_extreme_suu,5,진힐라(하드),106000000
2024-11-07,main_extreme_suu,6,듄켈(하드),94400000
2024-11-07,main_extreme_suu,7,윌(하드),77100000
2024-11-07,main_extreme_suu,8,가디언엔젤슬라임(카오스),75100000
2024-11-07,main_extreme_suu,9,더스크(카오스),69800000
2024-11-07,main_extreme_suu,10,루시드(하드),62900000
2024-11-07,main_extreme_suu,11,데미안(하드),48900000
2024-11-07,main_extreme_suu,12,파풀라투스(카오스),13100000
2024-11-14,main_extreme_suu,1,스우(익스트림),574000000
2024-11-14,main_extreme_suu,2,감시자칼로스(노멀),505000000
2024-11-14,main_extreme_suu,3,카링(이지),377000000
2024-11-14,main_extreme_suu,4,선택받은세렌(하드),356000000
2024-11-14,main_extreme_suu,5,진힐라(하드),106000000
2024-11-14,main_extreme_suu,6,듄켈(하드),94400000
2024-11-14,main_extreme_suu,7,윌(하드),77100000
2024-11-14,main_extreme_suu,8,가디언엔젤슬라임(카오스),75100000
2024-11-14,main_extreme_suu,9,더스크(카오스),69800000
2024-11-14,main_extreme_suu,10,루시드(하드),62900000
2024-11-14,main_extreme_suu,11,데미안(하드),48900000
2024-11-14,main_extreme_suu,12,파풀라투스(카오스),13100000
2024-11-21,main_extreme_suu,1,스우(익스트림),574000000
2024-11-21,main_extreme_suu,2,감시자칼로스(노멀),505000000
2024-11-21,main_extreme_suu,3,카링(이지),377000000
2024-11-21,main_extreme_suu,4,선택받은세렌(하드),356000000
2024-11-21,main_extreme_suu,5,진힐라(하드),106000000
2024-11-21,main_extreme_suu,6,듄켈(하드),94400000
2024-11-21,main_extreme_suu,7,윌(하드),77100000
2024-11-21,main_extreme_suu,8,가디언엔젤슬라임(카오스),75100000
2024-11-21,main_extreme_suu,9,더스크(카오스),69800000
2024-11-21,main_extreme_suu,10,루시드(하드),62900000
2024-11-21,main_extreme_suu,11,데미안(하드),48900000
2024-11-21,main_extreme_suu,12,파풀라투스(카오스),13100000
2024-11-28,main_extreme_suu,1,스우(익스트림),574000000
2024-11-28,main_extreme_suu,2,감시자칼로스(노멀),505000000
2024-11-28,main_extreme_suu,3,카링(이지),377000000
2024-11-28,main_extreme_suu,4,선택받은세렌(하드),356000000
2024-11-28,main_extreme_suu,5,진힐라(하드),106000000
2024-11-28,main_extreme_suu,6,듄켈(하드),94400000
2024-11-28,main_extreme_suu,7,윌(하드),77100000
2024-11-28,main_extreme_suu,8,가디언엔젤슬라임(카오스),75100000
2024-11-28,main_extreme_suu,9,더스크(카오스),69800000
2024-11-28,main_extreme_suu,10,루시드(하드),62900000
2024-11-28,main_extreme_suu,11,데미안(하드),48900000
2024-11-28,main_extreme_suu,12,파풀라투스(카오스),13100000
2024-12-05,main_extreme_suu,1,스우(익스트림),574000000
2024-12-05,main_extreme_suu,2,감시자칼로스(노멀),505000000
2024-12-05,main_extreme_suu,3,카링(이지),377000000
2024-12-05,main_extreme_suu,4,선택받은세렌(하드),356000000
2024-12-05,main_extreme_suu,5,진힐라(하드),106000000
2024-12-05,main_extreme_suu,6,듄켈(하드),94400000
2024-12-05,main_extreme_suu,7,윌(하드),77100000
2024-12-05,main_extreme_suu,8,가디언엔젤슬라임(카오스),75100000
2024-12-05,main_extreme_suu,9,더스크(카오스),69800000
2024-12-05,main_extreme_suu,10,루시드(하드),62900000
2024-12-05,main_extreme_suu,11,데미안(하드),48900000
2024-12-05,main_extreme_suu,12,파풀라투스(카오스),13100000
2024-12-12,main_extreme_suu,1,스우(익스트림),574000000
2024-12-12,main_extreme_suu,2,감시자칼로스(노멀),505000000
2024-12-12,main_extreme_suu,3,카링(이지),377000000
2024-12-12,main_extreme_suu,4,선택받은세렌(하드),356000000
2024-12-12,main_extreme_suu,5,진힐라(하드),106000000
2024-12-12,main_extreme_suu,6,듄켈(하드),94400000
2024-12-12,main_extreme_suu,7,윌(하드),77100000
2024-12-12,main_extreme_suu,8,가디언엔젤슬라임(카오스),75100000
2024-12-12,main_extreme_suu,9,더스크(카오스),69800000
2024-12-12,main_extreme_suu,10,루시드(하드),62900000
2024-12-12,main_extreme_suu,11,데미안(하드),48900000
2024-12-12,main_extreme_suu,12,파풀라투스(카오스),13100000
2024-12-19,main_extreme_suu,1,스우(익스트림),574000000
2024-12-19,main_extreme_suu,2,감시자칼로스(노멀),505000000
2024-12-19,main_extreme_suu,3,카링(이지),377000000
2024-12-19,main_extreme_suu,4,선택받은세렌(하드),356000000
2024-12-19,main_extreme_suu,5,진힐라(하드),106000000
2024-12-19,main_extreme_suu,6,듄켈(하드),94400000
2024-12-19,main_extreme_suu,7,윌(하드),77100000
2024-12-19,main_extreme_suu,8,가디언엔젤슬라임(카오스),75100000
2024-12-19,main_extreme_suu,9,더스크(카오스),69800000
2024-12-19,main_extreme_suu,10,루시드(하드),62900000
2024-12-19,main_extreme_suu,11,데미안(하드),48900000
2024-12-19,main_extreme_suu,12,파풀라투스(카오스),13100000
2024-12-26,main_extreme_suu,1,스우(익스트림),574000000
2024-12-26,main_extreme_suu,2,감시자칼로스(노멀),505000000
2024-12-26,main_extreme_suu,3,카링(이지),377000000
2024-12-26,main_extreme_suu,4,선택받은세렌(하드),356000000
2024-12-26,main_extreme_suu,5,진힐라(하드),106000000
2024-12-26,main_extreme_suu,6,듄켈(하드),94400000
2024-12-26,main_extreme_suu,7,윌(하드),77100000
2024-12-26,main_extreme_suu,8,가디언엔젤슬라임(카오스),75100000
2024-12-26,main_extreme_suu,9,더스크(카오스),69800000
2024-12-26,main_extreme_suu,10,루시드(하드),62900000
2024-12-26,main_extreme_suu,11,데미안(하드),48900000
2024-12-26,main_extreme_suu,12,파풀라투스(카오스),13100000
2025-01-02,main_extreme_suu,1,스우(익스트림),574000000
2025-01-02,main_extreme_suu,2,감시자칼로스(노멀),505000000
2025-01-02,main_extreme_suu,3,카링(이지),377000000
2025-01-02,main_extreme_suu,4,선택받은세렌(하드),356000000
2025-01-02,main_extreme_suu,5,진힐라(하드),106000000
2025-01-02,main_extreme_suu,6,듄켈(하드),94400000
2025-01-02,main_extreme_suu,7,윌(하드),77100000
2025-01-02,main_extreme_suu,8,가디언엔젤슬라임(카오스),75100000
2025-01-02,main_extreme_suu,9,더스크(카오스),69800000
2025-01-02,main_extreme_suu,10,루시드(하드),62900000
2025-01-02,main_extreme_suu,11,데미안(하드),48900000
2025-01-02,main_extreme_suu,12,파풀라투스(카오스),13100000
2025-01-09,main_extreme_suu,1,스우(익스트림),574000000
2025-01-09,main_extreme_suu,2,감시자칼로스(노멀),505000000
2025-01-09,main_extreme_suu,3,카링(이지),377000000
2025-01-09,main_extreme_suu,4,선택받은세렌(하드),356000000
2025-01-09,main_extreme_suu,5,진힐라(하드),106000000
2025-01-09,main_extreme_suu,6,듄켈(하드),94400000
2025-01-09,main_extreme_suu,7,윌(하드),77100000
2025-01-09,main_extreme_suu,8,가디언엔젤슬라임(카오스),75100000
2025-01-09,main_extreme_suu,9,더스크(카오스),69800000
2025-01-09,main_extreme_suu,10,루시드(하드),62900000
2025-01-09,main_extreme_suu,11,데미안(하드),48900000
2025-01-09,main_extreme_suu,12,파풀라투스(카오스),13100000
2025-01-16,main_extreme_suu,1,스우(익스트림),574000000
2025-01-16,main_extreme_suu,2,감시자칼로스(노멀),505000000
2025-01-16,main_extreme_suu,3,카링(이지),377000000
2025-01-16,main_extreme_suu,4,선택받은세렌(하드),356000000
2025-01-16,main_extreme_suu,5,진힐라(하드),106000000
2025-01-16,main_extreme_suu,6,듄켈(하드),94400000
2025-01-16,main_extreme_suu,7,윌(하드),77100000
2025-01-16,main_extreme_suu,8,가디언엔젤슬라임(카오스),75100000
2025-01-16,main_extreme_suu,9,더스크(카오스),69800000
2025-01-16,main_extreme_suu,10,루시드(하드),62900000
2025-01-16,main_extreme_suu,11,데미안(하드),48900000
2025-01-16,main_extreme_suu,12,파풀라투스(카오스),13100000
2025-01-23,main_extreme_suu,1,스우(익스트림),574000000
2025-01-23,main_extreme_suu,2,감시자칼로스(노멀),505000000
2025-01-23,main_extreme_suu,3,카링(이지),377000000
2025-01-23,main_extreme_suu,4,선택받은세렌(하드),356000000
2025-01-23,main_extreme_suu,5,진힐라(하드),106000000
2025-01-23,main_extreme_suu,6,듄켈(하드),94400000
2025-01-23,main_extreme_suu,7,윌(하드),77100000
2025-01-23,main_extreme_suu,8,가디언엔젤슬라임(카오스),75100000
2025-01-23,main_extreme_suu,9,더스크(카오스),69800000
2025-01-23,main_extreme_suu,10,루시드(하드),62900000
2025-01-23,main_extreme_suu,11,데미안(하드),48900000
2025-01-23,main_extreme_suu,12,파풀라투스(카오스),13100000
2025-01-30,main_extreme_suu,1,스우(익스트림),574000000
2025-01-30,main_extreme_suu,2,감시자칼로스(노멀),505000000
2025-01-30,main_extreme_suu,3,카링(이지),377000000
2025-01-30,main_extreme_suu,4,선택받은세렌(하드),356000000
2025-01-30,main_extreme_suu,5,진힐라(하드),106000000
2025-01-30,main_extreme_suu,6,듄켈(하드),94400000
2025-01-30,main_extreme_suu,7,윌(하드),77100000
2025-01-30,main_extreme_suu,8,가디언엔젤슬라임(카오스),75100000
2025-01-30,main_extreme_suu,9,더스크(카오스),69800000
2025-01-30,main_extreme_suu,10,루시드(하드),62900000
2025-01-30,main_extreme_suu,11,데미안(하드),48900000
2025-01-30,main_extreme_suu,12,파풀라투스(카오스),13100000
2025-02-06,main_extreme_suu,1,스우(익스트림),574000000
2025-02-06,main_extreme_suu,2,감시자칼로스(노멀),505000000
2025-02-06,main_extreme_suu,3,카링(이지),377000000
2025-02-06,main_extreme_suu,4,선택받은세렌(하드),356000000
2025-02-06,main_extreme_suu,5,진힐라(하드),106000000
2025-02-06,main_extreme_suu,6,듄켈(하드),94400000
2025-02-06,main_extreme_suu,7,윌(하드),77100000
2025-02-06,main_extreme_suu,8,가디언엔젤슬라임(카오스),75100000
2025-02-06,main_extreme_suu,9,더스크(카오스),69800000
2025-02-06,main_extreme_suu,10,루시드(하드),62900000
2025-02-06,main_extreme_suu,11,데미안(하드),48900000
2025-02-06,main_extreme_suu,12,파풀라투스(카오스),13100000
2025-02-13,main_extreme_suu,1,스우(익스트림),574000000
2025-02-13,main_extreme_suu,2,감시자칼로스(노멀),505000000
2025-02-13,main_extreme_suu,3,카링(이지),377000000
2025-02-13,main_extreme_suu,4,선택받은세렌(하드),356000000
2025-02-13,main_extreme_suu,5,진힐라(하드),106000000
2025-02-13,main_extreme_suu,6,듄켈(하드),94400000
2025-02-13,main_extreme_suu,7,윌(하드),77100000
2025-02-13,main_extreme_suu,8,가디언엔젤슬라임(카오스),75100000
2025-02-13,main_extreme_suu,9,더스크(카오스),69800000
2025-02-13,main_extreme_suu,10,루시드(하드),62900000
2025-02-13,main_extreme_suu,11,데미안(하드),48900000
2025-02-13,main_extreme_suu,12,파풀라투스(카오스),13100000
2025-02-20,main_extreme_suu,1,스우(익스트림),574000000
2025-02-20,main_extreme_suu,2,감시자칼로스(노멀),505000000
2025-02-20,main_extreme_suu,3,카링(이지),377000000
2025-02-20,main_extreme_suu,4,선택받은세렌(하드),356000000
2025-02-20,main_extreme_suu,5,진힐라(하드),106000000
2025-02-20,main_extreme_suu,6,듄켈(하드),94400000
2025-02-20,main_extreme_suu,7,윌(하드),77100000
2025-02-20,main_extreme_suu,8,가디언엔젤슬라임(카오스),75100000
2025-02-20,main_extreme_suu,9,더스크(카오스),69800000
2025-02-20,main_extreme_suu,10,루시드(하드),62900000
2025-02-20,main_extreme_suu,11,데미안(하드),48900000
2025-02-20,main_extreme_suu,12,파풀라투스(카오스),13100000
2025-02-27,main_extreme_suu,1,스우(익스트림),574000000
2025-02-27,main_extreme_suu,2,감시자칼로스(노멀),505000000
2025-02-27,main_extreme_suu,3,카링(이지),377000000
2025-02-27,main_extreme_suu,4,선택받은세렌(하드),356000000
2025-02-27,main_extreme_suu,5,진힐라(하드),106000000
2025-02-27,main_extreme_suu,6,듄켈(하드),94400000
2025-02-27,main_extreme_suu,7,윌(하드),77100000
2025-02-27,main_extreme_suu,8,가디언엔젤슬라임(카오스),75100000
2025-02-27,main_extreme_suu,9,더스크(카오스),69800000
2025-02-27,main_extreme_suu,10,루시드(하드),62900000
2025-02-27,main_extreme_suu,11,데미안(하드),48900000
2025-02-27,main_extreme_suu,12,파풀라투스(카오스),13100000
2025-03-06,main_extreme_suu,1,스우(익스트림),574000000
2025-03-06,main_extreme_suu,2,감시자칼로스(노멀),505000000
2025-03-06,main_extreme_suu,3,카링(이지),377000000
2025-03-06,main_extreme_suu,4,선택받은세렌(하드),356000000
2025-03-06,main_extreme_suu,5,진힐라(하드),106000000
2025-03-06,main_extreme_suu,6,듄켈(하드),94400000
2025-03-06,main_extreme_suu,7,윌(하드),77100000
2025-03-06,main_extreme_suu,8,가디언엔젤슬라임(카오스),75100000
2025-03-06,main_extreme_suu,9,더스크(카오스),69800000
2025-03-06,main_extreme_suu,10,루시드(하드),62900000
2025-03-06,main_extreme_suu,11,데미안(하드),48900000
2025-03-06,main_extreme_suu,12,파풀라투스(카오스),13100000
2025-03-13,main_extreme_suu,1,스우(익스트림),574000000
2025-03-13,main_extreme_suu,2,감시자칼로스(노멀),505000000
2025-03-13,main_extreme_suu,3,카링(이지),377000000
2025-03-13,main_extreme_suu,4,선택받은세렌(하드),356000000
2025-03-13,main_extreme_suu,5,진힐라(하드),106000000
2025-03-13,main_extreme_suu,6,듄켈(하드),94400000
2025-03-13,main_extreme_suu,7,윌(하드),77100000
2025-03-13,main_extreme_suu,8,가디언엔젤슬라임(카오스),75100000
2025-03-13,main_extreme_suu,9,더스크(카오스),69800000
2025-03-13,main_extreme_suu,10,루시드(하드),62900000
2025-03-13,main_extreme_suu,11,데미안(하드),48900000
2025-03-13,main_extreme_suu,12,파풀라투스(카오스),13100000
2025-03-20,main_extreme_suu,1,스우(익스트림),574000000
2025-03-20,main_extreme_suu,2,감시자칼로스(노멀),505000000
2025-03-20,main_extreme_suu,3,카링(이지),377000000
2025-03-20,main_extreme_suu,4,선택받은세렌(하드),356000000
2025-03-20,main_extreme_suu,5,진힐라(하드),106000000
2025-03-20,main_extreme_suu,6,듄켈(하드),94400000
2025-03-20,main_extreme_suu,7,윌(하드),77100000
2025-03-20,main_extreme_suu,8,가디언엔젤슬라임(카오스),75100000
2025-03-20,main_extreme_suu,9,더스크(카오스),69800000
2025-03-20,main_extreme_suu,10,루시드(하드),62900000
2025-03-20,main_extreme_suu,11,데미안(하드),48900000
2025-03-20,main_extreme_suu,12,파풀라투스(카오스),13100000
2025-03-27,main_extreme_suu,1,스우(익스트림),574000000
2025-03-27,main_extreme_suu,2,감시자칼로스(노멀),505000000
2025-03-27,main_extreme_suu,3,카링(이지),377000000
2025-03-27,main_extreme_suu,4,선택받은세렌(하드),356000000
2025-03-27,main_extreme_suu,5,진힐라(하드),106000000
2025-03-27,main_extreme_suu,6,듄켈(하드),94400000
2025-03-27,main_extreme_suu,7,윌(하드),77100000
2025-03-27,main_extreme_suu,8,가디언엔젤슬라임(카오스),75100000
2025-03-27,main_extreme_suu,9,더스크(카오스),69800000
2025-03-27,main_extreme_suu,10,루시드(하드),62900000
2025-03-27,main_extreme_suu,11,데미안(하드),48900000
2025-03-27,main_extreme_suu,12,파풀라투스(카오스),13100000
2025-04-03,main_extreme_suu,1,스우(익스트림),574000000
2025-04-03,main_extreme_suu,2,감시자칼로스(노멀),505000000
2025-04-03,main_extreme_suu,3,카링(이지),377000000
2025-04-03,main_extreme_suu,4,선택받은세렌(하드),356000000
2025-04-03,main_extreme_suu,5,진힐라(하드),106000000
2025-04-03,main_extreme_suu,6,듄켈(하드),94400000
2025-04-03,main_extreme_suu,7,윌(하드),77100000
2025-04-03,main_extreme_suu,8,가디언엔젤슬라임(카오스),75100000
2025-04-03,main_extreme_suu,9,더스크(카오스),69800000
2025-04-03,main_extreme_suu,10,루시드(하드),62900000
2025-04-03,main_extreme_suu,11,데미안(하드),48900000
2025-04-03,main_extreme_suu,12,파풀라투스(카오스),13100000
2025-04-10,main_extreme_suu,1,스우(익스트림),574000000
2025-04-10,main_extreme_suu,2,감시자칼로스(노멀),505000000
2025-04-10,main_extreme_suu,3,카링(이지),377000000
2025-04-10,main_extreme_suu,4,선택받은세렌(하드),356000000
2025-04-10,main_extreme_suu,5,진힐라(하드),106000000
2025-04-10,main_extreme_suu,6,듄켈(하드),94400000
2025-04-10,main_extreme_suu,7,윌(하드),77100000
2025-04-10,main_extreme_suu,8,가디언엔젤슬라임(카오스),75100000
2025-04-10,main_extreme_suu,9,더스크(카오스),69800000
2025-04-10,main_extreme_suu,10,루시드(하드),62900000
2025-04-10,main_extreme_suu,11,데미안(하드),48900000
2025-04-10,main_extreme_suu,12,파풀라투스(카오스),13100000
2025-04-17,main_extreme_suu,1,스우(익스트림),574000000
2025-04-17,main_extreme_suu,2,감시자칼로스(노멀),505000000
2025-04-17,main_extreme_suu,3,카링(이지),377000000
2025-04-17,main_extreme_suu,4,선택받은세렌(하드),356000000
2025-04-17,main_extreme_suu,5,진힐라(하드),106000000
2025-04-17,main_extreme_suu,6,듄켈(하드),94400000
2025-04-17,main_extreme_suu,7,윌(하드),77100000
2025-04-17,main_extreme_suu,8,가디언엔젤슬라임(카오스),75100000
2025-04-17,main_extreme_suu,9,더스크(카오스),69800000
2025-04-17,main_extreme_suu,10,루시드(하드),62900000
2025-04-17,main_extreme_suu,11,데미안(하드),48900000
2025-04-17,main_extreme_suu,12,파풀라투스(카오스),13100000
2025-04-24,main_extreme_suu,1,스우(익스트림),574000000
2025-04-24,main_extreme_suu,2,감시자칼로스(노멀),505000000
2025-04-24,main_extreme_suu,3,카링(이지),377000000
2025-04-24,main_extreme_suu,4,선택받은세렌(하드),356000000
2025-04-24,main_extreme_suu,5,진힐라(하드),106000000
2025-04-24,main_extreme_suu,6,듄켈(하드),94400000
2025-04-24,main_extreme_suu,7,윌(하드),77100000
2025-04-24,main_extreme_suu,8,가디언엔젤슬라임(카오스),75100000
2025-04-24,main_extreme_suu,9,더스크(카오스),69800000
2025-04-24,main_extreme_suu,10,루시드(하드),62900000
2025-04-24,main_extreme_suu,11,데미안(하드),48900000
2025-04-24,main_extreme_suu,12,파풀라투스(카오스),13100000
2025-05-01,main_extreme_suu,1,스우(익스트림),574000000
2025-05-01,main_extreme_suu,2,감시자칼로스(노멀),505000000
2025-05-01,main_extreme_suu,3,카링(이지),377000000
2025-05-01,main_extreme_suu,4,선택받은세렌(하드),356000000
2025-05-01,main_extreme_suu,5,진힐라(하드),106000000
2025-05-01,main_extreme_suu,6,듄켈(하드),94400000
2025-05-01,main_extreme_suu,7,윌(하드),77100000
2025-05-01,main_extreme_suu,8,가디언엔젤슬라임(카오스),75100000
2025-05-01,main_extreme_suu,9,더스크(카오스),69800000
2025-05-01,main_extreme_suu,10,루시드(하드),62900000
2025-05-01,main_extreme_suu,11,데미안(하드),48900000
2025-05-01,main_extreme_suu,12,파풀라투스(카오스),13100000
2025-05-08,main_extreme_suu,1,스우(익스트림),574000000
2025-05-08,main_extreme_suu,2,감시자칼로스(노멀),505000000
2025-05-08,main_extreme_suu,3,카링(이지),377000000
2025-05-08,main_extreme_suu,4,선택받은세렌(하드),356000000
2025-05-08,main_extreme_suu,5,진힐라(하드),106000000
2025-05-08,main_extreme_suu,6,듄켈(하드),94400000
2025-05-08,main_extreme_suu,7,윌(하드),77100000
2025-05-08,main_extreme_suu,8,가디언엔젤슬라임(카오스),75100000
2025-05-08,main_extreme_suu,9,더스크(카오스),69800000
2025-05-08,main_extreme_suu,10,루시드(하드),62900000
2025-05-08,main_extreme_suu,11,데미안(하드),48900000
2025-05-08,main_extreme_suu,12,파풀라투스(카오스),13100000
2025-05-15,main_extreme_suu,1,스우(익스트림),574000000
2025-05-15,main_extreme_suu,2,감시자칼로스(노멀),505000000
2025-05-15,main_extreme_suu,3,카링(이지),377000000
2025-05-15,main_extreme_suu,4,선택받은세렌(하드),356000000
2025-05-15,main_extreme_suu,5,진힐라(하드),106000000
2025-05-15,main_extreme_suu,6,듄켈(하드),94400000
2025-05-15,main_extreme_suu,7,윌(하드),77100000
2025-05-15,main_extreme_suu,8,가디언엔젤슬라임(카오스),75100000
2025-05-15,main_extreme_suu,9,더스크(카오스),69800000
2025-05-15,main_extreme_suu,10,루시드(하드),62900000
2025-05-15,main_extreme_suu,11,데미안(하드),48900000
2025-05-15,main_extreme_suu,12,파풀라투스(카오스),13100000
2025-05-22,main_extreme_suu,1,스우(익스트림),574000000
2025-05-22,main_extreme_suu,2,감시자칼로스(노멀),505000000
2025-05-22,main_extreme_suu,3,카링(이지),377000000
2025-05-22,main_extreme_suu,4,선택받은세렌(하드),356000000
2025-05-22,main_extreme_suu,5,진힐라(하드),106000000
2025-05-22,main_extreme_suu,6,듄켈(하드),94400000
2025-05-22,main_extreme_suu,7,윌(하드),77100000
2025-05-22,main_extreme_suu,8,가디언엔젤슬라임(카오스),75100000
2025-05-22,main_extreme_suu,9,더스크(카오스),69800000
2025-05-22,main_extreme_suu,10,루시드(하드),62900000
2025-05-22,main_extreme_suu,11,데미안(하드),48900000
2025-05-22,main_extreme_suu,12,파풀라투스(카오스),13100000
2025-05-29,main_extreme_suu,1,스우(익스트림),574000000
2025-05-29,main_extreme_suu,2,감시자칼로스(노멀),505000000
2025-05-29,main_extreme_suu,3,카링(이지),377000000
2025-05-29,main_extreme_suu,4,선택받은세렌(하드),356000000
2025-05-29,main_extreme_suu,5,진힐라(하드),106000000
2025-05-29,main_extreme_suu,6,듄켈(하드),94400000
2025-05-29,main_extreme_suu,7,윌(하드),77100000
2025-05-29,main_extreme_suu,8,가디언엔젤슬라임(카오스),75100000
2025-05-29,main_extreme_suu,9,더스크(카오스),69800000
2025-05-29,main_extreme_suu,10,루시드(하드),62900000
2025-05-29,main_extreme_suu,11,데미안(하드),48900000
2025-05-29,main_extreme_suu,12,파풀라투스(카오스),13100000
2025-06-05,main_extreme_suu,1,스우(익스트림),574000000
2025-06-05,main_extreme_suu,2,감시자칼로스(노멀),505000000
2025-06-05,main_extreme_suu,3,카링(이지),377000000
2025-06-05,main_extreme_suu,4,선택받은세렌(하드),356000000
2025-06-05,main_extreme_suu,5,진힐라(하드),106000000
2025-06-05,main_extreme_suu,6,듄켈(하드),94400000
2025-06-05,main_extreme_suu,7,윌(하드),77100000
2025-06-05,main_extreme_suu,8,가디언엔젤슬라임(카오스),75100000
2025-06-05,main_extreme_suu,9,더스크(카오스),69800000
2025-06-05,main_extreme_suu,10,루시드(하드),62900000
2025-06-05,main_extreme_suu,11,데미안(하드),48900000
2025-06-05,main_extreme_suu,12,파풀라투스(카오스),13100000
2025-06-12,main_extreme_suu,1,스우(익스트림),574000000
2025-06-12,main_extreme_suu,2,감시자칼로스(노멀),505000000
2025-06-12,main_extreme_suu,3,카링(이지),377000000
2025-06-12,main_extreme_suu,4,선택받은세렌(하드),356000000
2025-06-12,main_extreme_suu,5,진힐라(하드),106000000
2025-06-12,main_extreme_suu,6,듄켈(하드),94400000
2025-06-12,main_extreme_suu,7,윌(하드),77100000
2025-06-12,main_extreme_suu,8,가디언엔젤슬라임(카오스),75100000
2025-06-12,main_extreme_suu,9,더스크(카오스),69800000
2025-06-12,main_extreme_suu,10,루시드(하드),62900000
2025-06-12,main_extreme_suu,11,데미안(하드),48900000
2025-06-12,main_extreme_suu,12,파풀라투스(카오스),13100000
2025-06-19,main_extreme_suu,1,스우(익스트림),574000000
2025-06-19,main_extreme_suu,2,감시자칼로스(노멀),505000000
2025-06-19,main_extreme_suu,3,카링(이지),377000000
2025-06-19,main_extreme_suu,4,선택받은세렌(하드),356000000
2025-06-19,main_extreme_suu,5,진힐라(하드),106000000
2025-06-19,main_extreme_suu,6,듄켈(하드),94400000
2025-06-19,main_extreme_suu,7,윌(하드),77100000
2025-06-19,main_extreme_suu,8,가디언엔젤슬라임(카오스),75100000
2025-06-19,main_extreme_suu,9,더스크(카오스),69800000
2025-06-19,main_extreme_suu,10,루시드(하드),62900000
2025-06-19,main_extreme_suu,11,데미안(하드),48900000
2025-06-19,main_extreme_suu,12,파풀라투스(카오스),13100000
2025-06-26,main_extreme_suu,1,스우(익스트림),574000000
2025-06-26,main_extreme_suu,2,감시자칼로스(노멀),505000000
2025-06-26,main_extreme_suu,3,카링(이지),377000000
2025-06-26,main_extreme_suu,4,선택받은세렌(하드),356000000
2025-06-26,main_extreme_suu,5,진힐라(하드),106000000
2025-06-26,main_extreme_suu,6,듄켈(하드),94400000
2025-06-26,main_extreme_suu,7,윌(하드),77100000
2025-06-26,main_extreme_suu,8,가디언엔젤슬라임(카오스),75100000
2025-06-26,main_extreme_suu,9,더스크(카오스),69800000
2025-06-26,main_extreme_suu,10,루시드(하드),62900000
2025-06-26,main_extreme_suu,11,데미안(하드),48900000
2025-06-26,main_extreme_suu,12,파풀라투스(카오스),13100000
2025-07-03,main_extreme_suu,1,스우(익스트림),574000000
2025-07-03,main_extreme_suu,2,감시자칼로스(노멀),505000000
2025-07-03,main_extreme_suu,3,카링(이지),377000000
2025-07-03,main_extreme_suu,4,선택받은세렌(하드),356000000
2025-07-03,main_extreme_suu,5,진힐라(하드),106000000
2025-07-03,main_extreme_suu,6,듄켈(하드),94400000
2025-07-03,main_extreme_suu,7,윌(하드),77100000
2025-07-03,main_extreme_suu,8,가디언엔젤슬라임(카오스),75100000
2025-07-03,main_extreme_suu,9,더스크(카오스),69800000
2025-07-03,main_extreme_suu,10,루시드(하드),62900000
2025-07-03,main_extreme_suu,11,데미안(하드),48900000
2025-07-03,main_extreme_suu,12,파풀라투스(카오스),13100000
2025-07-10,main_extreme_suu,1,스우(익스트림),574000000
2025-07-10,main_extreme_suu,2,감시자칼로스(노멀),505000000
2025-07-10,main_extreme_suu,3,카링(이지),377000000
2025-07-10,main_extreme_suu,4,선택받은세렌(하드),356000000
2025-07-10,main_extreme_suu,5,진힐라(하드),106000000
2025-07-10,main_extreme_suu,6,듄켈(하드),94400000
2025-07-10,main_extreme_suu,7,윌(하드),77100000
2025-07-10,main_extreme_suu,8,가디언엔젤슬라임(카오스),75100000
2025-07-10,main_extreme_suu,9,더스크(카오스),69800000
2025-07-10,main_extreme_suu,10,루시드(하드),62900000
2025-07-10,main_extreme_suu,11,데미안(하드),48900000
2025-07-10,main_extreme_suu,12,파풀라투스(카오스),13100000
2025-07-17,main_extreme_suu,1,스우(익스트림),574000000
2025-07-17,main_extreme_suu,2,감시자칼로스(노멀),505000000
2025-07-17,main_extreme_suu,3,카링(이지),377000000
2025-07-17,main_extreme_suu,4,선택받은세렌(하드),356000000
2025-07-17,main_extreme_suu,5,진힐라(하드),106000000
2025-07-17,main_extreme_suu,6,듄켈(하드),94400000
2025-07-17,main_extreme_suu,7,윌(하드),77100000
2025-07-17,main_extreme_suu,8,가디언엔젤슬라임(카오스),75100000
2025-07-17,main_extreme_suu,9,더스크(카오스),69800000
2025-07-17,main_extreme_suu,10,루시드(하드),62900000
2025-07-17,main_extreme_suu,11,데미안(하드),48900000
2025-07-17,main_extreme_suu,12,파풀라투스(카오스),13100000
2025-07-24,main_extreme_suu,1,스우(익스트림),574000000
2025-07-24,main_extreme_suu,2,감시자칼로스(노멀),505000000
2025-07-24,main_extreme_suu,3,카링(이지),377000000
2025-07-24,main_extreme_suu,4,선택받은세렌(하드),356000000
2025-07-24,main_extreme_suu,5,진힐라(하드),106000000
2025-07-24,main_extreme_suu,6,듄켈(하드),94400000
2025-07-24,main_extreme_suu,7,윌(하드),77100000
2025-07-24,main_extreme_suu,8,가디언엔젤슬라임(카오스),75100000
2025-07-24,main_extreme_suu,9,더스크(카오스),69800000
2025-07-24,main_extreme_suu,10,루시드(하드),62900000
2025-07-24,main_extreme_suu,11,데미안(하드),48900000
2025-07-24,main_extreme_suu,12,파풀라투스(카오스),13100000
2025-07-31,main_extreme_suu,1,스우(익스트림),574000000
2025-07-31,main_extreme_suu,2,감시자칼로스(노멀),505000000
2025-07-31,main_extreme_suu,3,카링(이지),377000000
2025-07-31,main_extreme_suu,4,선택받은세렌(하드),356000000
2025-07-31,main_extreme_suu,5,진힐라(하드),106000000
2025-07-31,main_extreme_suu,6,듄켈(하드),94400000
2025-07-31,main_extreme_suu,7,윌(하드),77100000
2025-07-31,main_extreme_suu,8,가디언엔젤슬라임(카오스),75100000
2025-07-31,main_extreme_suu,9,더스크(카오스),69800000
2025-07-31,main_extreme_suu,10,루시드(하드),62900000
2025-07-31,main_extreme_suu,11,데미안(하드),48900000
2025-07-31,main_extreme_suu,12,파풀라투스(카오스),13100000
2025-08-07,main_extreme_suu,1,스우(익스트림),574000000
2025-08-07,main_extreme_suu,2,감시자칼로스(노멀),505000000
2025-08-07,main_extreme_suu,3,카링(이지),377000000
2025-08-07,main_extreme_suu,4,선택받은세렌(하드),356000000
2025-08-07,main_extreme_suu,5,진힐라(하드),106000000
2025-08-07,main_extreme_suu,6,듄켈(하드),94400000
2025-08-07,main_extreme_suu,7,윌(하드),77100000
2025-08-07,main_extreme_suu,8,가디언엔젤슬라임(카오스),75100000
2025-08-07,main_extreme_suu,9,더스크(카오스),69800000
2025-08-07,main_extreme_suu,10,루시드(하드),62900000
2025-08-07,main_extreme_suu,11,데미안(하드),48900000
2025-08-07,main_extreme_suu,12,파풀라투스(카오스),13100000
2025-08-14,main_extreme_suu,1,스우(익스트림),574000000
2025-08-14,main_extreme_suu,2,감시자칼로스(노멀),505000000
2025-08-14,main_extreme_suu,3,카링(이지),377000000
2025-08-14,main_extreme_suu,4,선택받은세렌(하드),356000000
2025-08-14,main_extreme_suu,5,진힐라(하드),106000000
2025-08-14,main_extreme_suu,6,듄켈(하드),94400000
2025-08-14,main_extreme_suu,7,윌(하드),77100000
2025-08-14,main_extreme_suu,8,가디언엔젤슬라임(카오스),75100000
2025-08-14,main_extreme_suu,9,더스크(카오스),69800000
2025-08-14,main_extreme_suu,10,루시드(하드),62900000
2025-08-14,main_extreme_suu,11,데미안(하드),48900000
2025-08-14,main_extreme_suu,12,파풀라투스(카오스),13100000
2025-08-21,main_extreme_suu,1,스우(익스트림),574000000
2025-08-21,main_extreme_suu,2,최초의대적자(노멀),560000000
2025-08-21,main_extreme_suu,3,감시자칼로스(노멀),505000000
2025-08-21,main_extreme_suu,4,카링(이지),377000000
2025-08-21,main_extreme_suu,5,선택받은세렌(하드),356000000
2025-08-21,main_extreme_suu,6,진힐라(하드),106000000
2025-08-21,main_extreme_suu,7,듄켈(하드),94400000
2025-08-21,main_extreme_suu,8,윌(하드),77100000
2025-08-21,main_extreme_suu,9,가디언엔젤슬라임(카오스),75100000
2025-08-21,main_extreme_suu,10,더스크(카오스),69800000
2025-08-21,main_extreme_suu,11,루시드(하드),62900000
2025-08-21,main_extreme_suu,12,데미안(하드),48900000
2025-08-28,main_extreme_suu,1,스우(익스트림),574000000
2025-08-28,main_extreme_suu,2,최초의대적자(노멀),560000000
2025-08-28,main_extreme_suu,3,감시자칼로스(노멀),505000000
2025-08-28,main_extreme_suu,4,카링(이지),377000000
2025-08-28,main_extreme_suu,5,선택받은세렌(하드),356000000
2025-08-28,main_extreme_suu,6,진힐라(하드),106000000
2025-08-28,main_extreme_suu,7,듄켈(하드),94400000
2025-08-28,main_extreme_suu,8,윌(하드),77100000
2025-08-28,main_extreme_suu,9,가디언엔젤슬라임(카오스),75100000
2025-08-28,main_extreme_suu,10,더스크(카오스),69800000
2025-08-28,main_extreme_suu,11,루시드(하드),62900000
2025-08-28,main_extreme_suu,12,데미안(하드),48900000
2025-09-04,main_extreme_suu,1,스우(익스트림),574000000
2025-09-04,main_extreme_suu,2,최초의대적자(노멀),560000000
2025-09-04,main_extreme_suu,3,감시자칼로스(노멀),505000000
2025-09-04,main_extreme_suu,4,카링(이지),377000000
2025-09-04,main_extreme_suu,5,선택받은세렌(하드),356000000
2025-09-04,main_extreme_suu,6,진힐라(하드),106000000
2025-09-04,main_extreme_suu,7,듄켈(하드),94400000
2025-09-04,main_extreme_suu,8,윌(하드),77100000
2025-09-04,main_extreme_suu,9,가디언엔젤슬라임(카오스),75100000
2025-09-04,main_extreme_suu,10,더스크(카오스),69800000
2025-09-04,main_extreme_suu,11,루시드(하드),62900000
2025-09-04,main_extreme_suu,12,데미안(하드),48900000
2025-09-11,main_extreme_suu,1,스우(익스트림),574000000
2025-09-11,main_extreme_suu,2,최초의대적자(노멀),560000000
2025-09-11,main_extreme_suu,3,감시자칼로스(노멀),505000000
2025-09-11,main_extreme_suu,4,카링(이지),377000000
2025-09-11,main_extreme_suu,5,선택받은세렌(하드),356000000
2025-09-11,main_extreme_suu,6,진힐라(하드),106000000
2025-09-11,main_extreme_suu,7,듄켈(하드),94400000
2025-09-11,main_extreme_suu,8,윌(하드),77100000
2025-09-11,main_extreme_suu,9,가디언엔젤슬라임(카오스),75100000
2025-09-11,main_extreme_suu,10,더스크(카오스),69800000
2025-09-11,main_extreme_suu,11,루시드(하드),62900000
2025-09-11,main_extreme_suu,12,데미안(하드),48900000
2025-09-18,main_extreme_suu,1,스우(익스트림),574000000
2025-09-18,main_extreme_suu,2,최초의대적자(노멀),560000000
2025-09-18,main_extreme_suu,3,감시자칼로스(노멀),505000000
2025-09-18,main_extreme_suu,4,카링(이지),377000000
2025-09-18,main_extreme_suu,5,선택받은세렌(하드),356000000
2025-09-18,main_extreme_suu,6,진힐라(하드),106000000
2025-09-18,main_extreme_suu,7,듄켈(하드),94400000
2025-09-18,main_extreme_suu,8,윌(하드),77100000
2025-09-18,main_extreme_suu,9,가디언엔젤슬라임(카오스),75100000
2025-09-18,main_extreme_suu,10,더스크(카오스),69800000
2025-09-18,main_extreme_suu,11,루시드(하드),62900000
2025-09-18,main_extreme_suu,12,데미안(하드),48900000
2025-09-25,main_extreme_suu,1,스우(익스트림),574000000
2025-09-25,main_extreme_suu,2,최초의대적자(노멀),560000000
2025-09-25,main_extreme_suu,3,감시자칼로스(노멀),505000000
2025-09-25,main_extreme_suu,4,카링(이지),377000000
2025-09-25,main_extreme_suu,5,선택받은세렌(하드),356000000
2025-09-25,main_extreme_suu,6,진힐라(하드),106000000
2025-09-25,main_extreme_suu,7,듄켈(하드),94400000
2025-09-25,main_extreme_suu,8,윌(하드),77100000
2025-09-25,main_extreme_suu,9,가디언엔젤슬라임(카오스),75100000
2025-09-25,main_extreme_suu,10,더스크(카오스),69800000
2025-09-25,main_extreme_suu,11,루시드(하드),62900000
2025-09-25,main_extreme_suu,12,데미안(하드),48900000
2025-10-02,main_extreme_suu,1,스우(익스트림),574000000
2025-10-02,main_extreme_suu,2,최초의대적자(노멀),560000000
2025-10-02,main_extreme_suu,3,감시자칼로스(노멀),505000000
2025-10-02,main_extreme_suu,4,카링(이지),377000000
2025-10-02,main_extreme_suu,5,선택받은세렌(하드),356000000
2025-10-02,main_extreme_suu,6,진힐라(하드),106000000
2025-10-02,main_extreme_suu,7,듄켈(하드),94400000
2025-10-02,main_extreme_suu,8,윌(하드),77100000
2025-10-02,main_extreme_suu,9,가디언엔젤슬라임(카오스),75100000
2025-10-02,main_extreme_suu,10,더스크(카오스),69800000
2025-10-02,main_extreme_suu,11,루시드(하드),62900000
2025-10-02,main_extreme_suu,12,데미안(하드),48900000
2025-10-09,main_extreme_suu,1,스우(익스트림),574000000
2025-10-09,main_extreme_suu,2,최초의대적자(노멀),560000000
2025-10-09,main_extreme_suu,3,감시자칼로스(노멀),505000000
2025-10-09,main_extreme_suu,4,카링(이지),377000000
2025-10-09,main_extreme_suu,5,선택받은세렌(하드),356000000
2025-10-09,main_extreme_suu,6,진힐라(하드),106000000
2025-10-09,main_extreme_suu,7,듄켈(하드),94400000
2025-10-09,main_extreme_suu,8,윌(하드),77100000
2025-10-09,main_extreme_suu,9,가디언엔젤슬라임(카오스),75100000
2025-10-09,main_extreme_suu,10,더스크(카오스),69800000
2025-10-09,main_extreme_suu,11,루시드(하드),62900000
2025-10-09,main_extreme_suu,12,데미안(하드),48900000
2025-10-16,main_extreme_suu,1,스우(익스트림),574000000
2025-10-16,main_extreme_suu,2,최초의대적자(노멀),560000000
2025-10-16,main_extreme_suu,3,감시자칼로스(노멀),505000000
2025-10-16,main_extreme_suu,4,카링(이지),377000000
2025-10-16,main_extreme_suu,5,선택받은세렌(하드),356000000
2025-10-16,main_extreme_suu,6,진힐라(하드),106000000
2025-10-16,main_extreme_suu,7,듄켈(하드),94400000
2025-10-16,main_extreme_suu,8,윌(하드),77100000
2025-10-16,main_extreme_suu,9,가디언엔젤슬라임(카오스),75100000
2025-10-16,main_extreme_suu,10,더스크(카오스),69800000
2025-10-16,main_extreme_suu,11,루시드(하드),62900000
2025-10-16,main_extreme_suu,12,데미안(하드),48900000
2025-10-23,main_extreme_suu,1,스우(익스트림),574000000
2025-10-23,main_extreme_suu,2,최초의대적자(노멀),560000000
2025-10-23,main_extreme_suu,3,감시자칼로스(노멀),505000000
2025-10-23,main_extreme_suu,4,카링(이지),377000000
2025-10-23,main_extreme_suu,5,선택받은세렌(하드),356000000
2025-10-23,main_extreme_suu,6,진힐라(하드),106000000
2025-10-23,main_extreme_suu,7,듄켈(하드),94400000
2025-10-23,main_extreme_suu,8,윌(하드),77100000
2025-10-23,main_extreme_suu,9,가디언엔젤슬라임(카오스),75100000
2025-10-23,main_extreme_suu,10,더스크(카오스),69800000
2025-10-23,main_extreme_suu,11,루시드(하드),62900000
2025-10-23,main_extreme_suu,12,데미안(하드),48900000
2025-10-30,main_extreme_suu,1,스우(익스트림),574000000
2025-10-30,main_extreme_suu,2,최초의대적자(노멀),560000000
2025-10-30,main_extreme_suu,3,감시자칼로스(노멀),505000000
2025-10-30,main_extreme_suu,4,카링(이지),377000000
2025-10-30,main_extreme_suu,5,선택받은세렌(하드),356000000
2025-10-30,main_extreme_suu,6,진힐라(하드),106000000
2025-10-30,main_extreme_suu,7,듄켈(하드),94400000
2025-10-30,main_extreme_suu,8,윌(하드),77100000
2025-10-30,main_extreme_suu,9,가디언엔젤슬라임(카오스),75100000
2025-10-30,main_extreme_suu,10,더스크(카오스),69800000
2025-10-30,main_extreme_suu,11,루시드(하드),62900000
2025-10-30,main_extreme_suu,12,데미안(하드),48900000
2025-11-06,main_extreme_suu,1,스우(익스트림),574000000
2025-11-06,main_extreme_suu,2,최초의대적자(노멀),560000000
2025-11-06,main_extreme_suu,3,감시자칼로스(노멀),505000000
2025-11-06,main_extreme_suu,4,카링(이지),377000000
2025-11-06,main_extreme_suu,5,선택받은세렌(하드),356000000
2025-11-06,main_extreme_suu,6,진힐라(하드),106000000
2025-11-06,main_extreme_suu,7,듄켈(하드),94400000
2025-11-06,main_extreme_suu,8,윌(하드),77100000
2025-11-06,main_extreme_suu,9,가디언엔젤슬라임(카오스),75100000
2025-11-06,main_extreme_suu,10,더스크(카오스),69800000
2025-11-06,main_extreme_suu,11,루시드(하드),62900000
2025-11-06,main_extreme_suu,12,데미안(하드),48900000
2025-11-13,main_extreme_suu,1,스우(익스트림),574000000
2025-11-13,main_extreme_suu,2,최초의대적자(노멀),560000000
2025-11-13,main_extreme_suu,3,감시자칼로스(노멀),505000000
2025-11-13,main_extreme_suu,4,카링(이지),377000000
2025-11-13,main_extreme_suu,5,선택받은세렌(하드),356000000
2025-11-13,main_extreme_suu,6,진힐라(하드),106000000
2025-11-13,main_extreme_suu,7,듄켈(하드),94400000
2025-11-13,main_extreme_suu,8,윌(하드),77100000
2025-11-13,main_extreme_suu,9,가디언엔젤슬라임(카오스),75100000
2025-11-13,main_extreme_suu,10,더스크(카오스),69800000
2025-11-13,main_extreme_suu,11,루시드(하드),62900000
2025-11-13,main_extreme_suu,12,데미안(하드),48900000
2025-11-20,main_extreme_suu,1,스우(익스트림),574000000
2025-11-20,main_extreme_suu,2,최초의대적자(노멀),560000000
2025-11-20,main_extreme_suu,3,감시자칼로스(노멀),505000000
2025-11-20,main_extreme_suu,4,카링(이지),377000000
2025-11-20,main_extreme_suu,5,선택받은세렌(하드),356000000
2025-11-20,main_extreme_suu,6,진힐라(하드),106000000
2025-11-20,main_extreme_suu,7,듄켈(하드),94400000
2025-11-20,main_extreme_suu,8,윌(하드),77100000
2025-11-20,main_extreme_suu,9,가디언엔젤슬라임(카오스),75100000
2025-11-20,main_extreme_suu,10,더스크(카오스),69800000
2025-11-20,main_extreme_suu,11,루시드(하드),62900000
2025-11-20,main_extreme_suu,12,데미안(하드),48900000
2025-11-27,main_extreme_suu,1,스우(익스트림),574000000
2025-11-27,main_extreme_suu,2,최초의대적자(노멀),560000000
2025-11-27,main_extreme_suu,3,감시자칼로스(노멀),505000000
2025-11-27,main_extreme_suu,4,카링(이지),377000000
2025-11-27,main_extreme_suu,5,선택받은세렌(하드),356000000
2025-11-27,main_extreme_suu,6,진힐라(하드),106000000
2025-11-27,main_extreme_suu,7,듄켈(하드),94400000
2025-11-27,main_extreme_suu,8,윌(하드),77100000
2025-11-27,main_extreme_suu,9,가디언엔젤슬라임(카오스),75100000
2025-11-27,main_extreme_suu,10,더스크(카오스),69800000
2025-11-27,main_extreme_suu,11,루시드(하드),62900000
2025-11-27,main_extreme_suu,12,데미안(하드),48900000
2025-12-04,main_extreme_suu,1,스우(익스트림),574000000
2025-12-04,main_extreme_suu,2,최초의대적자(노멀),560000000
2025-12-04,main_extreme_suu,3,감시자칼로스(노멀),505000000
2025-12-04,main_extreme_suu,4,카링(이지),377000000
2025-12-04,main_extreme_suu,5,선택받은세렌(하드),356000000
2025-12-04,main_extreme_suu,6,진힐라(하드),106000000
2025-12-04,main_extreme_suu,7,듄켈(하드),94400000
2025-12-04,main_extreme_suu,8,윌(하드),77100000
2025-12-04,main_extreme_suu,9,가디언엔젤슬라임(카오스),75100000
2025-12-04,main_extreme_suu,10,더스크(카오스),69800000
2025-12-04,main_extreme_suu,11,루시드(하드),62900000
2025-12-04,main_extreme_suu,12,데미안(하드),48900000
2025-12-11,main_extreme_suu,1,스우(익스트림),574000000
2025-12-11,main_extreme_suu,2,최초의대적자(노멀),560000000
2025-12-11,main_extreme_suu,3,감시자칼로스(노멀),505000000
2025-12-11,main_extreme_suu,4,카링(이지),377000000
2025-12-11,main_extreme_suu,5,선택받은세렌(하드),356000000
2025-12-11,main_extreme_suu,6,진힐라(하드),106000000
2025-12-11,main_extreme_suu,7,듄켈(하드),94400000
2025-12-11,main_extreme_suu,8,윌(하드),77100000
2025-12-11,main_extreme_suu,9,가디언엔젤슬라임(카오스),75100000
2025-12-11,main_extreme_suu,10,더스크(카오스),69800000
2025-12-11,main_extreme_suu,11,루시드(하드),62900000
2025-12-11,main_extreme_suu,12,데미안(하드),48900000
2025-12-18,main_extreme_suu,1,스우(익스트림),574000000
2025-12-18,main_extreme_suu,2,최초의대적자(노멀),560000000
2025-12-18,main_extreme_suu,3,감시자칼로스(노멀),505000000
2025-12-18,main_extreme_suu,4,카링(이지),377000000
2025-12-18,main_extreme_suu,5,선택받은세렌(하드),356000000
2025-12-18,main_extreme_suu,6,진힐라(하드),106000000
2025-12-18,main_extreme_suu,7,듄켈(하드),94400000
2025-12-18,main_extreme_suu,8,윌(하드),77100000
2025-12-18,main_extreme_suu,9,가디언엔젤슬라임(카오스),75100000
2025-12-18,main_extreme_suu,10,더스크(카오스),69800000
2025-12-18,main_extreme_suu,11,루시드(하드),62900000
2025-12-18,main_extreme_suu,12,데미안(하드),48900000
2025-12-25,main_extreme_suu,1,스우(익스트림),574000000
2025-12-25,main_extreme_suu,2,최초의대적자(노멀),560000000
2025-12-25,main_extreme_suu,3,감시자칼로스(노멀),505000000
2025-12-25,main_extreme_suu,4,카링(이지),377000000
2025-12-25,main_extreme_suu,5,선택받은세렌(하드),356000000
2025-12-25,main_extreme_suu,6,진힐라(하드),106000000
2025-12-25,main_extreme_suu,7,듄켈(하드),94400000
2025-12-25,main_extreme_suu,8,윌(하드),77100000
2025-12-25,main_extreme_suu,9,가디언엔젤슬라임(카오스),75100000
2025-12-25,main_extreme_suu,10,더스크(카오스),69800000
2025-12-25,main_extreme_suu,11,루시드(하드),62900000
2025-12-25,main_extreme_suu,12,데미안(하드),48900000
2026-01-01,main_extreme_suu,1,스우(익스트림),574000000
2026-01-01,main_extreme_suu,2,최초의대적자(노멀),560000000
2026-01-01,main_extreme_suu,3,감시자칼로스(노멀),505000000
2026-01-01,main_extreme_suu,4,카링(이지),377000000
2026-01-01,main_extreme_suu,5,선택받은세렌(하드),356000000
2026-01-01,main_extreme_suu,6,진힐라(하드),106000000
2026-01-01,main_extreme_suu,7,듄켈(하드),94400000
2026-01-01,main_extreme_suu,8,윌(하드),77100000
2026-01-01,main_extreme_suu,9,가디언엔젤슬라임(카오스),75100000
2026-01-01,main_extreme_suu,10,더스크(카오스),69800000
2026-01-01,main_extreme_suu,11,루시드(하드),62900000
2026-01-01,main_extreme_suu,12,데미안(하드),48900000
2026-01-08,main_extreme_suu,1,스우(익스트림),574000000
2026-01-08,main_extreme_suu,2,최초의대적자(노멀),560000000
2026-01-08,main_extreme_suu,3,감시자칼로스(노멀),505000000
2026-01-08,main_extreme_suu,4,카링(이지),377000000
2026-01-08,main_extreme_suu,5,선택받은세렌(하드),356000000
2026-01-08,main_extreme_suu,6,진힐라(하드),106000000
2026-01-08,main_extreme_suu,7,듄켈(하드),94400000
2026-01-08,main_extreme_suu,8,윌(하드),77100000
2026-01-08,main_extreme_suu,9,가디언엔젤슬라임(카오스),75100000
2026-01-08,main_extreme_suu,10,더스크(카오스),69800000
2026-01-08,main_extreme_suu,11,루시드(하드),62900000
2026-01-08,main_extreme_suu,12,데미안(하드),48900000
2026-01-15,main_extreme_suu,1,스우(익스트림),574000000
2026-01-15,main_extreme_suu,2,최초의대적자(노멀),560000000
2026-01-15,main_extreme_suu,3,감시자칼로스(노멀),505000000
2026-01-15,main_extreme_suu,4,카링(이지),377000000
2026-01-15,main_extreme_suu,5,선택받은세렌(하드),356000000
2026-01-15,main_extreme_suu,6,진힐라(하드),106000000
2026-01-15,main_extreme_suu,7,듄켈(하드),94400000
2026-01-15,main_extreme_suu,8,윌(하드),77100000
2026-01-15,main_extreme_suu,9,가디언엔젤슬라임(카오스),75100000
2026-01-15,main_extreme_suu,10,더스크(카오스),69800000
2026-01-15,main_extreme_suu,11,루시드(하드),62900000
2026-01-15,main_extreme_suu,12,데미안(하드),48900000
2026-01-22,main_extreme_suu,1,스우(익스트림),574000000
2026-01-22,main_extreme_suu,2,최초의대적자(노멀),560000000
2026-01-22,main_extreme_suu,3,감시자칼로스(노멀),505000000
2026-01-22,main_extreme_suu,4,카링(이지),377000000
2026-01-22,main_extreme_suu,5,선택받은세렌(하드),356000000
2026-01-22,main_extreme_suu,6,진힐라(하드),106000000
2026-01-22,main_extreme_suu,7,듄켈(하드),94400000
2026-01-22,main_extreme_suu,8,윌(하드),77100000
2026-01-22,main_extreme_suu,9,가디언엔젤슬라임(카오스),75100000
2026-01-22,main_extreme_suu,10,더스크(카오스),69800000
2026-01-22,main_extreme_suu,11,루시드(하드),62900000
2026-01-22,main_extreme_suu,12,데미안(하드),48900000
2026-01-29,main_extreme_suu,1,스우(익스트림),574000000
2026-01-29,main_extreme_suu,2,최초의대적자(노멀),560000000
2026-01-29,main_extreme_suu,3,감시자칼로스(노멀),505000000
2026-01-29,main_extreme_suu,4,카링(이지),377000000
2026-01-29,main_extreme_suu,5,선택받은세렌(하드),356000000
2026-01-29,main_extreme_suu,6,진힐라(하드),106000000
2026-01-29,main_extreme_suu,7,듄켈(하드),94400000
2026-01-29,main_extreme_suu,8,윌(하드),77100000
2026-01-29,main_extreme_suu,9,가디언엔젤슬라임(카오스),75100000
2026-01-29,main_extreme_suu,10,더스크(카오스),69800000
2026-01-29,main_extreme_suu,11,루시드(하드),62900000
2026-01-29,main_extreme_suu,12,데미안(하드),48900000
2026-02-05,main_extreme_suu,1,스우(익스트림),574000000
2026-02-05,main_extreme_suu,2,최초의대적자(노멀),560000000
2026-02-05,main_extreme_suu,3,감시자칼로스(노멀),505000000
2026-02-05,main_extreme_suu,4,카링(이지),377000000
2026-02-05,main_extreme_suu,5,선택받은세렌(하드),356000000
2026-02-05,main_extreme_suu,6,진힐라(하드),106000000
2026-02-05,main_extreme_suu,7,듄켈(하드),94400000
2026-02-05,main_extreme_suu,8,윌(하드),77100000
2026-02-05,main_extreme_suu,9,가디언엔젤슬라임(카오스),75100000
2026-02-05,main_extreme_suu,10,더스크(카오스),69800000
2026-02-05,main_extreme_suu,11,루시드(하드),62900000
2026-02-05,main_extreme_suu,12,데미안(하드),48900000
2026-02-12,main_extreme_suu,1,스우(익스트림),574000000
2026-02-12,main_extreme_suu,2,최초의대적자(노멀),560000000
2026-02-12,main_extreme_suu,3,감시자칼로스(노멀),505000000
2026-02-12,main_extreme_suu,4,카링(이지),377000000
2026-02-12,main_extreme_suu,5,선택받은세렌(하드),356000000
2026-02-12,main_extreme_suu,6,진힐라(하드),106000000
2026-02-12,main_extreme_suu,7,듄켈(하드),94400000
2026-02-12,main_extreme_suu,8,윌(하드),77100000
2026-02-12,main_extreme_suu,9,가디언엔젤슬라임(카오스),75100000
2026-02-12,main_extreme_suu,10,더스크(카오스),69800000
2026-02-12,main_extreme_suu,11,루시드(하드),62900000
2026-02-12,main_extreme_suu,12,데미안(하드),48900000
2026-02-19,main_extreme_suu,1,스우(익스트림),574000000
2026-02-19,main_extreme_suu,2,최초의대적자(노멀),560000000
2026-02-19,main_extreme_suu,3,감시자칼로스(노멀),505000000
2026-02-19,main_extreme_suu,4,카링(이지),377000000
2026-02-19,main_extreme_suu,5,선택받은세렌(하드),356000000
2026-02-19,main_extreme_suu,6,진힐라(하드),106000000
2026-02-19,main_extreme_suu,7,듄켈(하드),94400000
2026-02-19,main_extreme_suu,8,윌(하드),77100000
2026-02-19,main_extreme_suu,9,가디언엔젤슬라임(카오스),75100000
2026-02-19,main_extreme_suu,10,더스크(카오스),69800000
2026-02-19,main_extreme_suu,11,루시드(하드),62900000
2026-02-19,main_extreme_suu,12,데미안(하드),48900000
2026-02-26,main_extreme_suu,1,스우(익스트림),574000000
2026-02-26,main_extreme_suu,2,최초의대적자(노멀),560000000
2026-02-26,main_extreme_suu,3,감시자칼로스(노멀),505000000
2026-02-26,main_extreme_suu,4,카링(이지),377000000
2026-02-26,main_extreme_suu,5,선택받은세렌(하드),356000000
2026-02-26,main_extreme_suu,6,진힐라(하드),106000000
2026-02-26,main_extreme_suu,7,듄켈(하드),94400000
2026-02-26,main_extreme_suu,8,윌(하드),77100000
2026-02-26,main_extreme_suu,9,가디언엔젤슬라임(카오스),75100000
2026-02-26,main_extreme_suu,10,더스크(카오스),69800000
2026-02-26,main_extreme_suu,11,루시드(하드),62900000
2026-02-26,main_extreme_suu,12,데미안(하드),48900000
2026-03-05,main_extreme_suu,1,스우(익스트림),574000000
2026-03-05,main_extreme_suu,2,최초의대적자(노멀),560000000
2026-03-05,main_extreme_suu,3,감시자칼로스(노멀),505000000
2026-03-05,main_extreme_suu,4,카링(이지),377000000
2026-03-05,main_extreme_suu,5,선택받은세렌(하드),356000000
2026-03-05,main_extreme_suu,6,진힐라(하드),106000000
2026-03-05,main_extreme_suu,7,듄켈(하드),94400000
2026-03-05,main_extreme_suu,8,윌(하드),77100000
2026-03-05,main_extreme_suu,9,가디언엔젤슬라임(카오스),75100000
2026-03-05,main_extreme_suu,10,더스크(카오스),69800000
2026-03-05,main_extreme_suu,11,루시드(하드),62900000
2026-03-05,main_extreme_suu,12,데미안(하드),48900000
2026-03-12,main_extreme_suu,1,스우(익스트림),574000000
2026-03-12,main_extreme_suu,2,최초의대적자(노멀),560000000
2026-03-12,main_extreme_suu,3,감시자칼로스(노멀),505000000
2026-03-12,main_extreme_suu,4,카링(이지),377000000
2026-03-12,main_extreme_suu,5,선택받은세렌(하드),356000000
2026-03-12,main_extreme_suu,6,진힐라(하드),106000000
2026-03-12,main_extreme_suu,7,듄켈(하드),94400000
2026-03-12,main_extreme_suu,8,윌(하드),77100000
2026-03-12,main_extreme_suu,9,가디언엔젤슬라임(카오스),75100000
2026-03-12,main_extreme_suu,10,더스크(카오스),69800000
2026-03-12,main_extreme_suu,11,루시드(하드),62900000
2026-03-12,main_extreme_suu,12,데미안(하드),48900000
2026-03-19,main_extreme_suu,1,스우(익스트림),574000000
2026-03-19,main_extreme_suu,2,최초의대적자(노멀),560000000
2026-03-19,main_extreme_suu,3,감시자칼로스(노멀),505000000
2026-03-19,main_extreme_suu,4,카링(이지),377000000
2026-03-19,main_extreme_suu,5,선택받은세렌(하드),356000000
2026-03-19,main_extreme_suu,6,진힐라(하드),106000000
2026-03-19,main_extreme_suu,7,듄켈(하드),94400000
2026-03-19,main_extreme_suu,8,윌(하드),77100000
2026-03-19,main_extreme_suu,9,가디언엔젤슬라임(카오스),75100000
2026-03-19,main_extreme_suu,10,더스크(카오스),69800000
2026-03-19,main_extreme_suu,11,루시드(하드),62900000
2026-03-19,main_extreme_suu,12,데미안(하드),48900000
2026-03-26,main_extreme_suu,1,스우(익스트림),574000000
2026-03-26,main_extreme_suu,2,최초의대적자(노멀),560000000
2026-03-26,main_extreme_suu,3,감시자칼로스(노멀),505000000
2026-03-26,main_extreme_suu,4,카링(이지),377000000
2026-03-26,main_extreme_suu,5,선택받은세렌(하드),356000000
2026-03-26,main_extreme_suu,6,진힐라(하드),106000000
2026-03-26,main_extreme_suu,7,듄켈(하드),94400000
2026-03-26,main_extreme_suu,8,윌(하드),77100000
2026-03-26,main_extreme_suu,9,가디언엔젤슬라임(카오스),75100000
2026-03-26,main_extreme_suu,10,더스크(카오스),69800000
2026-03-26,main_extreme_suu,11,루시드(하드),62900000
2026-03-26,main_extreme_suu,12,데미안(하드),48900000
2026-04-02,main_extreme_suu,1,스우(익스트림),574000000
2026-04-02,main_extreme_suu,2,최초의대적자(노멀),560000000
2026-04-02,main_extreme_suu,3,감시자칼로스(노멀),505000000
2026-04-02,main_extreme_suu,4,카링(이지),377000000
2026-04-02,main_extreme_suu,5,선택받은세렌(하드),356000000
2026-04-02,main_extreme_suu,6,진힐라(하드),106000000
2026-04-02,main_extreme_suu,7,듄켈(하드),94400000
2026-04-02,main_extreme_suu,8,윌(하드),77100000
2026-04-02,main_extreme_suu,9,가디언엔젤슬라임(카오스),75100000
2026-04-02,main_extreme_suu,10,더스크(카오스),69800000
2026-04-02,main_extreme_suu,11,루시드(하드),62900000
2026-04-02,main_extreme_suu,12,데미안(하드),48900000
2026-04-09,main_extreme_suu,1,스우(익스트림),574000000
2026-04-09,main_extreme_suu,2,최초의대적자(노멀),560000000
2026-04-09,main_extreme_suu,3,감시자칼로스(노멀),505000000
2026-04-09,main_extreme_suu,4,카링(이지),377000000
2026-04-09,main_extreme_suu,5,선택받은세렌(하드),356000000
2026-04-09,main_extreme_suu,6,진힐라(하드),106000000
2026-04-09,main_extreme_suu,7,듄켈(하드),94400000
2026-04-09,main_extreme_suu,8,윌(하드),77100000
2026-04-09,main_extreme_suu,9,가디언엔젤슬라임(카오스),75100000
2026-04-09,main_extreme_suu,10,더스크(카오스),69800000
2026-04-09,main_extreme_suu,11,루시드(하드),62900000
2026-04-09,main_extreme_suu,12,데미안(하드),48900000
2026-04-16,main_extreme_suu,1,스우(익스트림),574000000
2026-04-16,main_extreme_suu,2,최초의대적자(노멀),560000000
2026-04-16,main_extreme_suu,3,감시자칼로스(노멀),505000000
2026-04-16,main_extreme_suu,4,카링(이지),377000000
2026-04-16,main_extreme_suu,5,선택받은세렌(하드),356000000
2026-04-16,main_extreme_suu,6,진힐라(하드),106000000
2026-04-16,main_extreme_suu,7,듄켈(하드),94400000
2026-04-16,main_extreme_suu,8,윌(하드),77100000
2026-04-16,main_extreme_suu,9,가디언엔젤슬라임(카오스),75100000
2026-04-16,main_extreme_suu,10,더스크(카오스),69800000
2026-04-16,main_extreme_suu,11,루시드(하드),62900000
2026-04-16,main_extreme_suu,12,데미안(하드),48900000
2026-04-23,main_extreme_suu,1,스우(익스트림),574000000
2026-04-23,main_extreme_suu,2,최초의대적자(노멀),560000000
2026-04-23,main_extreme_suu,3,감시자칼로스(노멀),505000000
2026-04-23,main_extreme_suu,4,카링(이지),377000000
2026-04-23,main_extreme_suu,5,선택받은세렌(하드),356000000
2026-04-23,main_extreme_suu,6,진힐라(하드),106000000
2026-04-23,main_extreme_suu,7,듄켈(하드),94400000
2026-04-23,main_extreme_suu,8,윌(하드),77100000
2026-04-23,main_extreme_suu,9,가디언엔젤슬라임(카오스),75100000
2026-04-23,main_extreme_suu,10,더스크(카오스),69800000
2026-04-23,main_extreme_suu,11,루시드(하드),62900000
2026-04-23,main_extreme_suu,12,데미안(하드),48900000
2026-04-30,main_extreme_suu,1,스우(익스트림),574000000
2026-04-30,main_extreme_suu,2,최초의대적자(노멀),560000000
2026-04-30,main_extreme_suu,3,감시자칼로스(노멀),505000000
2026-04-30,main_extreme_suu,4,카링(이지),377000000
2026-04-30,main_extreme_suu,5,선택받은세렌(하드),356000000
2026-04-30,main_extreme_suu,6,진힐라(하드),106000000
2026-04-30,main_extreme_suu,7,듄켈(하드),94400000
2026-04-30,main_extreme_suu,8,윌(하드),77100000
2026-04-30,main_extreme_suu,9,가디언엔젤슬라임(카오스),75100000
2026-04-30,main_extreme_suu,10,더스크(카오스),69800000
2026-04-30,main_extreme_suu,11,루시드(하드),62900000
2026-04-30,main_extreme_suu,12,데미안(하드),48900000
2026-05-07,main_extreme_suu,1,스우(익스트림),574000000
2026-05-07,main_extreme_suu,2,최초의대적자(노멀),560000000
2026-05-07,main_extreme_suu,3,감시자칼로스(노멀),505000000
2026-05-07,main_extreme_suu,4,카링(이지),377000000
2026-05-07,main_extreme_suu,5,선택받은세렌(하드),356000000
2026-05-07,main_extreme_suu,6,진힐라(하드),106000000
2026-05-07,main_extreme_suu,7,듄켈(하드),94400000
2026-05-07,main_extreme_suu,8,윌(하드),77100000
2026-05-07,main_extreme_suu,9,가디언엔젤슬라임(카오스),75100000
2026-05-07,main_extreme_suu,10,더스크(카오스),69800000
2026-05-07,main_extreme_suu,11,루시드(하드),62900000
2026-05-07,main_extreme_suu,12,데미안(하드),48900000
2026-05-14,main_extreme_suu,1,스우(익스트림),574000000
2026-05-14,main_extreme_suu,2,최초의대적자(노멀),560000000
2026-05-14,main_extreme_suu,3,감시자칼로스(노멀),505000000
2026-05-14,main_extreme_suu,4,카링(이지),377000000
2026-05-14,main_extreme_suu,5,선택받은세렌(하드),356000000
2026-05-14,main_extreme_suu,6,진힐라(하드),106000000
2026-05-14,main_extreme_suu,7,듄켈(하드),94400000
2026-05-14,main_extreme_suu,8,윌(하드),77100000
2026-05-14,main_extreme_suu,9,가디언엔젤슬라임(카오스),75100000
2026-05-14,main_extreme_suu,10,더스크(카오스),69800000
2026-05-14,main_extreme_suu,11,루시드(하드),62900000
2026-05-14,main_extreme_suu,12,데미안(하드),48900000
2026-05-21,main_extreme_suu,1,스우(익스트림),574000000
2026-05-21,main_extreme_suu,2,최초의대적자(노멀),560000000
2026-05-21,main_extreme_suu,3,감시자칼로스(노멀),505000000
2026-05-21,main_extreme_suu,4,카링(이지),377000000
2026-05-21,main_extreme_suu,5,선택받은세렌(하드),356000000
2026-05-21,main_extreme_suu,6,진힐라(하드),106000000
2026-05-21,main_extreme_suu,7,듄켈(하드),94400000
2026-05-21,main_extreme_suu,8,윌(하드),77100000
2026-05-21,main_extreme_suu,9,가디언엔젤슬라임(카오스),75100000
2026-05-21,main_extreme_suu,10,더스크(카오스),69800000
2026-05-21,main_extreme_suu,11,루시드(하드),62900000
2026-05-21,main_extreme_suu,12,데미안(하드),48900000
2026-05-28,main_extreme_suu,1,스우(익스트림),574000000
2026-05-28,main_extreme_suu,2,최초의대적자(노멀),560000000
2026-05-28,main_extreme_suu,3,감시자칼로스(노멀),505000000
2026-05-28,main_extreme_suu,4,카링(이지),377000000
2026-05-28,main_extreme_suu,5,선택받은세렌(하드),356000000
2026-05-28,main_extreme_suu,6,진힐라(하드),106000000
2026-05-28,main_extreme_suu,7,듄켈(하드),94400000
2026-05-28,main_extreme_suu,8,윌(하드),77100000
2026-05-28,main_extreme_suu,9,가디언엔젤슬라임(카오스),75100000
2026-05-28,main_extreme_suu,10,더스크(카오스),69800000
2026-05-28,main_extreme_suu,11,루시드(하드),62900000
2026-05-28,main_extreme_suu,12,데미안(하드),48900000
2026-06-04,main_extreme_suu,1,스우(익스트림),574000000
2026-06-04,main_extreme_suu,2,최초의대적자(노멀),560000000
2026-06-04,main_extreme_suu,3,감시자칼로스(노멀),505000000
2026-06-04,main_extreme_suu,4,카링(이지),377000000
2026-06-04,main_extreme_suu,5,선택받은세렌(하드),356000000
2026-06-04,main_extreme_suu,6,진힐라(하드),106000000
2026-06-04,main_extreme_suu,7,듄켈(하드),94400000
2026-06-04,main_extreme_suu,8,윌(하드),77100000
2026-06-04,main_extreme_suu,9,가디언엔젤슬라임(카오스),75100000
2026-06-04,main_extreme_suu,10,더스크(카오스),69800000
2026-06-04,main_extreme_suu,11,루시드(하드),62900000
2026-06-04,main_extreme_suu,12,데미안(하드),48900000
2026-06-11,main_extreme_suu,1,스우(익스트림),574000000
2026-06-11,main_extreme_suu,2,최초의대적자(노멀),560000000
2026-06-11,main_extreme_suu,3,감시자칼로스(노멀),505000000
2026-06-11,main_extreme_suu,4,카링(이지),377000000
2026-06-11,main_extreme_suu,5,선택받은세렌(하드),356000000
2026-06-11,main_extreme_suu,6,진힐라(하드),106000000
2026-06-11,main_extreme_suu,7,듄켈(하드),94400000
2026-06-11,main_extreme_suu,8,윌(하드),77100000
2026-06-11,main_extreme_suu,9,가디언엔젤슬라임(카오스),75100000
2026-06-11,main_extreme_suu,10,더스크(카오스),69800000
2026-06-11,main_extreme_suu,11,루시드(하드),62900000
2026-06-11,main_extreme_suu,12,데미안(하드),48900000
2026-06-18,main_extreme_suu,1,스우(익스트림),574000000
2026-06-18,main_extreme_suu,2,최초의대적자(노멀),560000000
2026-06-18,main_extreme_suu,3,감시자칼로스(노멀),505000000
2026-06-18,main_extreme_suu,4,카링(이지),377000000
2026-06-18,main_extreme_suu,5,선택받은세렌(하드),356000000
2026-06-18,main_extreme_suu,6,진힐라(하드),106000000
2026-06-18,main_extreme_suu,7,듄켈(하드),94400000
2026-06-18,main_extreme_suu,8,윌(하드),77100000
2026-06-18,main_extreme_suu,9,가디언엔젤슬라임(카오스),75100000
2026-06-18,main_extreme_suu,10,더스크(카오스),69800000
2026-06-18,main_extreme_suu,11,루시드(하드),62900000
2026-06-18,main_extreme_suu,12,데미안(하드),48900000
2026-06-25,main_extreme_suu,1,스우(익스트림),574000000
2026-06-25,main_extreme_suu,2,최초의대적자(노멀),560000000
2026-06-25,main_extreme_suu,3,감시자칼로스(노멀),505000000
2026-06-25,main_extreme_suu,4,카링(이지),377000000
2026-06-25,main_extreme_suu,5,선택받은세렌(하드),356000000
2026-06-25,main_extreme_suu,6,진힐라(하드),106000000
2026-06-25,main_extreme_suu,7,듄켈(하드),94400000
2026-06-25,main_extreme_suu,8,윌(하드),77100000
2026-06-25,main_extreme_suu,9,가디언엔젤슬라임(카오스),75100000
2026-06-25,main_extreme_suu,10,더스크(카오스),69800000
2026-06-25,main_extreme_suu,11,루시드(하드),62900000
2026-06-25,main_extreme_suu,12,데미안(하드),48900000
2026-07-02,main_extreme_suu,1,스우(익스트림),574000000
2026-07-02,main_extreme_suu,2,최초의대적자(노멀),560000000
2026-07-02,main_extreme_suu,3,감시자칼로스(노멀),505000000
2026-07-02,main_extreme_suu,4,카링(이지),377000000
2026-07-02,main_extreme_suu,5,선택받은세렌(하드),356000000
2026-07-02,main_extreme_suu,6,진힐라(하드),106000000
2026-07-02,main_extreme_suu,7,듄켈(하드),94400000
2026-07-02,main_extreme_suu,8,윌(하드),77100000
2026-07-02,main_extreme_suu,9,가디언엔젤슬라임(카오스),75100000
2026-07-02,main_extreme_suu,10,더스크(카오스),69800000
2026-07-02,main_extreme_suu,11,루시드(하드),62900000
2026-07-02,main_extreme_suu,12,데미안(하드),48900000
2026-07-09,main_extreme_suu,1,스우(익스트림),574000000
2026-07-09,main_extreme_suu,2,최초의대적자(노멀),560000000
2026-07-09,main_extreme_suu,3,감시자칼로스(노멀),505000000
2026-07-09,main_extreme_suu,4,카링(이지),377000000
2026-07-09,main_extreme_suu,5,선택받은세렌(하드),356000000
2026-07-09,main_extreme_suu,6,진힐라(하드),106000000
2026-07-09,main_extreme_suu,7,듄켈(하드),94400000
2026-07-09,main_extreme_suu,8,윌(하드),77100000
2026-07-09,main_extreme_suu,9,가디언엔젤슬라임(카오스),75100000
2026-07-09,main_extreme_suu,10,더스크(카오스),69800000
2026-07-09,main_extreme_suu,11,루시드(하드),62900000
2026-07-09,main_extreme_suu,12,데미안(하드),48900000
2026-07-16,main_extreme_suu,1,스우(익스트림),574000000
2026-07-16,main_extreme_suu,2,최초의대적자(노멀),560000000
2026-07-16,main_extreme_suu,3,감시자칼로스(노멀),505000000
2026-07-16,main_extreme_suu,4,카링(이지),377000000
2026-07-16,main_extreme_suu,5,선택받은세렌(하드),356000000
2026-07-16,main_extreme_suu,6,진힐라(하드),106000000
2026-07-16,main_extreme_suu,7,듄켈(하드),94400000
2026-07-16,main_extreme_suu,8,윌(하드),77100000
2026-07-16,main_extreme_suu,9,가디언엔젤슬라임(카오스),75100000
2026-07-16,main_extreme_suu,10,더스크(카오스),69800000
2026-07-16,main_extreme_suu,11,루시드(하드),62900000
2026-07-16,main_extreme_suu,12,데미안(하드),48900000
2026-07-23,main_extreme_suu,1,스우(익스트림),574000000
2026-07-23,main_extreme_suu,2,최초의대적자(노멀),560000000
2026-07-23,main_extreme_suu,3,감시자칼로스(노멀),505000000
2026-07-23,main_extreme_suu,4,카링(이지),377000000
2026-07-23,main_extreme_suu,5,선택받은세렌(하드),356000000
2026-07-23,main_extreme_suu,6,진힐라(하드),106000000
2026-07-23,main_extreme_suu,7,듄켈(하드),94400000
2026-07-23,main_extreme_suu,8,윌(하드),77100000
2026-07-23,main_extreme_suu,9,가디언엔젤슬라임(카오스),75100000
2026-07-23,main_extreme_suu,10,더스크(카오스),69800000
2026-07-23,main_extreme_suu,11,루시드(하드),62900000
2026-07-23,main_extreme_suu,12,데미안(하드),48900000
2026-07-30,main_extreme_suu,1,스우(익스트림),574000000
2026-07-30,main_extreme_suu,2,최초의대적자(노멀),560000000
2026-07-30,main_extreme_suu,3,감시자칼로스(노멀),505000000
2026-07-30,main_extreme_suu,4,카링(이지),377000000
2026-07-30,main_extreme_suu,5,선택받은세렌(하드),356000000
2026-07-30,main_extreme_suu,6,진힐라(하드),106000000
2026-07-30,main_extreme_suu,7,듄켈(하드),94400000
2026-07-30,main_extreme_suu,8,윌(하드),77100000
2026-07-30,main_extreme_suu,9,가디언엔젤슬라임(카오스),75100000
2026-07-30,main_extreme_suu,10,더스크(카오스),69800000
2026-07-30,main_extreme_suu,11,루시드(하드),62900000
2026-07-30,main_extreme_suu,12,데미안(하드),48900000
2026-08-06,main_extreme_suu,1,스우(익스트림),574000000
2026-08-06,main_extreme_suu,2,최초의대적자(노멀),560000000
2026-08-06,main_extreme_suu,3,감시자칼로스(노멀),505000000
2026-08-06,main_extreme_suu,4,카링(이지),377000000
2026-08-06,main_extreme_suu,5,선택받은세렌(하드),356000000
2026-08-06,main_extreme_suu,6,진힐라(하드),106000000
2026-08-06,main_extreme_suu,7,듄켈(하드),94400000
2026-08-06,main_extreme_suu,8,윌(하드),77100000
2026-08-06,main_extreme_suu,9,가디언엔젤슬라임(카오스),75100000
2026-08-06,main_extreme_suu,10,더스크(카오스),69800000
2026-08-06,main_extreme_suu,11,루시드(하드),62900000
2026-08-06,main_extreme_suu,12,데미안(하드),48900000
2026-08-13,main_extreme_suu,1,스우(익스트림),574000000
2026-08-13,main_extreme_suu,2,최초의대적자(노멀),560000000
2026-08-13,main_extreme_suu,3,감시자칼로스(노멀),505000000
2026-08-13,main_extreme_suu,4,카링(이지),377000000
2026-08-13,main_extreme_suu,5,선택받은세렌(하드),356000000
2026-08-13,main_extreme_suu,6,진힐라(하드),106000000
2026-08-13,main_extreme_suu,7,듄켈(하드),94400000
2026-08-13,main_extreme_suu,8,윌(하드),77100000
2026-08-13,main_extreme_suu,9,가디언엔젤슬라임(카오스),75100000
2026-08-13,main_extreme_suu,10,더스크(카오스),69800000
2026-08-13,main_extreme_suu,11,루시드(하드),62900000
2026-08-13,main_extreme_suu,12,데미안(하드),48900000
2026-08-20,main_extreme_suu,1,스우(익스트림),574000000
2026-08-20,main_extreme_suu,2,최초의대적자(노멀),560000000
2026-08-20,main_extreme_suu,3,감시자칼로스(노멀),505000000
2026-08-20,main_extreme_suu,4,벨로나(이지),440000000
2026-08-20,main_extreme_suu,5,카링(이지),377000000
2026-08-20,main_extreme_suu,6,선택받은세렌(하드),356000000
2026-08-20,main_extreme_suu,7,진힐라(하드),106000000
2026-08-20,main_extreme_suu,8,듄켈(하드),94400000
2026-08-20,main_extreme_suu,9,윌(하드),77100000
2026-08-20,main_extreme_suu,10,가디언엔젤슬라임(카오스),75100000
2026-08-20,main_extreme_suu,11,더스크(카오스),69800000
2026-08-20,main_extreme_suu,12,루시드(하드),62900000
2024-08-22,main_normal_limbo,1,림보(노멀),1026000000
2024-08-22,main_normal_limbo,2,카링(노멀),678000000
2024-08-22,main_normal_limbo,3,스우(익스트림),574000000
2024-08-22,main_normal_limbo,4,감시자칼로스(노멀),505000000
2024-08-22,main_normal_limbo,5,선택받은세렌(하드),356000000
2024-08-22,main_normal_limbo,6,진힐라(하드),106000000
2024-08-22,main_normal_limbo,7,듄켈(하드),94400000
2024-08-22,main_normal_limbo,8,윌(하드),77100000
2024-08-22,main_normal_limbo,9,가디언엔젤슬라임(카오스),75100000
2024-08-22,main_normal_limbo,10,더스크(카오스),69800000
2024-08-22,main_normal_limbo,11,루시드(하드),62900000
2024-08-22,main_normal_limbo,12,데미안(하드),48900000
2024-08-29,main_normal_limbo,1,림보(노멀),1026000000
2024-08-29,main_normal_limbo,2,카링(노멀),678000000
2024-08-29,main_normal_limbo,3,스우(익스트림),574000000
2024-08-29,main_normal_limbo,4,감시자칼로스(노멀),505000000
2024-08-29,main_normal_limbo,5,선택받은세렌(하드),356000000
2024-08-29,main_normal_limbo,6,진힐라(하드),106000000
2024-08-29,main_normal_limbo,7,듄켈(하드),94400000
2024-08-29,main_normal_limbo,8,윌(하드),77100000
2024-08-29,main_normal_limbo,9,가디언엔젤슬라임(카오스),75100000
2024-08-29,main_normal_limbo,10,더스크(카오스),69800000
2024-08-29,main_normal_limbo,11,루시드(하드),62900000
2024-08-29,main_normal_limbo,12,데미안(하드),48900000
2024-09-05,main_normal_limbo,1,림보(노멀),1026000000
2024-09-05,main_normal_limbo,2,카링(노멀),678000000
2024-09-05,main_normal_limbo,3,스우(익스트림),574000000
2024-09-05,main_normal_limbo,4,감시자칼로스(노멀),505000000
2024-09-05,main_normal_limbo,5,선택받은세렌(하드),356000000
2024-09-05,main_normal_limbo,6,진힐라(하드),106000000
2024-09-05,main_normal_limbo,7,듄켈(하드),94400000
2024-09-05,main_normal_limbo,8,윌(하드),77100000
2024-09-05,main_normal_limbo,9,가디언엔젤슬라임(카오스),75100000
2024-09-05,main_normal_limbo,10,더스크(카오스),69800000
2024-09-05,main_normal_limbo,11,루시드(하드),62900000
2024-09-05,main_normal_limbo,12,데미안(하드),48900000
2024-09-12,main_normal_limbo,1,림보(노멀),1026000000
2024-09-12,main_normal_limbo,2,카링(노멀),678000000
2024-09-12,main_normal_limbo,3,스우(익스트림),574000000
2024-09-12,main_normal_limbo,4,감시자칼로스(노멀),505000000
2024-09-12,main_normal_limbo,5,선택받은세렌(하드),356000000
2024-09-12,main_normal_limbo,6,진힐라(하드),106000000
2024-09-12,main_normal_limbo,7,듄켈(하드),94400000
2024-09-12,main_normal_limbo,8,윌(하드),77100000
2024-09-12,main_normal_limbo,9,가디언엔젤슬라임(카오스),75100000
2024-09-12,main_normal_limbo,10,더스크(카오스),69800000
2024-09-12,main_normal_limbo,11,루시드(하드),62900000
2024-09-12,main_normal_limbo,12,데미안(하드),48900000
2024-09-19,main_normal_limbo,1,림보(노멀),1026000000
2024-09-19,main_normal_limbo,2,카링(노멀),678000000
2024-09-19,main_normal_limbo,3,스우(익스트림),574000000
2024-09-19,main_normal_limbo,4,감시자칼로스(노멀),505000000
2024-09-19,main_normal_limbo,5,선택받은세렌(하드),356000000
2024-09-19,main_normal_limbo,6,진힐라(하드),106000000
2024-09-19,main_normal_limbo,7,듄켈(하드),94400000
2024-09-19,main_normal_limbo,8,윌(하드),77100000
2024-09-19,main_normal_limbo,9,가디언엔젤슬라임(카오스),75100000
2024-09-19,main_normal_limbo,10,더스크(카오스),69800000
2024-09-19,main_normal_limbo,11,루시드(하드),62900000
2024-09-19,main_normal_limbo,12,데미안(하드),48900000
2024-09-26,main_normal_limbo,1,림보(노멀),1026000000
2024-09-26,main_normal_limbo,2,카링(노멀),678000000
2024-09-26,main_normal_limbo,3,스우(익스트림),574000000
2024-09-26,main_normal_limbo,4,감시자칼로스(노멀),505000000
2024-09-26,main_normal_limbo,5,선택받은세렌(하드),356000000
2024-09-26,main_normal_limbo,6,진힐라(하드),106000000
2024-09-26,main_normal_limbo,7,듄켈(하드),94400000
2024-09-26,main_normal_limbo,8,윌(하드),77100000
2024-09-26,main_normal_limbo,9,가디언엔젤슬라임(카오스),75100000
2024-09-26,main_normal_limbo,10,더스크(카오스),69800000
2024-09-26,main_normal_limbo,11,루시드(하드),62900000
2024-09-26,main_normal_limbo,12,데미안(하드),48900000
2024-10-03,main_normal_limbo,1,림보(노멀),1026000000
2024-10-03,main_normal_limbo,2,카링(노멀),678000000
2024-10-03,main_normal_limbo,3,스우(익스트림),574000000
2024-10-03,main_normal_limbo,4,감시자칼로스(노멀),505000000
2024-10-03,main_normal_limbo,5,선택받은세렌(하드),356000000
2024-10-03,main_normal_limbo,6,진힐라(하드),106000000
2024-10-03,main_normal_limbo,7,듄켈(하드),94400000
2024-10-03,main_normal_limbo,8,윌(하드),77100000
2024-10-03,main_normal_limbo,9,가디언엔젤슬라임(카오스),75100000
2024-10-03,main_normal_limbo,10,더스크(카오스),69800000
2024-10-03,main_normal_limbo,11,루시드(하드),62900000
2024-10-03,main_normal_limbo,12,데미안(하드),48900000
2024-10-10,main_normal_limbo,1,림보(노멀),1026000000
2024-10-10,main_normal_limbo,2,카링(노멀),678000000
2024-10-10,main_normal_limbo,3,스우(익스트림),574000000
2024-10-10,main_normal_limbo,4,감시자칼로스(노멀),505000000
2024-10-10,main_normal_limbo,5,선택받은세렌(하드),356000000
2024-10-10,main_normal_limbo,6,진힐라(하드),106000000
2024-10-10,main_normal_limbo,7,듄켈(하드),94400000
2024-10-10,main_normal_limbo,8,윌(하드),77100000
2024-10-10,main_normal_limbo,9,가디언엔젤슬라임(카오스),75100000
2024-10-10,main_normal_limbo,10,더스크(카오스),69800000
2024-10-10,main_normal_limbo,11,루시드(하드),62900000
2024-10-10,main_normal_limbo,12,데미안(하드),48900000
2024-10-17,main_normal_limbo,1,림보(노멀),1026000000
2024-10-17,main_normal_limbo,2,카링(노멀),678000000
2024-10-17,main_normal_limbo,3,스우(익스트림),574000000
2024-10-17,main_normal_limbo,4,감시자칼로스(노멀),505000000
2024-10-17,main_normal_limbo,5,선택받은세렌(하드),356000000
2024-10-17,main_normal_limbo,6,진힐라(하드),106000000
2024-10-17,main_normal_limbo,7,듄켈(하드),94400000
2024-10-17,main_normal_limbo,8,윌(하드),77100000
2024-10-17,main_normal_limbo,9,가디언엔젤슬라임(카오스),75100000
2024-10-17,main_normal_limbo,10,더스크(카오스),69800000
2024-10-17,main_normal_limbo,11,루시드(하드),62900000
2024-10-17,main_normal_limbo,12,데미안(하드),48900000
2024-10-24,main_normal_limbo,1,림보(노멀),1026000000
2024-10-24,main_normal_limbo,2,카링(노멀),678000000
2024-10-24,main_normal_limbo,3,스우(익스트림),574000000
2024-10-24,main_normal_limbo,4,감시자칼로스(노멀),505000000
2024-10-24,main_normal_limbo,5,선택받은세렌(하드),356000000
2024-10-24,main_normal_limbo,6,진힐라(하드),106000000
2024-10-24,main_normal_limbo,7,듄켈(하드),94400000
2024-10-24,main_normal_limbo,8,윌(하드),77100000
2024-10-24,main_normal_limbo,9,가디언엔젤슬라임(카오스),75100000
2024-10-24,main_normal_limbo,10,더스크(카오스),69800000
2024-10-24,main_normal_limbo,11,루시드(하드),62900000
2024-10-24,main_normal_limbo,12,데미안(하드),48900000
2024-10-31,main_normal_limbo,1,림보(노멀),1026000000
2024-10-31,main_normal_limbo,2,카링(노멀),678000000
2024-10-31,main_normal_limbo,3,스우(익스트림),574000000
2024-10-31,main_normal_limbo,4,감시자칼로스(노멀),505000000
2024-10-31,main_normal_limbo,5,선택받은세렌(하드),356000000
2024-10-31,main_normal_limbo,6,진힐라(하드),106000000
2024-10-31,main_normal_limbo,7,듄켈(하드),94400000
2024-10-31,main_normal_limbo,8,윌(하드),77100000
2024-10-31,main_normal_limbo,9,가디언엔젤슬라임(카오스),75100000
2024-10-31,main_normal_limbo,10,더스크(카오스),69800000
2024-10-31,main_normal_limbo,11,루시드(하드),62900000
2024-10-31,main_normal_limbo,12,데미안(하드),48900000
2024-11-07,main_normal_limbo,1,림보(노멀),1026000000
2024-11-07,main_normal_limbo,2,카링(노멀),678000000
2024-11-07,main_normal_limbo,3,스우(익스트림),574000000
2024-11-07,main_normal_limbo,4,감시자칼로스(노멀),505000000
2024-11-07,main_normal_limbo,5,선택받은세렌(하드),356000000
2024-11-07,main_normal_limbo,6,진힐라(하드),106000000
2024-11-07,main_normal_limbo,7,듄켈(하드),94400000
2024-11-07,main_normal_limbo,8,윌(하드),77100000
2024-11-07,main_normal_limbo,9,가디언엔젤슬라임(카오스),75100000
2024-11-07,main_normal_limbo,10,더스크(카오스),69800000
2024-11-07,main_normal_limbo,11,루시드(하드),62900000
2024-11-07,main_normal_limbo,12,데미안(하드),48900000
2024-11-14,main_normal_limbo,1,림보(노멀),1026000000
2024-11-14,main_normal_limbo,2,카링(노멀),678000000
2024-11-14,main_normal_limbo,3,스우(익스트림),574000000
2024-11-14,main_normal_limbo,4,감시자칼로스(노멀),505000000
2024-11-14,main_normal_limbo,5,선택받은세렌(하드),356000000
2024-11-14,main_normal_limbo,6,진힐라(하드),106000000
2024-11-14,main_normal_limbo,7,듄켈(하드),94400000
2024-11-14,main_normal_limbo,8,윌(하드),77100000
2024-11-14,main_normal_limbo,9,가디언엔젤슬라임(카오스),75100000
2024-11-14,main_normal_limbo,10,더스크(카오스),69800000
2024-11-14,main_normal_limbo,11,루시드(하드),62900000
2024-11-14,main_normal_limbo,12,데미안(하드),48900000
2024-11-21,main_normal_limbo,1,림보(노멀),1026000000
2024-11-21,main_normal_limbo,2,카링(노멀),678000000
2024-11-21,main_normal_limbo,3,스우(익스트림),574000000
2024-11-21,main_normal_limbo,4,감시자칼로스(노멀),505000000
2024-11-21,main_normal_limbo,5,선택받은세렌(하드),356000000
2024-11-21,main_normal_limbo,6,진힐라(하드),106000000
2024-11-21,main_normal_limbo,7,듄켈(하드),94400000
2024-11-21,main_normal_limbo,8,윌(하드),77100000
2024-11-21,main_normal_limbo,9,가디언엔젤슬라임(카오스),75100000
2024-11-21,main_normal_limbo,10,더스크(카오스),69800000
2024-11-21,main_normal_limbo,11,루시드(하드),62900000
2024-11-21,main_normal_limbo,12,데미안(하드),48900000
2024-11-28,main_normal_limbo,1,림보(노멀),1026000000
2024-11-28,main_normal_limbo,2,카링(노멀),678000000
2024-11-28,main_normal_limbo,3,스우(익스트림),574000000
2024-11-28,main_normal_limbo,4,감시자칼로스(노멀),505000000
2024-11-28,main_normal_limbo,5,선택받은세렌(하드),356000000
2024-11-28,main_normal_limbo,6,진힐라(하드),106000000
2024-11-28,main_normal_limbo,7,듄켈(하드),94400000
2024-11-28,main_normal_limbo,8,윌(하드),77100000
2024-11-28,main_normal_limbo,9,가디언엔젤슬라임(카오스),75100000
2024-11-28,main_normal_limbo,10,더스크(카오스),69800000
2024-11-28,main_normal_limbo,11,루시드(하드),62900000
2024-11-28,main_normal_limbo,12,데미안(하드),48900000
2024-12-05,main_normal_limbo,1,림보(노멀),1026000000
2024-12-05,main_normal_limbo,2,카링(노멀),678000000
2024-12-05,main_normal_limbo,3,스우(익스트림),574000000
2024-12-05,main_normal_limbo,4,감시자칼로스(노멀),505000000
2024-12-05,main_normal_limbo,5,선택받은세렌(하드),356000000
2024-12-05,main_normal_limbo,6,진힐라(하드),106000000
2024-12-05,main_normal_limbo,7,듄켈(하드),94400000
2024-12-05,main_normal_limbo,8,윌(하드),77100000
2024-12-05,main_normal_limbo,9,가디언엔젤슬라임(카오스),75100000
2024-12-05,main_normal_limbo,10,더스크(카오스),69800000
2024-12-05,main_normal_limbo,11,루시드(하드),62900000
2024-12-05,main_normal_limbo,12,데미안(하드),48900000
2024-12-12,main_normal_limbo,1,림보(노멀),1026000000
2024-12-12,main_normal_limbo,2,카링(노멀),678000000
2024-12-12,main_normal_limbo,3,스우(익스트림),574000000
2024-12-12,main_normal_limbo,4,감시자칼로스(노멀),505000000
2024-12-12,main_normal_limbo,5,선택받은세렌(하드),356000000
2024-12-12,main_normal_limbo,6,진힐라(하드),106000000
2024-12-12,main_normal_limbo,7,듄켈(하드),94400000
2024-12-12,main_normal_limbo,8,윌(하드),77100000
2024-12-12,main_normal_limbo,9,가디언엔젤슬라임(카오스),75100000
2024-12-12,main_normal_limbo,10,더스크(카오스),69800000
2024-12-12,main_normal_limbo,11,루시드(하드),62900000
2024-12-12,main_normal_limbo,12,데미안(하드),48900000
2024-12-19,main_normal_limbo,1,림보(노멀),1026000000
2024-12-19,main_normal_limbo,2,카링(노멀),678000000
2024-12-19,main_normal_limbo,3,스우(익스트림),574000000
2024-12-19,main_normal_limbo,4,감시자칼로스(노멀),505000000
2024-12-19,main_normal_limbo,5,선택받은세렌(하드),356000000
2024-12-19,main_normal_limbo,6,진힐라(하드),106000000
2024-12-19,main_normal_limbo,7,듄켈(하드),94400000
2024-12-19,main_normal_limbo,8,윌(하드),77100000
2024-12-19,main_normal_limbo,9,가디언엔젤슬라임(카오스),75100000
2024-12-19,main_normal_limbo,10,더스크(카오스),69800000
2024-12-19,main_normal_limbo,11,루시드(하드),62900000
2024-12-19,main_normal_limbo,12,데미안(하드),48900000
2024-12-26,main_normal_limbo,1,림보(노멀),1026000000
2024-12-26,main_normal_limbo,2,카링(노멀),678000000
2024-12-26,main_normal_limbo,3,스우(익스트림),574000000
2024-12-26,main_normal_limbo,4,감시자칼로스(노멀),505000000
2024-12-26,main_normal_limbo,5,선택받은세렌(하드),356000000
2024-12-26,main_normal_limbo,6,진힐라(하드),106000000
2024-12-26,main_normal_limbo,7,듄켈(하드),94400000
2024-12-26,main_normal_limbo,8,윌(하드),77100000
2024-12-26,main_normal_limbo,9,가디언엔젤슬라임(카오스),75100000
2024-12-26,main_normal_limbo,10,더스크(카오스),69800000
2024-12-26,main_normal_limbo,11,루시드(하드),62900000
2024-12-26,main_normal_limbo,12,데미안(하드),48900000
2025-01-02,main_normal_limbo,1,림보(노멀),1026000000
2025-01-02,main_normal_limbo,2,카링(노멀),678000000
2025-01-02,main_normal_limbo,3,스우(익스트림),574000000
2025-01-02,main_normal_limbo,4,감시자칼로스(노멀),505000000
2025-01-02,main_normal_limbo,5,선택받은세렌(하드),356000000
2025-01-02,main_normal_limbo,6,진힐라(하드),106000000
2025-01-02,main_normal_limbo,7,듄켈(하드),94400000
2025-01-02,main_normal_limbo,8,윌(하드),77100000
2025-01-02,main_normal_limbo,9,가디언엔젤슬라임(카오스),75100000
2025-01-02,main_normal_limbo,10,더스크(카오스),69800000
2025-01-02,main_normal_limbo,11,루시드(하드),62900000
2025-01-02,main_normal_limbo,12,데미안(하드),48900000
2025-01-09,main_normal_limbo,1,림보(노멀),1026000000
2025-01-09,main_normal_limbo,2,카링(노멀),678000000
2025-01-09,main_normal_limbo,3,스우(익스트림),574000000
2025-01-09,main_normal_limbo,4,감시자칼로스(노멀),505000000
2025-01-09,main_normal_limbo,5,선택받은세렌(하드),356000000
2025-01-09,main_normal_limbo,6,진힐라(하드),106000000
2025-01-09,main_normal_limbo,7,듄켈(하드),94400000
2025-01-09,main_normal_limbo,8,윌(하드),77100000
2025-01-09,main_normal_limbo,9,가디언엔젤슬라임(카오스),75100000
2025-01-09,main_normal_limbo,10,더스크(카오스),69800000
2025-01-09,main_normal_limbo,11,루시드(하드),62900000
2025-01-09,main_normal_limbo,12,데미안(하드),48900000
2025-01-16,main_normal_limbo,1,림보(노멀),1026000000
2025-01-16,main_normal_limbo,2,카링(노멀),678000000
2025-01-16,main_normal_limbo,3,스우(익스트림),574000000
2025-01-16,main_normal_limbo,4,감시자칼로스(노멀),505000000
2025-01-16,main_normal_limbo,5,선택받은세렌(하드),356000000
2025-01-16,main_normal_limbo,6,진힐라(하드),106000000
2025-01-16,main_normal_limbo,7,듄켈(하드),94400000
2025-01-16,main_normal_limbo,8,윌(하드),77100000
2025-01-16,main_normal_limbo,9,가디언엔젤슬라임(카오스),75100000
2025-01-16,main_normal_limbo,10,더스크(카오스),69800000
2025-01-16,main_normal_limbo,11,루시드(하드),62900000
2025-01-16,main_normal_limbo,12,데미안(하드),48900000
2025-01-23,main_normal_limbo,1,림보(노멀),1026000000
2025-01-23,main_normal_limbo,2,카링(노멀),678000000
2025-01-23,main_normal_limbo,3,스우(익스트림),574000000
2025-01-23,main_normal_limbo,4,감시자칼로스(노멀),505000000
2025-01-23,main_normal_limbo,5,선택받은세렌(하드),356000000
2025-01-23,main_normal_limbo,6,진힐라(하드),106000000
2025-01-23,main_normal_limbo,7,듄켈(하드),94400000
2025-01-23,main_normal_limbo,8,윌(하드),77100000
2025-01-23,main_normal_limbo,9,가디언엔젤슬라임(카오스),75100000
2025-01-23,main_normal_limbo,10,더스크(카오스),69800000
2025-01-23,main_normal_limbo,11,루시드(하드),62900000
2025-01-23,main_normal_limbo,12,데미안(하드),48900000
2025-01-30,main_normal_limbo,1,림보(노멀),1026000000
2025-01-30,main_normal_limbo,2,카링(노멀),678000000
2025-01-30,main_normal_limbo,3,스우(익스트림),574000000
2025-01-30,main_normal_limbo,4,감시자칼로스(노멀),505000000
2025-01-30,main_normal_limbo,5,선택받은세렌(하드),356000000
2025-01-30,main_normal_limbo,6,진힐라(하드),106000000
2025-01-30,main_normal_limbo,7,듄켈(하드),94400000
2025-01-30,main_normal_limbo,8,윌(하드),77100000
2025-01-30,main_normal_limbo,9,가디언엔젤슬라임(카오스),75100000
2025-01-30,main_normal_limbo,10,더스크(카오스),69800000
2025-01-30,main_normal_limbo,11,루시드(하드),62900000
2025-01-30,main_normal_limbo,12,데미안(하드),48900000
2025-02-06,main_normal_limbo,1,림보(노멀),1026000000
2025-02-06,main_normal_limbo,2,카링(노멀),678000000
2025-02-06,main_normal_limbo,3,스우(익스트림),574000000
2025-02-06,main_normal_limbo,4,감시자칼로스(노멀),505000000
2025-02-06,main_normal_limbo,5,선택받은세렌(하드),356000000
2025-02-06,main_normal_limbo,6,진힐라(하드),106000000
2025-02-06,main_normal_limbo,7,듄켈(하드),94400000
2025-02-06,main_normal_limbo,8,윌(하드),77100000
2025-02-06,main_normal_limbo,9,가디언엔젤슬라임(카오스),75100000
2025-02-06,main_normal_limbo,10,더스크(카오스),69800000
2025-02-06,main_normal_limbo,11,루시드(하드),62900000
2025-02-06,main_normal_limbo,12,데미안(하드),48900000
2025-02-13,main_normal_limbo,1,림보(노멀),1026000000
2025-02-13,main_normal_limbo,2,카링(노멀),678000000
2025-02-13,main_normal_limbo,3,스우(익스트림),574000000
2025-02-13,main_normal_limbo,4,감시자칼로스(노멀),505000000
2025-02-13,main_normal_limbo,5,선택받은세렌(하드),356000000
2025-02-13,main_normal_limbo,6,진힐라(하드),106000000
2025-02-13,main_normal_limbo,7,듄켈(하드),94400000
2025-02-13,main_normal_limbo,8,윌(하드),77100000
2025-02-13,main_normal_limbo,9,가디언엔젤슬라임(카오스),75100000
2025-02-13,main_normal_limbo,10,더스크(카오스),69800000
2025-02-13,main_normal_limbo,11,루시드(하드),62900000
2025-02-13,main_normal_limbo,12,데미안(하드),48900000
2025-02-20,main_normal_limbo,1,림보(노멀),1026000000
2025-02-20,main_normal_limbo,2,카링(노멀),678000000
2025-02-20,main_normal_limbo,3,스우(익스트림),574000000
2025-02-20,main_normal_limbo,4,감시자칼로스(노멀),505000000
2025-02-20,main_normal_limbo,5,선택받은세렌(하드),356000000
2025-02-20,main_normal_limbo,6,진힐라(하드),106000000
2025-02-20,main_normal_limbo,7,듄켈(하드),94400000
2025-02-20,main_normal_limbo,8,윌(하드),77100000
2025-02-20,main_normal_limbo,9,가디언엔젤슬라임(카오스),75100000
2025-02-20,main_normal_limbo,10,더스크(카오스),69800000
2025-02-20,main_normal_limbo,11,루시드(하드),62900000
2025-02-20,main_normal_limbo,12,데미안(하드),48900000
2025-02-27,main_normal_limbo,1,림보(노멀),1026000000
2025-02-27,main_normal_limbo,2,카링(노멀),678000000
2025-02-27,main_normal_limbo,3,스우(익스트림),574000000
2025-02-27,main_normal_limbo,4,감시자칼로스(노멀),505000000
2025-02-27,main_normal_limbo,5,선택받은세렌(하드),356000000
2025-02-27,main_normal_limbo,6,진힐라(하드),106000000
2025-02-27,main_normal_limbo,7,듄켈(하드),94400000
2025-02-27,main_normal_limbo,8,윌(하드),77100000
2025-02-27,main_normal_limbo,9,가디언엔젤슬라임(카오스),75100000
2025-02-27,main_normal_limbo,10,더스크(카오스),69800000
2025-02-27,main_normal_limbo,11,루시드(하드),62900000
2025-02-27,main_normal_limbo,12,데미안(하드),48900000
2025-03-06,main_normal_limbo,1,림보(노멀),1026000000
2025-03-06,main_normal_limbo,2,카링(노멀),678000000
2025-03-06,main_normal_limbo,3,스우(익스트림),574000000
2025-03-06,main_normal_limbo,4,감시자칼로스(노멀),505000000
2025-03-06,main_normal_limbo,5,선택받은세렌(하드),356000000
2025-03-06,main_normal_limbo,6,진힐라(하드),106000000
2025-03-06,main_normal_limbo,7,듄켈(하드),94400000
2025-03-06,main_normal_limbo,8,윌(하드),77100000
2025-03-06,main_normal_limbo,9,가디언엔젤슬라임(카오스),75100000
2025-03-06,main_normal_limbo,10,더스크(카오스),69800000
2025-03-06,main_normal_limbo,11,루시드(하드),62900000
2025-03-06,main_normal_limbo,12,데미안(하드),48900000
2025-03-13,main_normal_limbo,1,림보(노멀),1026000000
2025-03-13,main_normal_limbo,2,카링(노멀),678000000
2025-03-13,main_normal_limbo,3,스우(익스트림),574000000
2025-03-13,main_normal_limbo,4,감시자칼로스(노멀),505000000
2025-03-13,main_normal_limbo,5,선택받은세렌(하드),356000000
2025-03-13,main_normal_limbo,6,진힐라(하드),106000000
2025-03-13,main_normal_limbo,7,듄켈(하드),94400000
2025-03-13,main_normal_limbo,8,윌(하드),77100000
2025-03-13,main_normal_limbo,9,가디언엔젤슬라임(카오스),75100000
2025-03-13,main_normal_limbo,10,더스크(카오스),69800000
2025-03-13,main_normal_limbo,11,루시드(하드),62900000
2025-03-13,main_normal_limbo,12,데미안(하드),48900000
2025-03-20,main_normal_limbo,1,림보(노멀),1026000000
2025-03-20,main_normal_limbo,2,카링(노멀),678000000
2025-03-20,main_normal_limbo,3,스우(익스트림),574000000
2025-03-20,main_normal_limbo,4,감시자칼로스(노멀),505000000
2025-03-20,main_normal_limbo,5,선택받은세렌(하드),356000000
2025-03-20,main_normal_limbo,6,진힐라(하드),106000000
2025-03-20,main_normal_limbo,7,듄켈(하드),94400000
2025-03-20,main_normal_limbo,8,윌(하드),77100000
2025-03-20,main_normal_limbo,9,가디언엔젤슬라임(카오스),75100000
2025-03-20,main_normal_limbo,10,더스크(카오스),69800000
2025-03-20,main_normal_limbo,11,루시드(하드),62900000
2025-03-20,main_normal_limbo,12,데미안(하드),48900000
2025-03-27,main_normal_limbo,1,림보(노멀),1026000000
2025-03-27,main_normal_limbo,2,카링(노멀),678000000
2025-03-27,main_normal_limbo,3,스우(익스트림),574000000
2025-03-27,main_normal_limbo,4,감시자칼로스(노멀),505000000
2025-03-27,main_normal_limbo,5,선택받은세렌(하드),356000000
2025-03-27,main_normal_limbo,6,진힐라(하드),106000000
2025-03-27,main_normal_limbo,7,듄켈(하드),94400000
2025-03-27,main_normal_limbo,8,윌(하드),77100000
2025-03-27,main_normal_limbo,9,가디언엔젤슬라임(카오스),75100000
2025-03-27,main_normal_limbo,10,더스크(카오스),69800000
2025-03-27,main_normal_limbo,11,루시드(하드),62900000
2025-03-27,main_normal_limbo,12,데미안(하드),48900000
2025-04-03,main_normal_limbo,1,림보(노멀),1026000000
2025-04-03,main_normal_limbo,2,카링(노멀),678000000
2025-04-03,main_normal_limbo,3,스우(익스트림),574000000
2025-04-03,main_normal_limbo,4,감시자칼로스(노멀),505000000
2025-04-03,main_normal_limbo,5,선택받은세렌(하드),356000000
2025-04-03,main_normal_limbo,6,진힐라(하드),106000000
2025-04-03,main_normal_limbo,7,듄켈(하드),94400000
2025-04-03,main_normal_limbo,8,윌(하드),77100000
2025-04-03,main_normal_limbo,9,가디언엔젤슬라임(카오스),75100000
2025-04-03,main_normal_limbo,10,더스크(카오스),69800000
2025-04-03,main_normal_limbo,11,루시드(하드),62900000
2025-04-03,main_normal_limbo,12,데미안(하드),48900000
2025-04-10,main_normal_limbo,1,림보(노멀),1026000000
2025-04-10,main_normal_limbo,2,카링(노멀),678000000
2025-04-10,main_normal_limbo,3,스우(익스트림),574000000
2025-04-10,main_normal_limbo,4,감시자칼로스(노멀),505000000
2025-04-10,main_normal_limbo,5,선택받은세렌(하드),356000000
2025-04-10,main_normal_limbo,6,진힐라(하드),106000000
2025-04-10,main_normal_limbo,7,듄켈(하드),94400000
2025-04-10,main_normal_limbo,8,윌(하드),77100000
2025-04-10,main_normal_limbo,9,가디언엔젤슬라임(카오스),75100000
2025-04-10,main_normal_limbo,10,더스크(카오스),69800000
2025-04-10,main_normal_limbo,11,루시드(하드),62900000
2025-04-10,main_normal_limbo,12,데미안(하드),48900000
2025-04-17,main_normal_limbo,1,림보(노멀),1026000000
2025-04-17,main_normal_limbo,2,카링(노멀),678000000
2025-04-17,main_normal_limbo,3,스우(익스트림),574000000
2025-04-17,main_normal_limbo,4,감시자칼로스(노멀),505000000
2025-04-17,main_normal_limbo,5,선택받은세렌(하드),356000000
2025-04-17,main_normal_limbo,6,진힐라(하드),106000000
2025-04-17,main_normal_limbo,7,듄켈(하드),94400000
2025-04-17,main_normal_limbo,8,윌(하드),77100000
2025-04-17,main_normal_limbo,9,가디언엔젤슬라임(카오스),75100000
2025-04-17,main_normal_limbo,10,더스크(카오스),69800000
2025-04-17,main_normal_limbo,11,루시드(하드),62900000
2025-04-17,main_normal_limbo,12,데미안(하드),48900000
2025-04-24,main_normal_limbo,1,림보(노멀),1026000000
2025-04-24,main_normal_limbo,2,카링(노멀),678000000
2025-04-24,main_normal_limbo,3,스우(익스트림),574000000
2025-04-24,main_normal_limbo,4,감시자칼로스(노멀),505000000
2025-04-24,main_normal_limbo,5,선택받은세렌(하드),356000000
2025-04-24,main_normal_limbo,6,진힐라(하드),106000000
2025-04-24,main_normal_limbo,7,듄켈(하드),94400000
2025-04-24,main_normal_limbo,8,윌(하드),77100000
2025-04-24,main_normal_limbo,9,가디언엔젤슬라임(카오스),75100000
2025-04-24,main_normal_limbo,10,더스크(카오스),69800000
2025-04-24,main_normal_limbo,11,루시드(하드),62900000
2025-04-24,main_normal_limbo,12,데미안(하드),48900000
2025-05-01,main_normal_limbo,1,림보(노멀),1026000000
2025-05-01,main_normal_limbo,2,카링(노멀),678000000
2025-05-01,main_normal_limbo,3,스우(익스트림),574000000
2025-05-01,main_normal_limbo,4,감시자칼로스(노멀),505000000
2025-05-01,main_normal_limbo,5,선택받은세렌(하드),356000000
2025-05-01,main_normal_limbo,6,진힐라(하드),106000000
2025-05-01,main_normal_limbo,7,듄켈(하드),94400000
2025-05-01,main_normal_limbo,8,윌(하드),77100000
2025-05-01,main_normal_limbo,9,가디언엔젤슬라임(카오스),75100000
2025-05-01,main_normal_limbo,10,더스크(카오스),69800000
2025-05-01,main_normal_limbo,11,루시드(하드),62900000
2025-05-01,main_normal_limbo,12,데미안(하드),48900000
2025-05-08,main_normal_limbo,1,림보(노멀),1026000000
2025-05-08,main_normal_limbo,2,카링(노멀),678000000
2025-05-08,main_normal_limbo,3,스우(익스트림),574000000
2025-05-08,main_normal_limbo,4,감시자칼로스(노멀),505000000
2025-05-08,main_normal_limbo,5,선택받은세렌(하드),356000000
2025-05-08,main_normal_limbo,6,진힐라(하드),106000000
2025-05-08,main_normal_limbo,7,듄켈(하드),94400000
2025-05-08,main_normal_limbo,8,윌(하드),77100000
2025-05-08,main_normal_limbo,9,가디언엔젤슬라임(카오스),75100000
2025-05-08,main_normal_limbo,10,더스크(카오스),69800000
2025-05-08,main_normal_limbo,11,루시드(하드),62900000
2025-05-08,main_normal_limbo,12,데미안(하드),48900000
2025-05-15,main_normal_limbo,1,림보(노멀),1026000000
2025-05-15,main_normal_limbo,2,카링(노멀),678000000
2025-05-15,main_normal_limbo,3,스우(익스트림),574000000
2025-05-15,main_normal_limbo,4,감시자칼로스(노멀),505000000
2025-05-15,main_normal_limbo,5,선택받은세렌(하드),356000000
2025-05-15,main_normal_limbo,6,진힐라(하드),106000000
2025-05-15,main_normal_limbo,7,듄켈(하드),94400000
2025-05-15,main_normal_limbo,8,윌(하드),77100000
2025-05-15,main_normal_limbo,9,가디언엔젤슬라임(카오스),75100000
2025-05-15,main_normal_limbo,10,더스크(카오스),69800000
2025-05-15,main_normal_limbo,11,루시드(하드),62900000
2025-05-15,main_normal_limbo,12,데미안(하드),48900000
2025-05-22,main_normal_limbo,1,림보(노멀),1026000000
2025-05-22,main_normal_limbo,2,카링(노멀),678000000
2025-05-22,main_normal_limbo,3,스우(익스트림),574000000
2025-05-22,main_normal_limbo,4,감시자칼로스(노멀),505000000
2025-05-22,main_normal_limbo,5,선택받은세렌(하드),356000000
2025-05-22,main_normal_limbo,6,진힐라(하드),106000000
2025-05-22,main_normal_limbo,7,듄켈(하드),94400000
2025-05-22,main_normal_limbo,8,윌(하드),77100000
2025-05-22,main_normal_limbo,9,가디언엔젤슬라임(카오스),75100000
2025-05-22,main_normal_limbo,10,더스크(카오스),69800000
2025-05-22,main_normal_limbo,11,루시드(하드),62900000
2025-05-22,main_normal_limbo,12,데미안(하드),48900000
2025-05-29,main_normal_limbo,1,림보(노멀),1026000000
2025-05-29,main_normal_limbo,2,카링(노멀),678000000
2025-05-29,main_normal_limbo,3,스우(익스트림),574000000
2025-05-29,main_normal_limbo,4,감시자칼로스(노멀),505000000
2025-05-29,main_normal_limbo,5,선택받은세렌(하드),356000000
2025-05-29,main_normal_limbo,6,진힐라(하드),106000000
2025-05-29,main_normal_limbo,7,듄켈(하드),94400000
2025-05-29,main_normal_limbo,8,윌(하드),77100000
2025-05-29,main_normal_limbo,9,가디언엔젤슬라임(카오스),75100000
2025-05-29,main_normal_limbo,10,더스크(카오스),69800000
2025-05-29,main_normal_limbo,11,루시드(하드),62900000
2025-05-29,main_normal_limbo,12,데미안(하드),48900000
2025-06-05,main_normal_limbo,1,림보(노멀),1026000000
2025-06-05,main_normal_limbo,2,카링(노멀),678000000
2025-06-05,main_normal_limbo,3,스우(익스트림),574000000
2025-06-05,main_normal_limbo,4,감시자칼로스(노멀),505000000
2025-06-05,main_normal_limbo,5,선택받은세렌(하드),356000000
2025-06-05,main_normal_limbo,6,진힐라(하드),106000000
2025-06-05,main_normal_limbo,7,듄켈(하드),94400000
2025-06-05,main_normal_limbo,8,윌(하드),77100000
2025-06-05,main_normal_limbo,9,가디언엔젤슬라임(카오스),75100000
2025-06-05,main_normal_limbo,10,더스크(카오스),69800000
2025-06-05,main_normal_limbo,11,루시드(하드),62900000
2025-06-05,main_normal_limbo,12,데미안(하드),48900000
2025-06-12,main_normal_limbo,1,림보(노멀),1026000000
2025-06-12,main_normal_limbo,2,카링(노멀),678000000
2025-06-12,main_normal_limbo,3,스우(익스트림),574000000
2025-06-12,main_normal_limbo,4,감시자칼로스(노멀),505000000
2025-06-12,main_normal_limbo,5,선택받은세렌(하드),356000000
2025-06-12,main_normal_limbo,6,진힐라(하드),106000000
2025-06-12,main_normal_limbo,7,듄켈(하드),94400000
2025-06-12,main_normal_limbo,8,윌(하드),77100000
2025-06-12,main_normal_limbo,9,가디언엔젤슬라임(카오스),75100000
2025-06-12,main_normal_limbo,10,더스크(카오스),69800000
2025-06-12,main_normal_limbo,11,루시드(하드),62900000
2025-06-12,main_normal_limbo,12,데미안(하드),48900000
2025-06-19,main_normal_limbo,1,림보(노멀),1026000000
2025-06-19,main_normal_limbo,2,카링(노멀),678000000
2025-06-19,main_normal_limbo,3,스우(익스트림),574000000
2025-06-19,main_normal_limbo,4,감시자칼로스(노멀),505000000
2025-06-19,main_normal_limbo,5,선택받은세렌(하드),356000000
2025-06-19,main_normal_limbo,6,진힐라(하드),106000000
2025-06-19,main_normal_limbo,7,듄켈(하드),94400000
2025-06-19,main_normal_limbo,8,윌(하드),77100000
2025-06-19,main_normal_limbo,9,가디언엔젤슬라임(카오스),75100000
2025-06-19,main_normal_limbo,10,더스크(카오스),69800000
2025-06-19,main_normal_limbo,11,루시드(하드),62900000
2025-06-19,main_normal_limbo,12,데미안(하드),48900000
2025-06-26,main_normal_limbo,1,림보(노멀),1026000000
2025-06-26,main_normal_limbo,2,카링(노멀),678000000
2025-06-26,main_normal_limbo,3,스우(익스트림),574000000
2025-06-26,main_normal_limbo,4,감시자칼로스(노멀),505000000
2025-06-26,main_normal_limbo,5,선택받은세렌(하드),356000000
2025-06-26,main_normal_limbo,6,진힐라(하드),106000000
2025-06-26,main_normal_limbo,7,듄켈(하드),94400000
2025-06-26,main_normal_limbo,8,윌(하드),77100000
2025-06-26,main_normal_limbo,9,가디언엔젤슬라임(카오스),75100000
2025-06-26,main_normal_limbo,10,더스크(카오스),69800000
2025-06-26,main_normal_limbo,11,루시드(하드),62900000
2025-06-26,main_normal_limbo,12,데미안(하드),48900000
2025-07-03,main_normal_limbo,1,림보(노멀),1026000000
2025-07-03,main_normal_limbo,2,카링(노멀),678000000
2025-07-03,main_normal_limbo,3,스우(익스트림),574000000
2025-07-03,main_normal_limbo,4,감시자칼로스(노멀),505000000
2025-07-03,main_normal_limbo,5,선택받은세렌(하드),356000000
2025-07-03,main_normal_limbo,6,진힐라(하드),106000000
2025-07-03,main_normal_limbo,7,듄켈(하드),94400000
2025-07-03,main_normal_limbo,8,윌(하드),77100000
2025-07-03,main_normal_limbo,9,가디언엔젤슬라임(카오스),75100000
2025-07-03,main_normal_limbo,10,더스크(카오스),69800000
2025-07-03,main_normal_limbo,11,루시드(하드),62900000
2025-07-03,main_normal_limbo,12,데미안(하드),48900000
2025-07-10,main_normal_limbo,1,림보(노멀),1026000000
2025-07-10,main_normal_limbo,2,카링(노멀),678000000
2025-07-10,main_normal_limbo,3,스우(익스트림),574000000
2025-07-10,main_normal_limbo,4,감시자칼로스(노멀),505000000
2025-07-10,main_normal_limbo,5,선택받은세렌(하드),356000000
2025-07-10,main_normal_limbo,6,진힐라(하드),106000000
2025-07-10,main_normal_limbo,7,듄켈(하드),94400000
2025-07-10,main_normal_limbo,8,윌(하드),77100000
2025-07-10,main_normal_limbo,9,가디언엔젤슬라임(카오스),75100000
2025-07-10,main_normal_limbo,10,더스크(카오스),69800000
2025-07-10,main_normal_limbo,11,루시드(하드),62900000
2025-07-10,main_normal_limbo,12,데미안(하드),48900000
2025-07-17,main_normal_limbo,1,림보(노멀),1026000000
2025-07-17,main_normal_limbo,2,카링(노멀),678000000
2025-07-17,main_normal_limbo,3,스우(익스트림),574000000
2025-07-17,main_normal_limbo,4,감시자칼로스(노멀),505000000
2025-07-17,main_normal_limbo,5,선택받은세렌(하드),356000000
2025-07-17,main_normal_limbo,6,진힐라(하드),106000000
2025-07-17,main_normal_limbo,7,듄켈(하드),94400000
2025-07-17,main_normal_limbo,8,윌(하드),77100000
2025-07-17,main_normal_limbo,9,가디언엔젤슬라임(카오스),75100000
2025-07-17,main_normal_limbo,10,더스크(카오스),69800000
2025-07-17,main_normal_limbo,11,루시드(하드),62900000
2025-07-17,main_normal_limbo,12,데미안(하드),48900000
2025-07-24,main_normal_limbo,1,림보(노멀),1026000000
2025-07-24,main_normal_limbo,2,카링(노멀),678000000
2025-07-24,main_normal_limbo,3,스우(익스트림),574000000
2025-07-24,main_normal_limbo,4,감시자칼로스(노멀),505000000
2025-07-24,main_normal_limbo,5,선택받은세렌(하드),356000000
2025-07-24,main_normal_limbo,6,진힐라(하드),106000000
2025-07-24,main_normal_limbo,7,듄켈(하드),94400000
2025-07-24,main_normal_limbo,8,윌(하드),77100000
2025-07-24,main_normal_limbo,9,가디언엔젤슬라임(카오스),75100000
2025-07-24,main_normal_limbo,10,더스크(카오스),69800000
2025-07-24,main_normal_limbo,11,루시드(하드),62900000
2025-07-24,main_normal_limbo,12,데미안(하드),48900000
2025-07-31,main_normal_limbo,1,림보(노멀),1026000000
2025-07-31,main_normal_limbo,2,카링(노멀),678000000
2025-07-31,main_normal_limbo,3,스우(익스트림),574000000
2025-07-31,main_normal_limbo,4,감시자칼로스(노멀),505000000
2025-07-31,main_normal_limbo,5,선택받은세렌(하드),356000000
2025-07-31,main_normal_limbo,6,진힐라(하드),106000000
2025-07-31,main_normal_limbo,7,듄켈(하드),94400000
2025-07-31,main_normal_limbo,8,윌(하드),77100000
2025-07-31,main_normal_limbo,9,가디언엔젤슬라임(카오스),75100000
2025-07-31,main_normal_limbo,10,더스크(카오스),69800000
2025-07-31,main_normal_limbo,11,루시드(하드),62900000
2025-07-31,main_normal_limbo,12,데미안(하드),48900000
2025-08-07,main_normal_limbo,1,림보(노멀),1026000000
2025-08-07,main_normal_limbo,2,카링(노멀),678000000
2025-08-07,main_normal_limbo,3,스우(익스트림),574000000
2025-08-07,main_normal_limbo,4,감시자칼로스(노멀),505000000
2025-08-07,main_normal_limbo,5,선택받은세렌(하드),356000000
2025-08-07,main_normal_limbo,6,진힐라(하드),106000000
2025-08-07,main_normal_limbo,7,듄켈(하드),94400000
2025-08-07,main_normal_limbo,8,윌(하드),77100000
2025-08-07,main_normal_limbo,9,가디언엔젤슬라임(카오스),75100000
2025-08-07,main_normal_limbo,10,더스크(카오스),69800000
2025-08-07,main_normal_limbo,11,루시드(하드),62900000
2025-08-07,main_normal_limbo,12,데미안(하드),48900000
2025-08-14,main_normal_limbo,1,림보(노멀),1026000000
2025-08-14,main_normal_limbo,2,카링(노멀),678000000
2025-08-14,main_normal_limbo,3,스우(익스트림),574000000
2025-08-14,main_normal_limbo,4,감시자칼로스(노멀),505000000
2025-08-14,main_normal_limbo,5,선택받은세렌(하드),356000000
2025-08-14,main_normal_limbo,6,진힐라(하드),106000000
2025-08-14,main_normal_limbo,7,듄켈(하드),94400000
2025-08-14,main_normal_limbo,8,윌(하드),77100000
2025-08-14,main_normal_limbo,9,가디언엔젤슬라임(카오스),75100000
2025-08-14,main_normal_limbo,10,더스크(카오스),69800000
2025-08-14,main_normal_limbo,11,루시드(하드),62900000
2025-08-14,main_normal_limbo,12,데미안(하드),48900000
2025-08-21,main_normal_limbo,1,림보(노멀),1026000000
2025-08-21,main_normal_limbo,2,카링(노멀),678000000
2025-08-21,main_normal_limbo,3,스우(익스트림),574000000
2025-08-21,main_normal_limbo,4,최초의대적자(노멀),560000000
2025-08-21,main_normal_limbo,5,감시자칼로스(노멀),505000000
2025-08-21,main_normal_limbo,6,선택받은세렌(하드),356000000
2025-08-21,main_normal_limbo,7,진힐라(하드),106000000
2025-08-21,main_normal_limbo,8,듄켈(하드),94400000
2025-08-21,main_normal_limbo,9,윌(하드),77100000
2025-08-21,main_normal_limbo,10,가디언엔젤슬라임(카오스),75100000
2025-08-21,main_normal_limbo,11,더스크(카오스),69800000
2025-08-21,main_normal_limbo,12,루시드(하드),62900000
2025-08-28,main_normal_limbo,1,림보(노멀),1026000000
2025-08-28,main_normal_limbo,2,카링(노멀),678000000
2025-08-28,main_normal_limbo,3,스우(익스트림),574000000
2025-08-28,main_normal_limbo,4,최초의대적자(노멀),560000000
2025-08-28,main_normal_limbo,5,감시자칼로스(노멀),505000000
2025-08-28,main_normal_limbo,6,선택받은세렌(하드),356000000
2025-08-28,main_normal_limbo,7,진힐라(하드),106000000
2025-08-28,main_normal_limbo,8,듄켈(하드),94400000
2025-08-28,main_normal_limbo,9,윌(하드),77100000
2025-08-28,main_normal_limbo,10,가디언엔젤슬라임(카오스),75100000
2025-08-28,main_normal_limbo,11,더스크(카오스),69800000
2025-08-28,main_normal_limbo,12,루시드(하드),62900000
2025-09-04,main_normal_limbo,1,림보(노멀),1026000000
2025-09-04,main_normal_limbo,2,카링(노멀),678000000
2025-09-04,main_normal_limbo,3,스우(익스트림),574000000
2025-09-04,main_normal_limbo,4,최초의대적자(노멀),560000000
2025-09-04,main_normal_limbo,5,감시자칼로스(노멀),505000000
2025-09-04,main_normal_limbo,6,선택받은세렌(하드),356000000
2025-09-04,main_normal_limbo,7,진힐라(하드),106000000
2025-09-04,main_normal_limbo,8,듄켈(하드),94400000
2025-09-04,main_normal_limbo,9,윌(하드),77100000
2025-09-04,main_normal_limbo,10,가디언엔젤슬라임(카오스),75100000
2025-09-04,main_normal_limbo,11,더스크(카오스),69800000
2025-09-04,main_normal_limbo,12,루시드(하드),62900000
2025-09-11,main_normal_limbo,1,림보(노멀),1026000000
2025-09-11,main_normal_limbo,2,카링(노멀),678000000
2025-09-11,main_normal_limbo,3,스우(익스트림),574000000
2025-09-11,main_normal_limbo,4,최초의대적자(노멀),560000000
2025-09-11,main_normal_limbo,5,감시자칼로스(노멀),505000000
2025-09-11,main_normal_limbo,6,선택받은세렌(하드),356000000
2025-09-11,main_normal_limbo,7,진힐라(하드),106000000
2025-09-11,main_normal_limbo,8,듄켈(하드),94400000
2025-09-11,main_normal_limbo,9,윌(하드),77100000
2025-09-11,main_normal_limbo,10,가디언엔젤슬라임(카오스),75100000
2025-09-11,main_normal_limbo,11,더스크(카오스),69800000
2025-09-11,main_normal_limbo,12,루시드(하드),62900000
2025-09-18,main_normal_limbo,1,림보(노멀),1026000000
2025-09-18,main_normal_limbo,2,카링(노멀),678000000
2025-09-18,main_normal_limbo,3,스우(익스트림),574000000
2025-09-18,main_normal_limbo,4,최초의대적자(노멀),560000000
2025-09-18,main_normal_limbo,5,감시자칼로스(노멀),505000000
2025-09-18,main_normal_limbo,6,선택받은세렌(하드),356000000
2025-09-18,main_normal_limbo,7,진힐라(하드),106000000
2025-09-18,main_normal_limbo,8,듄켈(하드),94400000
2025-09-18,main_normal_limbo,9,윌(하드),77100000
2025-09-18,main_normal_limbo,10,가디언엔젤슬라임(카오스),75100000
2025-09-18,main_normal_limbo,11,더스크(카오스),69800000
2025-09-18,main_normal_limbo,12,루시드(하드),62900000
2025-09-25,main_normal_limbo,1,림보(노멀),1026000000
2025-09-25,main_normal_limbo,2,카링(노멀),678000000
2025-09-25,main_normal_limbo,3,스우(익스트림),574000000
2025-09-25,main_normal_limbo,4,최초의대적자(노멀),560000000
2025-09-25,main_normal_limbo,5,감시자칼로스(노멀),505000000
2025-09-25,main_normal_limbo,6,선택받은세렌(하드),356000000
2025-09-25,main_normal_limbo,7,진힐라(하드),106000000
2025-09-25,main_normal_limbo,8,듄켈(하드),94400000
2025-09-25,main_normal_limbo,9,윌(하드),77100000
2025-09-25,main_normal_limbo,10,가디언엔젤슬라임(카오스),75100000
2025-09-25,main_normal_limbo,11,더스크(카오스),69800000
2025-09-25,main_normal_limbo,12,루시드(하드),62900000
2025-10-02,main_normal_limbo,1,림보(노멀),1026000000
2025-10-02,main_normal_limbo,2,카링(노멀),678000000
2025-10-02,main_normal_limbo,3,스우(익스트림),574000000
2025-10-02,main_normal_limbo,4,최초의대적자(노멀),560000000
2025-10-02,main_normal_limbo,5,감시자칼로스(노멀),505000000
2025-10-02,main_normal_limbo,6,선택받은세렌(하드),356000000
2025-10-02,main_normal_limbo,7,진힐라(하드),106000000
2025-10-02,main_normal_limbo,8,듄켈(하드),94400000
2025-10-02,main_normal_limbo,9,윌(하드),77100000
2025-10-02,main_normal_limbo,10,가디언엔젤슬라임(카오스),75100000
2025-10-02,main_normal_limbo,11,더스크(카오스),69800000
2025-10-02,main_normal_limbo,12,루시드(하드),62900000
2025-10-09,main_normal_limbo,1,림보(노멀),1026000000
2025-10-09,main_normal_limbo,2,카링(노멀),678000000
2025-10-09,main_normal_limbo,3,스우(익스트림),574000000
2025-10-09,main_normal_limbo,4,최초의대적자(노멀),560000000
2025-10-09,main_normal_limbo,5,감시자칼로스(노멀),505000000
2025-10-09,main_normal_limbo,6,선택받은세렌(하드),356000000
2025-10-09,main_normal_limbo,7,진힐라(하드),106000000
2025-10-09,main_normal_limbo,8,듄켈(하드),94400000
2025-10-09,main_normal_limbo,9,윌(하드),77100000
2025-10-09,main_normal_limbo,10,가디언엔젤슬라임(카오스),75100000
2025-10-09,main_normal_limbo,11,더스크(카오스),69800000
2025-10-09,main_normal_limbo,12,루시드(하드),62900000
2025-10-16,main_normal_limbo,1,림보(노멀),1026000000
2025-10-16,main_normal_limbo,2,카링(노멀),678000000
2025-10-16,main_normal_limbo,3,스우(익스트림),574000000
2025-10-16,main_normal_limbo,4,최초의대적자(노멀),560000000
2025-10-16,main_normal_limbo,5,감시자칼로스(노멀),505000000
2025-10-16,main_normal_limbo,6,선택받은세렌(하드),356000000
2025-10-16,main_normal_limbo,7,진힐라(하드),106000000
2025-10-16,main_normal_limbo,8,듄켈(하드),94400000
2025-10-16,main_normal_limbo,9,윌(하드),77100000
2025-10-16,main_normal_limbo,10,가디언엔젤슬라임(카오스),75100000
2025-10-16,main_normal_limbo,11,더스크(카오스),69800000
2025-10-16,main_normal_limbo,12,루시드(하드),62900000
2025-10-23,main_normal_limbo,1,림보(노멀),1026000000
2025-10-23,main_normal_limbo,2,카링(노멀),678000000
2025-10-23,main_normal_limbo,3,스우(익스트림),574000000
2025-10-23,main_normal_limbo,4,최초의대적자(노멀),560000000
2025-10-23,main_normal_limbo,5,감시자칼로스(노멀),505000000
2025-10-23,main_normal_limbo,6,선택받은세렌(하드),356000000
2025-10-23,main_normal_limbo,7,진힐라(하드),106000000
2025-10-23,main_normal_limbo,8,듄켈(하드),94400000
2025-10-23,main_normal_limbo,9,윌(하드),77100000
2025-10-23,main_normal_limbo,10,가디언엔젤슬라임(카오스),75100000
2025-10-23,main_normal_limbo,11,더스크(카오스),69800000
2025-10-23,main_normal_limbo,12,루시드(하드),62900000
2025-10-30,main_normal_limbo,1,림보(노멀),1026000000
2025-10-30,main_normal_limbo,2,카링(노멀),678000000
2025-10-30,main_normal_limbo,3,스우(익스트림),574000000
2025-10-30,main_normal_limbo,4,최초의대적자(노멀),560000000
2025-10-30,main_normal_limbo,5,감시자칼로스(노멀),505000000
2025-10-30,main_normal_limbo,6,선택받은세렌(하드),356000000
2025-10-30,main_normal_limbo,7,진힐라(하드),106000000
2025-10-30,main_normal_limbo,8,듄켈(하드),94400000
2025-10-30,main_normal_limbo,9,윌(하드),77100000
2025-10-30,main_normal_limbo,10,가디언엔젤슬라임(카오스),75100000
2025-10-30,main_normal_limbo,11,더스크(카오스),69800000
2025-10-30,main_normal_limbo,12,루시드(하드),62900000
2025-11-06,main_normal_limbo,1,림보(노멀),1026000000
2025-11-06,main_normal_limbo,2,카링(노멀),678000000
2025-11-06,main_normal_limbo,3,스우(익스트림),574000000
2025-11-06,main_normal_limbo,4,최초의대적자(노멀),560000000
2025-11-06,main_normal_limbo,5,감시자칼로스(노멀),505000000
2025-11-06,main_normal_limbo,6,선택받은세렌(하드),356000000
2025-11-06,main_normal_limbo,7,진힐라(하드),106000000
2025-11-06,main_normal_limbo,8,듄켈(하드),94400000
2025-11-06,main_normal_limbo,9,윌(하드),77100000
2025-11-06,main_normal_limbo,10,가디언엔젤슬라임(카오스),75100000
2025-11-06,main_normal_limbo,11,더스크(카오스),69800000
2025-11-06,main_normal_limbo,12,루시드(하드),62900000
2025-11-13,main_normal_limbo,1,림보(노멀),1026000000
2025-11-13,main_normal_limbo,2,카링(노멀),678000000
2025-11-13,main_normal_limbo,3,스우(익스트림),574000000
2025-11-13,main_normal_limbo,4,최초의대적자(노멀),560000000
2025-11-13,main_normal_limbo,5,감시자칼로스(노멀),505000000
2025-11-13,main_normal_limbo,6,선택받은세렌(하드),356000000
2025-11-13,main_normal_limbo,7,진힐라(하드),106000000
2025-11-13,main_normal_limbo,8,듄켈(하드),94400000
2025-11-13,main_normal_limbo,9,윌(하드),77100000
2025-11-13,main_normal_limbo,10,가디언엔젤슬라임(카오스),75100000
2025-11-13,main_normal_limbo,11,더스크(카오스),69800000
2025-11-13,main_normal_limbo,12,루시드(하드),62900000
2025-11-20,main_normal_limbo,1,림보(노멀),1026000000
2025-11-20,main_normal_limbo,2,카링(노멀),678000000
2025-11-20,main_normal_limbo,3,스우(익스트림),574000000
2025-11-20,main_normal_limbo,4,최초의대적자(노멀),560000000
2025-11-20,main_normal_limbo,5,감시자칼로스(노멀),505000000
2025-11-20,main_normal_limbo,6,선택받은세렌(하드),356000000
2025-11-20,main_normal_limbo,7,진힐라(하드),106000000
2025-11-20,main_normal_limbo,8,듄켈(하드),94400000
2025-11-20,main_normal_limbo,9,윌(하드),77100000
2025-11-20,main_normal_limbo,10,가디언엔젤슬라임(카오스),75100000
2025-11-20,main_normal_limbo,11,더스크(카오스),69800000
2025-11-20,main_normal_limbo,12,루시드(하드),62900000
2025-11-27,main_normal_limbo,1,림보(노멀),1026000000
2025-11-27,main_normal_limbo,2,카링(노멀),678000000
2025-11-27,main_normal_limbo,3,스우(익스트림),574000000
2025-11-27,main_normal_limbo,4,최초의대적자(노멀),560000000
2025-11-27,main_normal_limbo,5,감시자칼로스(노멀),505000000
2025-11-27,main_normal_limbo,6,선택받은세렌(하드),356000000
2025-11-27,main_normal_limbo,7,진힐라(하드),106000000
2025-11-27,main_normal_limbo,8,듄켈(하드),94400000
2025-11-27,main_normal_limbo,9,윌(하드),77100000
2025-11-27,main_normal_limbo,10,가디언엔젤슬라임(카오스),75100000
2025-11-27,main_normal_limbo,11,더스크(카오스),69800000
2025-11-27,main_normal_limbo,12,루시드(하드),62900000
2025-12-04,main_normal_limbo,1,림보(노멀),1026000000
2025-12-04,main_normal_limbo,2,카링(노멀),678000000
2025-12-04,main_normal_limbo,3,스우(익스트림),574000000
2025-12-04,main_normal_limbo,4,최초의대적자(노멀),560000000
2025-12-04,main_normal_limbo,5,감시자칼로스(노멀),505000000
2025-12-04,main_normal_limbo,6,선택받은세렌(하드),356000000
2025-12-04,main_normal_limbo,7,진힐라(하드),106000000
2025-12-04,main_normal_limbo,8,듄켈(하드),94400000
2025-12-04,main_normal_limbo,9,윌(하드),77100000
2025-12-04,main_normal_limbo,10,가디언엔젤슬라임(카오스),75100000
2025-12-04,main_normal_limbo,11,더스크(카오스),69800000
2025-12-04,main_normal_limbo,12,루시드(하드),62900000
2025-12-11,main_normal_limbo,1,림보(노멀),1026000000
2025-12-11,main_normal_limbo,2,카링(노멀),678000000
2025-12-11,main_normal_limbo,3,스우(익스트림),574000000
2025-12-11,main_normal_limbo,4,최초의대적자(노멀),560000000
2025-12-11,main_normal_limbo,5,감시자칼로스(노멀),505000000
2025-12-11,main_normal_limbo,6,선택받은세렌(하드),356000000
2025-12-11,main_normal_limbo,7,진힐라(하드),106000000
2025-12-11,main_normal_limbo,8,듄켈(하드),94400000
2025-12-11,main_normal_limbo,9,윌(하드),77100000
2025-12-11,main_normal_limbo,10,가디언엔젤슬라임(카오스),75100000
2025-12-11,main_normal_limbo,11,더스크(카오스),69800000
2025-12-11,main_normal_limbo,12,루시드(하드),62900000
2025-12-18,main_normal_limbo,1,림보(노멀),1026000000
2025-12-18,main_normal_limbo,2,카링(노멀),678000000
2025-12-18,main_normal_limbo,3,스우(익스트림),574000000
2025-12-18,main_normal_limbo,4,최초의대적자(노멀),560000000
2025-12-18,main_normal_limbo,5,감시자칼로스(노멀),505000000
2025-12-18,main_normal_limbo,6,선택받은세렌(하드),356000000
2025-12-18,main_normal_limbo,7,진힐라(하드),106000000
2025-12-18,main_normal_limbo,8,듄켈(하드),94400000
2025-12-18,main_normal_limbo,9,윌(하드),77100000
2025-12-18,main_normal_limbo,10,가디언엔젤슬라임(카오스),75100000
2025-12-18,main_normal_limbo,11,더스크(카오스),69800000
2025-12-18,main_normal_limbo,12,루시드(하드),62900000
2025-12-25,main_normal_limbo,1,림보(노멀),1026000000
2025-12-25,main_normal_limbo,2,카링(노멀),678000000
2025-12-25,main_normal_limbo,3,스우(익스트림),574000000
2025-12-25,main_normal_limbo,4,최초의대적자(노멀),560000000
2025-12-25,main_normal_limbo,5,감시자칼로스(노멀),505000000
2025-12-25,main_normal_limbo,6,선택받은세렌(하드),356000000
2025-12-25,main_normal_limbo,7,진힐라(하드),106000000
2025-12-25,main_normal_limbo,8,듄켈(하드),94400000
2025-12-25,main_normal_limbo,9,윌(하드),77100000
2025-12-25,main_normal_limbo,10,가디언엔젤슬라임(카오스),75100000
2025-12-25,main_normal_limbo,11,더스크(카오스),69800000
2025-12-25,main_normal_limbo,12,루시드(하드),62900000
2026-01-01,main_normal_limbo,1,림보(노멀),1026000000
2026-01-01,main_normal_limbo,2,카링(노멀),678000000
2026-01-01,main_normal_limbo,3,스우(익스트림),574000000
2026-01-01,main_normal_limbo,4,최초의대적자(노멀),560000000
2026-01-01,main_normal_limbo,5,감시자칼로스(노멀),505000000
2026-01-01,main_normal_limbo,6,선택받은세렌(하드),356000000
2026-01-01,main_normal_limbo,7,진힐라(하드),106000000
2026-01-01,main_normal_limbo,8,듄켈(하드),94400000
2026-01-01,main_normal_limbo,9,윌(하드),77100000
2026-01-01,main_normal_limbo,10,가디언엔젤슬라임(카오스),75100000
2026-01-01,main_normal_limbo,11,더스크(카오스),69800000
2026-01-01,main_normal_limbo,12,루시드(하드),62900000
2026-01-08,main_normal_limbo,1,림보(노멀),1026000000
2026-01-08,main_normal_limbo,2,카링(노멀),678000000
2026-01-08,main_normal_limbo,3,스우(익스트림),574000000
2026-01-08,main_normal_limbo,4,최초의대적자(노멀),560000000
2026-01-08,main_normal_limbo,5,감시자칼로스(노멀),505000000
2026-01-08,main_normal_limbo,6,선택받은세렌(하드),356000000
2026-01-08,main_normal_limbo,7,진힐라(하드),106000000
2026-01-08,main_normal_limbo,8,듄켈(하드),94400000
2026-01-08,main_normal_limbo,9,윌(하드),77100000
2026-01-08,main_normal_limbo,10,가디언엔젤슬라임(카오스),75100000
2026-01-08,main_normal_limbo,11,더스크(카오스),69800000
2026-01-08,main_normal_limbo,12,루시드(하드),62900000
2026-01-15,main_normal_limbo,1,림보(노멀),1026000000
2026-01-15,main_normal_limbo,2,카링(노멀),678000000
2026-01-15,main_normal_limbo,3,찬란한흉성(노멀),625000000
2026-01-15,main_normal_limbo,4,스우(익스트림),574000000
2026-01-15,main_normal_limbo,5,최초의대적자(노멀),560000000
2026-01-15,main_normal_limbo,6,감시자칼로스(노멀),505000000
2026-01-15,main_normal_limbo,7,선택받은세렌(하드),356000000
2026-01-15,main_normal_limbo,8,진힐라(하드),106000000
2026-01-15,main_normal_limbo,9,듄켈(하드),94400000
2026-01-15,main_normal_limbo,10,윌(하드),77100000
2026-01-15,main_normal_limbo,11,가디언엔젤슬라임(카오스),75100000
2026-01-15,main_normal_limbo,12,더스크(카오스),69800000
2026-01-22,main_normal_limbo,1,림보(노멀),1026000000
2026-01-22,main_normal_limbo,2,카링(노멀),678000000
2026-01-22,main_normal_limbo,3,찬란한흉성(노멀),625000000
2026-01-22,main_normal_limbo,4,스우(익스트림),574000000
2026-01-22,main_normal_limbo,5,최초의대적자(노멀),560000000
2026-01-22,main_normal_limbo,6,감시자칼로스(노멀),505000000
2026-01-22,main_normal_limbo,7,선택받은세렌(하드),356000000
2026-01-22,main_normal_limbo,8,진힐라(하드),106000000
2026-01-22,main_normal_limbo,9,듄켈(하드),94400000
2026-01-22,main_normal_limbo,10,윌(하드),77100000
2026-01-22,main_normal_limbo,11,가디언엔젤슬라임(카오스),75100000
2026-01-22,main_normal_limbo,12,더스크(카오스),69800000
2026-01-29,main_normal_limbo,1,림보(노멀),1026000000
2026-01-29,main_normal_limbo,2,카링(노멀),678000000
2026-01-29,main_normal_limbo,3,찬란한흉성(노멀),625000000
2026-01-29,main_normal_limbo,4,스우(익스트림),574000000
2026-01-29,main_normal_limbo,5,최초의대적자(노멀),560000000
2026-01-29,main_normal_limbo,6,감시자칼로스(노멀),505000000
2026-01-29,main_normal_limbo,7,선택받은세렌(하드),356000000
2026-01-29,main_normal_limbo,8,진힐라(하드),106000000
2026-01-29,main_normal_limbo,9,듄켈(하드),94400000
2026-01-29,main_normal_limbo,10,윌(하드),77100000
2026-01-29,main_normal_limbo,11,가디언엔젤슬라임(카오스),75100000
2026-01-29,main_normal_limbo,12,더스크(카오스),69800000
2026-02-05,main_normal_limbo,1,림보(노멀),1026000000
2026-02-05,main_normal_limbo,2,카링(노멀),678000000
2026-02-05,main_normal_limbo,3,찬란한흉성(노멀),625000000
2026-02-05,main_normal_limbo,4,스우(익스트림),574000000
2026-02-05,main_normal_limbo,5,최초의대적자(노멀),560000000
2026-02-05,main_normal_limbo,6,감시자칼로스(노멀),505000000
2026-02-05,main_normal_limbo,7,선택받은세렌(하드),356000000
2026-02-05,main_normal_limbo,8,진힐라(하드),106000000
2026-02-05,main_normal_limbo,9,듄켈(하드),94400000
2026-02-05,main_normal_limbo,10,윌(하드),77100000
2026-02-05,main_normal_limbo,11,가디언엔젤슬라임(카오스),75100000
2026-02-05,main_normal_limbo,12,더스크(카오스),69800000
2026-02-12,main_normal_limbo,1,림보(노멀),1026000000
2026-02-12,main_normal_limbo,2,카링(노멀),678000000
2026-02-12,main_normal_limbo,3,찬란한흉성(노멀),625000000
2026-02-12,main_normal_limbo,4,스우(익스트림),574000000
2026-02-12,main_normal_limbo,5,최초의대적자(노멀),560000000
2026-02-12,main_normal_limbo,6,감시자칼로스(노멀),505000000
2026-02-12,main_normal_limbo,7,선택받은세렌(하드),356000000
2026-02-12,main_normal_limbo,8,진힐라(하드),106000000
2026-02-12,main_normal_limbo,9,듄켈(하드),94400000
2026-02-12,main_normal_limbo,10,윌(하드),77100000
2026-02-12,main_normal_limbo,11,가디언엔젤슬라임(카오스),75100000
2026-02-12,main_normal_limbo,12,더스크(카오스),69800000
2026-02-19,main_normal_limbo,1,림보(노멀),1026000000
2026-02-19,main_normal_limbo,2,카링(노멀),678000000
2026-02-19,main_normal_limbo,3,찬란한흉성(노멀),625000000
2026-02-19,main_normal_limbo,4,스우(익스트림),574000000
2026-02-19,main_normal_limbo,5,최초의대적자(노멀),560000000
2026-02-19,main_normal_limbo,6,감시자칼로스(노멀),505000000
2026-02-19,main_normal_limbo,7,선택받은세렌(하드),356000000
2026-02-19,main_normal_limbo,8,진힐라(하드),106000000
2026-02-19,main_normal_limbo,9,듄켈(하드),94400000
2026-02-19,main_normal_limbo,10,윌(하드),77100000
2026-02-19,main_normal_limbo,11,가디언엔젤슬라임(카오스),75100000
2026-02-19,main_normal_limbo,12,더스크(카오스),69800000
2026-02-26,main_normal_limbo,1,림보(노멀),1026000000
2026-02-26,main_normal_limbo,2,카링(노멀),678000000
2026-02-26,main_normal_limbo,3,찬란한흉성(노멀),625000000
2026-02-26,main_normal_limbo,4,스우(익스트림),574000000
2026-02-26,main_normal_limbo,5,최초의대적자(노멀),560000000
2026-02-26,main_normal_limbo,6,감시자칼로스(노멀),505000000
2026-02-26,main_normal_limbo,7,선택받은세렌(하드),356000000
2026-02-26,main_normal_limbo,8,진힐라(하드),106000000
2026-02-26,main_normal_limbo,9,듄켈(하드),94400000
2026-02-26,main_normal_limbo,10,윌(하드),77100000
2026-02-26,main_normal_limbo,11,가디언엔젤슬라임(카오스),75100000
2026-02-26,main_normal_limbo,12,더스크(카오스),69800000
2026-03-05,main_normal_limbo,1,림보(노멀),1026000000
2026-03-05,main_normal_limbo,2,카링(노멀),678000000
2026-03-05,main_normal_limbo,3,찬란한흉성(노멀),625000000
2026-03-05,main_normal_limbo,4,스우(익스트림),574000000
2026-03-05,main_normal_limbo,5,최초의대적자(노멀),560000000
2026-03-05,main_normal_limbo,6,감시자칼로스(노멀),505000000
2026-03-05,main_normal_limbo,7,선택받은세렌(하드),356000000
2026-03-05,main_normal_limbo,8,진힐라(하드),106000000
2026-03-05,main_normal_limbo,9,듄켈(하드),94400000
2026-03-05,main_normal_limbo,10,윌(하드),77100000
2026-03-05,main_normal_limbo,11,가디언엔젤슬라임(카오스),75100000
2026-03-05,main_normal_limbo,12,더스크(카오스),69800000
2026-03-12,main_normal_limbo,1,림보(노멀),1026000000
2026-03-12,main_normal_limbo,2,카링(노멀),678000000
2026-03-12,main_normal_limbo,3,찬란한흉성(노멀),625000000
2026-03-12,main_normal_limbo,4,스우(익스트림),574000000
2026-03-12,main_normal_limbo,5,최초의대적자(노멀),560000000
2026-03-12,main_normal_limbo,6,감시자칼로스(노멀),505000000
2026-03-12,main_normal_limbo,7,선택받은세렌(하드),356000000
2026-03-12,main_normal_limbo,8,진힐라(하드),106000000
2026-03-12,main_normal_limbo,9,듄켈(하드),94400000
2026-03-12,main_normal_limbo,10,윌(하드),77100000
2026-03-12,main_normal_limbo,11,가디언엔젤슬라임(카오스),75100000
2026-03-12,main_normal_limbo,12,더스크(카오스),69800000
2026-03-19,main_normal_limbo,1,림보(노멀),1026000000
2026-03-19,main_normal_limbo,2,카링(노멀),678000000
2026-03-19,main_normal_limbo,3,찬란한흉성(노멀),625000000
2026-03-19,main_normal_limbo,4,스우(익스트림),574000000
2026-03-19,main_normal_limbo,5,최초의대적자(노멀),560000000
2026-03-19,main_normal_limbo,6,감시자칼로스(노멀),505000000
2026-03-19,main_normal_limbo,7,선택받은세렌(하드),356000000
2026-03-19,main_normal_limbo,8,진힐라(하드),106000000
2026-03-19,main_normal_limbo,9,듄켈(하드),94400000
2026-03-19,main_normal_limbo,10,윌(하드),77100000
2026-03-19,main_normal_limbo,11,가디언엔젤슬라임(카오스),75100000
2026-03-19,main_normal_limbo,12,더스크(카오스),69800000
2026-03-26,main_normal_limbo,1,림보(노멀),1026000000
2026-03-26,main_normal_limbo,2,카링(노멀),678000000
2026-03-26,main_normal_limbo,3,찬란한흉성(노멀),625000000
2026-03-26,main_normal_limbo,4,스우(익스트림),574000000
2026-03-26,main_normal_limbo,5,최초의대적자(노멀),560000000
2026-03-26,main_normal_limbo,6,감시자칼로스(노멀),505000000
2026-03-26,main_normal_limbo,7,선택받은세렌(하드),356000000
2026-03-26,main_normal_limbo,8,진힐라(하드),106000000
2026-03-26,main_normal_limbo,9,듄켈(하드),94400000
2026-03-26,main_normal_limbo,10,윌(하드),77100000
2026-03-26,main_normal_limbo,11,가디언엔젤슬라임(카오스),75100000
2026-03-26,main_normal_limbo,12,더스크(카오스),69800000
2026-04-02,main_normal_limbo,1,림보(노멀),1026000000
2026-04-02,main_normal_limbo,2,카링(노멀),678000000
2026-04-02,main_normal_limbo,3,찬란한흉성(노멀),625000000
2026-04-02,main_normal_limbo,4,스우(익스트림),574000000
2026-04-02,main_normal_limbo,5,최초의대적자(노멀),560000000
2026-04-02,main_normal_limbo,6,감시자칼로스(노멀),505000000
2026-04-02,main_normal_limbo,7,선택받은세렌(하드),356000000
2026-04-02,main_normal_limbo,8,진힐라(하드),106000000
2026-04-02,main_normal_limbo,9,듄켈(하드),94400000
2026-04-02,main_normal_limbo,10,윌(하드),77100000
2026-04-02,main_normal_limbo,11,가디언엔젤슬라임(카오스),75100000
2026-04-02,main_normal_limbo,12,더스크(카오스),69800000
2026-04-09,main_normal_limbo,1,림보(노멀),1026000000
2026-04-09,main_normal_limbo,2,카링(노멀),678000000
2026-04-09,main_normal_limbo,3,찬란한흉성(노멀),625000000
2026-04-09,main_normal_limbo,4,스우(익스트림),574000000
2026-04-09,main_normal_limbo,5,최초의대적자(노멀),560000000
2026-04-09,main_normal_limbo,6,감시자칼로스(노멀),505000000
2026-04-09,main_normal_limbo,7,선택받은세렌(하드),356000000
2026-04-09,main_normal_limbo,8,진힐라(하드),106000000
2026-04-09,main_normal_limbo,9,듄켈(하드),94400000
2026-04-09,main_normal_limbo,10,윌(하드),77100000
2026-04-09,main_normal_limbo,11,가디언엔젤슬라임(카오스),75100000
2026-04-09,main_normal_limbo,12,더스크(카오스),69800000
2026-04-16,main_normal_limbo,1,림보(노멀),1026000000
2026-04-16,main_normal_limbo,2,카링(노멀),678000000
2026-04-16,main_normal_limbo,3,찬란한흉성(노멀),625000000
2026-04-16,main_normal_limbo,4,스우(익스트림),574000000
2026-04-16,main_normal_limbo,5,최초의대적자(노멀),560000000
2026-04-16,main_normal_limbo,6,감시자칼로스(노멀),505000000
2026-04-16,main_normal_limbo,7,선택받은세렌(하드),356000000
2026-04-16,main_normal_limbo,8,진힐라(하드),106000000
2026-04-16,main_normal_limbo,9,듄켈(하드),94400000
2026-04-16,main_normal_limbo,10,윌(하드),77100000
2026-04-16,main_normal_limbo,11,가디언엔젤슬라임(카오스),75100000
2026-04-16,main_normal_limbo,12,더스크(카오스),69800000
2026-04-23,main_normal_limbo,1,림보(노멀),1026000000
2026-04-23,main_normal_limbo,2,카링(노멀),678000000
2026-04-23,main_normal_limbo,3,찬란한흉성(노멀),625000000
2026-04-23,main_normal_limbo,4,스우(익스트림),574000000
2026-04-23,main_normal_limbo,5,최초의대적자(노멀),560000000
2026-04-23,main_normal_limbo,6,감시자칼로스(노멀),505000000
2026-04-23,main_normal_limbo,7,선택받은세렌(하드),356000000
2026-04-23,main_normal_limbo,8,진힐라(하드),106000000
2026-04-23,main_normal_limbo,9,듄켈(하드),94400000
2026-04-23,main_normal_limbo,10,윌(하드),77100000
2026-04-23,main_normal_limbo,11,가디언엔젤슬라임(카오스),75100000
2026-04-23,main_normal_limbo,12,더스크(카오스),69800000
2026-04-30,main_normal_limbo,1,림보(노멀),1026000000
2026-04-30,main_normal_limbo,2,카링(노멀),678000000
2026-04-30,main_normal_limbo,3,찬란한흉성(노멀),625000000
2026-04-30,main_normal_limbo,4,스우(익스트림),574000000
2026-04-30,main_normal_limbo,5,최초의대적자(노멀),560000000
2026-04-30,main_normal_limbo,6,감시자칼로스(노멀),505000000
2026-04-30,main_normal_limbo,7,선택받은세렌(하드),356000000
2026-04-30,main_normal_limbo,8,진힐라(하드),106000000
2026-04-30,main_normal_limbo,9,듄켈(하드),94400000
2026-04-30,main_normal_limbo,10,윌(하드),77100000
2026-04-30,main_normal_limbo,11,가디언엔젤슬라임(카오스),75100000
2026-04-30,main_normal_limbo,12,더스크(카오스),69800000
2026-05-07,main_normal_limbo,1,림보(노멀),1026000000
2026-05-07,main_normal_limbo,2,카링(노멀),678000000
2026-05-07,main_normal_limbo,3,찬란한흉성(노멀),625000000
2026-05-07,main_normal_limbo,4,스우(익스트림),574000000
2026-05-07,main_normal_limbo,5,최초의대적자(노멀),560000000
2026-05-07,main_normal_limbo,6,감시자칼로스(노멀),505000000
2026-05-07,main_normal_limbo,7,선택받은세렌(하드),356000000
2026-05-07,main_normal_limbo,8,진힐라(하드),106000000
2026-05-07,main_normal_limbo,9,듄켈(하드),94400000
2026-05-07,main_normal_limbo,10,윌(하드),77100000
2026-05-07,main_normal_limbo,11,가디언엔젤슬라임(카오스),75100000
2026-05-07,main_normal_limbo,12,더스크(카오스),69800000
2026-05-14,main_normal_limbo,1,림보(노멀),1026000000
2026-05-14,main_normal_limbo,2,카링(노멀),678000000
2026-05-14,main_normal_limbo,3,찬란한흉성(노멀),625000000
2026-05-14,main_normal_limbo,4,스우(익스트림),574000000
2026-05-14,main_normal_limbo,5,최초의대적자(노멀),560000000
2026-05-14,main_normal_limbo,6,감시자칼로스(노멀),505000000
2026-05-14,main_normal_limbo,7,선택받은세렌(하드),356000000
2026-05-14,main_normal_limbo,8,진힐라(하드),106000000
2026-05-14,main_normal_limbo,9,듄켈(하드),94400000
2026-05-14,main_normal_limbo,10,윌(하드),77100000
2026-05-14,main_normal_limbo,11,가디언엔젤슬라임(카오스),75100000
2026-05-14,main_normal_limbo,12,더스크(카오스),69800000
2026-05-21,main_normal_limbo,1,림보(노멀),1026000000
2026-05-21,main_normal_limbo,2,카링(노멀),678000000
2026-05-21,main_normal_limbo,3,찬란한흉성(노멀),625000000
2026-05-21,main_normal_limbo,4,스우(익스트림),574000000
2026-05-21,main_normal_limbo,5,최초의대적자(노멀),560000000
2026-05-21,main_normal_limbo,6,감시자칼로스(노멀),505000000
2026-05-21,main_normal_limbo,7,선택받은세렌(하드),356000000
2026-05-21,main_normal_limbo,8,진힐라(하드),106000000
2026-05-21,main_normal_limbo,9,듄켈(하드),94400000
2026-05-21,main_normal_limbo,10,윌(하드),77100000
2026-05-21,main_normal_limbo,11,가디언엔젤슬라임(카오스),75100000
2026-05-21,main_normal_limbo,12,더스크(카오스),69800000
2026-05-28,main_normal_limbo,1,림보(노멀),1026000000
2026-05-28,main_normal_limbo,2,카링(노멀),678000000
2026-05-28,main_normal_limbo,3,찬란한흉성(노멀),625000000
2026-05-28,main_normal_limbo,4,스우(익스트림),574000000
2026-05-28,main_normal_limbo,5,최초의대적자(노멀),560000000
2026-05-28,main_normal_limbo,6,감시자칼로스(노멀),505000000
2026-05-28,main_normal_limbo,7,선택받은세렌(하드),356000000
2026-05-28,main_normal_limbo,8,진힐라(하드),106000000
2026-05-28,main_normal_limbo,9,듄켈(하드),94400000
2026-05-28,main_normal_limbo,10,윌(하드),77100000
2026-05-28,main_normal_limbo,11,가디언엔젤슬라임(카오스),75100000
2026-05-28,main_normal_limbo,12,더스크(카오스),69800000
2026-06-04,main_normal_limbo,1,림보(노멀),1026000000
2026-06-04,main_normal_limbo,2,카링(노멀),678000000
2026-06-04,main_normal_limbo,3,찬란한흉성(노멀),625000000
2026-06-04,main_normal_limbo,4,스우(익스트림),574000000
2026-06-04,main_normal_limbo,5,최초의대적자(노멀),560000000
2026-06-04,main_normal_limbo,6,감시자칼로스(노멀),505000000
2026-06-04,main_normal_limbo,7,선택받은세렌(하드),356000000
2026-06-04,main_normal_limbo,8,진힐라(하드),106000000
2026-06-04,main_normal_limbo,9,듄켈(하드),94400000
2026-06-04,main_normal_limbo,10,윌(하드),77100000
2026-06-04,main_normal_limbo,11,가디언엔젤슬라임(카오스),75100000
2026-06-04,main_normal_limbo,12,더스크(카오스),69800000
2026-06-11,main_normal_limbo,1,림보(노멀),1026000000
2026-06-11,main_normal_limbo,2,카링(노멀),678000000
2026-06-11,main_normal_limbo,3,찬란한흉성(노멀),625000000
2026-06-11,main_normal_limbo,4,스우(익스트림),574000000
2026-06-11,main_normal_limbo,5,최초의대적자(노멀),560000000
2026-06-11,main_normal_limbo,6,감시자칼로스(노멀),505000000
2026-06-11,main_normal_limbo,7,선택받은세렌(하드),356000000
2026-06-11,main_normal_limbo,8,진힐라(하드),106000000
2026-06-11,main_normal_limbo,9,듄켈(하드),94400000
2026-06-11,main_normal_limbo,10,윌(하드),77100000
2026-06-11,main_normal_limbo,11,가디언엔젤슬라임(카오스),75100000
2026-06-11,main_normal_limbo,12,더스크(카오스),69800000
2026-06-18,main_normal_limbo,1,림보(노멀),1026000000
2026-06-18,main_normal_limbo,2,카링(노멀),678000000
2026-06-18,main_normal_limbo,3,찬란한흉성(노멀),625000000
2026-06-18,main_normal_limbo,4,스우(익스트림),574000000
2026-06-18,main_normal_limbo,5,최초의대적자(노멀),560000000
2026-06-18,main_normal_limbo,6,감시자칼로스(노멀),505000000
2026-06-18,main_normal_limbo,7,선택받은세렌(하드),356000000
2026-06-18,main_normal_limbo,8,진힐라(하드),106000000
2026-06-18,main_normal_limbo,9,듄켈(하드),94400000
2026-06-18,main_normal_limbo,10,윌(하드),77100000
2026-06-18,main_normal_limbo,11,가디언엔젤슬라임(카오스),75100000
2026-06-18,main_normal_limbo,12,더스크(카오스),69800000
2026-06-25,main_normal_limbo,1,림보(노멀),1026000000
2026-06-25,main_normal_limbo,2,카링(노멀),678000000
2026-06-25,main_normal_limbo,3,찬란한흉성(노멀),625000000
2026-06-25,main_normal_limbo,4,스우(익스트림),574000000
2026-06-25,main_normal_limbo,5,최초의대적자(노멀),560000000
2026-06-25,main_normal_limbo,6,감시자칼로스(노멀),505000000
2026-06-25,main_normal_limbo,7,선택받은세렌(하드),356000000
2026-06-25,main_normal_limbo,8,진힐라(하드),106000000
2026-06-25,main_normal_limbo,9,듄켈(하드),94400000
2026-06-25,main_normal_limbo,10,윌(하드),77100000
2026-06-25,main_normal_limbo,11,가디언엔젤슬라임(카오스),75100000
2026-06-25,main_normal_limbo,12,더스크(카오스),69800000
2026-07-02,main_normal_limbo,1,림보(노멀),1026000000
2026-07-02,main_normal_limbo,2,카링(노멀),678000000
2026-07-02,main_normal_limbo,3,찬란한흉성(노멀),625000000
2026-07-02,main_normal_limbo,4,스우(익스트림),574000000
2026-07-02,main_normal_limbo,5,최초의대적자(노멀),560000000
2026-07-02,main_normal_limbo,6,감시자칼로스(노멀),505000000
2026-07-02,main_normal_limbo,7,선택받은세렌(하드),356000000
2026-07-02,main_normal_limbo,8,진힐라(하드),106000000
2026-07-02,main_normal_limbo,9,듄켈(하드),94400000
2026-07-02,main_normal_limbo,10,윌(하드),77100000
2026-07-02,main_normal_limbo,11,가디언엔젤슬라임(카오스),75100000
2026-07-02,main_normal_limbo,12,더스크(카오스),69800000
2026-07-09,main_normal_limbo,1,림보(노멀),1026000000
2026-07-09,main_normal_limbo,2,카링(노멀),678000000
2026-07-09,main_normal_limbo,3,찬란한흉성(노멀),625000000
2026-07-09,main_normal_limbo,4,스우(익스트림),574000000
2026-07-09,main_normal_limbo,5,최초의대적자(노멀),560000000
2026-07-09,main_normal_limbo,6,감시자칼로스(노멀),505000000
2026-07-09,main_normal_limbo,7,선택받은세렌(하드),356000000
2026-07-09,main_normal_limbo,8,진힐라(하드),106000000
2026-07-09,main_normal_limbo,9,듄켈(하드),94400000
2026-07-09,main_normal_limbo,10,윌(하드),77100000
2026-07-09,main_normal_limbo,11,가디언엔젤슬라임(카오스),75100000
2026-07-09,main_normal_limbo,12,더스크(카오스),69800000
2026-07-16,main_normal_limbo,1,림보(노멀),1026000000
2026-07-16,main_normal_limbo,2,카링(노멀),678000000
2026-07-16,main_normal_limbo,3,찬란한흉성(노멀),625000000
2026-07-16,main_normal_limbo,4,스우(익스트림),574000000
2026-07-16,main_normal_limbo,5,최초의대적자(노멀),560000000
2026-07-16,main_normal_limbo,6,감시자칼로스(노멀),505000000
2026-07-16,main_normal_limbo,7,선택받은세렌(하드),356000000
2026-07-16,main_normal_limbo,8,진힐라(하드),106000000
2026-07-16,main_normal_limbo,9,듄켈(하드),94400000
2026-07-16,main_normal_limbo,10,윌(하드),77100000
2026-07-16,main_normal_limbo,11,가디언엔젤슬라임(카오스),75100000
2026-07-16,main_normal_limbo,12,더스크(카오스),69800000
2026-07-23,main_normal_limbo,1,림보(노멀),1026000000
2026-07-23,main_normal_limbo,2,카링(노멀),678000000
2026-07-23,main_normal_limbo,3,찬란한흉성(노멀),625000000
2026-07-23,main_normal_limbo,4,스우(익스트림),574000000
2026-07-23,main_normal_limbo,5,최초의대적자(노멀),560000000
2026-07-23,main_normal_limbo,6,감시자칼로스(노멀),505000000
2026-07-23,main_normal_limbo,7,선택받은세렌(하드),356000000
2026-07-23,main_normal_limbo,8,진힐라(하드),106000000
2026-07-23,main_normal_limbo,9,듄켈(하드),94400000
2026-07-23,main_normal_limbo,10,윌(하드),77100000
2026-07-23,main_normal_limbo,11,가디언엔젤슬라임(카오스),75100000
2026-07-23,main_normal_limbo,12,더스크(카오스),69800000
2026-07-30,main_normal_limbo,1,림보(노멀),1026000000
2026-07-30,main_normal_limbo,2,카링(노멀),678000000
2026-07-30,main_normal_limbo,3,찬란한흉성(노멀),625000000
2026-07-30,main_normal_limbo,4,스우(익스트림),574000000
2026-07-30,main_normal_limbo,5,최초의대적자(노멀),560000000
2026-07-30,main_normal_limbo,6,감시자칼로스(노멀),505000000
2026-07-30,main_normal_limbo,7,선택받은세렌(하드),356000000
2026-07-30,main_normal_limbo,8,진힐라(하드),106000000
2026-07-30,main_normal_limbo,9,듄켈(하드),94400000
2026-07-30,main_normal_limbo,10,윌(하드),77100000
2026-07-30,main_normal_limbo,11,가디언엔젤슬라임(카오스),75100000
2026-07-30,main_normal_limbo,12,더스크(카오스),69800000
2026-08-06,main_normal_limbo,1,림보(노멀),1026000000
2026-08-06,main_normal_limbo,2,카링(노멀),678000000
2026-08-06,main_normal_limbo,3,찬란한흉성(노멀),625000000
2026-08-06,main_normal_limbo,4,스우(익스트림),574000000
2026-08-06,main_normal_limbo,5,최초의대적자(노멀),560000000
2026-08-06,main_normal_limbo,6,감시자칼로스(노멀),505000000
2026-08-06,main_normal_limbo,7,선택받은세렌(하드),356000000
2026-08-06,main_normal_limbo,8,진힐라(하드),106000000
2026-08-06,main_normal_limbo,9,듄켈(하드),94400000
2026-08-06,main_normal_limbo,10,윌(하드),77100000
2026-08-06,main_normal_limbo,11,가디언엔젤슬라임(카오스),75100000
2026-08-06,main_normal_limbo,12,더스크(카오스),69800000
2026-08-13,main_normal_limbo,1,림보(노멀),1026000000
2026-08-13,main_normal_limbo,2,카링(노멀),678000000
2026-08-13,main_normal_limbo,3,찬란한흉성(노멀),625000000
2026-08-13,main_normal_limbo,4,스우(익스트림),574000000
2026-08-13,main_normal_limbo,5,최초의대적자(노멀),560000000
2026-08-13,main_normal_limbo,6,감시자칼로스(노멀),505000000
2026-08-13,main_normal_limbo,7,선택받은세렌(하드),356000000
2026-08-13,main_normal_limbo,8,진힐라(하드),106000000
2026-08-13,main_normal_limbo,9,듄켈(하드),94400000
2026-08-13,main_normal_limbo,10,윌(하드),77100000
2026-08-13,main_normal_limbo,11,가디언엔젤슬라임(카오스),75100000
2026-08-13,main_normal_limbo,12,더스크(카오스),69800000
2026-08-20,main_normal_limbo,1,림보(노멀),1026000000
2026-08-20,main_normal_limbo,2,벨로나(노멀),850000000
2026-08-20,main_normal_limbo,3,카링(노멀),678000000
2026-08-20,main_normal_limbo,4,찬란한흉성(노멀),625000000
2026-08-20,main_normal_limbo,5,스우(익스트림),574000000
2026-08-20,main_normal_limbo,6,최초의대적자(노멀),560000000
2026-08-20,main_normal_limbo,7,감시자칼로스(노멀),505000000
2026-08-20,main_normal_limbo,8,선택받은세렌(하드),356000000
2026-08-20,main_normal_limbo,9,진힐라(하드),106000000
2026-08-20,main_normal_limbo,10,듄켈(하드),94400000
2026-08-20,main_normal_limbo,11,윌(하드),77100000
2026-08-20,main_normal_limbo,12,가디언엔젤슬라임(카오스),75100000
2024-08-22,main_upper,1,카링(익스트림),5387000000
2024-08-22,main_upper,2,감시자칼로스(익스트림),4104000000
2024-08-22,main_upper,3,선택받은세렌(익스트림),2835000000
2024-08-22,main_upper,4,림보(하드),2385000000
2024-08-22,main_upper,5,스우(익스트림),574000000
2024-08-22,main_upper,6,진힐라(하드),106000000
2024-08-22,main_upper,7,듄켈(하드),94400000
2024-08-22,main_upper,8,윌(하드),77100000
2024-08-22,main_upper,9,가디언엔젤슬라임(카오스),75100000
2024-08-22,main_upper,10,더스크(카오스),69800000
2024-08-22,main_upper,11,루시드(하드),62900000
2024-08-22,main_upper,12,데미안(하드),48900000
2024-08-29,main_upper,1,카링(익스트림),5387000000
2024-08-29,main_upper,2,감시자칼로스(익스트림),4104000000
2024-08-29,main_upper,3,선택받은세렌(익스트림),2835000000
2024-08-29,main_upper,4,림보(하드),2385000000
2024-08-29,main_upper,5,스우(익스트림),574000000
2024-08-29,main_upper,6,진힐라(하드),106000000
2024-08-29,main_upper,7,듄켈(하드),94400000
2024-08-29,main_upper,8,윌(하드),77100000
2024-08-29,main_upper,9,가디언엔젤슬라임(카오스),75100000
2024-08-29,main_upper,10,더스크(카오스),69800000
2024-08-29,main_upper,11,루시드(하드),62900000
2024-08-29,main_upper,12,데미안(하드),48900000
2024-09-05,main_upper,1,카링(익스트림),5387000000
2024-09-05,main_upper,2,감시자칼로스(익스트림),4104000000
2024-09-05,main_upper,3,선택받은세렌(익스트림),2835000000
2024-09-05,main_upper,4,림보(하드),2385000000
2024-09-05,main_upper,5,스우(익스트림),574000000
2024-09-05,main_upper,6,진힐라(하드),106000000
2024-09-05,main_upper,7,듄켈(하드),94400000
2024-09-05,main_upper,8,윌(하드),77100000
2024-09-05,main_upper,9,가디언엔젤슬라임(카오스),75100000
2024-09-05,main_upper,10,더스크(카오스),69800000
2024-09-05,main_upper,11,루시드(하드),62900000
2024-09-05,main_upper,12,데미안(하드),48900000
2024-09-12,main_upper,1,카링(익스트림),5387000000
2024-09-12,main_upper,2,감시자칼로스(익스트림),4104000000
2024-09-12,main_upper,3,선택받은세렌(익스트림),2835000000
2024-09-12,main_upper,4,림보(하드),2385000000
2024-09-12,main_upper,5,스우(익스트림),574000000
2024-09-12,main_upper,6,진힐라(하드),106000000
2024-09-12,main_upper,7,듄켈(하드),94400000
2024-09-12,main_upper,8,윌(하드),77100000
2024-09-12,main_upper,9,가디언엔젤슬라임(카오스),75100000
2024-09-12,main_upper,10,더스크(카오스),69800000
2024-09-12,main_upper,11,루시드(하드),62900000
2024-09-12,main_upper,12,데미안(하드),48900000
2024-09-19,main_upper,1,카링(익스트림),5387000000
2024-09-19,main_upper,2,감시자칼로스(익스트림),4104000000
2024-09-19,main_upper,3,선택받은세렌(익스트림),2835000000
2024-09-19,main_upper,4,림보(하드),2385000000
2024-09-19,main_upper,5,스우(익스트림),574000000
2024-09-19,main_upper,6,진힐라(하드),106000000
2024-09-19,main_upper,7,듄켈(하드),94400000
2024-09-19,main_upper,8,윌(하드),77100000
2024-09-19,main_upper,9,가디언엔젤슬라임(카오스),75100000
2024-09-19,main_upper,10,더스크(카오스),69800000
2024-09-19,main_upper,11,루시드(하드),62900000
2024-09-19,main_upper,12,데미안(하드),48900000
2024-09-26,main_upper,1,카링(익스트림),5387000000
2024-09-26,main_upper,2,감시자칼로스(익스트림),4104000000
2024-09-26,main_upper,3,선택받은세렌(익스트림),2835000000
2024-09-26,main_upper,4,림보(하드),2385000000
2024-09-26,main_upper,5,스우(익스트림),574000000
2024-09-26,main_upper,6,진힐라(하드),106000000
2024-09-26,main_upper,7,듄켈(하드),94400000
2024-09-26,main_upper,8,윌(하드),77100000
2024-09-26,main_upper,9,가디언엔젤슬라임(카오스),75100000
2024-09-26,main_upper,10,더스크(카오스),69800000
2024-09-26,main_upper,11,루시드(하드),62900000
2024-09-26,main_upper,12,데미안(하드),48900000
2024-10-03,main_upper,1,카링(익스트림),5387000000
2024-10-03,main_upper,2,감시자칼로스(익스트림),4104000000
2024-10-03,main_upper,3,선택받은세렌(익스트림),2835000000
2024-10-03,main_upper,4,림보(하드),2385000000
2024-10-03,main_upper,5,스우(익스트림),574000000
2024-10-03,main_upper,6,진힐라(하드),106000000
2024-10-03,main_upper,7,듄켈(하드),94400000
2024-10-03,main_upper,8,윌(하드),77100000
2024-10-03,main_upper,9,가디언엔젤슬라임(카오스),75100000
2024-10-03,main_upper,10,더스크(카오스),69800000
2024-10-03,main_upper,11,루시드(하드),62900000
2024-10-03,main_upper,12,데미안(하드),48900000
2024-10-10,main_upper,1,카링(익스트림),5387000000
2024-10-10,main_upper,2,감시자칼로스(익스트림),4104000000
2024-10-10,main_upper,3,선택받은세렌(익스트림),2835000000
2024-10-10,main_upper,4,림보(하드),2385000000
2024-10-10,main_upper,5,스우(익스트림),574000000
2024-10-10,main_upper,6,진힐라(하드),106000000
2024-10-10,main_upper,7,듄켈(하드),94400000
2024-10-10,main_upper,8,윌(하드),77100000
2024-10-10,main_upper,9,가디언엔젤슬라임(카오스),75100000
2024-10-10,main_upper,10,더스크(카오스),69800000
2024-10-10,main_upper,11,루시드(하드),62900000
2024-10-10,main_upper,12,데미안(하드),48900000
2024-10-17,main_upper,1,카링(익스트림),5387000000
2024-10-17,main_upper,2,감시자칼로스(익스트림),4104000000
2024-10-17,main_upper,3,선택받은세렌(익스트림),2835000000
2024-10-17,main_upper,4,림보(하드),2385000000
2024-10-17,main_upper,5,스우(익스트림),574000000
2024-10-17,main_upper,6,진힐라(하드),106000000
2024-10-17,main_upper,7,듄켈(하드),94400000
2024-10-17,main_upper,8,윌(하드),77100000
2024-10-17,main_upper,9,가디언엔젤슬라임(카오스),75100000
2024-10-17,main_upper,10,더스크(카오스),69800000
2024-10-17,main_upper,11,루시드(하드),62900000
2024-10-17,main_upper,12,데미안(하드),48900000
2024-10-24,main_upper,1,카링(익스트림),5387000000
2024-10-24,main_upper,2,감시자칼로스(익스트림),4104000000
2024-10-24,main_upper,3,선택받은세렌(익스트림),2835000000
2024-10-24,main_upper,4,림보(하드),2385000000
2024-10-24,main_upper,5,스우(익스트림),574000000
2024-10-24,main_upper,6,진힐라(하드),106000000
2024-10-24,main_upper,7,듄켈(하드),94400000
2024-10-24,main_upper,8,윌(하드),77100000
2024-10-24,main_upper,9,가디언엔젤슬라임(카오스),75100000
2024-10-24,main_upper,10,더스크(카오스),69800000
2024-10-24,main_upper,11,루시드(하드),62900000
2024-10-24,main_upper,12,데미안(하드),48900000
2024-10-31,main_upper,1,카링(익스트림),5387000000
2024-10-31,main_upper,2,감시자칼로스(익스트림),4104000000
2024-10-31,main_upper,3,선택받은세렌(익스트림),2835000000
2024-10-31,main_upper,4,림보(하드),2385000000
2024-10-31,main_upper,5,스우(익스트림),574000000
2024-10-31,main_upper,6,진힐라(하드),106000000
2024-10-31,main_upper,7,듄켈(하드),94400000
2024-10-31,main_upper,8,윌(하드),77100000
2024-10-31,main_upper,9,가디언엔젤슬라임(카오스),75100000
2024-10-31,main_upper,10,더스크(카오스),69800000
2024-10-31,main_upper,11,루시드(하드),62900000
2024-10-31,main_upper,12,데미안(하드),48900000
2024-11-07,main_upper,1,카링(익스트림),5387000000
2024-11-07,main_upper,2,감시자칼로스(익스트림),4104000000
2024-11-07,main_upper,3,선택받은세렌(익스트림),2835000000
2024-11-07,main_upper,4,림보(하드),2385000000
2024-11-07,main_upper,5,스우(익스트림),574000000
2024-11-07,main_upper,6,진힐라(하드),106000000
2024-11-07,main_upper,7,듄켈(하드),94400000
2024-11-07,main_upper,8,윌(하드),77100000
2024-11-07,main_upper,9,가디언엔젤슬라임(카오스),75100000
2024-11-07,main_upper,10,더스크(카오스),69800000
2024-11-07,main_upper,11,루시드(하드),62900000
2024-11-07,main_upper,12,데미안(하드),48900000
2024-11-14,main_upper,1,카링(익스트림),5387000000
2024-11-14,main_upper,2,감시자칼로스(익스트림),4104000000
2024-11-14,main_upper,3,선택받은세렌(익스트림),2835000000
2024-11-14,main_upper,4,림보(하드),2385000000
2024-11-14,main_upper,5,스우(익스트림),574000000
2024-11-14,main_upper,6,진힐라(하드),106000000
2024-11-14,main_upper,7,듄켈(하드),94400000
2024-11-14,main_upper,8,윌(하드),77100000
2024-11-14,main_upper,9,가디언엔젤슬라임(카오스),75100000
2024-11-14,main_upper,10,더스크(카오스),69800000
2024-11-14,main_upper,11,루시드(하드),62900000
2024-11-14,main_upper,12,데미안(하드),48900000
2024-11-21,main_upper,1,카링(익스트림),5387000000
2024-11-21,main_upper,2,감시자칼로스(익스트림),4104000000
2024-11-21,main_upper,3,선택받은세렌(익스트림),2835000000
2024-11-21,main_upper,4,림보(하드),2385000000
2024-11-21,main_upper,5,스우(익스트림),574000000
2024-11-21,main_upper,6,진힐라(하드),106000000
2024-11-21,main_upper,7,듄켈(하드),94400000
2024-11-21,main_upper,8,윌(하드),77100000
2024-11-21,main_upper,9,가디언엔젤슬라임(카오스),75100000
2024-11-21,main_upper,10,더스크(카오스),69800000
2024-11-21,main_upper,11,루시드(하드),62900000
2024-11-21,main_upper,12,데미안(하드),48900000
2024-11-28,main_upper,1,카링(익스트림),5387000000
2024-11-28,main_upper,2,감시자칼로스(익스트림),4104000000
2024-11-28,main_upper,3,선택받은세렌(익스트림),2835000000
2024-11-28,main_upper,4,림보(하드),2385000000
2024-11-28,main_upper,5,스우(익스트림),574000000
2024-11-28,main_upper,6,진힐라(하드),106000000
2024-11-28,main_upper,7,듄켈(하드),94400000
2024-11-28,main_upper,8,윌(하드),77100000
2024-11-28,main_upper,9,가디언엔젤슬라임(카오스),75100000
2024-11-28,main_upper,10,더스크(카오스),69800000
2024-11-28,main_upper,11,루시드(하드),62900000
2024-11-28,main_upper,12,데미안(하드),48900000
2024-12-05,main_upper,1,카링(익스트림),5387000000
2024-12-05,main_upper,2,감시자칼로스(익스트림),4104000000
2024-12-05,main_upper,3,선택받은세렌(익스트림),2835000000
2024-12-05,main_upper,4,림보(하드),2385000000
2024-12-05,main_upper,5,스우(익스트림),574000000
2024-12-05,main_upper,6,진힐라(하드),106000000
2024-12-05,main_upper,7,듄켈(하드),94400000
2024-12-05,main_upper,8,윌(하드),77100000
2024-12-05,main_upper,9,가디언엔젤슬라임(카오스),75100000
2024-12-05,main_upper,10,더스크(카오스),69800000
2024-12-05,main_upper,11,루시드(하드),62900000
2024-12-05,main_upper,12,데미안(하드),48900000
2024-12-12,main_upper,1,카링(익스트림),5387000000
2024-12-12,main_upper,2,감시자칼로스(익스트림),4104000000
2024-12-12,main_upper,3,선택받은세렌(익스트림),2835000000
2024-12-12,main_upper,4,림보(하드),2385000000
2024-12-12,main_upper,5,스우(익스트림),574000000
2024-12-12,main_upper,6,진힐라(하드),106000000
2024-12-12,main_upper,7,듄켈(하드),94400000
2024-12-12,main_upper,8,윌(하드),77100000
2024-12-12,main_upper,9,가디언엔젤슬라임(카오스),75100000
2024-12-12,main_upper,10,더스크(카오스),69800000
2024-12-12,main_upper,11,루시드(하드),62900000
2024-12-12,main_upper,12,데미안(하드),48900000
2024-12-19,main_upper,1,카링(익스트림),5387000000
2024-12-19,main_upper,2,감시자칼로스(익스트림),4104000000
2024-12-19,main_upper,3,선택받은세렌(익스트림),2835000000
2024-12-19,main_upper,4,림보(하드),2385000000
2024-12-19,main_upper,5,스우(익스트림),574000000
2024-12-19,main_upper,6,진힐라(하드),106000000
2024-12-19,main_upper,7,듄켈(하드),94400000
2024-12-19,main_upper,8,윌(하드),77100000
2024-12-19,main_upper,9,가디언엔젤슬라임(카오스),75100000
2024-12-19,main_upper,10,더스크(카오스),69800000
2024-12-19,main_upper,11,루시드(하드),62900000
2024-12-19,main_upper,12,데미안(하드),48900000
2024-12-26,main_upper,1,카링(익스트림),5387000000
2024-12-26,main_upper,2,감시자칼로스(익스트림),4104000000
2024-12-26,main_upper,3,선택받은세렌(익스트림),2835000000
2024-12-26,main_upper,4,림보(하드),2385000000
2024-12-26,main_upper,5,스우(익스트림),574000000
2024-12-26,main_upper,6,진힐라(하드),106000000
2024-12-26,main_upper,7,듄켈(하드),94400000
2024-12-26,main_upper,8,윌(하드),77100000
2024-12-26,main_upper,9,가디언엔젤슬라임(카오스),75100000
2024-12-26,main_upper,10,더스크(카오스),69800000
2024-12-26,main_upper,11,루시드(하드),62900000
2024-12-26,main_upper,12,데미안(하드),48900000
2025-01-02,main_upper,1,카링(익스트림),5387000000
2025-01-02,main_upper,2,감시자칼로스(익스트림),4104000000
2025-01-02,main_upper,3,선택받은세렌(익스트림),2835000000
2025-01-02,main_upper,4,림보(하드),2385000000
2025-01-02,main_upper,5,스우(익스트림),574000000
2025-01-02,main_upper,6,진힐라(하드),106000000
2025-01-02,main_upper,7,듄켈(하드),94400000
2025-01-02,main_upper,8,윌(하드),77100000
2025-01-02,main_upper,9,가디언엔젤슬라임(카오스),75100000
2025-01-02,main_upper,10,더스크(카오스),69800000
2025-01-02,main_upper,11,루시드(하드),62900000
2025-01-02,main_upper,12,데미안(하드),48900000
2025-01-09,main_upper,1,카링(익스트림),5387000000
2025-01-09,main_upper,2,감시자칼로스(익스트림),4104000000
2025-01-09,main_upper,3,선택받은세렌(익스트림),2835000000
2025-01-09,main_upper,4,림보(하드),2385000000
2025-01-09,main_upper,5,스우(익스트림),574000000
2025-01-09,main_upper,6,진힐라(하드),106000000
2025-01-09,main_upper,7,듄켈(하드),94400000
2025-01-09,main_upper,8,윌(하드),77100000
2025-01-09,main_upper,9,가디언엔젤슬라임(카오스),75100000
2025-01-09,main_upper,10,더스크(카오스),69800000
2025-01-09,main_upper,11,루시드(하드),62900000
2025-01-09,main_upper,12,데미안(하드),48900000
2025-01-16,main_upper,1,카링(익스트림),5387000000
2025-01-16,main_upper,2,감시자칼로스(익스트림),4104000000
2025-01-16,main_upper,3,선택받은세렌(익스트림),2835000000
2025-01-16,main_upper,4,림보(하드),2385000000
2025-01-16,main_upper,5,스우(익스트림),574000000
2025-01-16,main_upper,6,진힐라(하드),106000000
2025-01-16,main_upper,7,듄켈(하드),94400000
2025-01-16,main_upper,8,윌(하드),77100000
2025-01-16,main_upper,9,가디언엔젤슬라임(카오스),75100000
2025-01-16,main_upper,10,더스크(카오스),69800000
2025-01-16,main_upper,11,루시드(하드),62900000
2025-01-16,main_upper,12,데미안(하드),48900000
2025-01-23,main_upper,1,카링(익스트림),5387000000
2025-01-23,main_upper,2,감시자칼로스(익스트림),4104000000
2025-01-23,main_upper,3,선택받은세렌(익스트림),2835000000
2025-01-23,main_upper,4,림보(하드),2385000000
2025-01-23,main_upper,5,스우(익스트림),574000000
2025-01-23,main_upper,6,진힐라(하드),106000000
2025-01-23,main_upper,7,듄켈(하드),94400000
2025-01-23,main_upper,8,윌(하드),77100000
2025-01-23,main_upper,9,가디언엔젤슬라임(카오스),75100000
2025-01-23,main_upper,10,더스크(카오스),69800000
2025-01-23,main_upper,11,루시드(하드),62900000
2025-01-23,main_upper,12,데미안(하드),48900000
2025-01-30,main_upper,1,카링(익스트림),5387000000
2025-01-30,main_upper,2,감시자칼로스(익스트림),4104000000
2025-01-30,main_upper,3,선택받은세렌(익스트림),2835000000
2025-01-30,main_upper,4,림보(하드),2385000000
2025-01-30,main_upper,5,스우(익스트림),574000000
2025-01-30,main_upper,6,진힐라(하드),106000000
2025-01-30,main_upper,7,듄켈(하드),94400000
2025-01-30,main_upper,8,윌(하드),77100000
2025-01-30,main_upper,9,가디언엔젤슬라임(카오스),75100000
2025-01-30,main_upper,10,더스크(카오스),69800000
2025-01-30,main_upper,11,루시드(하드),62900000
2025-01-30,main_upper,12,데미안(하드),48900000
2025-02-06,main_upper,1,카링(익스트림),5387000000
2025-02-06,main_upper,2,감시자칼로스(익스트림),4104000000
2025-02-06,main_upper,3,선택받은세렌(익스트림),2835000000
2025-02-06,main_upper,4,림보(하드),2385000000
2025-02-06,main_upper,5,스우(익스트림),574000000
2025-02-06,main_upper,6,진힐라(하드),106000000
2025-02-06,main_upper,7,듄켈(하드),94400000
2025-02-06,main_upper,8,윌(하드),77100000
2025-02-06,main_upper,9,가디언엔젤슬라임(카오스),75100000
2025-02-06,main_upper,10,더스크(카오스),69800000
2025-02-06,main_upper,11,루시드(하드),62900000
2025-02-06,main_upper,12,데미안(하드),48900000
2025-02-13,main_upper,1,카링(익스트림),5387000000
2025-02-13,main_upper,2,감시자칼로스(익스트림),4104000000
2025-02-13,main_upper,3,선택받은세렌(익스트림),2835000000
2025-02-13,main_upper,4,림보(하드),2385000000
2025-02-13,main_upper,5,스우(익스트림),574000000
2025-02-13,main_upper,6,진힐라(하드),106000000
2025-02-13,main_upper,7,듄켈(하드),94400000
2025-02-13,main_upper,8,윌(하드),77100000
2025-02-13,main_upper,9,가디언엔젤슬라임(카오스),75100000
2025-02-13,main_upper,10,더스크(카오스),69800000
2025-02-13,main_upper,11,루시드(하드),62900000
2025-02-13,main_upper,12,데미안(하드),48900000
2025-02-20,main_upper,1,카링(익스트림),5387000000
2025-02-20,main_upper,2,감시자칼로스(익스트림),4104000000
2025-02-20,main_upper,3,발드릭스(하드),3078000000
2025-02-20,main_upper,4,선택받은세렌(익스트림),2835000000
2025-02-20,main_upper,5,림보(하드),2385000000
2025-02-20,main_upper,6,스우(익스트림),574000000
2025-02-20,main_upper,7,진힐라(하드),106000000
2025-02-20,main_upper,8,듄켈(하드),94400000
2025-02-20,main_upper,9,윌(하드),77100000
2025-02-20,main_upper,10,가디언엔젤슬라임(카오스),75100000
2025-02-20,main_upper,11,더스크(카오스),69800000
2025-02-20,main_upper,12,루시드(하드),62900000
2025-02-27,main_upper,1,카링(익스트림),5387000000
2025-02-27,main_upper,2,감시자칼로스(익스트림),4104000000
2025-02-27,main_upper,3,발드릭스(하드),3078000000
2025-02-27,main_upper,4,선택받은세렌(익스트림),2835000000
2025-02-27,main_upper,5,림보(하드),2385000000
2025-02-27,main_upper,6,스우(익스트림),574000000
2025-02-27,main_upper,7,진힐라(하드),106000000
2025-02-27,main_upper,8,듄켈(하드),94400000
2025-02-27,main_upper,9,윌(하드),77100000
2025-02-27,main_upper,10,가디언엔젤슬라임(카오스),75100000
2025-02-27,main_upper,11,더스크(카오스),69800000
2025-02-27,main_upper,12,루시드(하드),62900000
2025-03-06,main_upper,1,카링(익스트림),5387000000
2025-03-06,main_upper,2,감시자칼로스(익스트림),4104000000
2025-03-06,main_upper,3,발드릭스(하드),3078000000
2025-03-06,main_upper,4,선택받은세렌(익스트림),2835000000
2025-03-06,main_upper,5,림보(하드),2385000000
2025-03-06,main_upper,6,스우(익스트림),574000000
2025-03-06,main_upper,7,진힐라(하드),106000000
2025-03-06,main_upper,8,듄켈(하드),94400000
2025-03-06,main_upper,9,윌(하드),77100000
2025-03-06,main_upper,10,가디언엔젤슬라임(카오스),75100000
2025-03-06,main_upper,11,더스크(카오스),69800000
2025-03-06,main_upper,12,루시드(하드),62900000
2025-03-13,main_upper,1,카링(익스트림),5387000000
2025-03-13,main_upper,2,감시자칼로스(익스트림),4104000000
2025-03-13,main_upper,3,발드릭스(하드),3078000000
2025-03-13,main_upper,4,선택받은세렌(익스트림),2835000000
2025-03-13,main_upper,5,림보(하드),2385000000
2025-03-13,main_upper,6,스우(익스트림),574000000
2025-03-13,main_upper,7,진힐라(하드),106000000
2025-03-13,main_upper,8,듄켈(하드),94400000
2025-03-13,main_upper,9,윌(하드),77100000
2025-03-13,main_upper,10,가디언엔젤슬라임(카오스),75100000
2025-03-13,main_upper,11,더스크(카오스),69800000
2025-03-13,main_upper,12,루시드(하드),62900000
2025-03-20,main_upper,1,카링(익스트림),5387000000
2025-03-20,main_upper,2,감시자칼로스(익스트림),4104000000
2025-03-20,main_upper,3,발드릭스(하드),3078000000
2025-03-20,main_upper,4,선택받은세렌(익스트림),2835000000
2025-03-20,main_upper,5,림보(하드),2385000000
2025-03-20,main_upper,6,스우(익스트림),574000000
2025-03-20,main_upper,7,진힐라(하드),106000000
2025-03-20,main_upper,8,듄켈(하드),94400000
2025-03-20,main_upper,9,윌(하드),77100000
2025-03-20,main_upper,10,가디언엔젤슬라임(카오스),75100000
2025-03-20,main_upper,11,더스크(카오스),69800000
2025-03-20,main_upper,12,루시드(하드),62900000
2025-03-27,main_upper,1,카링(익스트림),5387000000
2025-03-27,main_upper,2,감시자칼로스(익스트림),4104000000
2025-03-27,main_upper,3,발드릭스(하드),3078000000
2025-03-27,main_upper,4,선택받은세렌(익스트림),2835000000
2025-03-27,main_upper,5,림보(하드),2385000000
2025-03-27,main_upper,6,스우(익스트림),574000000
2025-03-27,main_upper,7,진힐라(하드),106000000
2025-03-27,main_upper,8,듄켈(하드),94400000
2025-03-27,main_upper,9,윌(하드),77100000
2025-03-27,main_upper,10,가디언엔젤슬라임(카오스),75100000
2025-03-27,main_upper,11,더스크(카오스),69800000
2025-03-27,main_upper,12,루시드(하드),62900000
2025-04-03,main_upper,1,카링(익스트림),5387000000
2025-04-03,main_upper,2,감시자칼로스(익스트림),4104000000
2025-04-03,main_upper,3,발드릭스(하드),3078000000
2025-04-03,main_upper,4,선택받은세렌(익스트림),2835000000
2025-04-03,main_upper,5,림보(하드),2385000000
2025-04-03,main_upper,6,스우(익스트림),574000000
2025-04-03,main_upper,7,진힐라(하드),106000000
2025-04-03,main_upper,8,듄켈(하드),94400000
2025-04-03,main_upper,9,윌(하드),77100000
2025-04-03,main_upper,10,가디언엔젤슬라임(카오스),75100000
2025-04-03,main_upper,11,더스크(카오스),69800000
2025-04-03,main_upper,12,루시드(하드),62900000
2025-04-10,main_upper,1,카링(익스트림),5387000000
2025-04-10,main_upper,2,감시자칼로스(익스트림),4104000000
2025-04-10,main_upper,3,발드릭스(하드),3078000000
2025-04-10,main_upper,4,선택받은세렌(익스트림),2835000000
2025-04-10,main_upper,5,림보(하드),2385000000
2025-04-10,main_upper,6,스우(익스트림),574000000
2025-04-10,main_upper,7,진힐라(하드),106000000
2025-04-10,main_upper,8,듄켈(하드),94400000
2025-04-10,main_upper,9,윌(하드),77100000
2025-04-10,main_upper,10,가디언엔젤슬라임(카오스),75100000
2025-04-10,main_upper,11,더스크(카오스),69800000
2025-04-10,main_upper,12,루시드(하드),62900000
2025-04-17,main_upper,1,카링(익스트림),5387000000
2025-04-17,main_upper,2,감시자칼로스(익스트림),4104000000
2025-04-17,main_upper,3,발드릭스(하드),3078000000
2025-04-17,main_upper,4,선택받은세렌(익스트림),2835000000
2025-04-17,main_upper,5,림보(하드),2385000000
2025-04-17,main_upper,6,스우(익스트림),574000000
2025-04-17,main_upper,7,진힐라(하드),106000000
2025-04-17,main_upper,8,듄켈(하드),94400000
2025-04-17,main_upper,9,윌(하드),77100000
2025-04-17,main_upper,10,가디언엔젤슬라임(카오스),75100000
2025-04-17,main_upper,11,더스크(카오스),69800000
2025-04-17,main_upper,12,루시드(하드),62900000
2025-04-24,main_upper,1,카링(익스트림),5387000000
2025-04-24,main_upper,2,감시자칼로스(익스트림),4104000000
2025-04-24,main_upper,3,발드릭스(하드),3078000000
2025-04-24,main_upper,4,선택받은세렌(익스트림),2835000000
2025-04-24,main_upper,5,림보(하드),2385000000
2025-04-24,main_upper,6,스우(익스트림),574000000
2025-04-24,main_upper,7,진힐라(하드),106000000
2025-04-24,main_upper,8,듄켈(하드),94400000
2025-04-24,main_upper,9,윌(하드),77100000
2025-04-24,main_upper,10,가디언엔젤슬라임(카오스),75100000
2025-04-24,main_upper,11,더스크(카오스),69800000
2025-04-24,main_upper,12,루시드(하드),62900000
2025-05-01,main_upper,1,카링(익스트림),5387000000
2025-05-01,main_upper,2,감시자칼로스(익스트림),4104000000
2025-05-01,main_upper,3,발드릭스(하드),3078000000
2025-05-01,main_upper,4,선택받은세렌(익스트림),2835000000
2025-05-01,main_upper,5,림보(하드),2385000000
2025-05-01,main_upper,6,스우(익스트림),574000000
2025-05-01,main_upper,7,진힐라(하드),106000000
2025-05-01,main_upper,8,듄켈(하드),94400000
2025-05-01,main_upper,9,윌(하드),77100000
2025-05-01,main_upper,10,가디언엔젤슬라임(카오스),75100000
2025-05-01,main_upper,11,더스크(카오스),69800000
2025-05-01,main_upper,12,루시드(하드),62900000
2025-05-08,main_upper,1,카링(익스트림),5387000000
2025-05-08,main_upper,2,감시자칼로스(익스트림),4104000000
2025-05-08,main_upper,3,발드릭스(하드),3078000000
2025-05-08,main_upper,4,선택받은세렌(익스트림),2835000000
2025-05-08,main_upper,5,림보(하드),2385000000
2025-05-08,main_upper,6,스우(익스트림),574000000
2025-05-08,main_upper,7,진힐라(하드),106000000
2025-05-08,main_upper,8,듄켈(하드),94400000
2025-05-08,main_upper,9,윌(하드),77100000
2025-05-08,main_upper,10,가디언엔젤슬라임(카오스),75100000
2025-05-08,main_upper,11,더스크(카오스),69800000
2025-05-08,main_upper,12,루시드(하드),62900000
2025-05-15,main_upper,1,카링(익스트림),5387000000
2025-05-15,main_upper,2,감시자칼로스(익스트림),4104000000
2025-05-15,main_upper,3,발드릭스(하드),3078000000
2025-05-15,main_upper,4,선택받은세렌(익스트림),2835000000
2025-05-15,main_upper,5,림보(하드),2385000000
2025-05-15,main_upper,6,스우(익스트림),574000000
2025-05-15,main_upper,7,진힐라(하드),106000000
2025-05-15,main_upper,8,듄켈(하드),94400000
2025-05-15,main_upper,9,윌(하드),77100000
2025-05-15,main_upper,10,가디언엔젤슬라임(카오스),75100000
2025-05-15,main_upper,11,더스크(카오스),69800000
2025-05-15,main_upper,12,루시드(하드),62900000
2025-05-22,main_upper,1,카링(익스트림),5387000000
2025-05-22,main_upper,2,감시자칼로스(익스트림),4104000000
2025-05-22,main_upper,3,발드릭스(하드),3078000000
2025-05-22,main_upper,4,선택받은세렌(익스트림),2835000000
2025-05-22,main_upper,5,림보(하드),2385000000
2025-05-22,main_upper,6,스우(익스트림),574000000
2025-05-22,main_upper,7,진힐라(하드),106000000
2025-05-22,main_upper,8,듄켈(하드),94400000
2025-05-22,main_upper,9,윌(하드),77100000
2025-05-22,main_upper,10,가디언엔젤슬라임(카오스),75100000
2025-05-22,main_upper,11,더스크(카오스),69800000
2025-05-22,main_upper,12,루시드(하드),62900000
2025-05-29,main_upper,1,카링(익스트림),5387000000
2025-05-29,main_upper,2,감시자칼로스(익스트림),4104000000
2025-05-29,main_upper,3,발드릭스(하드),3078000000
2025-05-29,main_upper,4,선택받은세렌(익스트림),2835000000
2025-05-29,main_upper,5,림보(하드),2385000000
2025-05-29,main_upper,6,스우(익스트림),574000000
2025-05-29,main_upper,7,진힐라(하드),106000000
2025-05-29,main_upper,8,듄켈(하드),94400000
2025-05-29,main_upper,9,윌(하드),77100000
2025-05-29,main_upper,10,가디언엔젤슬라임(카오스),75100000
2025-05-29,main_upper,11,더스크(카오스),69800000
2025-05-29,main_upper,12,루시드(하드),62900000
2025-06-05,main_upper,1,카링(익스트림),5387000000
2025-06-05,main_upper,2,감시자칼로스(익스트림),4104000000
2025-06-05,main_upper,3,발드릭스(하드),3078000000
2025-06-05,main_upper,4,선택받은세렌(익스트림),2835000000
2025-06-05,main_upper,5,림보(하드),2385000000
2025-06-05,main_upper,6,스우(익스트림),574000000
2025-06-05,main_upper,7,진힐라(하드),106000000
2025-06-05,main_upper,8,듄켈(하드),94400000
2025-06-05,main_upper,9,윌(하드),77100000
2025-06-05,main_upper,10,가디언엔젤슬라임(카오스),75100000
2025-06-05,main_upper,11,더스크(카오스),69800000
2025-06-05,main_upper,12,루시드(하드),62900000
2025-06-12,main_upper,1,카링(익스트림),5387000000
2025-06-12,main_upper,2,감시자칼로스(익스트림),4104000000
2025-06-12,main_upper,3,발드릭스(하드),3078000000
2025-06-12,main_upper,4,선택받은세렌(익스트림),2835000000
2025-06-12,main_upper,5,림보(하드),2385000000
2025-06-12,main_upper,6,스우(익스트림),574000000
2025-06-12,main_upper,7,진힐라(하드),106000000
2025-06-12,main_upper,8,듄켈(하드),94400000
2025-06-12,main_upper,9,윌(하드),77100000
2025-06-12,main_upper,10,가디언엔젤슬라임(카오스),75100000
2025-06-12,main_upper,11,더스크(카오스),69800000
2025-06-12,main_upper,12,루시드(하드),62900000
2025-06-19,main_upper,1,카링(익스트림),5387000000
2025-06-19,main_upper,2,감시자칼로스(익스트림),4104000000
2025-06-19,main_upper,3,발드릭스(하드),3078000000
2025-06-19,main_upper,4,선택받은세렌(익스트림),2835000000
2025-06-19,main_upper,5,림보(하드),2385000000
2025-06-19,main_upper,6,스우(익스트림),574000000
2025-06-19,main_upper,7,진힐라(하드),106000000
2025-06-19,main_upper,8,듄켈(하드),94400000
2025-06-19,main_upper,9,윌(하드),77100000
2025-06-19,main_upper,10,가디언엔젤슬라임(카오스),75100000
2025-06-19,main_upper,11,더스크(카오스),69800000
2025-06-19,main_upper,12,루시드(하드),62900000
2025-06-26,main_upper,1,카링(익스트림),5387000000
2025-06-26,main_upper,2,감시자칼로스(익스트림),4104000000
2025-06-26,main_upper,3,발드릭스(하드),3078000000
2025-06-26,main_upper,4,선택받은세렌(익스트림),2835000000
2025-06-26,main_upper,5,림보(하드),2385000000
2025-06-26,main_upper,6,스우(익스트림),574000000
2025-06-26,main_upper,7,진힐라(하드),106000000
2025-06-26,main_upper,8,듄켈(하드),94400000
2025-06-26,main_upper,9,윌(하드),77100000
2025-06-26,main_upper,10,가디언엔젤슬라임(카오스),75100000
2025-06-26,main_upper,11,더스크(카오스),69800000
2025-06-26,main_upper,12,루시드(하드),62900000
2025-07-03,main_upper,1,카링(익스트림),5387000000
2025-07-03,main_upper,2,감시자칼로스(익스트림),4104000000
2025-07-03,main_upper,3,발드릭스(하드),3078000000
2025-07-03,main_upper,4,선택받은세렌(익스트림),2835000000
2025-07-03,main_upper,5,림보(하드),2385000000
2025-07-03,main_upper,6,스우(익스트림),574000000
2025-07-03,main_upper,7,진힐라(하드),106000000
2025-07-03,main_upper,8,듄켈(하드),94400000
2025-07-03,main_upper,9,윌(하드),77100000
2025-07-03,main_upper,10,가디언엔젤슬라임(카오스),75100000
2025-07-03,main_upper,11,더스크(카오스),69800000
2025-07-03,main_upper,12,루시드(하드),62900000
2025-07-10,main_upper,1,카링(익스트림),5387000000
2025-07-10,main_upper,2,감시자칼로스(익스트림),4104000000
2025-07-10,main_upper,3,발드릭스(하드),3078000000
2025-07-10,main_upper,4,선택받은세렌(익스트림),2835000000
2025-07-10,main_upper,5,림보(하드),2385000000
2025-07-10,main_upper,6,스우(익스트림),574000000
2025-07-10,main_upper,7,진힐라(하드),106000000
2025-07-10,main_upper,8,듄켈(하드),94400000
2025-07-10,main_upper,9,윌(하드),77100000
2025-07-10,main_upper,10,가디언엔젤슬라임(카오스),75100000
2025-07-10,main_upper,11,더스크(카오스),69800000
2025-07-10,main_upper,12,루시드(하드),62900000
2025-07-17,main_upper,1,카링(익스트림),5387000000
2025-07-17,main_upper,2,감시자칼로스(익스트림),4104000000
2025-07-17,main_upper,3,발드릭스(하드),3078000000
2025-07-17,main_upper,4,선택받은세렌(익스트림),2835000000
2025-07-17,main_upper,5,림보(하드),2385000000
2025-07-17,main_upper,6,스우(익스트림),574000000
2025-07-17,main_upper,7,진힐라(하드),106000000
2025-07-17,main_upper,8,듄켈(하드),94400000
2025-07-17,main_upper,9,윌(하드),77100000
2025-07-17,main_upper,10,가디언엔젤슬라임(카오스),75100000
2025-07-17,main_upper,11,더스크(카오스),69800000
2025-07-17,main_upper,12,루시드(하드),62900000
2025-07-24,main_upper,1,카링(익스트림),5387000000
2025-07-24,main_upper,2,감시자칼로스(익스트림),4104000000
2025-07-24,main_upper,3,발드릭스(하드),3078000000
2025-07-24,main_upper,4,선택받은세렌(익스트림),2835000000
2025-07-24,main_upper,5,림보(하드),2385000000
2025-07-24,main_upper,6,스우(익스트림),574000000
2025-07-24,main_upper,7,진힐라(하드),106000000
2025-07-24,main_upper,8,듄켈(하드),94400000
2025-07-24,main_upper,9,윌(하드),77100000
2025-07-24,main_upper,10,가디언엔젤슬라임(카오스),75100000
2025-07-24,main_upper,11,더스크(카오스),69800000
2025-07-24,main_upper,12,루시드(하드),62900000
2025-07-31,main_upper,1,카링(익스트림),5387000000
2025-07-31,main_upper,2,감시자칼로스(익스트림),4104000000
2025-07-31,main_upper,3,발드릭스(하드),3078000000
2025-07-31,main_upper,4,선택받은세렌(익스트림),2835000000
2025-07-31,main_upper,5,림보(하드),2385000000
2025-07-31,main_upper,6,스우(익스트림),574000000
2025-07-31,main_upper,7,진힐라(하드),106000000
2025-07-31,main_upper,8,듄켈(하드),94400000
2025-07-31,main_upper,9,윌(하드),77100000
2025-07-31,main_upper,10,가디언엔젤슬라임(카오스),75100000
2025-07-31,main_upper,11,더스크(카오스),69800000
2025-07-31,main_upper,12,루시드(하드),62900000
2025-08-07,main_upper,1,카링(익스트림),5387000000
2025-08-07,main_upper,2,감시자칼로스(익스트림),4104000000
2025-08-07,main_upper,3,발드릭스(하드),3078000000
2025-08-07,main_upper,4,선택받은세렌(익스트림),2835000000
2025-08-07,main_upper,5,림보(하드),2385000000
2025-08-07,main_upper,6,스우(익스트림),574000000
2025-08-07,main_upper,7,진힐라(하드),106000000
2025-08-07,main_upper,8,듄켈(하드),94400000
2025-08-07,main_upper,9,윌(하드),77100000
2025-08-07,main_upper,10,가디언엔젤슬라임(카오스),75100000
2025-08-07,main_upper,11,더스크(카오스),69800000
2025-08-07,main_upper,12,루시드(하드),62900000
2025-08-14,main_upper,1,카링(익스트림),5387000000
2025-08-14,main_upper,2,감시자칼로스(익스트림),4104000000
2025-08-14,main_upper,3,발드릭스(하드),3078000000
2025-08-14,main_upper,4,선택받은세렌(익스트림),2835000000
2025-08-14,main_upper,5,림보(하드),2385000000
2025-08-14,main_upper,6,스우(익스트림),574000000
2025-08-14,main_upper,7,진힐라(하드),106000000
2025-08-14,main_upper,8,듄켈(하드),94400000
2025-08-14,main_upper,9,윌(하드),77100000
2025-08-14,main_upper,10,가디언엔젤슬라임(카오스),75100000
2025-08-14,main_upper,11,더스크(카오스),69800000
2025-08-14,main_upper,12,루시드(하드),62900000
2025-08-21,main_upper,1,카링(익스트림),5387000000
2025-08-21,main_upper,2,최초의대적자(익스트림),4712000000
2025-08-21,main_upper,3,감시자칼로스(익스트림),4104000000
2025-08-21,main_upper,4,발드릭스(하드),3078000000
2025-08-21,main_upper,5,선택받은세렌(익스트림),2835000000
2025-08-21,main_upper,6,림보(하드),2385000000
2025-08-21,main_upper,7,스우(익스트림),574000000
2025-08-21,main_upper,8,진힐라(하드),106000000
2025-08-21,main_upper,9,듄켈(하드),94400000
2025-08-21,main_upper,10,윌(하드),77100000
2025-08-21,main_upper,11,가디언엔젤슬라임(카오스),75100000
2025-08-21,main_upper,12,더스크(카오스),69800000
2025-08-28,main_upper,1,카링(익스트림),5387000000
2025-08-28,main_upper,2,최초의대적자(익스트림),4712000000
2025-08-28,main_upper,3,감시자칼로스(익스트림),4104000000
2025-08-28,main_upper,4,발드릭스(하드),3078000000
2025-08-28,main_upper,5,선택받은세렌(익스트림),2835000000
2025-08-28,main_upper,6,림보(하드),2385000000
2025-08-28,main_upper,7,스우(익스트림),574000000
2025-08-28,main_upper,8,진힐라(하드),106000000
2025-08-28,main_upper,9,듄켈(하드),94400000
2025-08-28,main_upper,10,윌(하드),77100000
2025-08-28,main_upper,11,가디언엔젤슬라임(카오스),75100000
2025-08-28,main_upper,12,더스크(카오스),69800000
2025-09-04,main_upper,1,카링(익스트림),5387000000
2025-09-04,main_upper,2,최초의대적자(익스트림),4712000000
2025-09-04,main_upper,3,감시자칼로스(익스트림),4104000000
2025-09-04,main_upper,4,발드릭스(하드),3078000000
2025-09-04,main_upper,5,선택받은세렌(익스트림),2835000000
2025-09-04,main_upper,6,림보(하드),2385000000
2025-09-04,main_upper,7,스우(익스트림),574000000
2025-09-04,main_upper,8,진힐라(하드),106000000
2025-09-04,main_upper,9,듄켈(하드),94400000
2025-09-04,main_upper,10,윌(하드),77100000
2025-09-04,main_upper,11,가디언엔젤슬라임(카오스),75100000
2025-09-04,main_upper,12,더스크(카오스),69800000
2025-09-11,main_upper,1,카링(익스트림),5387000000
2025-09-11,main_upper,2,최초의대적자(익스트림),4712000000
2025-09-11,main_upper,3,감시자칼로스(익스트림),4104000000
2025-09-11,main_upper,4,발드릭스(하드),3078000000
2025-09-11,main_upper,5,선택받은세렌(익스트림),2835000000
2025-09-11,main_upper,6,림보(하드),2385000000
2025-09-11,main_upper,7,스우(익스트림),574000000
2025-09-11,main_upper,8,진힐라(하드),106000000
2025-09-11,main_upper,9,듄켈(하드),94400000
2025-09-11,main_upper,10,윌(하드),77100000
2025-09-11,main_upper,11,가디언엔젤슬라임(카오스),75100000
2025-09-11,main_upper,12,더스크(카오스),69800000
2025-09-18,main_upper,1,카링(익스트림),5387000000
2025-09-18,main_upper,2,최초의대적자(익스트림),4712000000
2025-09-18,main_upper,3,감시자칼로스(익스트림),4104000000
2025-09-18,main_upper,4,발드릭스(하드),3078000000
2025-09-18,main_upper,5,선택받은세렌(익스트림),2835000000
2025-09-18,main_upper,6,림보(하드),2385000000
2025-09-18,main_upper,7,스우(익스트림),574000000
2025-09-18,main_upper,8,진힐라(하드),106000000
2025-09-18,main_upper,9,듄켈(하드),94400000
2025-09-18,main_upper,10,윌(하드),77100000
2025-09-18,main_upper,11,가디언엔젤슬라임(카오스),75100000
2025-09-18,main_upper,12,더스크(카오스),69800000
2025-09-25,main_upper,1,카링(익스트림),5387000000
2025-09-25,main_upper,2,최초의대적자(익스트림),4712000000
2025-09-25,main_upper,3,감시자칼로스(익스트림),4104000000
2025-09-25,main_upper,4,발드릭스(하드),3078000000
2025-09-25,main_upper,5,선택받은세렌(익스트림),2835000000
2025-09-25,main_upper,6,림보(하드),2385000000
2025-09-25,main_upper,7,스우(익스트림),574000000
2025-09-25,main_upper,8,진힐라(하드),106000000
2025-09-25,main_upper,9,듄켈(하드),94400000
2025-09-25,main_upper,10,윌(하드),77100000
2025-09-25,main_upper,11,가디언엔젤슬라임(카오스),75100000
2025-09-25,main_upper,12,더스크(카오스),69800000
2025-10-02,main_upper,1,카링(익스트림),5387000000
2025-10-02,main_upper,2,최초의대적자(익스트림),4712000000
2025-10-02,main_upper,3,감시자칼로스(익스트림),4104000000
2025-10-02,main_upper,4,발드릭스(하드),3078000000
2025-10-02,main_upper,5,선택받은세렌(익스트림),2835000000
2025-10-02,main_upper,6,림보(하드),2385000000
2025-10-02,main_upper,7,스우(익스트림),574000000
2025-10-02,main_upper,8,진힐라(하드),106000000
2025-10-02,main_upper,9,듄켈(하드),94400000
2025-10-02,main_upper,10,윌(하드),77100000
2025-10-02,main_upper,11,가디언엔젤슬라임(카오스),75100000
2025-10-02,main_upper,12,더스크(카오스),69800000
2025-10-09,main_upper,1,카링(익스트림),5387000000
2025-10-09,main_upper,2,최초의대적자(익스트림),4712000000
2025-10-09,main_upper,3,감시자칼로스(익스트림),4104000000
2025-10-09,main_upper,4,발드릭스(하드),3078000000
2025-10-09,main_upper,5,선택받은세렌(익스트림),2835000000
2025-10-09,main_upper,6,림보(하드),2385000000
2025-10-09,main_upper,7,스우(익스트림),574000000
2025-10-09,main_upper,8,진힐라(하드),106000000
2025-10-09,main_upper,9,듄켈(하드),94400000
2025-10-09,main_upper,10,윌(하드),77100000
2025-10-09,main_upper,11,가디언엔젤슬라임(카오스),75100000
2025-10-09,main_upper,12,더스크(카오스),69800000
2025-10-16,main_upper,1,카링(익스트림),5387000000
2025-10-16,main_upper,2,최초의대적자(익스트림),4712000000
2025-10-16,main_upper,3,감시자칼로스(익스트림),4104000000
2025-10-16,main_upper,4,발드릭스(하드),3078000000
2025-10-16,main_upper,5,선택받은세렌(익스트림),2835000000
2025-10-16,main_upper,6,림보(하드),2385000000
2025-10-16,main_upper,7,스우(익스트림),574000000
2025-10-16,main_upper,8,진힐라(하드),106000000
2025-10-16,main_upper,9,듄켈(하드),94400000
2025-10-16,main_upper,10,윌(하드),77100000
2025-10-16,main_upper,11,가디언엔젤슬라임(카오스),75100000
2025-10-16,main_upper,12,더스크(카오스),69800000
2025-10-23,main_upper,1,카링(익스트림),5387000000
2025-10-23,main_upper,2,최초의대적자(익스트림),4712000000
2025-10-23,main_upper,3,감시자칼로스(익스트림),4104000000
2025-10-23,main_upper,4,발드릭스(하드),3078000000
2025-10-23,main_upper,5,선택받은세렌(익스트림),2835000000
2025-10-23,main_upper,6,림보(하드),2385000000
2025-10-23,main_upper,7,스우(익스트림),574000000
2025-10-23,main_upper,8,진힐라(하드),106000000
2025-10-23,main_upper,9,듄켈(하드),94400000
2025-10-23,main_upper,10,윌(하드),77100000
2025-10-23,main_upper,11,가디언엔젤슬라임(카오스),75100000
2025-10-23,main_upper,12,더스크(카오스),69800000
2025-10-30,main_upper,1,카링(익스트림),5387000000
2025-10-30,main_upper,2,최초의대적자(익스트림),4712000000
2025-10-30,main_upper,3,감시자칼로스(익스트림),4104000000
2025-10-30,main_upper,4,발드릭스(하드),3078000000
2025-10-30,main_upper,5,선택받은세렌(익스트림),2835000000
2025-10-30,main_upper,6,림보(하드),2385000000
2025-10-30,main_upper,7,스우(익스트림),574000000
2025-10-30,main_upper,8,진힐라(하드),106000000
2025-10-30,main_upper,9,듄켈(하드),94400000
2025-10-30,main_upper,10,윌(하드),77100000
2025-10-30,main_upper,11,가디언엔젤슬라임(카오스),75100000
2025-10-30,main_upper,12,더스크(카오스),69800000
2025-11-06,main_upper,1,카링(익스트림),5387000000
2025-11-06,main_upper,2,최초의대적자(익스트림),4712000000
2025-11-06,main_upper,3,감시자칼로스(익스트림),4104000000
2025-11-06,main_upper,4,발드릭스(하드),3078000000
2025-11-06,main_upper,5,선택받은세렌(익스트림),2835000000
2025-11-06,main_upper,6,림보(하드),2385000000
2025-11-06,main_upper,7,스우(익스트림),574000000
2025-11-06,main_upper,8,진힐라(하드),106000000
2025-11-06,main_upper,9,듄켈(하드),94400000
2025-11-06,main_upper,10,윌(하드),77100000
2025-11-06,main_upper,11,가디언엔젤슬라임(카오스),75100000
2025-11-06,main_upper,12,더스크(카오스),69800000
2025-11-13,main_upper,1,카링(익스트림),5387000000
2025-11-13,main_upper,2,최초의대적자(익스트림),4712000000
2025-11-13,main_upper,3,감시자칼로스(익스트림),4104000000
2025-11-13,main_upper,4,발드릭스(하드),3078000000
2025-11-13,main_upper,5,선택받은세렌(익스트림),2835000000
2025-11-13,main_upper,6,림보(하드),2385000000
2025-11-13,main_upper,7,스우(익스트림),574000000
2025-11-13,main_upper,8,진힐라(하드),106000000
2025-11-13,main_upper,9,듄켈(하드),94400000
2025-11-13,main_upper,10,윌(하드),77100000
2025-11-13,main_upper,11,가디언엔젤슬라임(카오스),75100000
2025-11-13,main_upper,12,더스크(카오스),69800000
2025-11-20,main_upper,1,카링(익스트림),5387000000
2025-11-20,main_upper,2,최초의대적자(익스트림),4712000000
2025-11-20,main_upper,3,감시자칼로스(익스트림),4104000000
2025-11-20,main_upper,4,발드릭스(하드),3078000000
2025-11-20,main_upper,5,선택받은세렌(익스트림),2835000000
2025-11-20,main_upper,6,림보(하드),2385000000
2025-11-20,main_upper,7,스우(익스트림),574000000
2025-11-20,main_upper,8,진힐라(하드),106000000
2025-11-20,main_upper,9,듄켈(하드),94400000
2025-11-20,main_upper,10,윌(하드),77100000
2025-11-20,main_upper,11,가디언엔젤슬라임(카오스),75100000
2025-11-20,main_upper,12,더스크(카오스),69800000
2025-11-27,main_upper,1,카링(익스트림),5387000000
2025-11-27,main_upper,2,최초의대적자(익스트림),4712000000
2025-11-27,main_upper,3,감시자칼로스(익스트림),4104000000
2025-11-27,main_upper,4,발드릭스(하드),3078000000
2025-11-27,main_upper,5,선택받은세렌(익스트림),2835000000
2025-11-27,main_upper,6,림보(하드),2385000000
2025-11-27,main_upper,7,스우(익스트림),574000000
2025-11-27,main_upper,8,진힐라(하드),106000000
2025-11-27,main_upper,9,듄켈(하드),94400000
2025-11-27,main_upper,10,윌(하드),77100000
2025-11-27,main_upper,11,가디언엔젤슬라임(카오스),75100000
2025-11-27,main_upper,12,더스크(카오스),69800000
2025-12-04,main_upper,1,카링(익스트림),5387000000
2025-12-04,main_upper,2,최초의대적자(익스트림),4712000000
2025-12-04,main_upper,3,감시자칼로스(익스트림),4104000000
2025-12-04,main_upper,4,발드릭스(하드),3078000000
2025-12-04,main_upper,5,선택받은세렌(익스트림),2835000000
2025-12-04,main_upper,6,림보(하드),2385000000
2025-12-04,main_upper,7,스우(익스트림),574000000
2025-12-04,main_upper,8,진힐라(하드),106000000
2025-12-04,main_upper,9,듄켈(하드),94400000
2025-12-04,main_upper,10,윌(하드),77100000
2025-12-04,main_upper,11,가디언엔젤슬라임(카오스),75100000
2025-12-04,main_upper,12,더스크(카오스),69800000
2025-12-11,main_upper,1,카링(익스트림),5387000000
2025-12-11,main_upper,2,최초의대적자(익스트림),4712000000
2025-12-11,main_upper,3,감시자칼로스(익스트림),4104000000
2025-12-11,main_upper,4,발드릭스(하드),3078000000
2025-12-11,main_upper,5,선택받은세렌(익스트림),2835000000
2025-12-11,main_upper,6,림보(하드),2385000000
2025-12-11,main_upper,7,스우(익스트림),574000000
2025-12-11,main_upper,8,진힐라(하드),106000000
2025-12-11,main_upper,9,듄켈(하드),94400000
2025-12-11,main_upper,10,윌(하드),77100000
2025-12-11,main_upper,11,가디언엔젤슬라임(카오스),75100000
2025-12-11,main_upper,12,더스크(카오스),69800000
2025-12-18,main_upper,1,카링(익스트림),5387000000
2025-12-18,main_upper,2,최초의대적자(익스트림),4712000000
2025-12-18,main_upper,3,감시자칼로스(익스트림),4104000000
2025-12-18,main_upper,4,발드릭스(하드),3078000000
2025-12-18,main_upper,5,선택받은세렌(익스트림),2835000000
2025-12-18,main_upper,6,림보(하드),2385000000
2025-12-18,main_upper,7,스우(익스트림),574000000
2025-12-18,main_upper,8,진힐라(하드),106000000
2025-12-18,main_upper,9,듄켈(하드),94400000
2025-12-18,main_upper,10,윌(하드),77100000
2025-12-18,main_upper,11,가디언엔젤슬라임(카오스),75100000
2025-12-18,main_upper,12,더스크(카오스),69800000
2025-12-25,main_upper,1,카링(익스트림),5387000000
2025-12-25,main_upper,2,최초의대적자(익스트림),4712000000
2025-12-25,main_upper,3,감시자칼로스(익스트림),4104000000
2025-12-25,main_upper,4,발드릭스(하드),3078000000
2025-12-25,main_upper,5,선택받은세렌(익스트림),2835000000
2025-12-25,main_upper,6,림보(하드),2385000000
2025-12-25,main_upper,7,스우(익스트림),574000000
2025-12-25,main_upper,8,진힐라(하드),106000000
2025-12-25,main_upper,9,듄켈(하드),94400000
2025-12-25,main_upper,10,윌(하드),77100000
2025-12-25,main_upper,11,가디언엔젤슬라임(카오스),75100000
2025-12-25,main_upper,12,더스크(카오스),69800000
2026-01-01,main_upper,1,카링(익스트림),5387000000
2026-01-01,main_upper,2,최초의대적자(익스트림),4712000000
2026-01-01,main_upper,3,감시자칼로스(익스트림),4104000000
2026-01-01,main_upper,4,발드릭스(하드),3078000000
2026-01-01,main_upper,5,선택받은세렌(익스트림),2835000000
2026-01-01,main_upper,6,림보(하드),2385000000
2026-01-01,main_upper,7,스우(익스트림),574000000
2026-01-01,main_upper,8,진힐라(하드),106000000
2026-01-01,main_upper,9,듄켈(하드),94400000
2026-01-01,main_upper,10,윌(하드),77100000
2026-01-01,main_upper,11,가디언엔젤슬라임(카오스),75100000
2026-01-01,main_upper,12,더스크(카오스),69800000
2026-01-08,main_upper,1,카링(익스트림),5387000000
2026-01-08,main_upper,2,최초의대적자(익스트림),4712000000
2026-01-08,main_upper,3,감시자칼로스(익스트림),4104000000
2026-01-08,main_upper,4,발드릭스(하드),3078000000
2026-01-08,main_upper,5,선택받은세렌(익스트림),2835000000
2026-01-08,main_upper,6,림보(하드),2385000000
2026-01-08,main_upper,7,스우(익스트림),574000000
2026-01-08,main_upper,8,진힐라(하드),106000000
2026-01-08,main_upper,9,듄켈(하드),94400000
2026-01-08,main_upper,10,윌(하드),77100000
2026-01-08,main_upper,11,가디언엔젤슬라임(카오스),75100000
2026-01-08,main_upper,12,더스크(카오스),69800000
2026-01-15,main_upper,1,카링(익스트림),5387000000
2026-01-15,main_upper,2,최초의대적자(익스트림),4712000000
2026-01-15,main_upper,3,감시자칼로스(익스트림),4104000000
2026-01-15,main_upper,4,발드릭스(하드),3078000000
2026-01-15,main_upper,5,선택받은세렌(익스트림),2835000000
2026-01-15,main_upper,6,찬란한흉성(하드),2678000000
2026-01-15,main_upper,7,림보(하드),2385000000
2026-01-15,main_upper,8,스우(익스트림),574000000
2026-01-15,main_upper,9,진힐라(하드),106000000
2026-01-15,main_upper,10,듄켈(하드),94400000
2026-01-15,main_upper,11,윌(하드),77100000
2026-01-15,main_upper,12,가디언엔젤슬라임(카오스),75100000
2026-01-22,main_upper,1,카링(익스트림),5387000000
2026-01-22,main_upper,2,최초의대적자(익스트림),4712000000
2026-01-22,main_upper,3,감시자칼로스(익스트림),4104000000
2026-01-22,main_upper,4,발드릭스(하드),3078000000
2026-01-22,main_upper,5,선택받은세렌(익스트림),2835000000
2026-01-22,main_upper,6,찬란한흉성(하드),2678000000
2026-01-22,main_upper,7,림보(하드),2385000000
2026-01-22,main_upper,8,스우(익스트림),574000000
2026-01-22,main_upper,9,진힐라(하드),106000000
2026-01-22,main_upper,10,듄켈(하드),94400000
2026-01-22,main_upper,11,윌(하드),77100000
2026-01-22,main_upper,12,가디언엔젤슬라임(카오스),75100000
2026-01-29,main_upper,1,카링(익스트림),5387000000
2026-01-29,main_upper,2,최초의대적자(익스트림),4712000000
2026-01-29,main_upper,3,감시자칼로스(익스트림),4104000000
2026-01-29,main_upper,4,발드릭스(하드),3078000000
2026-01-29,main_upper,5,선택받은세렌(익스트림),2835000000
2026-01-29,main_upper,6,찬란한흉성(하드),2678000000
2026-01-29,main_upper,7,림보(하드),2385000000
2026-01-29,main_upper,8,스우(익스트림),574000000
2026-01-29,main_upper,9,진힐라(하드),106000000
2026-01-29,main_upper,10,듄켈(하드),94400000
2026-01-29,main_upper,11,윌(하드),77100000
2026-01-29,main_upper,12,가디언엔젤슬라임(카오스),75100000
2026-02-05,main_upper,1,카링(익스트림),5387000000
2026-02-05,main_upper,2,최초의대적자(익스트림),4712000000
2026-02-05,main_upper,3,감시자칼로스(익스트림),4104000000
2026-02-05,main_upper,4,발드릭스(하드),3078000000
2026-02-05,main_upper,5,선택받은세렌(익스트림),2835000000
2026-02-05,main_upper,6,찬란한흉성(하드),2678000000
2026-02-05,main_upper,7,림보(하드),2385000000
2026-02-05,main_upper,8,스우(익스트림),574000000
2026-02-05,main_upper,9,진힐라(하드),106000000
2026-02-05,main_upper,10,듄켈(하드),94400000
2026-02-05,main_upper,11,윌(하드),77100000
2026-02-05,main_upper,12,가디언엔젤슬라임(카오스),75100000
2026-02-12,main_upper,1,카링(익스트림),5387000000
2026-02-12,main_upper,2,유피테르(하드),4845000000
2026-02-12,main_upper,3,최초의대적자(익스트림),4712000000
2026-02-12,main_upper,4,감시자칼로스(익스트림),4104000000
2026-02-12,main_upper,5,발드릭스(하드),3078000000
2026-02-12,main_upper,6,선택받은세렌(익스트림),2835000000
2026-02-12,main_upper,7,찬란한흉성(하드),2678000000
2026-02-12,main_upper,8,림보(하드),2385000000
2026-02-12,main_upper,9,스우(익스트림),574000000
2026-02-12,main_upper,10,진힐라(하드),106000000
2026-02-12,main_upper,11,듄켈(하드),94400000
2026-02-12,main_upper,12,윌(하드),77100000
2026-02-19,main_upper,1,카링(익스트림),5387000000
2026-02-19,main_upper,2,유피테르(하드),4845000000
2026-02-19,main_upper,3,최초의대적자(익스트림),4712000000
2026-02-19,main_upper,4,감시자칼로스(익스트림),4104000000
2026-02-19,main_upper,5,발드릭스(하드),3078000000
2026-02-19,main_upper,6,선택받은세렌(익스트림),2835000000
2026-02-19,main_upper,7,찬란한흉성(하드),2678000000
2026-02-19,main_upper,8,림보(하드),2385000000
2026-02-19,main_upper,9,스우(익스트림),574000000
2026-02-19,main_upper,10,진힐라(하드),106000000
2026-02-19,main_upper,11,듄켈(하드),94400000
2026-02-19,main_upper,12,윌(하드),77100000
2026-02-26,main_upper,1,카링(익스트림),5387000000
2026-02-26,main_upper,2,유피테르(하드),4845000000
2026-02-26,main_upper,3,최초의대적자(익스트림),4712000000
2026-02-26,main_upper,4,감시자칼로스(익스트림),4104000000
2026-02-26,main_upper,5,발드릭스(하드),3078000000
2026-02-26,main_upper,6,선택받은세렌(익스트림),2835000000
2026-02-26,main_upper,7,찬란한흉성(하드),2678000000
2026-02-26,main_upper,8,림보(하드),2385000000
2026-02-26,main_upper,9,스우(익스트림),574000000
2026-02-26,main_upper,10,진힐라(하드),106000000
2026-02-26,main_upper,11,듄켈(하드),94400000
2026-02-26,main_upper,12,윌(하드),77100000
2026-03-05,main_upper,1,카링(익스트림),5387000000
2026-03-05,main_upper,2,유피테르(하드),4845000000
2026-03-05,main_upper,3,최초의대적자(익스트림),4712000000
2026-03-05,main_upper,4,감시자칼로스(익스트림),4104000000
2026-03-05,main_upper,5,발드릭스(하드),3078000000
2026-03-05,main_upper,6,선택받은세렌(익스트림),2835000000
2026-03-05,main_upper,7,찬란한흉성(하드),2678000000
2026-03-05,main_upper,8,림보(하드),2385000000
2026-03-05,main_upper,9,스우(익스트림),574000000
2026-03-05,main_upper,10,진힐라(하드),106000000
2026-03-05,main_upper,11,듄켈(하드),94400000
2026-03-05,main_upper,12,윌(하드),77100000
2026-03-12,main_upper,1,카링(익스트림),5387000000
2026-03-12,main_upper,2,유피테르(하드),4845000000
2026-03-12,main_upper,3,최초의대적자(익스트림),4712000000
2026-03-12,main_upper,4,감시자칼로스(익스트림),4104000000
2026-03-12,main_upper,5,발드릭스(하드),3078000000
2026-03-12,main_upper,6,선택받은세렌(익스트림),2835000000
2026-03-12,main_upper,7,찬란한흉성(하드),2678000000
2026-03-12,main_upper,8,림보(하드),2385000000
2026-03-12,main_upper,9,스우(익스트림),574000000
2026-03-12,main_upper,10,진힐라(하드),106000000
2026-03-12,main_upper,11,듄켈(하드),94400000
2026-03-12,main_upper,12,윌(하드),77100000
2026-03-19,main_upper,1,카링(익스트림),5387000000
2026-03-19,main_upper,2,유피테르(하드),4845000000
2026-03-19,main_upper,3,최초의대적자(익스트림),4712000000
2026-03-19,main_upper,4,감시자칼로스(익스트림),4104000000
2026-03-19,main_upper,5,발드릭스(하드),3078000000
2026-03-19,main_upper,6,선택받은세렌(익스트림),2835000000
2026-03-19,main_upper,7,찬란한흉성(하드),2678000000
2026-03-19,main_upper,8,림보(하드),2385000000
2026-03-19,main_upper,9,스우(익스트림),574000000
2026-03-19,main_upper,10,진힐라(하드),106000000
2026-03-19,main_upper,11,듄켈(하드),94400000
2026-03-19,main_upper,12,윌(하드),77100000
2026-03-26,main_upper,1,카링(익스트림),5387000000
2026-03-26,main_upper,2,유피테르(하드),4845000000
2026-03-26,main_upper,3,최초의대적자(익스트림),4712000000
2026-03-26,main_upper,4,감시자칼로스(익스트림),4104000000
2026-03-26,main_upper,5,발드릭스(하드),3078000000
2026-03-26,main_upper,6,선택받은세렌(익스트림),2835000000
2026-03-26,main_upper,7,찬란한흉성(하드),2678000000
2026-03-26,main_upper,8,림보(하드),2385000000
2026-03-26,main_upper,9,스우(익스트림),574000000
2026-03-26,main_upper,10,진힐라(하드),106000000
2026-03-26,main_upper,11,듄켈(하드),94400000
2026-03-26,main_upper,12,윌(하드),77100000
2026-04-02,main_upper,1,카링(익스트림),5387000000
2026-04-02,main_upper,2,유피테르(하드),4845000000
2026-04-02,main_upper,3,최초의대적자(익스트림),4712000000
2026-04-02,main_upper,4,감시자칼로스(익스트림),4104000000
2026-04-02,main_upper,5,발드릭스(하드),3078000000
2026-04-02,main_upper,6,선택받은세렌(익스트림),2835000000
2026-04-02,main_upper,7,찬란한흉성(하드),2678000000
2026-04-02,main_upper,8,림보(하드),2385000000
2026-04-02,main_upper,9,스우(익스트림),574000000
2026-04-02,main_upper,10,진힐라(하드),106000000
2026-04-02,main_upper,11,듄켈(하드),94400000
2026-04-02,main_upper,12,윌(하드),77100000
2026-04-09,main_upper,1,카링(익스트림),5387000000
2026-04-09,main_upper,2,유피테르(하드),4845000000
2026-04-09,main_upper,3,최초의대적자(익스트림),4712000000
2026-04-09,main_upper,4,감시자칼로스(익스트림),4104000000
2026-04-09,main_upper,5,발드릭스(하드),3078000000
2026-04-09,main_upper,6,선택받은세렌(익스트림),2835000000
2026-04-09,main_upper,7,찬란한흉성(하드),2678000000
2026-04-09,main_upper,8,림보(하드),2385000000
2026-04-09,main_upper,9,스우(익스트림),574000000
2026-04-09,main_upper,10,진힐라(하드),106000000
2026-04-09,main_upper,11,듄켈(하드),94400000
2026-04-09,main_upper,12,윌(하드),77100000
2026-04-16,main_upper,1,카링(익스트림),5387000000
2026-04-16,main_upper,2,유피테르(하드),4845000000
2026-04-16,main_upper,3,최초의대적자(익스트림),4712000000
2026-04-16,main_upper,4,감시자칼로스(익스트림),4104000000
2026-04-16,main_upper,5,발드릭스(하드),3078000000
2026-04-16,main_upper,6,선택받은세렌(익스트림),2835000000
2026-04-16,main_upper,7,찬란한흉성(하드),2678000000
2026-04-16,main_upper,8,림보(하드),2385000000
2026-04-16,main_upper,9,스우(익스트림),574000000
2026-04-16,main_upper,10,진힐라(하드),106000000
2026-04-16,main_upper,11,듄켈(하드),94400000
2026-04-16,main_upper,12,윌(하드),77100000
2026-04-23,main_upper,1,카링(익스트림),5387000000
2026-04-23,main_upper,2,유피테르(하드),4845000000
2026-04-23,main_upper,3,최초의대적자(익스트림),4712000000
2026-04-23,main_upper,4,감시자칼로스(익스트림),4104000000
2026-04-23,main_upper,5,발드릭스(하드),3078000000
2026-04-23,main_upper,6,선택받은세렌(익스트림),2835000000
2026-04-23,main_upper,7,찬란한흉성(하드),2678000000
2026-04-23,main_upper,8,림보(하드),2385000000
2026-04-23,main_upper,9,스우(익스트림),574000000
2026-04-23,main_upper,10,진힐라(하드),106000000
2026-04-23,main_upper,11,듄켈(하드),94400000
2026-04-23,main_upper,12,윌(하드),77100000
2026-04-30,main_upper,1,카링(익스트림),5387000000
2026-04-30,main_upper,2,유피테르(하드),4845000000
2026-04-30,main_upper,3,최초의대적자(익스트림),4712000000
2026-04-30,main_upper,4,감시자칼로스(익스트림),4104000000
2026-04-30,main_upper,5,발드릭스(하드),3078000000
2026-04-30,main_upper,6,선택받은세렌(익스트림),2835000000
2026-04-30,main_upper,7,찬란한흉성(하드),2678000000
2026-04-30,main_upper,8,림보(하드),2385000000
2026-04-30,main_upper,9,스우(익스트림),574000000
2026-04-30,main_upper,10,진힐라(하드),106000000
2026-04-30,main_upper,11,듄켈(하드),94400000
2026-04-30,main_upper,12,윌(하드),77100000
2026-05-07,main_upper,1,카링(익스트림),5387000000
2026-05-07,main_upper,2,유피테르(하드),4845000000
2026-05-07,main_upper,3,최초의대적자(익스트림),4712000000
2026-05-07,main_upper,4,감시자칼로스(익스트림),4104000000
2026-05-07,main_upper,5,발드릭스(하드),3078000000
2026-05-07,main_upper,6,선택받은세렌(익스트림),2835000000
2026-05-07,main_upper,7,찬란한흉성(하드),2678000000
2026-05-07,main_upper,8,림보(하드),2385000000
2026-05-07,main_upper,9,스우(익스트림),574000000
2026-05-07,main_upper,10,진힐라(하드),106000000
2026-05-07,main_upper,11,듄켈(하드),94400000
2026-05-07,main_upper,12,윌(하드),77100000
2026-05-14,main_upper,1,카링(익스트림),5387000000
2026-05-14,main_upper,2,유피테르(하드),4845000000
2026-05-14,main_upper,3,최초의대적자(익스트림),4712000000
2026-05-14,main_upper,4,감시자칼로스(익스트림),4104000000
2026-05-14,main_upper,5,발드릭스(하드),3078000000
2026-05-14,main_upper,6,선택받은세렌(익스트림),2835000000
2026-05-14,main_upper,7,찬란한흉성(하드),2678000000
2026-05-14,main_upper,8,림보(하드),2385000000
2026-05-14,main_upper,9,스우(익스트림),574000000
2026-05-14,main_upper,10,진힐라(하드),106000000
2026-05-14,main_upper,11,듄켈(하드),94400000
2026-05-14,main_upper,12,윌(하드),77100000
2026-05-21,main_upper,1,카링(익스트림),5387000000
2026-05-21,main_upper,2,유피테르(하드),4845000000
2026-05-21,main_upper,3,최초의대적자(익스트림),4712000000
2026-05-21,main_upper,4,감시자칼로스(익스트림),4104000000
2026-05-21,main_upper,5,발드릭스(하드),3078000000
2026-05-21,main_upper,6,선택받은세렌(익스트림),2835000000
2026-05-21,main_upper,7,찬란한흉성(하드),2678000000
2026-05-21,main_upper,8,림보(하드),2385000000
2026-05-21,main_upper,9,스우(익스트림),574000000
2026-05-21,main_upper,10,진힐라(하드),106000000
2026-05-21,main_upper,11,듄켈(하드),94400000
2026-05-21,main_upper,12,윌(하드),77100000
2026-05-28,main_upper,1,카링(익스트림),5387000000
2026-05-28,main_upper,2,유피테르(하드),4845000000
2026-05-28,main_upper,3,최초의대적자(익스트림),4712000000
2026-05-28,main_upper,4,감시자칼로스(익스트림),4104000000
2026-05-28,main_upper,5,발드릭스(하드),3078000000
2026-05-28,main_upper,6,선택받은세렌(익스트림),2835000000
2026-05-28,main_upper,7,찬란한흉성(하드),2678000000
2026-05-28,main_upper,8,림보(하드),2385000000
2026-05-28,main_upper,9,스우(익스트림),574000000
2026-05-28,main_upper,10,진힐라(하드),106000000
2026-05-28,main_upper,11,듄켈(하드),94400000
2026-05-28,main_upper,12,윌(하드),77100000
2026-06-04,main_upper,1,카링(익스트림),5387000000
2026-06-04,main_upper,2,유피테르(하드),4845000000
2026-06-04,main_upper,3,최초의대적자(익스트림),4712000000
2026-06-04,main_upper,4,감시자칼로스(익스트림),4104000000
2026-06-04,main_upper,5,발드릭스(하드),3078000000
2026-06-04,main_upper,6,선택받은세렌(익스트림),2835000000
2026-06-04,main_upper,7,찬란한흉성(하드),2678000000
2026-06-04,main_upper,8,림보(하드),2385000000
2026-06-04,main_upper,9,스우(익스트림),574000000
2026-06-04,main_upper,10,진힐라(하드),106000000
2026-06-04,main_upper,11,듄켈(하드),94400000
2026-06-04,main_upper,12,윌(하드),77100000
2026-06-11,main_upper,1,카링(익스트림),5387000000
2026-06-11,main_upper,2,유피테르(하드),4845000000
2026-06-11,main_upper,3,최초의대적자(익스트림),4712000000
2026-06-11,main_upper,4,감시자칼로스(익스트림),4104000000
2026-06-11,main_upper,5,발드릭스(하드),3078000000
2026-06-11,main_upper,6,선택받은세렌(익스트림),2835000000
2026-06-11,main_upper,7,찬란한흉성(하드),2678000000
2026-06-11,main_upper,8,림보(하드),2385000000
2026-06-11,main_upper,9,스우(익스트림),574000000
2026-06-11,main_upper,10,진힐라(하드),106000000
2026-06-11,main_upper,11,듄켈(하드),94400000
2026-06-11,main_upper,12,윌(하드),77100000
2026-06-18,main_upper,1,카링(익스트림),5387000000
2026-06-18,main_upper,2,유피테르(하드),4845000000
2026-06-18,main_upper,3,최초의대적자(익스트림),4712000000
2026-06-18,main_upper,4,감시자칼로스(익스트림),4104000000
2026-06-18,main_upper,5,발드릭스(하드),3078000000
2026-06-18,main_upper,6,선택받은세렌(익스트림),2835000000
2026-06-18,main_upper,7,찬란한흉성(하드),2678000000
2026-06-18,main_upper,8,림보(하드),2385000000
2026-06-18,main_upper,9,스우(익스트림),574000000
2026-06-18,main_upper,10,진힐라(하드),106000000
2026-06-18,main_upper,11,듄켈(하드),94400000
2026-06-18,main_upper,12,윌(하드),77100000
2026-06-25,main_upper,1,카링(익스트림),5387000000
2026-06-25,main_upper,2,유피테르(하드),4845000000
2026-06-25,main_upper,3,최초의대적자(익스트림),4712000000
2026-06-25,main_upper,4,감시자칼로스(익스트림),4104000000
2026-06-25,main_upper,5,발드릭스(하드),3078000000
2026-06-25,main_upper,6,선택받은세렌(익스트림),2835000000
2026-06-25,main_upper,7,찬란한흉성(하드),2678000000
2026-06-25,main_upper,8,림보(하드),2385000000
2026-06-25,main_upper,9,스우(익스트림),574000000
2026-06-25,main_upper,10,진힐라(하드),106000000
2026-06-25,main_upper,11,듄켈(하드),94400000
2026-06-25,main_upper,12,윌(하드),77100000
2026-07-02,main_upper,1,카링(익스트림),5387000000
2026-07-02,main_upper,2,유피테르(하드),4845000000
2026-07-02,main_upper,3,최초의대적자(익스트림),4712000000
2026-07-02,main_upper,4,감시자칼로스(익스트림),4104000000
2026-07-02,main_upper,5,발드릭스(하드),3078000000
2026-07-02,main_upper,6,선택받은세렌(익스트림),2835000000
2026-07-02,main_upper,7,찬란한흉성(하드),2678000000
2026-07-02,main_upper,8,림보(하드),2385000000
2026-07-02,main_upper,9,스우(익스트림),574000000
2026-07-02,main_upper,10,진힐라(하드),106000000
2026-07-02,main_upper,11,듄켈(하드),94400000
2026-07-02,main_upper,12,윌(하드),77100000
2026-07-09,main_upper,1,카링(익스트림),5387000000
2026-07-09,main_upper,2,유피테르(하드),4845000000
2026-07-09,main_upper,3,최초의대적자(익스트림),4712000000
2026-07-09,main_upper,4,감시자칼로스(익스트림),4104000000
2026-07-09,main_upper,5,발드릭스(하드),3078000000
2026-07-09,main_upper,6,선택받은세렌(익스트림),2835000000
2026-07-09,main_upper,7,찬란한흉성(하드),2678000000
2026-07-09,main_upper,8,림보(하드),2385000000
2026-07-09,main_upper,9,스우(익스트림),574000000
2026-07-09,main_upper,10,진힐라(하드),106000000
2026-07-09,main_upper,11,듄켈(하드),94400000
2026-07-09,main_upper,12,윌(하드),77100000
2026-07-16,main_upper,1,카링(익스트림),5387000000
2026-07-16,main_upper,2,유피테르(하드),4845000000
2026-07-16,main_upper,3,최초의대적자(익스트림),4712000000
2026-07-16,main_upper,4,감시자칼로스(익스트림),4104000000
2026-07-16,main_upper,5,발드릭스(하드),3078000000
2026-07-16,main_upper,6,선택받은세렌(익스트림),2835000000
2026-07-16,main_upper,7,찬란한흉성(하드),2678000000
2026-07-16,main_upper,8,림보(하드),2385000000
2026-07-16,main_upper,9,스우(익스트림),574000000
2026-07-16,main_upper,10,진힐라(하드),106000000
2026-07-16,main_upper,11,듄켈(하드),94400000
2026-07-16,main_upper,12,윌(하드),77100000
2026-07-23,main_upper,1,카링(익스트림),5387000000
2026-07-23,main_upper,2,유피테르(하드),4845000000
2026-07-23,main_upper,3,최초의대적자(익스트림),4712000000
2026-07-23,main_upper,4,감시자칼로스(익스트림),4104000000
2026-07-23,main_upper,5,발드릭스(하드),3078000000
2026-07-23,main_upper,6,선택받은세렌(익스트림),2835000000
2026-07-23,main_upper,7,찬란한흉성(하드),2678000000
2026-07-23,main_upper,8,림보(하드),2385000000
2026-07-23,main_upper,9,스우(익스트림),574000000
2026-07-23,main_upper,10,진힐라(하드),106000000
2026-07-23,main_upper,11,듄켈(하드),94400000
2026-07-23,main_upper,12,윌(하드),77100000
2026-07-30,main_upper,1,카링(익스트림),5387000000
2026-07-30,main_upper,2,유피테르(하드),4845000000
2026-07-30,main_upper,3,최초의대적자(익스트림),4712000000
2026-07-30,main_upper,4,감시자칼로스(익스트림),4104000000
2026-07-30,main_upper,5,발드릭스(하드),3078000000
2026-07-30,main_upper,6,선택받은세렌(익스트림),2835000000
2026-07-30,main_upper,7,찬란한흉성(하드),2678000000
2026-07-30,main_upper,8,림보(하드),2385000000
2026-07-30,main_upper,9,스우(익스트림),574000000
2026-07-30,main_upper,10,진힐라(하드),106000000
2026-07-30,main_upper,11,듄켈(하드),94400000
2026-07-30,main_upper,12,윌(하드),77100000
2026-08-06,main_upper,1,카링(익스트림),5387000000
2026-08-06,main_upper,2,유피테르(하드),4845000000
2026-08-06,main_upper,3,최초의대적자(익스트림),4712000000
2026-08-06,main_upper,4,감시자칼로스(익스트림),4104000000
2026-08-06,main_upper,5,발드릭스(하드),3078000000
2026-08-06,main_upper,6,선택받은세렌(익스트림),2835000000
2026-08-06,main_upper,7,찬란한흉성(하드),2678000000
2026-08-06,main_upper,8,림보(하드),2385000000
2026-08-06,main_upper,9,스우(익스트림),574000000
2026-08-06,main_upper,10,진힐라(하드),106000000
2026-08-06,main_upper,11,듄켈(하드),94400000
2026-08-06,main_upper,12,윌(하드),77100000
2026-08-13,main_upper,1,카링(익스트림),5387000000
2026-08-13,main_upper,2,유피테르(하드),4845000000
2026-08-13,main_upper,3,최초의대적자(익스트림),4712000000
2026-08-13,main_upper,4,감시자칼로스(익스트림),4104000000
2026-08-13,main_upper,5,발드릭스(하드),3078000000
2026-08-13,main_upper,6,선택받은세렌(익스트림),2835000000
2026-08-13,main_upper,7,찬란한흉성(하드),2678000000
2026-08-13,main_upper,8,림보(하드),2385000000
2026-08-13,main_upper,9,스우(익스트림),574000000
2026-08-13,main_upper,10,진힐라(하드),106000000
2026-08-13,main_upper,11,듄켈(하드),94400000
2026-08-13,main_upper,12,윌(하드),77100000
2026-08-20,main_upper,1,카링(익스트림),5387000000
2026-08-20,main_upper,2,유피테르(하드),4845000000
2026-08-20,main_upper,3,최초의대적자(익스트림),4712000000
2026-08-20,main_upper,4,감시자칼로스(익스트림),4104000000
2026-08-20,main_upper,5,발드릭스(하드),3078000000
2026-08-20,main_upper,6,선택받은세렌(익스트림),2835000000
2026-08-20,main_upper,7,찬란한흉성(하드),2678000000
2026-08-20,main_upper,8,림보(하드),2385000000
2026-08-20,main_upper,9,벨로나(노멀),850000000
2026-08-20,main_upper,10,스우(익스트림),574000000
2026-08-20,main_upper,11,진힐라(하드),106000000
2026-08-20,main_upper,12,듄켈(하드),94400000
