date,month_coordinate,x_pixel,boss_y,boss_distance,boss_px,field_y,field_distance,field_px,azmoth_y,azmoth_distance,azmoth_px,other_coin_y,other_coin_distance,other_coin_px,etc_y,etc_distance,etc_px,sum_px,canonical_total,read_total,boss_index,field_index,azmoth_index,other_coin_index,etc_index,relative_error,window,affine_diagnostic,same_window_scalar
2022-12-25T19:40:17.631806383,-0.1993661768942716,368,701,8.717797887081348,125,769,21.18962010041709,57,710,1000000.0,0.0,705,1000000.0,0,821,12.36931687685298,5,187.0,94.44500150507254,86.26321402686465,57.662576221166205,26.29413475685179,0.0,0.0,2.3065030488466483,-0.0866301799758927,earlier_comparison,91.66026651907305,86.26321402686465
2022-12-28T15:11:27.640449425,-0.1086142322097426,371,697,18.027756377319943,129,770,12.083045973594572,56,710,1000000.0,0.0,705,1000000.0,0,822,19.209372712298546,4,189.0,94.44500150507254,87.1858152464033,59.50777866024352,25.83283414708246,0.0,0.0,1.8452024390773183,-0.0768615187991644,earlier_comparison,92.53127380834925,87.1858152464033
2022-12-31T10:42:37.649092467,-0.0178622875252137,374,694,14.177446878757824,132,770,15.297058540778355,56,710,1000000.0,0.0,705,1000000.0,0,822,14.071247279470288,4,192.0,94.44500150507254,88.56971707571128,60.89168048955151,25.83283414708246,0.0,0.0,1.8452024390773183,-0.0622085270340717,earlier_comparison,93.83778474226354,88.56971707571128
2023-01-03T06:13:47.657735509,0.0728896571593151,377,693,12.96148139681572,133,770,11.445523142259598,56,710,1000000.0,0.0,705,1000000.0,0,822,22.64950330581225,4,193.0,96.09429463031668,89.03101768548062,61.35298109932084,25.83283414708246,0.0,0.0,1.8452024390773183,-0.073503603642746,earlier_comparison,94.27328838690164,89.03101768548062
2023-01-06T01:44:57.666378552,0.1636416018438441,380,693,15.84297951775486,133,770,8.602325267042627,56,710,1000000.0,0.0,705,1000000.0,0,823,19.209372712298546,3,192.0,96.3031578132034,88.56971707571128,61.35298109932084,25.83283414708246,0.0,0.0,1.3839018293079888,-0.0803030857253139,earlier_comparison,93.83778474226354,88.56971707571128
2023-01-08T21:16:07.675021594,0.254393546528373,383,692,12.96148139681572,134,770,9.69535971483266,56,710,1000000.0,0.0,705,1000000.0,0,823,20.92844953645635,3,193.0,96.3031578132034,89.03101768548062,61.81428170909017,25.83283414708246,0.0,0.0,1.3839018293079888,-0.0755129976301333,earlier_comparison,94.27328838690164,89.03101768548062
2023-01-11T16:47:17.683664636,0.345145491212902,386,690,8.06225774829855,136,769,12.041594578792296,57,710,1000000.0,0.0,705,1000000.0,0,822,17.4928556845359,4,197.0,96.3031578132034,90.87622012455792,62.73688292862883,26.29413475685179,0.0,0.0,1.8452024390773183,-0.0563526452494107,earlier_comparison,96.01530296545403,90.87622012455793
2023-01-14T12:18:27.692307679,0.4358974358974309,389,689,5.385164807134504,137,769,7.681145747868608,57,710,1000000.0,0.0,705,1000000.0,0,822,15.7797338380595,4,198.0,96.3031578132034,91.33752073432728,63.19818353839816,26.29413475685179,0.0,0.0,1.8452024390773183,-0.0515625571542299,earlier_comparison,96.45080661009213,91.33752073432727
2023-01-17T07:49:37.700950721,0.5266493805819599,392,690,17.204650534085253,136,769,7.071067811865476,57,710,1000000.0,0.0,705,1000000.0,0,822,19.209372712298546,4,197.0,96.3031578132034,90.87622012455792,62.73688292862883,26.29413475685179,0.0,0.0,1.8452024390773183,-0.0563526452494107,earlier_comparison,96.01530296545403,90.87622012455793
2023-01-20T03:20:47.709593763,0.6174013252664888,395,692,13.038404810405298,134,768,11.832159566199232,58,710,1000000.0,0.0,705,1000000.0,0,822,22.64950330581225,4,196.0,96.3031578132034,90.4149195147886,61.81428170909017,26.75543536662112,0.0,0.0,1.8452024390773183,-0.0611427333445913,earlier_comparison,95.57979932081592,90.41491951478861
2023-01-22T22:51:57.718236805,0.7081532699510177,398,691,8.774964387392123,135,767,15.556349186104043,59,710,1000000.0,0.0,705,1000000.0,0,822,20.92844953645635,4,198.0,96.3031578132034,91.33752073432728,62.2755823188595,27.21673597639045,0.0,0.0,1.8452024390773183,-0.0515625571542299,earlier_comparison,96.45080661009213,91.33752073432727
2023-01-25T18:23:07.726879848,0.7989052146355466,401,690,9.9498743710662,136,765,12.84523257866513,61,758,84.40379138403677,0.0,705,1000000.0,0,822,26.095976701399778,4,201.0,96.3031578132034,92.72142256363526,62.73688292862883,28.13933719592911,0.0,0.0,1.8452024390773183,-0.0371922928686879,earlier_comparison,97.75731754400641,92.72142256363526
2023-01-28T13:54:17.735522890,0.8896571593200756,404,690,10.392304845413264,136,763,16.911534525287763,63,710,1000000.0,0.0,705,1000000.0,0,822,22.64950330581225,4,203.0,96.3031578132034,93.64402378317392,62.73688292862883,29.06193841546777,0.0,0.0,1.8452024390773183,-0.0276121166783266,earlier_comparison,98.6283248332826,93.64402378317392
2023-01-31T09:25:27.744165933,0.9804091040046046,407,689,4.242640687119285,137,762,11.445523142259598,64,710,1000000.0,0.0,705,1000000.0,0,822,17.4928556845359,4,205.0,98.7377909857042,94.56662500271256,63.19818353839816,29.523239025237096,0.0,0.0,1.8452024390773183,-0.0422448784943504,earlier_comparison,99.49933212255881,94.56662500271257
2023-02-02T23:49:12.808988751,1.0711610486891334,410,689,7.3484692283495345,137,762,13.96424004376894,64,710,1000000.0,0.0,705,1000000.0,0,822,17.4928556845359,4,205.0,100.01947042946512,94.56662500271256,63.19818353839816,29.523239025237096,0.0,0.0,1.8452024390773183,-0.0545178394100573,earlier_comparison,99.49933212255881,94.56662500271257
2023-02-05T12:48:19.913569564,1.1619129933736625,413,690,9.69535971483266,136,764,11.832159566199232,62,710,1000000.0,0.0,705,1000000.0,0,823,19.209372712298546,3,201.0,101.86790908816492,92.72142256363526,62.73688292862883,28.60063780569844,0.0,0.0,1.3839018293079888,-0.0897877124052241,earlier_comparison,97.75731754400641,92.72142256363526
2023-02-08T01:47:27.018150376,1.2526649380581911,416,693,5.196152422706632,133,770,17.291616465790582,56,710,1000000.0,0.0,705,1000000.0,0,823,20.92844953645635,3,192.0,98.7669439339974,88.56971707571128,61.35298109932084,25.83283414708246,0.0,0.0,1.3839018293079888,-0.1032453415294553,earlier_comparison,93.83778474226354,88.56971707571128
2023-02-10T14:46:34.122731188,1.3434168827427202,419,694,10.04987562112089,132,773,24.779023386727733,53,710,1000000.0,0.0,705,1000000.0,0,823,22.64950330581225,3,188.0,96.3031578132034,86.72451463663397,60.89168048955151,24.44893231777447,0.0,0.0,1.3839018293079888,-0.0994634381060365,earlier_comparison,92.09577016371115,86.72451463663397
2023-02-13T03:45:41.227312001,1.4341688274272493,422,697,9.273618495495704,129,774,10.198039027185567,52,710,1000000.0,0.0,705,1000000.0,0,823,20.92844953645635,3,184.0,92.58684519694168,84.87931219755666,59.50777866024352,23.98763170800514,0.0,0.0,1.3839018293079888,-0.0832465236610051,earlier_comparison,90.35375558515877,84.87931219755666
2023-02-15T16:44:48.331892813,1.524920772111778,425,700,10.770329614269007,126,775,7.810249675906654,51,710,1000000.0,0.0,705,1000000.0,0,824,14.071247279470288,2,179.0,91.23474593474612,82.57280914871001,58.12387683093554,23.52633109823581,0.0,0.0,0.9226012195386591,-0.0949412057576332,earlier_comparison,88.17623736196828,82.57280914871001
2023-02-18T05:43:55.436473625,1.615672716796307,428,701,15.620499351813308,125,775,12.84523257866513,51,710,1000000.0,0.0,705,1000000.0,0,824,15.7797338380595,2,178.0,88.87053258067996,82.11150853894067,57.662576221166205,23.52633109823581,0.0,0.0,0.9226012195386591,-0.0760547264145536,earlier_comparison,87.74073371733017,82.11150853894067
2023-02-20T18:43:02.541054438,1.706424661480836,431,700,4.242640687119285,126,776,9.273618495495704,50,710,1000000.0,0.0,705,1000000.0,0,821,19.209372712298546,5,181.0,88.87053258067996,83.49541036824866,58.12387683093554,23.06503048846648,0.0,0.0,2.3065030488466483,-0.06048261506199,earlier_comparison,89.04724465124447,83.49541036824866
2023-02-23T07:42:09.645635250,1.797176606165365,434,700,7.14142842854285,126,776,8.48528137423857,50,710,1000000.0,0.0,705,1000000.0,0,819,22.64950330581225,7,183.0,88.87053258067996,84.41801158778732,58.12387683093554,23.06503048846648,0.0,0.0,3.2291042683853077,-0.0501012074936141,earlier_comparison,89.91825194052066,84.41801158778732
2023-02-25T20:41:16.750216063,1.887928550849894,437,701,11.74734012447073,125,775,11.916375287812984,51,710,1000000.0,0.0,705,1000000.0,0,821,15.7797338380595,5,181.0,88.87053258067996,83.49541036824866,57.662576221166205,23.52633109823581,0.0,0.0,2.3065030488466483,-0.06048261506199,earlier_comparison,89.04724465124447,83.49541036824866
2023-02-28T09:40:23.854796875,1.9786804955344228,440,705,19.261360284258224,121,775,10.04987562112089,51,710,1000000.0,0.0,705,1000000.0,0,823,22.64950330581225,3,175.0,88.87053258067996,80.72760670963268,55.817373782088886,23.52633109823581,0.0,0.0,1.3839018293079888,-0.0916268377671173,earlier_comparison,86.43422278341589,80.72760670963268
2023-03-03T03:39:27.847882440,2.069432440218952,443,705,16.0312195418814,121,776,7.810249675906654,50,710,1000000.0,0.0,705,1000000.0,0,824,14.071247279470288,2,173.0,88.09491018285433,79.80500549009403,55.817373782088886,23.06503048846648,0.0,0.0,0.9226012195386591,-0.0941019711076763,earlier_comparison,85.5632154941397,79.80500549009403
2023-03-05T23:10:37.856525482,2.1601843849034807,446,711,21.42428528562855,115,776,6.164414002968976,50,710,1000000.0,0.0,705,1000000.0,0,824,20.92844953645635,2,167.0,84.18916968256802,77.03720183147804,53.0495701234729,23.06503048846648,0.0,0.0,0.9226012195386591,-0.0849511626977221,earlier_comparison,82.9501936263111,77.03720183147804
2023-03-08T18:41:47.865168524,2.2509363295880096,449,712,17.204650534085253,114,777,5.385164807134504,49,710,1000000.0,0.0,705,1000000.0,0,824,19.209372712298546,2,165.0,81.43790734815653,76.1146006119394,52.58826951370358,22.603729878697152,0.0,0.0,0.9226012195386591,-0.0653664480038684,earlier_comparison,82.07918633703491,76.1146006119394
2023-03-11T14:12:57.873811567,2.3416882742725385,452,715,22.3159136044214,111,782,13.45362404707371,44,710,1000000.0,0.0,705,1000000.0,0,824,24.37211521390788,2,157.0,79.78708978577748,72.42419573378476,51.20436768439559,20.297226829850505,0.0,0.0,0.9226012195386591,-0.0922817722987711,earlier_comparison,78.59515717993014,72.42419573378476
2023-03-14T09:44:07.882454609,2.4324402189570677,455,719,11.357816691600547,107,786,17.72004514666935,40,710,1000000.0,0.0,705,1000000.0,0,825,27.820855486487112,1,148.0,74.7988153751859,68.27249024586078,49.35916524531827,18.452024390773182,0.0,0.0,0.4613006097693296,-0.0872517177790784,earlier_comparison,74.67562437818727,68.27249024586078
2023-03-17T05:15:17.891097652,2.5231921636415966,458,720,1.4142135623730951,106,787,10.677078252031311,39,710,1000000.0,0.0,705,1000000.0,0,825,22.64950330581225,1,146.0,73.76606784824456,67.34988902632213,48.89786463554894,17.990723781003854,0.0,0.0,0.4613006097693296,-0.0869800845982753,earlier_comparison,73.80461708891107,67.34988902632213
2023-03-20T00:46:27.899740694,2.613944108326125,461,722,14.422205101855956,104,787,10.198039027185567,39,710,1000000.0,0.0,705,1000000.0,0,825,22.64950330581225,1,144.0,71.27193064294879,66.42728780678347,47.97526341601028,17.990723781003854,0.0,0.0,0.4613006097693296,-0.0679740648592156,earlier_comparison,72.93360979963488,66.42728780678347
2023-03-22T20:17:37.908383736,2.7046960530106543,464,725,10.488088481701515,101,787,8.48528137423857,39,710,1000000.0,0.0,705,1000000.0,0,825,24.37211521390788,1,141.0,67.26661737593462,65.04338597747548,46.59136158670229,17.990723781003854,0.0,0.0,0.4613006097693296,-0.0330510360887348,earlier_comparison,71.62709886572058,65.04338597747548
2023-03-25T15:48:47.917026778,2.795447997695183,467,725,8.18535277187245,101,787,7.14142842854285,39,710,1000000.0,0.0,705,1000000.0,0,825,26.095976701399778,1,141.0,66.57265688310964,65.04338597747548,46.59136158670229,17.990723781003854,0.0,0.0,0.4613006097693296,-0.0229714567096113,earlier_comparison,71.62709886572058,65.04338597747548
2023-03-28T11:19:57.925669821,2.886199942379712,470,726,3.741657386773941,100,787,8.602325267042627,39,710,1000000.0,0.0,705,1000000.0,0,825,27.820855486487112,1,140.0,66.57265688310964,64.58208536770614,46.13006097693296,17.990723781003854,0.0,0.0,0.4613006097693296,-0.0299007371584795,earlier_comparison,71.19159522108248,64.58208536770614
2023-03-31T06:51:07.934312863,2.9769518870642413,473,726,4.58257569495584,100,786,9.0,40,710,1000000.0,0.0,705,1000000.0,0,825,17.4928556845359,1,141.0,66.57265688310964,65.04338597747548,46.13006097693296,18.452024390773182,0.0,0.0,0.4613006097693296,-0.0229714567096113,earlier_comparison,71.62709886572058,65.04338597747548
2023-04-03T00:44:48.331892812,3.06770383174877,476,727,6.0,99,786,9.433981132056603,40,710,1000000.0,0.0,705,1000000.0,0,825,15.7797338380595,1,140.0,66.57265688310964,64.58208536770614,45.66876036716364,18.452024390773182,0.0,0.0,0.4613006097693296,-0.0299007371584795,earlier_comparison,71.19159522108248,64.58208536770614
2023-04-05T18:05:17.372515111,3.158455776433299,479,728,6.782329983125268,98,783,15.264337522473747,43,710,1000000.0,0.0,705,1000000.0,0,825,15.7797338380595,1,142.0,66.57265688310964,65.5046865872448,45.207459757394304,19.835926220081173,0.0,0.0,0.4613006097693296,-0.0160421762607434,earlier_comparison,72.06260251035869,65.5046865872448
2023-04-08T11:25:46.413137409,3.249207721117828,482,727,9.9498743710662,99,783,6.082762530298219,43,710,1000000.0,0.0,705,1000000.0,0,825,15.7797338380595,1,143.0,66.57265688310964,65.96598719701414,45.66876036716364,19.835926220081173,0.0,0.0,0.4613006097693296,-0.0091128958118752,earlier_comparison,72.49810615499678,65.96598719701414
2023-04-11T04:46:15.453759708,3.3399596658023567,485,727,8.306623862918075,99,782,10.770329614269007,44,710,1000000.0,0.0,705,1000000.0,0,825,17.4928556845359,1,144.0,66.96123030058993,66.42728780678347,45.66876036716364,20.297226829850505,0.0,0.0,0.4613006097693296,-0.007973905070286,earlier_comparison,72.93360979963488,66.42728780678347
2023-04-13T22:06:44.494382008,3.430711610486886,488,725,12.68857754044952,101,782,7.681145747868608,44,710,1000000.0,0.0,705,1000000.0,0,825,17.4928556845359,1,146.0,69.45536750588572,67.34988902632213,46.59136158670229,20.297226829850505,0.0,0.0,0.4613006097693296,-0.030314121934279,earlier_comparison,73.80461708891107,67.34988902632213
2023-04-16T15:27:13.535004307,3.521463555171415,491,724,18.49324200890693,102,781,9.539392014169456,45,710,1000000.0,0.0,705,1000000.0,0,825,20.92844953645635,1,148.0,71.94950471118149,68.27249024586078,47.05266219647162,20.758527439619836,0.0,0.0,0.4613006097693296,-0.0511054868283099,earlier_comparison,74.67562437818727,68.27249024586078
2023-04-19T08:47:42.575626606,3.612215499855944,494,721,24.839484696748443,105,780,12.84523257866513,46,710,1000000.0,0.0,705,1000000.0,0,825,20.92844953645635,1,152.0,74.00528211563308,70.1176926849381,48.43656402577961,21.219828049389164,0.0,0.0,0.4613006097693296,-0.0525312426296898,earlier_comparison,76.41763895673965,70.1176926849381
2023-04-22T02:08:11.616248904,3.702967444540473,497,717,19.33907960581372,109,780,10.677078252031311,46,710,1000000.0,0.0,705,1000000.0,0,824,26.095976701399778,2,157.0,74.00528211563308,72.42419573378476,50.28176646485693,21.219828049389164,0.0,0.0,0.9226012195386591,-0.021364507189877,earlier_comparison,78.59515717993014,72.42419573378476
2023-04-24T19:28:40.656871203,3.7937193892250014,500,714,14.0356688476182,112,780,13.114877048604,46,710,1000000.0,0.0,705,1000000.0,0,824,22.64950330581225,2,160.0,74.00528211563308,73.80809756309274,51.66566829416492,21.219828049389164,0.0,0.0,0.9226012195386591,-0.0026644659259893,earlier_comparison,79.90166811384442,73.80809756309274
2023-04-27T12:49:09.697493502,3.88447133390953,503,713,13.341664064126334,113,779,16.583123951777,47,710,1000000.0,0.0,705,1000000.0,0,824,22.64950330581225,2,162.0,78.20974091610292,74.73069878263139,52.12696890393425,21.68112865915849,0.0,0.0,0.9226012195386591,-0.0444834887920618,earlier_comparison,80.77267540312062,74.73069878263139
2023-04-30T06:09:38.738115802,3.97522327859406,506,712,10.816653826391969,114,778,9.899494936611664,48,710,1000000.0,0.0,705,1000000.0,0,824,26.095976701399778,2,164.0,80.7038781213987,75.65330000217006,52.58826951370358,22.14242926892782,0.0,0.0,0.9226012195386591,-0.0625816037196046,earlier_comparison,81.64368269239682,75.65330000217006
2023-05-03T01:05:08.038029371,4.065975223278588,509,712,4.898979485566356,114,778,5.0990195135927845,48,710,1000000.0,0.0,705,1000000.0,0,824,22.64950330581225,2,164.0,81.43790734815653,75.65330000217006,52.58826951370358,22.14242926892782,0.0,0.0,0.9226012195386591,-0.0710308937735421,earlier_comparison,81.64368269239682,75.65330000217006
2023-05-05T20:36:18.046672413,4.156727167963117,512,712,7.615773105863909,114,778,4.242640687119285,48,710,1000000.0,0.0,705,1000000.0,0,824,22.64950330581225,2,164.0,81.43790734815653,75.65330000217006,52.58826951370358,22.14242926892782,0.0,0.0,0.9226012195386591,-0.0710308937735421,earlier_comparison,81.64368269239682,75.65330000217006
2023-05-08T16:07:28.055315455,4.247479112647646,515,712,8.94427190999916,114,778,4.898979485566356,48,710,1000000.0,0.0,705,1000000.0,0,824,24.37211521390788,2,164.0,81.43790734815653,75.65330000217006,52.58826951370358,22.14242926892782,0.0,0.0,0.9226012195386591,-0.0710308937735421,earlier_comparison,81.64368269239682,75.65330000217006
2023-05-11T11:38:38.063958497,4.338231057332175,518,713,7.874007874011811,113,778,5.196152422706632,48,710,1000000.0,0.0,705,1000000.0,0,824,22.64950330581225,2,163.0,81.43790734815653,75.19199939240073,52.12696890393425,22.14242926892782,0.0,0.0,0.9226012195386591,-0.0766953395432156,earlier_comparison,81.20817904775872,75.19199939240073
2023-05-14T07:09:48.072601539,4.428983002016704,521,713,8.774964387392123,113,778,6.324555320336759,48,710,1000000.0,0.0,705,1000000.0,0,824,24.37211521390788,2,163.0,81.43790734815653,75.19199939240073,52.12696890393425,22.14242926892782,0.0,0.0,0.9226012195386591,-0.0766953395432156,earlier_comparison,81.20817904775872,75.19199939240073
2023-05-17T02:40:58.081244581,4.519734946701233,524,712,9.899494936611664,114,778,9.16515138991168,48,710,1000000.0,0.0,705,1000000.0,0,824,26.095976701399778,2,164.0,81.43790734815653,75.65330000217006,52.58826951370358,22.14242926892782,0.0,0.0,0.9226012195386591,-0.0710308937735421,earlier_comparison,81.64368269239682,75.65330000217006
2023-05-19T22:12:08.089887623,4.6104868913857615,527,712,9.273618495495704,114,778,5.0990195135927845,48,710,1000000.0,0.0,705,1000000.0,0,824,24.37211521390788,2,164.0,81.43790734815653,75.65330000217006,52.58826951370358,22.14242926892782,0.0,0.0,0.9226012195386591,-0.0710308937735421,earlier_comparison,81.64368269239682,75.65330000217006
2023-05-22T17:43:18.098530667,4.701238836070291,530,710,16.792855623746664,116,777,13.96424004376894,49,710,1000000.0,0.0,705,1000000.0,0,824,24.37211521390788,2,167.0,81.43790734815653,77.03720183147804,53.51087073324224,22.603729878697152,0.0,0.0,0.9226012195386591,-0.0540375564645215,earlier_comparison,82.9501936263111,77.03720183147804
2023-05-25T13:14:28.107173710,4.79199078075482,533,710,7.3484692283495345,116,775,12.083045973594572,51,710,1000000.0,0.0,705,1000000.0,0,824,24.37211521390788,2,169.0,81.43790734815653,77.9598030510167,53.51087073324224,23.52633109823581,0.0,0.0,0.9226012195386591,-0.0427086649251744,earlier_comparison,83.8212009155873,77.9598030510167
2023-05-28T08:45:38.115816752,4.882742725439349,536,707,15.684387141358124,119,775,12.569805089976535,51,710,1000000.0,0.0,705,1000000.0,0,824,24.37211521390788,2,172.0,81.43790734815653,79.3437048803247,54.89477256255022,23.52633109823581,0.0,0.0,0.9226012195386591,-0.0257153276161539,earlier_comparison,85.1277118495016,79.3437048803247
2023-05-31T04:16:48.124459794,4.973494670123878,539,706,14.628738838327791,120,776,11.445523142259598,50,710,1000000.0,0.0,705,1000000.0,0,824,24.37211521390788,2,172.0,82.81249078348412,79.3437048803247,55.356073172319554,23.06503048846648,0.0,0.0,0.9226012195386591,-0.0418872306622037,earlier_comparison,85.1277118495016,79.3437048803247
2023-06-02T22:15:27.225583390,5.064246614808407,542,704,60.20797289396148,122,776,11.445523142259598,50,710,1000000.0,0.0,705,1000000.0,0,824,24.37211521390788,2,174.0,86.47749257924694,80.26630609986336,56.27867439185822,23.06503048846648,0.0,0.0,0.9226012195386591,-0.0718243128255797,earlier_comparison,85.99871913877779,80.26630609986336
2023-06-05T15:35:56.266205688,5.154998559492936,545,697,69.23871749245504,129,773,12.884098726725126,53,710,1000000.0,0.0,705,1000000.0,0,824,19.209372712298546,2,184.0,88.87053258067996,84.87931219755666,59.50777866024352,24.44893231777447,0.0,0.0,0.9226012195386591,-0.0449105037094261,earlier_comparison,90.35375558515877,84.87931219755666
2023-06-08T08:56:25.306827987,5.245750504177464,548,694,24.779023386727733,132,769,15.1657508881031,57,710,1000000.0,0.0,705,1000000.0,0,824,20.92844953645635,2,191.0,90.3446887827354,88.10841646594196,60.89168048955151,26.29413475685179,0.0,0.0,0.9226012195386591,-0.0247526705434927,earlier_comparison,93.40228109762545,88.10841646594196
2023-06-11T02:16:54.347450286,5.336502448861993,551,688,19.6468827043885,138,762,19.33907960581372,64,753,80.8084154033477,0.0,705,1000000.0,0,823,24.37211521390788,3,205.0,96.70602219151957,94.56662500271256,63.659484148167486,29.523239025237096,0.0,0.0,1.3839018293079888,-0.0221226883323776,earlier_comparison,99.49933212255881,94.56662500271257
2023-06-13T19:37:23.388072585,5.427254393546522,554,686,22.44994432064365,140,758,18.601075237738275,68,710,1000000.0,0.0,705,1000000.0,0,821,15.7797338380595,5,213.0,100.3212376039185,98.2570298808672,64.58208536770614,31.36844146431441,0.0,0.0,2.3065030488466483,-0.0205759794471541,earlier_comparison,102.98336127966358,98.25702988086721
2023-06-16T12:57:52.428694884,5.518006338231051,557,673,18.62793601019716,153,753,16.401219466856727,73,710,1000000.0,0.0,705,1000000.0,0,821,19.209372712298546,5,231.0,106.8832409832933,106.56044085671516,70.57899329470743,33.674944513161066,0.0,0.0,2.3065030488466483,-0.0030201191843407,earlier_comparison,110.82242688314933,106.56044085671515
2023-06-19T06:18:21.469317185,5.608758282915581,560,670,12.884098726725126,156,752,19.209372712298546,74,710,1000000.0,0.0,705,1000000.0,0,821,24.37211521390788,5,235.0,116.85978980447656,108.40564329579246,71.96289512401542,34.13624512293039,0.0,0.0,2.3065030488466483,-0.0723443583359949,earlier_comparison,112.56444146170172,108.40564329579246
2023-06-21T23:38:50.509939483,5.6995102276001095,563,663,16.431676725154983,163,750,16.431676725154983,76,710,1000000.0,0.0,705,1000000.0,0,821,26.095976701399778,5,244.0,119.00237345195497,112.55734878371644,75.19199939240073,35.05884634246905,0.0,0.0,2.3065030488466483,-0.0541587909659683,earlier_comparison,116.4839742634446,112.55734878371644
2023-06-24T16:59:19.550561783,5.790262172284638,566,656,20.024984394500787,170,748,9.0,78,758,79.98749902328488,0.0,705,1000000.0,0,821,24.37211521390788,5,253.0,123.99064786254654,116.7090542716404,78.42110366078603,35.98144756200771,0.0,0.0,2.3065030488466483,-0.0587269581733161,earlier_comparison,120.40350706518747,116.7090542716404
2023-06-27T10:19:48.591184081,5.881014116969167,569,649,20.445048300260872,177,746,8.831760866327848,80,710,1000000.0,0.0,705,1000000.0,0,821,20.92844953645635,5,262.0,128.97892227313812,120.86075975956436,81.65020792917134,36.90404878154637,0.0,0.0,2.3065030488466483,-0.0629417766135614,earlier_comparison,124.32303986693034,120.86075975956436
2023-06-30T03:40:17.631806380,5.971766061653696,572,645,25.88435821108957,181,746,15.811388300841896,80,710,1000000.0,0.0,705,1000000.0,0,821,20.92844953645635,5,266.0,133.4662839758206,122.70596219864169,83.49541036824866,36.90404878154637,0.0,0.0,2.3065030488466483,-0.0806220227059615,earlier_comparison,126.06505444548274,122.70596219864169
2023-07-02T22:30:48.228176301,6.062518006338225,575,641,16.401219466856727,185,743,10.63014581273465,83,710,1000000.0,0.0,705,1000000.0,0,821,20.92844953645635,5,273.0,135.2391584780595,125.935066467027,85.34061280732598,38.28795061085436,0.0,0.0,2.3065030488466483,-0.0687973225782971,earlier_comparison,129.1135799579494,125.93506646702699
2023-07-05T18:01:58.236819343,6.153269951022754,578,635,20.32240143290157,191,740,14.730919862656236,86,710,1000000.0,0.0,705,1000000.0,0,821,24.37211521390788,5,282.0,140.22743288865107,130.08677195495096,88.10841646594196,39.67185244016235,0.0,0.0,2.3065030488466483,-0.0723158138518615,earlier_comparison,133.0331127596923,130.08677195495096
2023-07-08T13:33:08.245462385,6.244021895707283,581,629,15.0996688705415,197,731,12.884098726725126,95,746,76.32168761236873,0.0,705,1000000.0,0,820,26.095976701399778,6,298.0,146.71692098583495,137.46758171126024,90.87622012455792,43.82355792808632,0.0,0.0,2.767803658615977,-0.0630420759407001,earlier_comparison,140.00117107390184,137.46758171126024
2023-07-11T09:04:18.254105427,6.334773840391812,584,628,23.08679276123039,198,699,11.832159566199232,127,710,1000000.0,0.0,705,1000000.0,0,819,24.37211521390788,7,332.0,160.4309868849719,153.15180244341744,91.33752073432728,58.58517744070486,0.0,0.0,3.2291042683853077,-0.0453726838118473,earlier_comparison,154.80829499159717,153.15180244341744
2023-07-14T04:35:28.262748469,6.42552578507634,587,622,17.05872210923198,204,678,10.198039027185567,148,750,83.24662155306964,0.0,705,1000000.0,0,820,14.071247279470288,6,358.0,174.2022166274524,165.14561829742,94.10532439294325,68.27249024586078,0.0,0.0,2.767803658615977,-0.0519889959230586,earlier_comparison,166.1313897521877,165.14561829742001
2023-07-17T00:06:38.271391512,6.516277729760869,590,617,18.384776310850235,209,679,17.97220075561143,147,710,1000000.0,0.0,705,1000000.0,0,819,19.209372712298546,7,363.0,182.4784062285877,167.4521213462667,96.4118274417899,67.81118963609146,0.0,0.0,3.2291042683853077,-0.0823455508675247,earlier_comparison,168.30890797537816,167.45212134626667
2023-07-19T19:37:48.280034556,6.607029674445399,593,616,15.7797338380595,210,680,9.433981132056603,146,710,1000000.0,0.0,705,1000000.0,0,820,19.209372712298546,6,362.0,185.4946606034847,166.9908207364973,96.87312805155922,67.34988902632213,0.0,0.0,2.767803658615977,-0.0997540296135067,earlier_comparison,167.87340433074007,166.9908207364973
2023-07-22T15:08:58.288677598,6.697781619129928,596,612,14.730919862656236,214,682,16.1245154965971,144,710,1000000.0,0.0,705,1000000.0,0,820,22.64950330581225,6,364.0,185.4946606034847,167.913421956036,98.71833049063656,66.42728780678347,0.0,0.0,2.767803658615977,-0.0947802949704873,earlier_comparison,168.74441162001628,167.913421956036
2023-07-25T10:40:08.297320640,6.788533563814457,599,608,12.569805089976535,218,686,12.84523257866513,140,710,1000000.0,0.0,705,1000000.0,0,820,20.92844953645635,6,364.0,185.4946606034847,167.913421956036,100.56353292971386,64.58208536770614,0.0,0.0,2.767803658615977,-0.0947802949704873,earlier_comparison,168.74441162001628,167.913421956036
2023-07-28T06:11:18.305963682,6.8792855084989855,602,607,18.788294228055936,219,687,8.54400374531753,139,710,1000000.0,0.0,705,1000000.0,0,820,26.095976701399778,6,364.0,185.4946606034847,167.913421956036,101.02483353948318,64.12078475793682,0.0,0.0,2.767803658615977,-0.0947802949704873,earlier_comparison,168.74441162001628,167.913421956036
2023-07-31T01:42:28.314606725,6.970037453183514,605,602,22.56102834535696,224,687,9.273618495495704,139,710,1000000.0,0.0,705,1000000.0,0,820,26.095976701399778,6,369.0,185.4946606034847,170.21992500488264,103.33133658832983,64.12078475793682,0.0,0.0,2.767803658615977,-0.082345958362939,earlier_comparison,170.92192984320675,170.21992500488264
2023-08-02T21:13:38.323249766,7.060789397868043,608,601,15.1657508881031,225,688,12.449899597988733,138,710,1000000.0,0.0,705,1000000.0,0,820,27.820855486487112,6,369.0,185.4946606034847,170.21992500488264,103.79263719809916,63.659484148167486,0.0,0.0,2.767803658615977,-0.082345958362939,earlier_comparison,170.92192984320675,170.21992500488264
2023-08-05T16:44:48.331892808,7.151541342552572,611,600,11.704699910719626,226,686,8.602325267042627,140,710,1000000.0,0.0,705,1000000.0,0,820,26.095976701399778,6,372.0,185.4946606034847,171.6038268341906,104.2539378078685,64.58208536770614,0.0,0.0,2.767803658615977,-0.0748853563984102,earlier_comparison,172.22844077712105,171.6038268341906
2023-08-08T12:15:58.340535851,7.242293287237101,614,599,12.24744871391589,227,682,17.46424919657298,144,710,1000000.0,0.0,705,1000000.0,0,820,26.095976701399778,6,377.0,188.9377879669648,173.91032988303726,104.71523841763782,66.42728780678347,0.0,0.0,2.767803658615977,-0.0795365408139266,earlier_comparison,174.40595900031153,173.91032988303726
2023-08-11T07:47:08.349178892,7.33304523192163,617,599,12.884098726725126,227,682,13.114877048604,144,710,1000000.0,0.0,705,1000000.0,0,821,26.095976701399778,5,376.0,192.427897565234,173.44902927326794,104.71523841763782,66.42728780678347,0.0,0.0,2.3065030488466483,-0.0986284656856063,earlier_comparison,173.97045535567344,173.44902927326794
2023-08-14T03:18:18.357821935,7.423797176606159,620,600,10.392304845413264,226,686,16.34013463836819,140,710,1000000.0,0.0,705,1000000.0,0,821,20.92844953645635,5,371.0,189.93376035993825,171.1425262244213,104.2539378078685,64.58208536770614,0.0,0.0,2.3065030488466483,-0.0989357242225194,earlier_comparison,171.79293713248296,171.1425262244213
2023-08-16T22:49:28.366464979,7.514549121290688,623,603,10.198039027185567,223,689,14.866068747318506,137,710,1000000.0,0.0,705,1000000.0,0,821,12.36931687685298,5,365.0,185.66827308953845,168.3747225658053,102.87003597856052,63.19818353839816,0.0,0.0,2.3065030488466483,-0.0931421951417263,earlier_comparison,169.17991526465437,168.3747225658053
2023-08-19T18:20:38.375108021,7.605301065975217,626,604,10.3440804327886,222,690,10.723805294763608,136,710,1000000.0,0.0,705,1000000.0,0,821,12.36931687685298,5,363.0,185.4946606034847,167.4521213462667,102.40873536879118,62.73688292862883,0.0,0.0,2.3065030488466483,-0.0972671622919969,earlier_comparison,168.30890797537816,167.45212134626667
2023-08-22T13:51:48.383751063,7.696053010659746,629,603,9.848857801796104,223,691,9.69535971483266,135,710,1000000.0,0.0,705,1000000.0,0,821,15.7797338380595,5,363.0,185.4946606034847,167.4521213462667,102.87003597856052,62.2755823188595,0.0,0.0,2.3065030488466483,-0.0972671622919969,earlier_comparison,168.30890797537816,167.45212134626667
2023-08-25T09:22:58.392394106,7.786804955344275,632,602,9.486832980505138,224,692,8.602325267042627,134,710,1000000.0,0.0,705,1000000.0,0,821,19.209372712298546,5,363.0,185.4946606034847,167.4521213462667,103.33133658832983,61.81428170909017,0.0,0.0,2.3065030488466483,-0.0972671622919969,earlier_comparison,168.30890797537816,167.45212134626667
2023-08-28T04:54:08.401037147,7.877556900028804,635,600,12.24744871391589,226,693,5.196152422706632,133,710,1000000.0,0.0,705,1000000.0,0,821,24.37211521390788,5,364.0,185.4946606034847,167.913421956036,104.2539378078685,61.35298109932084,0.0,0.0,2.3065030488466483,-0.0947802949704873,earlier_comparison,168.74441162001628,167.913421956036
2023-08-31T00:25:18.409680189,7.968308844713333,638,599,7.874007874011811,227,693,8.48528137423857,133,710,1000000.0,0.0,705,1000000.0,0,821,22.64950330581225,5,365.0,185.4946606034847,168.3747225658053,104.71523841763782,61.35298109932084,0.0,0.0,2.3065030488466483,-0.0922934276489777,earlier_comparison,169.17991526465437,168.3747225658053
2023-09-02T18:31:25.566119256,8.059060789397861,641,599,6.6332495807108,227,695,15.0,131,710,1000000.0,0.0,705,1000000.0,0,821,20.92844953645635,5,363.0,185.46912755608275,167.4521213462667,104.71523841763782,60.43037987978218,0.0,0.0,2.3065030488466483,-0.0971428854344939,earlier_comparison,168.30890797537816,167.45212134626667
2023-09-05T11:51:54.606741555,8.14981273408239,644,603,13.30413469565007,223,698,9.848857801796104,128,710,1000000.0,0.0,705,1000000.0,0,822,26.095976701399778,4,355.0,180.4808531454912,163.761716468112,102.87003597856052,59.04647805047419,0.0,0.0,1.8452024390773183,-0.0926366225889976,earlier_comparison,164.8248788182734,163.761716468112
2023-09-08T05:12:23.647363854,8.24056467876692,647,604,17.74823934929885,222,703,17.832554500127006,123,710,1000000.0,0.0,705,1000000.0,0,822,22.64950330581225,4,349.0,178.06203537096124,160.99391280949604,102.40873536879118,56.73997500162754,0.0,0.0,1.8452024390773183,-0.0958549222797927,earlier_comparison,162.2118569504448,160.99391280949604
2023-09-10T22:32:52.687986153,8.331316623451448,650,606,12.36931687685298,220,703,17.146428199482248,123,710,1000000.0,0.0,705,1000000.0,0,823,17.4928556845359,3,346.0,176.2038790628304,159.61001098018806,101.48613414925252,56.73997500162754,0.0,0.0,1.3839018293079888,-0.094174249573276,earlier_comparison,160.90534601653053,159.61001098018806
2023-09-13T15:53:21.728608452,8.422068568135977,653,606,11.31370849898476,220,705,9.16515138991168,121,710,1000000.0,0.0,705,1000000.0,0,823,19.209372712298546,3,344.0,176.2038790628304,158.6874097606494,101.48613414925252,55.817373782088886,0.0,0.0,1.3839018293079888,-0.0994102365699624,earlier_comparison,160.03433872725432,158.6874097606494
2023-09-16T09:13:50.769230750,8.512820512820506,656,607,11.04536101718726,219,705,5.196152422706632,121,710,1000000.0,0.0,705,1000000.0,0,822,20.92844953645635,4,344.0,174.86936436143566,158.6874097606494,101.02483353948318,55.817373782088886,0.0,0.0,1.8452024390773183,-0.0925373901819643,earlier_comparison,160.03433872725432,158.6874097606494
2023-09-19T02:34:19.809853049,8.603572457505035,659,603,18.05547008526779,223,707,15.132745950421556,119,710,1000000.0,0.0,705,1000000.0,0,822,22.64950330581225,4,346.0,176.2038790628304,159.61001098018806,102.87003597856052,54.89477256255022,0.0,0.0,1.8452024390773183,-0.094174249573276,earlier_comparison,160.90534601653053,159.61001098018806
2023-09-21T19:54:48.850475348,8.694324402189563,662,599,15.329709716755891,227,709,16.76305461424021,117,710,1000000.0,0.0,705,1000000.0,0,822,19.209372712298546,4,348.0,176.95219925042412,160.5326121997267,104.71523841763782,53.97217134301157,0.0,0.0,1.8452024390773183,-0.0927910877641045,earlier_comparison,161.7763533058067,160.5326121997267
2023-09-24T13:15:17.891097647,8.785076346874092,665,598,16.55294535724685,228,707,10.198039027185567,119,710,1000000.0,0.0,705,1000000.0,0,822,19.209372712298546,4,351.0,178.06203537096124,161.9165140290347,105.17653902740716,54.89477256255022,0.0,0.0,1.8452024390773183,-0.0906735751295337,earlier_comparison,163.082864239721,161.9165140290347
2023-09-27T06:35:46.931719945,8.875828291558621,668,589,17.05872210923198,237,706,6.0,120,710,1000000.0,0.0,705,1000000.0,0,822,24.37211521390788,4,361.0,181.77834798722296,166.529520126728,109.32824451533112,55.356073172319554,0.0,0.0,1.8452024390773183,-0.0838869316909338,earlier_comparison,167.43790068610198,166.529520126728
2023-09-29T23:56:15.972342249,8.966580236243152,671,591,11.789826122551595,235,705,8.366600265340756,121,710,1000000.0,0.0,705,1000000.0,0,822,24.28991560298224,4,360.0,181.77834798722296,166.06821951695866,108.40564329579246,55.817373782088886,0.0,0.0,1.8452024390773183,-0.0864246410214297,earlier_comparison,167.0023970414639,166.06821951695866
2023-10-02T18:39:18.513396699,9.05733218092768,674,597,16.1245154965971,229,711,15.264337522473747,115,710,1000000.0,0.0,705,1000000.0,0,822,24.28991560298224,4,348.0,180.3442605191004,160.5326121997267,105.63783963717648,53.0495701234729,0.0,0.0,1.8452024390773183,-0.1098546095248504,earlier_comparison,161.7763533058067,160.5326121997267
2023-10-05T14:10:28.522039741,9.14808412561221,677,603,15.684387141358124,223,716,12.0,110,710,1000000.0,0.0,705,1000000.0,0,822,20.83266665599966,4,337.0,175.5681428913605,155.4583054922641,102.87003597856052,50.74306707462626,0.0,0.0,1.8452024390773183,-0.1145414940769758,earlier_comparison,156.98581321478764,155.4583054922641
2023-10-08T09:41:38.530682783,9.238836070296738,680,606,23.345235059857504,220,715,4.58257569495584,111,710,1000000.0,0.0,705,1000000.0,0,822,20.83266665599966,4,335.0,170.6294101384378,154.53570427272544,101.48613414925252,51.20436768439559,0.0,0.0,1.8452024390773183,-0.0943196477831984,earlier_comparison,156.11480592551146,154.53570427272544
2023-10-11T05:12:48.539325825,9.329588014981269,683,607,18.411952639521967,219,713,9.899494936611664,113,710,1000000.0,0.0,705,1000000.0,0,822,20.83266665599966,4,336.0,170.6294101384378,154.99700488249476,101.02483353948318,52.12696890393425,0.0,0.0,1.8452024390773183,-0.0916161243437453,earlier_comparison,156.55030957014955,154.99700488249476
2023-10-14T00:43:58.547968867,9.420339959665796,686,609,16.522711641858304,217,712,14.0,114,710,1000000.0,0.0,705,1000000.0,0,823,20.83266665599966,3,334.0,170.6294101384378,154.0744036629561,100.10223231994452,52.58826951370358,0.0,0.0,1.3839018293079888,-0.0970231712226517,earlier_comparison,155.67930228087334,154.0744036629561
2023-10-16T20:15:08.556611910,9.511091904350325,689,609,9.539392014169456,217,712,9.539392014169456,114,710,1000000.0,0.0,705,1000000.0,0,822,20.92844953645635,4,335.0,170.6294101384378,154.53570427272544,100.10223231994452,52.58826951370358,0.0,0.0,1.8452024390773183,-0.0943196477831984,earlier_comparison,156.11480592551146,154.53570427272544
2023-10-19T15:46:18.565254952,9.601843849034854,692,608,12.767145334803704,218,712,10.295630140987,114,710,1000000.0,0.0,705,1000000.0,0,822,22.64950330581225,4,336.0,170.6294101384378,154.99700488249476,100.56353292971386,52.58826951370358,0.0,0.0,1.8452024390773183,-0.0916161243437453,earlier_comparison,156.55030957014955,154.99700488249476
2023-10-22T11:17:28.573897994,9.692595793719384,695,607,16.881943016134134,219,712,12.206555615733702,114,710,1000000.0,0.0,705,1000000.0,0,823,20.92844953645635,3,336.0,170.6294101384378,154.99700488249476,101.02483353948318,52.58826951370358,0.0,0.0,1.3839018293079888,-0.0916161243437453,earlier_comparison,156.55030957014955,154.99700488249476
2023-10-25T06:48:38.582541036,9.783347738403911,698,603,16.76305461424021,223,712,12.569805089976535,114,710,1000000.0,0.0,705,1000000.0,0,823,22.64950330581225,3,340.0,170.6294101384378,156.84220732157206,102.87003597856052,52.58826951370358,0.0,0.0,1.3839018293079888,-0.0808020305859329,earlier_comparison,158.29232414870194,156.84220732157206
2023-10-28T02:19:48.591184078,9.87409968308844,701,602,16.583123951777,224,712,10.246950765959598,114,710,1000000.0,0.0,705,1000000.0,0,823,26.095976701399778,3,341.0,170.6294101384378,157.3035079313414,103.33133658832983,52.58826951370358,0.0,0.0,1.3839018293079888,-0.0780985071464795,earlier_comparison,158.72782779334003,157.30350793134141
2023-10-30T21:50:58.599827120,9.964851627772967,704,600,5.196152422706632,226,716,14.866068747318506,110,710,1000000.0,0.0,705,1000000.0,0,823,24.37211521390788,3,339.0,170.6294101384378,156.38090671180274,104.2539378078685,50.74306707462626,0.0,0.0,1.3839018293079888,-0.083505554025386,earlier_comparison,157.85682050406385,156.38090671180274
2023-11-02T16:02:04.459809834,10.055603572457498,707,598,7.0,228,716,17.204650534085253,110,710,1000000.0,0.0,705,1000000.0,0,823,26.095976701399778,3,341.0,170.6294101384378,157.3035079313414,105.17653902740716,50.74306707462626,0.0,0.0,1.3839018293079888,-0.0780985071464795,earlier_comparison,158.72782779334003,157.30350793134141
2023-11-05T09:22:33.500432133,10.146355517142029,710,598,14.45683229480096,228,719,13.114877048604,107,710,1000000.0,0.0,705,1000000.0,0,823,26.095976701399778,3,338.0,170.6294101384378,155.9196061020334,105.17653902740716,49.35916524531827,0.0,0.0,1.3839018293079888,-0.086209077464839,earlier_comparison,157.42131685942573,155.9196061020334
2023-11-08T02:43:02.541054432,10.237107461826556,713,603,23.345235059857504,223,719,9.486832980505138,107,710,1000000.0,0.0,705,1000000.0,0,824,24.37211521390788,2,332.0,170.6294101384378,153.15180244341744,102.87003597856052,49.35916524531827,0.0,0.0,0.9226012195386591,-0.1024302181015579,earlier_comparison,154.80829499159717,153.15180244341744
2023-11-10T20:03:31.581676731,10.327859406511084,716,607,17.378147196982766,219,719,13.96424004376894,107,710,1000000.0,0.0,705,1000000.0,0,824,24.37211521390788,2,328.0,168.53533316288338,151.3066000043401,101.02483353948318,49.35916524531827,0.0,0.0,0.9226012195386591,-0.1022262384700798,earlier_comparison,153.06628041304478,151.3066000043401
2023-11-13T13:24:00.622299029,10.418611351195612,719,607,9.9498743710662,219,721,6.082762530298219,105,710,1000000.0,0.0,705,1000000.0,0,824,19.209372712298546,2,326.0,163.54705875229183,150.38399878480146,101.02483353948318,48.43656402577961,0.0,0.0,0.9226012195386591,-0.0804848467952402,earlier_comparison,152.19527312376857,150.38399878480146
2023-11-16T06:44:29.662921328,10.509363295880142,722,609,6.708203932499369,217,722,16.64331697709324,104,710,1000000.0,0.0,705,1000000.0,0,824,19.209372712298546,2,323.0,163.19678490591437,149.00009695549346,100.10223231994452,47.97526341601028,0.0,0.0,0.9226012195386591,-0.0869912232560558,earlier_comparison,150.88876218985428,149.00009695549346
2023-11-19T00:04:58.703543627,10.600115240564673,725,610,10.816653826391969,216,726,11.224972160321824,100,710,1000000.0,0.0,705,1000000.0,0,824,17.4928556845359,2,318.0,161.00313516363212,146.6935939066468,99.6409317101752,46.13006097693296,0.0,0.0,0.9226012195386591,-0.0888774075265187,earlier_comparison,148.7112439666638,146.6935939066468
2023-11-21T17:25:27.744165926,10.6908671852492,728,612,8.660254037844387,214,728,23.93741840717165,98,710,1000000.0,0.0,705,1000000.0,0,824,17.4928556845359,2,314.0,157.74766652134662,144.8483914675695,98.71833049063656,45.207459757394304,0.0,0.0,0.9226012195386591,-0.0817715744278952,earlier_comparison,146.96922938811142,144.8483914675695
2023-11-24T10:45:56.784788225,10.781619129933729,731,614,5.744562646538029,212,733,16.73320053068151,93,710,1000000.0,0.0,705,1000000.0,0,824,17.4928556845359,2,307.0,155.7641596733909,141.6192871991842,97.79572927109788,42.90095670854765,0.0,0.0,0.9226012195386591,-0.0908095450446748,earlier_comparison,143.92070387564473,141.61928719918419
2023-11-27T04:06:25.825410528,10.87237107461826,734,613,14.52583904633395,213,735,20.615528128088304,91,710,1000000.0,0.0,705,1000000.0,0,824,17.4928556845359,2,306.0,155.7641596733909,141.15798658941486,98.2570298808672,41.978355489009,0.0,0.0,0.9226012195386591,-0.0937710774712394,earlier_comparison,143.48520023100662,141.15798658941486
2023-11-29T21:26:54.866032826,10.963123019302788,737,609,9.9498743710662,217,738,9.16515138991168,88,710,1000000.0,0.0,705,1000000.0,0,824,15.7797338380595,2,307.0,155.7641596733909,141.6192871991842,100.10223231994452,40.59445365970101,0.0,0.0,0.9226012195386591,-0.0908095450446748,earlier_comparison,143.92070387564473,141.61928719918419
2023-12-02T16:04:58.703543630,11.053874963987315,740,611,12.806248474865695,215,739,16.06237840420901,87,710,1000000.0,0.0,705,1000000.0,0,824,17.4928556845359,2,304.0,155.20374293268685,140.2353853698762,99.17963110040589,40.13315304993168,0.0,0.0,0.9226012195386591,-0.0964432769466296,earlier_comparison,142.61419294173044,140.2353853698762
2023-12-05T11:36:08.712186672,11.144626908671846,743,614,23.021728866442675,212,740,11.74734012447073,86,747,83.60023923410746,0.0,705,1000000.0,0,824,19.209372712298546,2,300.0,150.3168104516531,138.3901829307989,97.79572927109788,39.67185244016235,0.0,0.0,0.9226012195386591,-0.0793432716209091,earlier_comparison,140.87217836317805,138.3901829307989
2023-12-08T07:07:18.720829714,11.235378853356377,746,621,3.741657386773941,205,741,7.211102550927978,85,747,83.60023923410746,0.0,705,1000000.0,0,824,22.64950330581225,2,292.0,148.33153444086747,134.69977805264426,94.56662500271256,39.210551830393015,0.0,0.0,0.9226012195386591,-0.0919005957809836,earlier_comparison,137.38814920607328,134.69977805264426
2023-12-11T02:38:28.729472756,11.326130798040904,749,619,5.385164807134504,207,741,9.69535971483266,85,710,1000000.0,0.0,705,1000000.0,0,824,24.37211521390788,2,294.0,148.33153444086747,135.6223792721829,95.48922622225123,39.210551830393015,0.0,0.0,0.9226012195386591,-0.0856807368479767,earlier_comparison,138.25915649534946,135.6223792721829
2023-12-13T22:09:38.738115798,11.416882742725432,752,619,9.055385138137416,207,741,11.489125293076055,85,710,1000000.0,0.0,705,1000000.0,0,823,22.64950330581225,3,295.0,148.33153444086747,136.08367988195224,95.48922622225123,39.210551830393015,0.0,0.0,1.3839018293079888,-0.0825708073814732,earlier_comparison,138.69466013998755,136.08367988195224
2023-12-16T17:40:48.746758840,11.50763468740996,755,614,13.19090595827292,212,735,13.92838827718412,91,710,1000000.0,0.0,705,1000000.0,0,823,17.4928556845359,3,306.0,152.1678901084641,141.15798658941486,97.79572927109788,41.978355489009,0.0,0.0,1.3839018293079888,-0.0723536582599749,earlier_comparison,143.48520023100662,141.15798658941486
2023-12-19T13:11:58.755401882,11.59838663209449,758,604,22.56102834535696,222,734,16.06237840420901,92,710,1000000.0,0.0,705,1000000.0,0,823,22.64950330581225,3,317.0,161.99861810521543,146.2322932968775,102.40873536879118,42.43965609877833,0.0,0.0,1.3839018293079888,-0.0973238228371674,earlier_comparison,148.2757403220257,146.2322932968775
2023-12-22T08:43:08.764044924,11.68913857677902,761,593,16.881943016134134,233,725,15.1657508881031,101,710,1000000.0,0.0,705,1000000.0,0,821,20.83266665599966,5,339.0,168.38066652430155,156.38090671180274,107.4830420762538,46.59136158670229,0.0,0.0,2.3065030488466483,-0.0712656628590252,earlier_comparison,157.85682050406385,156.38090671180274
2023-12-25T04:14:18.772687966,11.779890521463548,764,592,18.43908891458577,234,724,11.704699910719626,102,710,1000000.0,0.0,705,1000000.0,0,821,8.774964387392123,5,341.0,172.70895142746124,157.3035079313414,107.94434268602312,47.05266219647162,0.0,0.0,2.3065030488466483,-0.0891988710995689,earlier_comparison,158.72782779334003,157.30350793134141
2023-12-27T23:45:28.781331008,11.870642466148077,767,584,17.69180601295413,242,722,4.58257569495584,104,710,1000000.0,0.0,705,1000000.0,0,816,13.92838827718412,10,356.0,178.06203537096124,164.22301707788134,111.63474756417776,47.97526341601028,0.0,0.0,4.6130060976932965,-0.077720207253886,earlier_comparison,165.26038246291148,164.22301707788134
2023-12-30T19:16:38.789974051,11.961394410832606,770,584,4.69041575982343,242,722,4.58257569495584,104,710,1000000.0,0.0,705,1000000.0,0,817,13.92838827718412,9,355.0,178.06203537096124,163.761716468112,111.63474756417776,47.97526341601028,0.0,0.0,4.151705487923967,-0.0803108808290156,earlier_comparison,164.8248788182734,163.761716468112
2024-01-02T14:47:48.798617092,12.052146355517134,773,584,7.14142842854285,242,722,11.832159566199232,104,710,1000000.0,0.0,705,1000000.0,0,821,24.28991560298224,5,351.0,178.06203537096124,161.9165140290347,111.63474756417776,47.97526341601028,0.0,0.0,2.3065030488466483,-0.0906735751295337,earlier_comparison,163.082864239721,161.9165140290347
2024-01-05T10:18:58.807260134,12.142898300201663,776,586,8.602325267042627,240,723,11.789826122551595,103,710,1000000.0,0.0,705,1000000.0,0,821,10.677078252031311,5,348.0,178.06203537096124,160.5326121997267,110.71214634463912,47.51396280624096,0.0,0.0,2.3065030488466483,-0.0984455958549223,earlier_comparison,161.7763533058067,160.5326121997267
2024-01-08T05:50:08.815903177,12.233650244886192,779,586,4.58257569495584,240,718,13.601470508735444,108,710,1000000.0,0.0,705,1000000.0,0,822,17.4928556845359,4,352.0,178.06203537096124,162.37781463880404,110.71214634463912,49.8204658550876,0.0,0.0,1.8452024390773183,-0.0880829015544041,earlier_comparison,163.5183678843591,162.37781463880404
2024-01-11T01:21:18.824546219,12.32440218957072,782,586,9.433981132056603,240,711,13.96424004376894,115,710,1000000.0,0.0,705,1000000.0,0,823,19.209372712298546,3,358.0,180.44029496016827,165.14561829742,110.71214634463912,53.0495701234729,0.0,0.0,1.3839018293079888,-0.0847630883452308,earlier_comparison,166.1313897521877,165.14561829742001
2024-01-13T20:52:28.833189261,12.41515413425525,785,585,5.477225575051661,241,709,19.949937343260004,117,710,1000000.0,0.0,705,1000000.0,0,822,14.071247279470288,4,362.0,185.4946606034847,166.9908207364973,111.17344695440843,53.97217134301157,0.0,0.0,1.8452024390773183,-0.0997540296135067,earlier_comparison,167.87340433074007,166.9908207364973
2024-01-16T16:23:38.841832303,12.50590607893978,788,582,17.916472867168917,244,702,20.904544960366877,124,710,1000000.0,0.0,705,1000000.0,0,822,17.4928556845359,4,372.0,186.9399901581732,171.6038268341906,112.55734878371644,57.20127561139687,0.0,0.0,1.8452024390773183,-0.0820378952144289,earlier_comparison,172.22844077712105,171.6038268341906
2024-01-19T11:54:48.850475345,12.596658023624308,791,580,1.7320508075688772,246,701,16.583123951777,125,710,1000000.0,0.0,705,1000000.0,0,822,17.4928556845359,4,375.0,189.2109732197464,172.9877286634986,113.47995000325508,57.662576221166205,0.0,0.0,1.8452024390773183,-0.0857415628712314,earlier_comparison,173.53495171103535,172.98772866349861
2024-01-22T07:25:58.859118387,12.687409968308836,794,580,3.1622776601683795,246,705,16.401219466856727,121,710,1000000.0,0.0,705,1000000.0,0,822,24.37211521390788,4,371.0,188.35183817885888,171.1425262244213,113.47995000325508,55.817373782088886,0.0,0.0,1.8452024390773183,-0.0913679002065039,earlier_comparison,171.79293713248296,171.1425262244213
2024-01-25T02:57:08.867761429,12.778161912993363,797,581,10.677078252031311,245,714,12.727922061357855,112,710,1000000.0,0.0,705,1000000.0,0,821,20.92844953645635,5,362.0,185.85770097356308,166.9908207364973,113.01864939348576,51.66566829416492,0.0,0.0,2.3065030488466483,-0.1015125019745587,earlier_comparison,167.87340433074007,166.9908207364973
2024-01-27T22:28:18.876404476,12.868913857677896,800,580,4.123105625617661,246,717,15.524174696260024,109,710,1000000.0,0.0,705,1000000.0,0,821,10.677078252031311,5,360.0,183.6365042953538,166.06821951695866,113.47995000325508,50.28176646485693,0.0,0.0,2.3065030488466483,-0.0956688042271758,earlier_comparison,167.0023970414639,166.06821951695866
2024-01-30T17:59:28.885047518,12.959665802362425,803,576,19.72308292331602,250,719,13.74772708486752,107,710,1000000.0,0.0,705,1000000.0,0,822,26.095976701399778,4,361.0,184.54542571960533,166.529520126728,115.3251524423324,49.35916524531827,0.0,0.0,1.8452024390773183,-0.0976231490031639,earlier_comparison,167.43790068610198,166.529520126728
2024-02-02T11:05:26.707000846,13.050417747046954,806,570,9.055385138137416,256,719,9.69535971483266,107,710,1000000.0,0.0,705,1000000.0,0,822,19.209372712298546,4,367.0,185.4946606034847,169.29732378534396,118.09295610094838,49.35916524531827,0.0,0.0,1.8452024390773183,-0.0873196930059584,earlier_comparison,170.05092255393058,169.29732378534396
2024-02-05T02:15:14.779602402,13.141169691731482,809,573,9.433981132056603,253,720,14.212670403551895,106,710,1000000.0,0.0,705,1000000.0,0,822,20.92844953645635,4,363.0,184.84920678258376,167.4521213462667,116.7090542716404,48.89786463554894,0.0,0.0,1.8452024390773183,-0.0941150126588274,earlier_comparison,168.30890797537816,167.45212134626667
2024-02-07T17:25:02.852203957,13.231921636416011,812,580,18.466185312619388,246,724,9.899494936611664,102,710,1000000.0,0.0,705,1000000.0,0,822,27.820855486487112,4,352.0,179.86093237199216,162.37781463880404,113.47995000325508,47.05266219647162,0.0,0.0,1.8452024390773183,-0.0972035310982886,earlier_comparison,163.5183678843591,162.37781463880404
2024-02-10T08:34:50.924805513,13.32267358110054,815,586,10.3440804327886,240,724,5.744562646538029,102,710,1000000.0,0.0,705,1000000.0,0,822,24.37211521390788,4,346.0,178.06203537096124,159.61001098018806,110.71214634463912,47.05266219647162,0.0,0.0,1.8452024390773183,-0.1036269430051812,earlier_comparison,160.90534601653053,159.61001098018806
2024-02-12T23:44:38.997407068,13.413425525785067,818,586,8.12403840463596,240,723,12.68857754044952,103,710,1000000.0,0.0,705,1000000.0,0,822,24.37211521390788,4,347.0,176.2038790628304,160.0713115899574,110.71214634463912,47.51396280624096,0.0,0.0,1.8452024390773183,-0.0915562560749329,earlier_comparison,161.34084966116862,160.0713115899574
2024-02-15T14:54:27.070008624,13.504177470469598,821,587,5.477225575051661,239,723,10.04987562112089,103,710,1000000.0,0.0,705,1000000.0,0,822,22.64950330581225,4,346.0,176.2038790628304,159.61001098018806,110.25084573486978,47.51396280624096,0.0,0.0,1.8452024390773183,-0.094174249573276,earlier_comparison,160.90534601653053,159.61001098018806
2024-02-18T06:04:15.142610179,13.594929415154128,824,587,4.898979485566356,239,721,19.209372712298546,105,710,1000000.0,0.0,705,1000000.0,0,822,22.64950330581225,4,348.0,176.2038790628304,160.5326121997267,110.25084573486978,48.43656402577961,0.0,0.0,1.8452024390773183,-0.0889382625765897,earlier_comparison,161.7763533058067,160.5326121997267
2024-02-20T21:14:03.215211735,13.685681359838656,827,588,15.033296378372908,238,720,15.556349186104043,106,710,1000000.0,0.0,705,1000000.0,0,822,26.095976701399778,4,348.0,178.06203537096124,160.5326121997267,109.78954512510045,48.89786463554894,0.0,0.0,1.8452024390773183,-0.0984455958549223,earlier_comparison,161.7763533058067,160.5326121997267
2024-02-23T12:23:51.287813291,13.776433304523184,830,587,8.246211251235321,239,720,12.727922061357855,106,710,1000000.0,0.0,773,31.0,53,822,27.820855486487112,4,402.0,178.06203537096124,185.4428451272705,110.25084573486978,48.89786463554894,0.0,24.44893231777447,1.8452024390773183,0.0414507772020724,earlier_comparison,185.29355011626396,185.44284512727052
2024-02-26T03:33:39.360414846,13.867185249207711,833,576,21.354156504062622,250,719,13.07669683062202,107,710,1000000.0,0.0,773,13.379088160259652,53,822,26.095976701399778,4,414.0,181.45055831397752,190.97845244450247,115.3251524423324,49.35916524531827,0.0,24.44893231777447,1.8452024390773183,0.0525095883917761,earlier_comparison,190.51959385192114,190.97845244450247
2024-02-28T18:43:27.433016402,13.957937193892242,836,570,14.866068747318506,256,719,11.489125293076055,107,710,1000000.0,0.0,773,9.273618495495704,53,822,27.820855486487112,4,420.0,185.4946606034847,193.74625610311844,118.09295610094838,49.35916524531827,0.0,24.44893231777447,1.8452024390773183,0.044484275034053,earlier_comparison,193.1326157197497,193.74625610311844
2024-03-02T12:13:28.988764023,14.048689138576773,839,573,8.774964387392123,253,719,9.273618495495704,107,710,1000000.0,0.0,773,8.246211251235321,53,821,24.37211521390788,5,418.0,185.4946606034847,192.8236548835798,116.7090542716404,49.35916524531827,0.0,24.44893231777447,2.3065030488466483,0.0395105403910338,earlier_comparison,192.26160843047353,192.8236548835798
2024-03-05T07:44:38.997407065,14.1394410832613,842,574,9.9498743710662,252,720,8.54400374531753,106,710,1000000.0,0.0,778,11.704699910719626,48,821,10.677078252031311,5,411.0,182.00656489374052,189.5945506151945,116.24775366187107,48.89786463554894,0.0,22.14242926892782,2.3065030488466483,0.0416907254190745,earlier_comparison,189.21308291800685,189.59455061519446
2024-03-08T03:15:49.006050107,14.230193027945829,845,584,24.61706725018234,242,720,5.916079783099616,106,710,1000000.0,0.0,786,11.224972160321824,40,821,9.0,5,393.0,180.7346030994107,181.2911396393465,111.63474756417776,48.89786463554894,0.0,18.452024390773182,2.3065030488466483,0.0030793026370812,earlier_comparison,181.3740173145211,181.29113963934654
2024-03-10T22:46:59.014693149,14.320944972630356,848,584,10.723805294763608,242,720,9.69535971483266,106,710,1000000.0,0.0,786,5.196152422706632,40,821,20.92844953645635,5,393.0,178.06203537096124,181.2911396393465,111.63474756417776,48.89786463554894,0.0,18.452024390773182,2.3065030488466483,0.0181347150259068,earlier_comparison,181.3740173145211,181.29113963934654
2024-03-13T18:18:09.023336191,14.411696917314886,851,585,11.40175425099138,241,718,7.681145747868608,108,710,1000000.0,0.0,786,5.385164807134504,40,822,22.64950330581225,4,393.0,178.06203537096124,181.2911396393465,111.17344695440843,49.8204658550876,0.0,18.452024390773182,1.8452024390773183,0.0181347150259068,earlier_comparison,181.3740173145211,181.29113963934654
2024-03-16T13:49:19.031979233,14.502448861999415,854,586,10.954451150103322,240,718,9.69535971483266,108,710,1000000.0,0.0,786,10.3440804327886,40,822,19.209372712298546,4,392.0,176.91871771642118,180.8298390295772,110.71214634463912,49.8204658550876,0.0,18.452024390773182,1.8452024390773183,0.0221068825483183,earlier_comparison,180.93851366988298,180.82983902957722
2024-03-19T09:20:29.040622275,14.593200806683944,857,591,15.0,235,722,14.352700094407323,104,710,1000000.0,0.0,788,12.36931687685298,38,822,20.92844953645635,4,381.0,171.93044330582958,175.7555323221146,108.40564329579246,47.97526341601028,0.0,17.529423171234527,1.8452024390773183,0.022247886661241,earlier_comparison,176.1479735788639,175.7555323221146
2024-03-22T04:51:39.049265317,14.683952751368471,860,598,9.16515138991168,228,725,12.727922061357855,101,710,1000000.0,0.0,790,11.04536101718726,36,822,19.209372712298546,4,369.0,170.6294101384378,170.21992500488264,105.17653902740716,46.59136158670229,0.0,16.606821951695867,1.8452024390773183,-0.0023998508417917,earlier_comparison,170.92192984320675,170.21992500488264
2024-03-25T00:22:49.057908364,14.774704696053004,863,596,14.317821063276352,230,725,10.488088481701515,101,710,1000000.0,0.0,789,8.06225774829855,37,822,29.546573405388315,4,372.0,170.6294101384378,171.6038268341906,106.0991402469458,46.59136158670229,0.0,17.068122561465195,1.8452024390773183,0.0057107194765675,earlier_comparison,172.22844077712105,171.6038268341906
2024-03-27T19:53:59.066551406,14.865456640737532,866,590,20.445048300260872,236,726,12.84523257866513,100,710,1000000.0,0.0,786,13.379088160259652,40,823,26.095976701399778,3,379.0,170.6294101384378,174.83293110257594,108.8669439055618,46.13006097693296,0.0,18.452024390773182,1.3839018293079888,0.0246353835527395,earlier_comparison,175.27696628958773,174.83293110257594
2024-03-30T15:25:09.075194448,14.95620858542206,869,591,4.123105625617661,235,725,8.774964387392123,101,710,1000000.0,0.0,786,11.224972160321824,40,823,29.546573405388315,3,379.0,176.2391297596634,174.83293110257594,108.40564329579246,46.59136158670229,0.0,18.452024390773182,1.3839018293079888,-0.0079789241980772,earlier_comparison,175.27696628958773,174.83293110257594
2024-04-02T09:48:41.694036281,15.04696053010659,872,591,9.055385138137416,235,702,15.066519173319364,124,710,1000000.0,0.0,787,15.427248620541512,39,823,24.37211521390788,3,401.0,180.74696174695296,184.9815445175012,108.40564329579246,57.20127561139687,0.0,17.990723781003854,1.3839018293079888,0.0234282376291152,scale_calibration,184.85804647162587,184.9815445175012
2024-04-05T03:09:10.734658580,15.13771247479112,875,593,12.529964086141668,233,690,10.488088481701515,136,710,1000000.0,0.0,789,15.1657508881031,37,823,22.64950330581225,3,409.0,185.4946606034847,188.67194939565584,107.4830420762538,62.73688292862883,0.0,17.068122561465195,1.3839018293079888,0.0171287344974468,scale_calibration,188.34207562873064,188.67194939565582
2024-04-07T20:29:39.775280879,15.228464419475648,878,597,22.693611435820436,229,691,14.966629547095764,135,710,1000000.0,0.0,790,12.806248474865695,36,822,24.37211521390788,4,404.0,185.4946606034847,186.3654463468092,105.63783963717648,62.2755823188595,0.0,16.606821951695867,1.8452024390773183,0.0046943978898985,scale_calibration,186.16455740554017,186.36544634680916
2024-04-10T13:50:08.815903177,15.319216364160177,881,599,13.74772708486752,227,696,19.6468827043885,130,710,1000000.0,0.0,792,11.6619037896906,34,823,20.92844953645635,3,394.0,184.05262464876105,181.75244024911584,104.71523841763782,59.96907927001285,0.0,15.684220732157208,1.3839018293079888,-0.0124974278635513,scale_calibration,181.8095209591592,181.75244024911586
2024-04-13T07:10:37.856525476,15.409968308844704,884,599,6.4031242374328485,227,698,17.4928556845359,128,710,1000000.0,0.0,793,9.848857801796104,33,823,20.92844953645635,3,391.0,179.06435023816948,180.3685384198079,104.71523841763782,59.04647805047419,0.0,15.222920122387878,1.3839018293079888,0.0072833491418238,scale_calibration,180.5030100252449,180.3685384198079
2024-04-16T00:31:06.897147775,15.500720253529234,887,598,10.63014581273465,228,704,9.219544457292889,122,710,1000000.0,0.0,794,13.07669683062202,32,822,24.37211521390788,4,386.0,178.06203537096124,178.06203537096124,105.17653902740716,56.27867439185822,0.0,14.761619512618548,1.8452024390773183,0.0,scale_calibration,178.32549180205442,178.06203537096124
2024-04-18T17:51:35.937770074,15.591472198213763,890,596,17.204650534085253,230,710,6.324555320336759,116,710,1000000.0,0.0,793,11.04536101718726,33,823,24.37211521390788,3,382.0,178.06203537096124,176.2168329318839,106.0991402469458,53.51087073324224,0.0,15.222920122387878,1.3839018293079888,-0.0103626943005181,scale_calibration,176.58347722350203,176.2168329318839
2024-04-21T11:12:04.978392372,15.682224142898292,893,592,25.37715508089904,234,712,14.594519519326424,114,710,1000000.0,0.0,792,12.206555615733702,34,823,22.64950330581225,3,385.0,178.06203537096124,177.60073476119192,107.94434268602312,52.58826951370358,0.0,15.684220732157208,1.3839018293079888,-0.0025906735751295,scale_calibration,177.88998815741633,177.60073476119192
2024-04-24T04:32:34.019014671,15.77297608758282,896,580,19.6468827043885,246,712,12.206555615733702,114,710,1000000.0,0.0,788,1.7320508075688772,38,823,20.92844953645635,3,401.0,185.4946606034847,184.9815445175012,113.47995000325508,52.58826951370358,0.0,17.529423171234527,1.3839018293079888,-0.0027662040746302,scale_calibration,184.85804647162587,184.9815445175012
2024-04-26T21:53:03.059636970,15.86372803226735,899,577,12.328828005937952,249,713,13.74772708486752,113,710,1000000.0,0.0,786,12.806248474865695,40,822,20.92844953645635,4,406.0,185.4946606034847,187.28804756634784,114.86385183256309,52.12696890393425,0.0,18.452024390773182,1.8452024390773183,0.0096681325329179,scale_calibration,187.03556469481634,187.28804756634784
2024-04-29T15:13:32.100259269,15.95447997695188,902,575,11.180339887498947,251,714,18.027756377319943,112,710,1000000.0,0.0,787,5.385164807134504,39,822,19.209372712298546,4,406.0,185.4946606034847,187.28804756634784,115.78645305210172,51.66566829416492,0.0,17.990723781003854,1.8452024390773183,0.0096681325329179,scale_calibration,187.03556469481634,187.28804756634784
2024-05-02T09:39:09.178910953,16.045231921636407,905,575,7.071067811865476,251,715,13.74772708486752,111,710,1000000.0,0.0,787,5.916079783099616,39,822,19.209372712298546,4,405.0,185.4946606034847,186.8267469565785,115.78645305210172,51.20436768439559,0.0,17.990723781003854,1.8452024390773183,0.0071812652114082,scale_calibration,186.60006105017825,186.8267469565785
2024-05-05T05:10:19.187554,16.135983866320938,908,576,14.142135623730953,250,715,12.806248474865695,111,710,1000000.0,0.0,788,8.660254037844387,38,822,22.64950330581225,4,403.0,184.62428347603105,185.90414573703984,115.3251524423324,51.20436768439559,0.0,17.529423171234527,1.8452024390773183,0.0069322530975453,scale_calibration,185.72905376090208,185.90414573703984
2024-05-08T00:41:29.196197037,16.226735811005465,911,584,8.774964387392123,242,715,10.954451150103322,111,710,1000000.0,0.0,789,10.954451150103322,37,823,24.37211521390788,3,393.0,182.13014627073537,181.2911396393465,111.63474756417776,51.20436768439559,0.0,17.068122561465195,1.3839018293079888,-0.0046066323921007,scale_calibration,181.3740173145211,181.29113963934654
2024-05-10T20:12:39.204840084,16.317487755689996,914,585,9.899494936611664,241,714,9.9498743710662,112,710,1000000.0,0.0,792,6.324555320336759,34,823,26.019223662515376,3,390.0,178.06203537096124,179.90723781003857,111.17344695440843,51.66566829416492,0.0,15.684220732157208,1.3839018293079888,0.0103626943005181,scale_calibration,180.0675063806068,179.90723781003857
2024-05-13T15:43:49.213483122,16.408239700374523,917,587,9.643650760992957,239,716,17.88854381999832,110,710,1000000.0,0.0,792,7.14142842854285,34,823,22.56102834535696,3,386.0,178.06203537096124,178.06203537096124,110.25084573486978,50.74306707462626,0.0,15.684220732157208,1.3839018293079888,0.0,scale_calibration,178.32549180205442,178.06203537096124
2024-05-16T11:14:59.222126168,16.498991645059053,920,589,4.123105625617661,237,717,8.246211251235321,109,710,1000000.0,0.0,792,10.0,34,823,22.56102834535696,3,383.0,178.06203537096124,176.67813354165324,109.32824451533112,50.28176646485693,0.0,15.684220732157208,1.3839018293079888,-0.0077720207253886,scale_calibration,177.01898086814012,176.67813354165324
2024-05-19T06:46:09.230769206,16.58974358974358,923,589,10.770329614269007,237,716,13.152946437965904,110,710,1000000.0,0.0,792,10.488088481701515,34,823,24.28991560298224,3,384.0,178.06203537096124,177.13943415142256,109.32824451533112,50.74306707462626,0.0,15.684220732157208,1.3839018293079888,-0.0051813471502591,scale_calibration,177.4544845127782,177.13943415142256
2024-05-22T02:17:19.239412253,16.68049553442811,926,587,17.72004514666935,239,714,9.1104335791443,112,710,1000000.0,0.0,791,8.06225774829855,35,823,24.28991560298224,3,389.0,180.00193515932412,179.4459372002692,110.25084573486978,51.66566829416492,0.0,16.145521341926536,1.3839018293079888,-0.0030888443424943,scale_calibration,179.6320027359687,179.4459372002692
2024-05-24T21:48:29.248055290,16.77124747911264,929,583,23.95829710142188,243,712,7.071067811865476,114,710,1000000.0,0.0,789,8.12403840463596,37,822,22.64950330581225,4,398.0,184.9902095699156,183.5976426881932,112.0960481739471,52.58826951370358,0.0,17.068122561465195,1.8452024390773183,-0.0075277869296973,scale_calibration,183.55153553771157,183.5976426881932
2024-05-27T17:19:39.256698337,16.86199942379717,932,575,8.306623862918075,251,712,7.14142842854285,114,710,1000000.0,0.0,788,8.602325267042627,38,822,22.64950330581225,4,407.0,189.9784839805073,187.7493481761172,115.78645305210172,52.58826951370358,0.0,17.529423171234527,1.8452024390773183,-0.0117336224486286,scale_calibration,187.47106833945446,187.74934817611717
2024-05-30T12:50:49.265341374,16.952751368481696,935,562,19.8997487421324,264,715,4.58257569495584,111,710,1000000.0,0.0,781,13.601470508735444,45,822,24.37211521390788,4,424.0,192.9272858360081,195.59145854219577,121.78336097910302,51.20436768439559,0.0,20.758527439619836,1.8452024390773183,0.0138092063786781,scale_calibration,194.8746302983021,195.59145854219577
2024-06-02T07:19:20.587726859,17.043503313166227,938,564,5.196152422706632,262,712,9.486832980505138,114,710,1000000.0,0.0,783,12.083045973594572,43,821,22.64950330581225,5,424.0,192.9272858360081,195.59145854219577,120.86075975956436,52.58826951370358,0.0,19.835926220081173,2.3065030488466483,0.0138092063786781,scale_calibration,194.8746302983021,195.59145854219577
2024-06-05T00:39:49.628349153,17.134255257850754,941,567,8.366600265340756,259,707,14.212670403551895,119,710,1000000.0,0.0,784,12.328828005937952,42,819,22.64950330581225,7,427.0,192.9272858360081,196.9753603715037,119.47685793025636,54.89477256255022,0.0,19.374625610311845,3.2291042683853077,0.0209823847256969,scale_calibration,196.1811412322164,196.97536037150374
2024-06-07T18:00:18.668971456,17.225007202535284,944,569,6.928203230275509,257,706,9.16515138991168,120,710,1000000.0,0.0,789,11.224972160321824,37,818,19.209372712298546,8,422.0,192.9272858360081,194.6688573226571,118.55425671071772,55.356073172319554,0.0,17.068122561465195,3.690404878154637,0.0090270874806652,scale_calibration,194.00362300902592,194.6688573226571
2024-06-10T11:20:47.709593751,17.31575914721981,947,569,9.539392014169456,257,706,8.246211251235321,120,710,1000000.0,0.0,790,12.806248474865695,36,821,26.095976701399778,5,418.0,192.9272858360081,192.8236548835798,118.55425671071772,55.356073172319554,0.0,16.606821951695867,2.3065030488466483,-0.0005371503153598,scale_calibration,192.26160843047353,192.8236548835798
2024-06-13T04:41:16.750216054,17.406511091904342,950,569,5.196152422706632,257,708,7.14142842854285,118,710,1000000.0,0.0,790,6.557438524302,36,821,15.7797338380595,5,416.0,192.9272858360081,191.90105366404111,118.55425671071772,54.4334719527809,0.0,16.606821951695867,2.3065030488466483,-0.0053192692133725,scale_calibration,191.39060114119732,191.90105366404111
2024-06-15T22:01:45.790838348,17.49726303658887,953,569,6.48074069840786,257,708,9.539392014169456,118,710,1000000.0,0.0,790,9.38083151964686,36,822,19.209372712298546,4,415.0,192.9272858360081,191.4397530542718,118.55425671071772,54.4334719527809,0.0,16.606821951695867,1.8452024390773183,-0.0077103286623787,scale_calibration,190.95509749655923,191.4397530542718
2024-06-18T15:22:14.831460652,17.5880149812734,956,565,19.748417658131498,261,711,9.9498743710662,115,710,1000000.0,0.0,789,12.12435565298214,37,821,12.36931687685298,5,418.0,196.43786571888415,192.8236548835798,120.39945914979504,53.0495701234729,0.0,17.068122561465195,2.3065030488466483,-0.0183987482356206,scale_calibration,192.26160843047353,192.8236548835798
2024-06-21T08:42:43.872082955,17.67876692595793,959,561,12.649110640673518,265,711,5.830951894845301,115,710,1000000.0,0.0,786,9.1104335791443,40,821,12.36931687685298,5,425.0,200.35991106853157,196.0527591519651,122.24466158887236,53.0495701234729,0.0,18.452024390773182,2.3065030488466483,-0.0214970744077303,scale_calibration,195.3101339429402,196.0527591519651
2024-06-24T02:03:12.912705249,17.769518870642457,962,545,14.0356688476182,281,711,5.830951894845301,115,710,1000000.0,0.0,784,11.489125293076055,42,821,12.36931687685298,5,443.0,203.8671973514428,204.35617012781304,129.62547134518164,53.0495701234729,0.0,19.374625610311845,2.3065030488466483,0.0023984867733641,scale_calibration,203.14919954642596,204.35617012781302
2024-06-26T19:23:41.953327553,17.860270815326988,965,529,17.74823934929885,297,711,7.810249675906654,115,710,1000000.0,0.0,780,13.74772708486752,46,821,17.4928556845359,5,463.0,209.54453264252817,213.5821823231996,137.0062811014909,53.0495701234729,0.0,21.219828049389164,2.3065030488466483,0.0192686949630866,scale_calibration,211.8592724391879,213.58218232319962
2024-06-29T12:44:10.993949847,17.951022760011515,968,526,11.789826122551595,300,710,10.3440804327886,116,710,1000000.0,0.0,781,5.656854249492381,45,821,22.64950330581225,5,466.0,215.22516153357844,214.9660841525076,138.3901829307989,53.51087073324224,0.0,20.758527439619836,2.3065030488466483,-0.0012037504315237,scale_calibration,213.1657833731022,214.96608415250762
2024-07-02T07:04:49.369057888,18.04177470469605,971,528,10.770329614269007,298,710,12.449899597988733,116,710,1000000.0,0.0,782,9.433981132056603,44,821,24.37211521390788,5,463.0,215.22516153357844,213.5821823231996,137.46758171126024,53.51087073324224,0.0,20.297226829850505,2.3065030488466483,-0.0076337692055697,forward_holdout,211.8592724391879,213.58218232319962
2024-07-05T02:35:59.377700926,18.132526649380573,974,529,9.0,297,709,13.74772708486752,117,710,1000000.0,0.0,789,13.0,37,822,24.37211521390788,4,455.0,211.5154361172466,209.891777445045,137.0062811014909,53.97217134301157,0.0,17.068122561465195,1.8452024390773183,-0.0076763129065511,forward_holdout,208.37524328208312,209.891777445045
2024-07-07T22:07:09.386343973,18.223278594065103,977,532,4.242640687119285,294,710,9.9498743710662,116,710,1000000.0,0.0,790,9.0,36,821,26.095976701399778,5,451.0,207.792536301055,208.04657500596767,135.6223792721829,53.51087073324224,0.0,16.606821951695867,2.3065030488466483,0.0012225593345884,forward_holdout,206.63322870353073,208.04657500596767
2024-07-10T17:38:19.394987010,18.31403053874963,980,535,7.483314773547883,291,710,10.198039027185567,116,710,1000000.0,0.0,790,9.69535971483266,36,822,26.095976701399778,4,447.0,207.792536301055,206.20137256689037,134.2384774428749,53.51087073324224,0.0,16.606821951695867,1.8452024390773183,-0.0076574633646097,forward_holdout,204.89121412497835,206.20137256689034
2024-07-13T13:09:29.403630057,18.40478248343416,983,534,10.816653826391969,292,711,12.569805089976535,115,710,1000000.0,0.0,790,11.445523142259598,36,822,20.92844953645635,4,447.0,207.792536301055,206.20137256689037,134.69977805264426,53.0495701234729,0.0,16.606821951695867,1.8452024390773183,-0.0076574633646097,forward_holdout,204.89121412497835,206.20137256689034
2024-07-16T08:40:39.412273094,18.495534428118688,986,534,14.0,292,711,6.782329983125268,115,710,1000000.0,0.0,789,12.806248474865695,37,822,20.92844953645635,4,448.0,208.47500998161885,206.66267317665967,134.69977805264426,53.0495701234729,0.0,17.068122561465195,1.8452024390773183,-0.0086933048000285,forward_holdout,205.32671776961644,206.66267317665967
2024-07-19T04:11:49.420916141,18.58628637280322,989,530,13.41640786499874,296,711,5.385164807134504,115,710,1000000.0,0.0,789,9.486832980505138,37,822,22.64950330581225,4,452.0,210.96914718691468,208.507875615737,136.54498049172156,53.0495701234729,0.0,17.068122561465195,1.8452024390773183,-0.0116665000735726,forward_holdout,207.06873234816882,208.507875615737
2024-07-21T23:42:59.429559178,18.677038317487742,992,529,6.48074069840786,297,711,12.041594578792296,115,710,1000000.0,0.0,788,4.58257569495584,38,822,22.64950330581225,4,454.0,213.46328439221048,209.43047683527564,137.0062811014909,53.0495701234729,0.0,17.529423171234527,1.8452024390773183,-0.018892277275773,forward_holdout,207.93973963744503,209.43047683527564
2024-07-24T19:14:09.438202225,18.76779026217228,995,526,11.575836902790224,300,710,10.63014581273465,116,710,1000000.0,0.0,787,5.916079783099616,39,822,20.92844953645635,4,459.0,215.22516153357844,211.7369798841223,138.3901829307989,53.51087073324224,0.0,17.990723781003854,1.8452024390773183,-0.0162071275709645,forward_holdout,210.1172578606355,211.7369798841223
2024-07-27T14:45:19.446845263,18.858542206856804,998,526,9.848857801796104,300,709,11.180339887498947,117,710,1000000.0,0.0,786,11.180339887498947,40,822,20.92844953645635,4,461.0,219.3298844168566,212.65958110366097,138.3901829307989,53.97217134301157,0.0,18.452024390773182,1.8452024390773183,-0.0304121954512961,forward_holdout,210.9882651499117,212.65958110366097
2024-07-30T10:16:29.455488309,18.94929415154133,1001,515,24.55605831561735,311,709,9.273618495495704,117,710,1000000.0,0.0,785,9.433981132056603,41,822,29.546573405388315,4,473.0,222.8038523162288,218.1951884208929,143.4644896382615,53.97217134301157,0.0,18.913325000542518,1.8452024390773183,-0.0206848483427238,forward_holdout,216.21430888556887,218.19518842089292
2024-08-02T05:47:39.464131346,19.04004609622586,1004,503,18.466185312619388,323,709,5.0990195135927845,117,710,1000000.0,0.0,782,8.717797887081348,44,822,29.546573405388315,4,488.0,224.51594307423272,225.11469756743287,149.00009695549346,53.97217134301157,0.0,20.297226829850505,1.8452024390773183,0.0026668684860484,forward_holdout,222.74686355514032,225.11469756743287
2024-08-05T01:18:49.472774393,19.130798040910392,1007,506,7.0,320,708,10.295630140987,118,710,1000000.0,0.0,782,3.0,44,822,22.64950330581225,4,486.0,223.09791572977608,224.1920963478942,147.6161951261855,54.4334719527809,0.0,20.297226829850505,1.8452024390773183,0.0049044860618214,forward_holdout,221.87585626586414,224.1920963478942
2024-08-07T20:49:59.481417431,19.22154998559492,1010,515,15.684387141358124,311,706,12.449899597988733,120,710,1000000.0,0.0,785,12.328828005937952,41,822,19.209372712298546,4,476.0,222.46193483261123,219.5790902502009,143.4644896382615,55.356073172319554,0.0,18.913325000542518,1.8452024390773183,-0.0129588218522845,forward_holdout,217.52081981948317,219.5790902502009
2024-08-10T16:21:09.490060477,19.31230193027945,1013,523,12.206555615733702,303,705,9.69535971483266,121,710,1000000.0,0.0,789,12.884098726725126,37,822,19.209372712298546,4,465.0,221.6314632886267,214.50478354273827,139.7740847601069,55.817373782088886,0.0,17.068122561465195,1.8452024390773183,-0.0321555416371883,forward_holdout,212.7302797284641,214.50478354273827
2024-08-13T11:52:19.498703515,19.403053874963977,1016,524,6.557438524302,302,697,15.132745950421556,129,710,1000000.0,0.0,793,10.04987562112089,33,822,22.64950330581225,4,468.0,222.6577867661019,215.88868537204627,139.31278415033754,59.50777866024352,0.0,15.222920122387878,1.8452024390773183,-0.0304013683616035,forward_holdout,214.0367906623784,215.88868537204627
2024-08-16T07:23:29.507346562,19.493805819648507,1019,525,12.0,301,692,18.788294228055936,134,710,1000000.0,0.0,794,11.0,32,822,26.095976701399778,4,471.0,222.6577867661019,217.27258720135424,138.8514835405682,61.81428170909017,0.0,14.761619512618548,1.8452024390773183,-0.0241859925177677,forward_holdout,215.3433015962927,217.27258720135424
2024-08-19T02:54:39.515989609,19.58455776433304,1022,525,10.488088481701515,301,693,11.575836902790224,133,710,1000000.0,0.0,796,5.916079783099616,30,822,27.820855486487112,4,468.0,222.6577867661019,215.88868537204627,138.8514835405682,61.35298109932084,0.0,13.839018293079889,1.8452024390773183,-0.0304013683616035,forward_holdout,214.0367906623784,215.88868537204627
2024-08-21T22:25:49.524632646,19.675309709017565,1025,524,19.44222209522358,302,695,15.7797338380595,131,710,1000000.0,0.0,792,10.488088481701515,34,822,22.64950330581225,4,471.0,222.6577867661019,217.27258720135424,139.31278415033754,60.43037987978218,0.0,15.684220732157208,1.8452024390773183,-0.0241859925177677,forward_holdout,215.3433015962927,217.27258720135424
2024-08-24T17:56:59.533275693,19.766061653702096,1028,522,11.224972160321824,304,697,14.0356688476182,129,710,1000000.0,0.0,786,10.04987562112089,40,822,24.37211521390788,4,477.0,223.5440608667577,220.04039085997024,140.2353853698762,59.50777866024352,0.0,18.452024390773182,1.8452024390773183,-0.015673286032304,forward_holdout,217.95632346412125,220.04039085997024
2024-08-27T13:28:09.541918730,19.856813598386623,1031,513,12.727922061357855,313,698,7.280109889280518,128,710,1000000.0,0.0,785,7.874007874011811,41,822,27.820855486487112,4,486.0,229.16366128787791,224.1920963478942,144.38709085780016,59.04647805047419,0.0,18.913325000542518,1.8452024390773183,-0.0216943860647189,forward_holdout,221.87585626586414,224.1920963478942
2024-08-30T08:59:19.550561777,19.947565543071157,1034,501,18.05547008526779,325,698,5.385164807134504,128,710,1000000.0,0.0,781,4.242640687119285,45,822,27.820855486487112,4,502.0,230.0904119986253,231.57290610420347,149.92269817503214,59.04647805047419,0.0,20.758527439619836,1.8452024390773183,0.0064430937938735,forward_holdout,228.8439145800737,231.57290610420347
2024-09-02T03:35:18.928262723,20.03831748775568,1037,501,9.69535971483266,325,698,10.63014581273465,128,710,1000000.0,0.0,783,4.242640687119285,43,822,27.820855486487112,4,500.0,230.0904119986253,230.6503048846648,149.92269817503214,59.04647805047419,0.0,19.835926220081173,1.8452024390773183,0.0024333603524637,forward_holdout,227.9729072907975,230.65030488466482
2024-09-04T20:55:47.968885027,20.12906943244021,1040,505,23.345235059857504,321,697,9.486832980505138,129,710,1000000.0,0.0,791,11.575836902790224,35,822,22.64950330581225,4,489.0,230.0904119986253,225.5759981772022,148.0774957359548,59.50777866024352,0.0,16.145521341926536,1.8452024390773183,-0.0196201735752904,forward_holdout,223.18236719977844,225.5759981772022
2024-09-07T14:16:17.009507321,20.219821377124735,1043,505,7.071067811865476,321,695,10.677078252031311,131,710,1000000.0,0.0,791,8.94427190999916,35,822,15.7797338380595,4,491.0,233.32475775444996,226.49859939674084,148.0774957359548,60.43037987978218,0.0,16.145521341926536,1.8452024390773183,-0.0292560396222201,forward_holdout,224.05337448905462,226.49859939674084
2024-09-10T07:36:46.050129624,20.31057332180927,1046,504,6.4031242374328485,322,695,8.246211251235321,131,710,1000000.0,0.0,792,7.483314773547883,34,822,26.095976701399778,4,491.0,236.05987838996435,226.49859939674084,148.53879634572414,60.43037987978218,0.0,15.684220732157208,1.8452024390773183,-0.040503617380623,forward_holdout,224.05337448905462,226.49859939674084
2024-09-13T00:57:15.090751918,20.4013252664938,1049,500,10.392304845413264,326,693,8.12403840463596,133,710,1000000.0,0.0,790,13.45362404707371,36,822,14.071247279470288,4,499.0,237.52303723114872,230.1890042748955,150.38399878480146,61.35298109932084,0.0,16.606821951695867,1.8452024390773183,-0.0308771437151842,forward_holdout,227.5374036461594,230.1890042748955
2024-09-15T18:17:44.131374222,20.492077211178326,1052,497,8.602325267042627,329,691,13.74772708486752,135,710,1000000.0,0.0,791,10.04987562112089,35,822,17.4928556845359,4,503.0,239.18999649242505,232.0342067139728,151.76790061410944,62.2755823188595,0.0,16.145521341926536,1.8452024390773183,-0.0299167602466136,forward_holdout,229.27941822471178,232.0342067139728
2024-09-18T11:38:13.171996516,20.582829155862854,1055,493,14.352700094407323,333,689,12.449899597988733,137,710,1000000.0,0.0,790,13.379088160259652,36,822,20.92844953645635,4,510.0,243.5422900058516,235.2633109823581,153.61310305318676,63.19818353839816,0.0,16.606821951695867,1.8452024390773183,-0.0339940099244964,forward_holdout,232.32794373717846,235.26331098235812
2024-09-21T04:58:42.212618820,20.673581100547384,1058,488,14.352700094407323,338,689,7.071067811865476,137,710,1000000.0,0.0,787,11.180339887498947,39,822,20.92844953645635,4,518.0,246.03642721114747,238.95371586051277,155.9196061020334,63.19818353839816,0.0,17.990723781003854,1.8452024390773183,-0.028787246794786,forward_holdout,235.81197289428326,238.95371586051274
2024-09-23T22:19:11.253241113,20.76433304523191,1061,485,22.0454076850486,341,690,9.539392014169456,136,710,1000000.0,0.0,782,8.774964387392123,44,822,24.37211521390788,4,525.0,251.96405570572355,242.18282012889804,157.3035079313414,62.73688292862883,0.0,20.297226829850505,1.8452024390773183,-0.0388199640199843,forward_holdout,238.86049840674994,242.18282012889804
2024-09-26T15:39:40.293863417,20.85508498991644,1064,465,15.556349186104043,361,690,4.58257569495584,136,710,1000000.0,0.0,778,9.0,48,822,26.095976701399778,4,549.0,253.8719983972184,253.254034763362,166.529520126728,62.73688292862883,0.0,22.14242926892782,1.8452024390773183,-0.0024341543681771,forward_holdout,249.31258587806425,253.25403476336197
2024-09-29T09:00:09.334485711,20.94583693460097,1067,464,15.1657508881031,362,690,5.0990195135927845,136,710,1000000.0,0.0,777,6.164414002968976,49,821,26.095976701399778,5,552.0,259.09330775142735,254.63793659266997,166.9908207364973,62.73688292862883,0.0,22.603729878697152,2.3065030488466483,-0.0171960101842223,forward_holdout,250.61909681197855,254.63793659266994
2024-10-02T03:13:19.654278282,21.0365888792855,1070,462,4.898979485566356,364,689,13.2664991614216,137,710,1000000.0,0.0,785,6.557438524302,41,821,19.209372712298546,5,547.0,259.8209129287191,252.3314335438233,167.913421956036,63.19818353839816,0.0,18.913325000542518,2.3065030488466483,-0.0288255448742515,forward_holdout,248.44157858878808,252.3314335438233
2024-10-04T22:44:29.662921319,21.127340823970027,1073,462,9.9498743710662,364,686,10.63014581273465,140,710,1000000.0,0.0,787,6.4031242374328485,39,821,14.071247279470288,5,548.0,258.1878430776048,252.79273415359265,167.913421956036,64.58208536770614,0.0,17.990723781003854,2.3065030488466483,-0.0208960610217053,forward_holdout,248.87708223342617,252.79273415359265
2024-10-07T18:15:39.671564366,21.21809276865456,1076,469,14.142135623730953,357,688,15.264337522473747,138,710,1000000.0,0.0,790,12.806248474865695,36,821,17.4928556845359,5,536.0,253.06610649012345,247.25712683636067,164.6843176876507,63.659484148167486,0.0,16.606821951695867,2.3065030488466483,-0.0229543961233286,forward_holdout,243.651038497769,247.25712683636067
2024-10-10T13:46:49.680207403,21.308844713339084,1079,470,16.1245154965971,356,692,10.295630140987,134,710,1000000.0,0.0,794,12.884098726725126,32,821,26.095976701399778,5,527.0,246.9393324620918,243.10542134843672,164.22301707788134,61.81428170909017,0.0,14.761619512618548,2.3065030488466483,-0.0155257207324136,forward_holdout,239.73150569602612,243.10542134843672
2024-10-13T09:17:59.688850450,21.39959665802361,1082,476,15.394804318340652,350,698,11.74734012447073,128,710,1000000.0,0.0,795,11.74734012447073,31,822,26.095976701399778,4,513.0,239.5326481531288,236.6472128116661,161.45521341926536,59.04647805047419,0.0,14.300318902849218,1.8452024390773183,-0.0120461046279507,forward_holdout,233.63445467109275,236.6472128116661
2024-10-16T04:49:09.697493497,21.490348602708146,1085,488,16.522711641858304,338,704,12.84523257866513,122,710,1000000.0,0.0,798,5.744562646538029,28,822,24.37211521390788,4,492.0,231.9485683067562,226.95990000651017,155.9196061020334,56.27867439185822,0.0,12.91641707354123,1.8452024390773183,-0.0215076485992723,forward_holdout,224.4888781336927,226.95990000651017
2024-10-19T00:20:19.706136534,21.581100547392676,1088,504,8.774964387392123,322,708,10.723805294763608,118,754,19.1049731745428,72.0,800,5.196152422706632,26,822,20.92844953645635,4,542.0,226.3582024091615,250.02493049497667,148.53879634572414,54.4334719527809,33.213643903391734,11.99381585400257,1.8452024390773183,0.104554320691395,forward_holdout,246.26406036559757,250.02493049497667
2024-10-21T19:51:29.714779581,21.671852492077203,1091,504,11.532562594670797,322,709,13.74772708486752,117,758,76.28237017817419,68.0,800,3.3166247903554,26,822,20.92844953645635,4,537.0,222.6577867661019,247.71842744613,148.53879634572414,53.97217134301157,31.36844146431441,11.99381585400257,1.8452024390773183,0.1125522760466215,forward_holdout,244.0865421424071,247.71842744613002
2024-10-24T15:22:39.723422618,21.76260443676173,1094,504,9.16515138991168,322,713,8.306623862918075,113,710,1000000.0,56.0,800,7.874007874011811,26,823,26.095976701399778,3,520.0,222.6577867661019,239.8763170800514,148.53879634572414,52.12696890393425,25.83283414708246,11.99381585400257,1.3839018293079888,0.0773318129315514,forward_holdout,236.68298018355944,239.8763170800514
2024-10-27T10:53:49.732065665,21.85335638144626,1097,504,17.378147196982766,322,715,7.071067811865476,111,782,24.06241883103193,44.0,799,11.74734012447073,27,823,24.37211521390788,3,507.0,222.6577867661019,233.8794091530501,148.53879634572414,51.20436768439559,20.297226829850505,12.4551164637719,1.3839018293079888,0.0503985176082628,forward_holdout,231.0214328032642,233.87940915305012
2024-10-30T06:24:59.740708702,21.944108326130788,1100,497,16.0312195418814,329,715,7.071067811865476,111,771,24.535688292770597,55.0,783,16.15549442140351,43,823,24.37211521390788,3,541.0,222.6577867661019,249.5636298852073,151.76790061410944,51.20436768439559,25.37153353731313,19.835926220081173,1.3839018293079888,0.1208394438384026,forward_holdout,245.82855672095948,249.56362988520732
2024-11-02T01:05:57.821953306,22.03486027081532,1103,496,13.07669683062202,330,718,3.1622776601683795,108,785,3.3166247903554,41.0,774,8.06225774829855,52,823,24.37211521390788,3,534.0,222.6577867661019,246.334525616822,152.2292012238788,49.8204658550876,18.913325000542518,23.98763170800514,1.3839018293079888,0.1063369002027856,forward_holdout,242.7800312084928,246.33452561682202
2024-11-04T18:26:26.862575600,22.12561221549985,1106,497,9.486832980505138,329,718,7.874007874011811,108,768,6.708203932499369,58.0,780,3.3166247903554,46,823,22.64950330581225,3,544.0,220.5845879513132,250.9475317145153,151.76790061410944,49.8204658550876,26.75543536662112,21.219828049389164,1.3839018293079888,0.1376476210110553,forward_holdout,247.13506765487378,250.94753171451532
2024-11-07T11:46:55.903197903,22.216364160184376,1109,510,15.362291495737216,316,718,12.206555615733702,108,771,5.196152422706632,55.0,798,9.433981132056603,28,823,26.095976701399778,3,510.0,216.33981569121545,235.2633109823581,145.77099268710816,49.8204658550876,25.37153353731313,12.91641707354123,1.3839018293079888,0.0874711630435722,forward_holdout,232.32794373717846,235.26331098235812
2024-11-10T05:07:24.943820197,22.307116104868904,1112,517,7.211102550927978,309,718,7.483314773547883,108,773,14.730919862656236,53.0,799,14.0356688476182,27,823,24.37211521390788,3,500.0,215.22516153357844,230.6503048846648,142.54188841872286,49.8204658550876,24.44893231777447,12.4551164637719,1.3839018293079888,0.0716697956743306,forward_holdout,227.9729072907975,230.65030488466482
2024-11-12T22:27:53.984442501,22.397868049553438,1115,517,2.23606797749979,309,717,6.082762530298219,109,774,13.038404810405298,52.0,799,17.916472867168917,27,823,22.64950330581225,3,500.0,215.22516153357844,230.6503048846648,142.54188841872286,50.28176646485693,23.98763170800514,12.4551164637719,1.3839018293079888,0.0716697956743306,forward_holdout,227.9729072907975,230.65030488466482
2024-11-15T15:48:23.025064795,22.48861999423796,1118,518,7.071067811865476,308,717,7.14142842854285,109,775,5.0990195135927845,51.0,799,10.816653826391969,27,823,22.64950330581225,3,498.0,212.8452959320053,229.7277036651261,142.08058780895354,50.28176646485693,23.52633109823581,12.4551164637719,1.3839018293079888,0.0793177394839583,forward_holdout,227.1019000015213,229.72770366512614
2024-11-18T09:08:52.065687098,22.57937193892249,1121,520,15.524174696260024,306,717,10.3440804327886,109,774,8.306623862918075,52.0,798,13.96424004376894,28,823,31.272991542223775,3,498.0,208.22142317816315,229.7277036651261,141.15798658941486,50.28176646485693,23.98763170800514,12.91641707354123,1.3839018293079888,0.1032856281486525,forward_holdout,227.1019000015213,229.72770366512614
2024-11-21T02:29:21.106309393,22.67012388360702,1124,520,15.329709716755891,306,725,11.489125293076055,101,772,6.0,54.0,798,9.219544457292889,28,823,29.546573405388315,3,492.0,207.792536301055,226.95990000651017,141.15798658941486,46.59136158670229,24.9102329275438,12.91641707354123,1.3839018293079888,0.092242792001369,forward_holdout,224.4888781336927,226.95990000651017
2024-11-23T19:49:50.146931696,22.76087582829155,1127,518,9.9498743710662,308,731,4.69041575982343,95,770,6.324555320336759,56.0,797,8.06225774829855,29,823,22.64950330581225,3,491.0,211.16483596994172,226.49859939674084,142.08058780895354,43.82355792808632,25.83283414708246,13.37771768331056,1.3839018293079888,0.07261513668394,forward_holdout,224.05337448905462,226.49859939674084
2024-11-26T13:10:19.187553990,22.85162777297608,1130,507,17.549928774784245,319,728,13.74772708486752,98,768,7.280109889280518,58.0,784,9.486832980505138,42,823,24.37211521390788,3,520.0,216.70421734796503,239.8763170800514,147.15489451641616,45.207459757394304,26.75543536662112,19.374625610311845,1.3839018293079888,0.1069296205476175,forward_holdout,236.68298018355944,239.8763170800514
2024-11-29T06:30:48.228176294,22.942379717660607,1133,501,30.80584360149873,325,725,18.97366596101028,101,765,11.874342087037917,61.0,781,4.242640687119285,45,823,24.37211521390788,3,535.0,225.28658428449472,246.79582622659132,149.92269817503214,46.59136158670229,28.13933719592911,20.758527439619836,1.3839018293079888,0.0954750235590349,forward_holdout,243.2155348531309,246.79582622659134
2024-12-02T00:38:59.844425207,23.03313166234513,1136,496,83.43860018001261,330,718,11.532562594670797,108,763,13.19090595827292,63.0,785,3.605551275463989,41,823,20.92844953645635,3,545.0,230.0904119986253,251.40883232428465,152.2292012238788,49.8204658550876,29.06193841546777,18.913325000542518,1.3839018293079888,0.0926523627841855,forward_holdout,247.57057129951187,251.40883232428465
2024-12-04T20:10:09.853068254,23.123883607029665,1139,494,53.04714883949938,332,711,13.74772708486752,115,760,8.306623862918075,66.0,793,4.58257569495584,33,823,19.209372712298546,3,549.0,230.0904119986253,253.254034763362,153.15180244341744,53.0495701234729,30.44584024477576,15.222920122387878,1.3839018293079888,0.1006718296670052,forward_holdout,249.31258587806425,253.25403476336197
2024-12-07T15:41:19.861711292,23.214635551714192,1142,494,15.297058540778355,332,704,17.46424919657298,122,759,7.874007874011811,67.0,796,10.04987562112089,30,822,14.071247279470288,4,555.0,237.82970401793324,256.0218384219779,153.15180244341744,56.27867439185822,30.907140854545084,13.839018293079889,1.8452024390773183,0.0764922719774017,forward_holdout,251.92560774589285,256.0218384219779
2024-12-10T11:12:29.870354338,23.305387496398723,1145,489,15.7797338380595,337,699,11.224972160321824,127,759,7.874007874011811,67.0,796,9.69535971483266,30,822,15.7797338380595,4,565.0,244.0944319590271,260.6348445196712,155.4583054922641,58.58517744070486,30.907140854545084,13.839018293079889,1.8452024390773183,0.0677623509389206,forward_holdout,256.2806441922738,260.6348445196712
2024-12-13T06:43:39.878997385,23.396139441083253,1148,482,15.0,344,698,5.385164807134504,128,757,9.539392014169456,69.0,794,10.488088481701515,32,821,15.7797338380595,5,578.0,251.82923224216285,266.6317524466725,158.6874097606494,59.04647805047419,31.829742074083743,14.761619512618548,2.3065030488466483,0.0587799917933091,forward_holdout,261.9421915725691,266.6317524466725
2024-12-16T02:14:49.887640422,23.48689138576778,1151,454,16.06237840420901,372,692,11.74734012447073,134,756,13.92838827718412,70.0,781,6.324555320336759,45,820,17.4928556845359,6,627.0,269.8246008096704,289.2354823253697,171.6038268341906,61.81428170909017,32.29104268385307,20.758527439619836,2.767803658615977,0.071938887178754,forward_holdout,283.2818701598359,289.2354823253697
2024-12-18T21:45:59.896283469,23.57764333045231,1154,451,12.206555615733702,375,684,18.57417562100671,142,753,10.816653826391969,73.0,777,5.0,49,819,20.92844953645635,7,646.0,280.76747962414294,298.0001939109869,172.9877286634986,65.5046865872448,33.674944513161066,22.603729878697152,3.2291042683853077,0.0613771734173524,forward_holdout,291.5564394079597,298.0001939109869
2024-12-21T17:17:09.904926507,23.66839527513684,1157,411,19.0,415,682,16.822603841260722,144,754,2.23606797749979,72.0,748,10.63014581273465,78,817,9.0,9,718.0,289.3216725151603,331.2138378143787,191.4397530542718,66.42728780678347,33.213643903391734,35.98144756200771,4.151705487923967,0.1447944253019042,forward_holdout,322.9127018219027,331.2138378143787
2024-12-24T12:48:19.913569554,23.75914721982137,1160,403,17.97220075561143,423,673,16.09347693943108,153,752,5.385164807134504,74.0,732,7.54983443527075,94,818,22.64950330581225,8,752.0,317.4237584807757,346.8980585465359,195.13015793242644,70.57899329470743,34.13624512293039,43.362257318316985,3.690404878154637,0.092854738431765,forward_holdout,337.71982573959804,346.8980585465359
2024-12-27T08:19:29.922212591,23.849899164505896,1163,382,8.06225774829855,444,669,21.840329667841555,157,749,7.071067811865476,77.0,718,12.36931687685298,108,820,15.7797338380595,6,792.0,320.5504198328076,365.3500829373091,204.8174707375824,72.42419573378476,35.520146952238385,49.8204658550876,2.767803658615977,0.1397585538270953,forward_holdout,355.13997152512195,365.3500829373091
2024-12-30T03:50:39.930855638,23.940651109190423,1166,360,16.55294535724685,466,669,12.206555615733702,157,746,13.638181696985855,80.0,710,3.3166247903554,116,820,20.92844953645635,6,825.0,322.9982274051683,380.5730030596969,214.9660841525076,72.42419573378476,36.90404878154637,53.51087073324224,2.767803658615977,0.1782510576514928,forward_holdout,369.51159179817915,380.57300305969693
2025-01-01T23:21:49.939498675,24.031403053874957,1169,355,14.866068747318506,471,674,19.209372712298546,152,745,10.44030650891055,81.0,711,9.848857801796104,115,819,26.095976701399778,7,826.0,322.08617553141573,381.0343036694663,217.27258720135424,70.1176926849381,37.365349391315696,53.0495701234729,3.2291042683853077,0.1830197401077242,forward_holdout,369.9470954428172,381.0343036694663
2025-01-04T18:52:59.948141722,24.122154998559484,1172,354,12.727922061357855,472,677,22.360679774997894,149,744,7.280109889280518,82.0,713,12.68857754044952,113,818,20.92844953645635,8,824.0,319.2819147889066,380.1117024499276,217.7338878111236,68.73379085563012,37.82665000108503,52.12696890393425,3.690404878154637,0.1905206178096203,forward_holdout,369.07608815354104,380.11170244992763
2025-01-07T14:24:09.956784759,24.21290694324401,1175,359,15.132745950421556,467,679,19.82422760159901,147,744,9.433981132056603,82.0,717,12.767145334803704,109,819,24.37211521390788,7,812.0,319.2819147889066,374.5760951326957,215.42738476227692,67.81118963609146,37.82665000108503,50.28176646485693,3.2291042683853077,0.1731829389094803,forward_holdout,363.85004441788385,374.5760951326957
2025-01-10T09:55:19.965427806,24.303658887928545,1178,363,3.741657386773941,463,680,8.306623862918075,146,742,11.224972160321824,84.0,722,12.569805089976535,104,819,29.546573405388315,7,804.0,316.07141449288514,370.885690254541,213.5821823231996,67.34988902632213,38.74925122062369,47.97526341601028,3.2291042683853077,0.1734237050497009,forward_holdout,360.3660152607791,370.88569025454103
2025-01-13T05:26:29.974070843,24.39441083261307,1181,363,7.071067811865476,463,679,8.12403840463596,147,741,14.317821063276352,85.0,727,11.04536101718726,99,819,15.7797338380595,7,801.0,318.5655516981809,369.501788425233,213.5821823231996,67.81118963609146,39.210551830393015,45.66876036716364,3.2291042683853077,0.159892481957091,forward_holdout,359.0595043268648,369.50178842523303
2025-01-16T00:57:39.982713890,24.4851627772976,1184,360,13.601470508735444,466,677,6.0,149,739,13.601470508735444,87.0,727,12.806248474865695,99,818,19.209372712298546,8,809.0,319.2819147889066,373.1921933033877,214.9660841525076,68.73379085563012,40.13315304993168,45.66876036716364,3.690404878154637,0.1688485191844451,forward_holdout,362.54353348396955,373.1921933033877
2025-01-18T20:28:49.991356928,24.575914721982127,1187,356,12.24744871391589,470,677,6.4031242374328485,149,737,11.575836902790224,89.0,725,14.89966442575134,101,818,19.209372712298546,8,817.0,319.2819147889066,376.8825981815423,216.8112865915849,68.73379085563012,41.055754269470334,46.59136158670229,3.690404878154637,0.1804069717845384,forward_holdout,366.0275626410744,376.8825981815423
2025-01-21T15:59:59.999999974,24.666666666666657,1190,358,2.23606797749979,468,677,12.68857754044952,149,737,12.68857754044952,89.0,725,7.280109889280518,101,818,17.4928556845359,8,815.0,319.2819147889066,375.9599969620036,215.88868537204627,68.73379085563012,41.055754269470334,46.59136158670229,3.690404878154637,0.1775173586345151,forward_holdout,365.15655535179815,375.95999696200363
2025-01-24T11:31:10.008643012,24.757418611351184,1193,361,14.0,465,676,14.352700094407323,150,736,12.569805089976535,90.0,725,7.874007874011811,101,821,12.36931687685298,5,811.0,319.2819147889066,374.11479452292633,214.50478354273827,69.19509146539944,41.51705487923967,46.59136158670229,2.3065030488466483,0.1717381323344684,forward_holdout,363.4145407732458,374.11479452292633
2025-01-27T07:02:20.017286058,24.848170556035715,1196,364,3.605551275463989,462,677,5.196152422706632,149,735,11.180339887498947,91.0,720,8.246211251235321,106,821,5.744562646538029,5,813.0,329.78346650349715,375.037395742465,213.1208817134303,68.73379085563012,41.978355489009,48.89786463554894,2.3065030488466483,0.1372231595439546,forward_holdout,364.28554806252197,375.037395742465
2025-01-30T02:33:30.025929096,24.93892250072024,1199,348,15.524174696260024,478,677,5.196152422706632,149,732,6.782329983125268,94.0,718,4.242640687119285,108,821,14.071247279470288,5,834.0,334.77174091408864,384.7247085476209,220.5016914697396,68.73379085563012,43.362257318316985,49.8204658550876,2.3065030488466483,0.1492150069092945,forward_holdout,373.431124599922,384.72470854762093
2025-02-01T19:56:28.418323225,25.029674445404773,1202,319,7.810249675906654,507,678,10.954451150103322,148,732,7.874007874011811,94.0,714,4.242640687119285,112,821,17.4928556845359,5,866.0,335.9477498425831,399.4863280602394,233.8794091530501,68.27249024586078,43.362257318316985,51.66566829416492,2.3065030488466483,0.1891323226526415,forward_holdout,387.36724122834113,399.48632806023943
2025-02-04T08:55:35.522904033,25.1204263900893,1205,327,2.23606797749979,499,679,5.0990195135927845,147,732,4.358898943540674,94.0,712,5.744562646538029,114,821,17.4928556845359,5,859.0,329.1205096970278,396.2572237918541,230.1890042748955,67.81118963609146,43.362257318316985,52.58826951370358,2.3065030488466483,0.2039882417435154,forward_holdout,384.3187157158744,396.25722379185413
2025-02-06T21:54:42.627484850,25.21117833477383,1208,338,18.97366596101028,488,682,7.483314773547883,144,729,8.06225774829855,97.0,737,8.246211251235321,89,821,19.209372712298546,5,823.0,324.1322352864362,379.6504018401583,225.11469756743287,66.42728780678347,44.74615914762497,41.055754269470334,2.3065030488466483,0.1712824597796038,forward_holdout,368.6405845089029,379.6504018401583
2025-02-09T10:53:49.732065666,25.30193027945836,1211,347,11.916375287812984,479,681,9.1104335791443,145,731,7.874007874011811,95.0,741,7.3484692283495345,85,821,24.37211521390788,5,809.0,322.9982274051683,373.1921933033877,220.9629920795089,66.88858841655279,43.82355792808632,39.210551830393015,2.3065030488466483,0.1554001280485548,forward_holdout,362.54353348396955,373.1921933033877
2025-02-11T23:52:56.836646474,25.392682224142888,1214,350,15.0996688705415,476,679,9.219544457292889,147,731,11.575836902790224,95.0,742,3.4641016151377544,84,821,24.37211521390788,5,807.0,324.40814311256014,372.269592083849,219.5790902502009,67.81118963609146,43.82355792808632,38.74925122062369,2.3065030488466483,0.1475346719477457,forward_holdout,361.6725261946934,372.26959208384903
2025-02-14T12:52:03.941227291,25.48343416882742,1217,350,12.569805089976535,476,676,12.12435565298214,150,730,9.219544457292889,96.0,741,9.0,85,821,22.64950330581225,5,812.0,328.05547877229094,374.5760951326957,219.5790902502009,69.19509146539944,44.28485853785564,39.210551830393015,2.3065030488466483,0.1418071618084315,forward_holdout,363.85004441788385,374.5760951326957
2025-02-17T01:51:11.045808099,25.574186113511946,1220,345,10.816653826391969,481,668,16.0312195418814,158,729,11.575836902790224,97.0,741,12.767145334803704,85,821,22.64950330581225,5,826.0,332.8828256452973,381.0343036694663,221.88559329904757,72.88549634355408,44.74615914762497,39.210551830393015,2.3065030488466483,0.1446499317915448,forward_holdout,369.9470954428172,381.0343036694663
2025-02-19T14:50:18.150388915,25.66493805819648,1223,342,15.0996688705415,484,661,14.247806848775006,165,727,4.123105625617661,99.0,739,12.409673645990855,87,821,14.071247279470288,5,840.0,341.5797904864769,387.4925122062369,223.26949512835557,76.1146006119394,45.66876036716364,40.13315304993168,2.3065030488466483,0.1344128751129309,forward_holdout,376.0441464677506,387.4925122062369
2025-02-22T03:49:25.254969723,25.755690002881003,1226,336,13.30413469565007,490,659,9.16515138991168,167,725,12.36931687685298,101.0,737,9.848857801796104,89,821,14.071247279470288,5,852.0,342.9705156207017,393.0281195234688,226.03729878697152,77.03720183147804,46.59136158670229,41.055754269470334,2.3065030488466483,0.1459530823288812,forward_holdout,381.27019020340776,393.02811952346883
2025-02-24T16:48:32.359550539,25.84644194756553,1229,325,24.28991560298224,501,661,11.789826122551595,165,730,10.246950765959598,96.0,727,9.0,99,821,12.36931687685298,5,866.0,345.1275533794797,399.4863280602394,231.11160549443412,76.1146006119394,44.28485853785564,45.66876036716364,2.3065030488466483,0.157503433581237,forward_holdout,387.36724122834113,399.48632806023943
2025-02-27T05:47:39.464131348,25.93719389225006,1232,322,10.488088481701515,504,665,11.489125293076055,161,721,10.677078252031311,105.0,724,3.0,102,821,12.36931687685298,5,877.0,341.0243549333366,404.5606347677021,232.49550732374212,74.26939817286207,48.43656402577961,47.05266219647162,2.3065030488466483,0.1863100946171001,forward_holdout,392.1577813193602,404.5606347677021
2025-03-01T20:47:30.129645610,26.02794583693459,1235,322,3.741657386773941,504,670,15.0,156,717,7.874007874011811,109.0,724,4.242640687119285,102,821,15.7797338380595,5,876.0,330.6609202822716,404.09933415793273,232.49550732374212,71.96289512401542,50.28176646485693,47.05266219647162,2.3065030488466483,0.2220958370676817,forward_holdout,391.7222776747221,404.09933415793273
2025-03-04T16:18:40.138288647,26.11869778161912,1238,351,16.186414056238647,475,670,9.273618495495704,156,721,10.816653826391969,105.0,746,9.433981132056603,80,821,27.820855486487112,5,821.0,324.201375393431,378.7278006206196,219.1177896404316,71.96289512401542,48.43656402577961,36.90404878154637,2.3065030488466483,0.1681869028501765,forward_holdout,367.76957721962674,378.72780062061963
2025-03-07T11:49:50.146931694,26.20944972630365,1241,360,15.1657508881031,466,673,10.04987562112089,153,722,11.874342087037917,104.0,761,11.224972160321824,65,822,15.7797338380595,4,792.0,319.2819147889066,365.3500829373091,214.9660841525076,70.57899329470743,47.97526341601028,29.984539635006424,1.8452024390773183,0.1442868074092467,forward_holdout,355.13997152512195,365.3500829373091
2025-03-10T07:21:00.155574732,26.300201670988177,1244,362,9.486832980505138,464,675,14.317821063276352,151,720,17.204650534085253,106.0,761,7.874007874011811,65,822,14.071247279470288,4,790.0,317.791616887954,364.4274817177704,214.0434829329689,69.65639207516877,48.89786463554894,29.984539635006424,1.8452024390773183,0.1467498270926988,forward_holdout,354.2689642358457,364.42748171777043
2025-03-13T02:52:10.164217778,26.390953615672707,1247,363,3.605551275463989,463,677,12.569805089976535,149,719,8.06225774829855,107.0,762,7.810249675906654,64,821,24.37211521390788,5,788.0,317.6918809707624,363.5048804982317,213.5821823231996,68.73379085563012,49.35916524531827,29.523239025237096,2.3065030488466483,0.1442057612158038,forward_holdout,353.39795694656954,363.5048804982317
2025-03-15T22:23:20.172860816,26.481705560357238,1250,361,9.9498743710662,465,679,8.48528137423857,147,719,5.0990195135927845,107.0,762,11.180339887498947,64,818,15.7797338380595,8,791.0,319.2819147889066,364.8887823275397,214.50478354273827,67.81118963609146,49.35916524531827,29.523239025237096,3.690404878154637,0.142842000834235,forward_holdout,354.70446788048383,364.88878232753973
2025-03-18T17:54:30.181503863,26.572457505041765,1253,359,15.394804318340652,467,679,9.643650760992957,147,719,7.3484692283495345,107.0,762,8.660254037844387,64,815,19.209372712298546,11,796.0,319.2819147889066,367.1952853763864,215.42738476227692,67.81118963609146,49.35916524531827,29.523239025237096,5.074306707462626,0.1500660337092934,forward_holdout,356.8819861036743,367.1952853763864
2025-03-21T13:25:40.190146900,26.66320944972629,1256,355,12.727922061357855,471,680,8.06225774829855,146,718,5.656854249492381,108.0,761,8.06225774829855,65,814,20.92844953645635,12,802.0,323.63404515186943,369.9630890350024,217.27258720135424,67.34988902632213,49.8204658550876,29.984539635006424,5.535607317231955,0.1431525656127816,forward_holdout,359.4950079715029,369.9630890350024
2025-03-24T08:56:50.198789947,26.753961394410823,1259,347,16.61324772583615,479,681,11.575836902790224,145,718,7.874007874011811,108.0,757,10.246950765959598,69,817,12.36931687685298,9,810.0,326.71454002143,373.653493913157,220.9629920795089,66.88858841655279,49.8204658550876,31.829742074083743,4.151705487923967,0.143669620239883,forward_holdout,362.9790371286077,373.653493913157
2025-03-27T04:28:00.207432984,26.84471333909535,1262,337,21.470910553583888,489,682,8.602325267042627,144,717,13.490737563232042,109.0,750,13.379088160259652,76,820,15.7797338380595,6,824.0,326.71454002143,380.1117024499276,225.5759981772022,66.42728780678347,50.28176646485693,35.05884634246905,2.767803658615977,0.1634367494785973,forward_holdout,369.07608815354104,380.11170244992763
