date,season,scenario,C_boss,M_boss,B_total,C_share,C_accounts,C_mean_per_100k,estimated_transfer_count,transferred_production_in_main,stage,cap_tier,season_boss_tier,assumption_only_share_lower,assumption_only_share_upper,C_tier1,M_tier1,C_tier2,M_tier2,C_tier3,M_tier3,C_tier4,M_tier4,C_tier5,M_tier5,C_tier6,M_tier6,C_tier7,M_tier7
2024-12-19,1,primary,35.33660898042894,182.57247973221624,217.90908871264517,0.16216216216216214,173213.0,20.40066795242213,0.0,0.0,pre_leap,3,3,0.16216216216216214,0.2027027027027027,30.018413111466074,70.10197899974929,5.318195868962867,97.74691365728825,0.0,8.834152245107237,0.0,0.0,0.0,0.0,0.0,5.889434830071492,0.0,0.0
2024-12-26,1,primary,53.00491347064342,182.57247973221627,235.5773932028597,0.22499999999999995,340543.0,15.564822495439174,0.0,0.0,pre_leap,3,3,0.22499999999999995,0.26249999999999996,42.565153005773794,69.33410876558456,10.439760464869629,98.51478389145296,0.0,8.834152245107237,0.0,0.0,0.0,0.0,0.0,5.889434830071492,0.0,0.0
2025-01-02,1,primary,63.2023655925861,181.20917985538082,244.41154544796692,0.2585899347624776,351168.0,17.997757652344774,0.0,0.0,pre_leap,3,3,0.25301204819277123,0.3012048192771086,43.189273565741956,68.7099882056164,18.649792150008754,99.1389044514211,1.3632998768353872,10.415569783307596,0.0,2.944717415035746,0.0,0.0,0.0,0.0,0.0,0.0
2025-01-09,1,primary,62.5362420228858,181.8753034250811,244.41154544796692,0.255864516990255,330152.0,18.941651730986273,0.0,0.0,pre_leap,3,3,0.25301204819277107,0.30120481927710846,40.74804561911578,68.20649873720683,21.09102009663488,99.64239391983071,0.6971763071351442,11.08169335300784,0.0,2.944717415035746,0.0,0.0,0.0,0.0,0.0,0.0
2025-01-16,1,primary,68.87525175860466,181.4257285194338,250.30098027803845,0.2751697243937954,307111.0,22.426826703896854,11520.5,1.7457383901346188,post_leap,3,3,0.0,0.976470588235294,39.336938179083596,66.67288876220326,29.477815025921167,97.14503382061591,0.06049855359990212,11.718371106543081,0.0,5.889434830071492,0.0,0.0,0.0,0.0,0.0,0.0
2025-01-23,1,primary,65.22484230728855,182.1314205557141,247.35626286300266,0.2636878547256072,277133.0,23.535574005004296,14989.0,4.426255341901625,post_leap,3,3,0.0,0.9761904761904764,33.3562297334714,66.76416237774396,31.868612573817146,97.69895368775569,0.0,11.778869660142984,0.0,5.889434830071492,0.0,0.0,0.0,0.0,0.0,0.0
2025-01-30,1,primary,68.98554938199892,184.26014831107523,253.24569769307413,0.27240561245627654,257133.0,26.828742083668345,10000.0,6.286969985592461,post_leap,3,3,0.0,0.9767441860465116,33.085931962968516,67.03446014824685,33.91808802596128,98.5941956506473,1.9815293930691207,12.74205768210961,0.0,5.889434830071492,0.0,0.0,0.0,0.0,0.0,0.0
2025-02-06,1,primary,67.91045355980783,185.33524413326631,253.24569769307413,0.2681603445919669,237813.0,28.556241063275696,9660.0,8.328860323890389,post_leap,3,3,0.0,0.9767441860465116,30.456674950355335,66.71899974582428,36.088707701128875,99.36829339051545,1.365070908323632,13.358516166855098,0.0,5.889434830071492,0.0,0.0,0.0,0.0,0.0,0.0
2025-02-13,1,primary,68.49306271734343,184.7526349757307,253.24569769307413,0.2704609134183787,216696.0,31.60790356875228,10558.5,10.69930459240371,post_leap,3,3,0.0,0.9767441860465116,30.518638734491926,66.65703596168768,37.97442398285151,100.42729452382855,0.0,11.778869660142984,0.0,5.889434830071492,0.0,0.0,0.0,0.0,0.0,0.0
2025-02-20,1,primary,71.87236151837877,190.20748841980262,262.0798499381814,0.27423841068030147,200373.0,35.86928454351573,8161.5,12.709551309252664,post_leap,3,3,0.0,0.9775280898876404,32.96666048815645,67.15373162305892,38.491110931845846,102.85532498986996,0.41459009837647937,14.308996976802252,0.0,5.889434830071492,0.0,0.0,0.0,0.0,0.0,0.0
2025-02-27,1,primary,67.62769198547447,185.61800570759965,253.24569769307413,0.26704379423431357,222293.0,30.42277174066411,0.0,12.6460035527064,post_leap,3,3,0.0,0.9767441860465116,32.090865656302995,65.08480903987662,35.536826329170616,99.92017476247369,8.499337185948154e-13,14.723587075177882,0.0,5.889434830071492,0.0,0.0,0.0,0.0,0.0,0.0
2025-03-06,1,primary,60.40002574139886,186.9562371216038,247.35626286300266,0.24418231841920732,202226.0,29.867586631490937,10033.5,15.024748577022493,post_leap,3,3,0.0,0.9761904761904762,26.26113019183385,65.02510967427429,34.13889554956502,101.3181055420793,0.0,14.723587075178731,0.0,5.889434830071492,0.0,0.0,0.0,0.0,0.0,0.0
2025-03-13,1,primary,58.827110611085054,188.5291522519176,247.35626286300266,0.2378234127981883,179680.0,32.739932441610115,11273.0,17.643203266911765,post_leap,3,3,0.0,0.9761904761904762,23.29857504987696,65.04294740119542,35.528535561208095,102.87318294547197,0.0,14.723587075178731,0.0,5.889434830071492,0.0,0.0,0.0,0.0,0.0,0.0
2025-03-20,1,primary,59.237283754402945,191.0636965236355,250.30098027803845,0.2366642099787272,163262.0,36.2835710418854,8209.0,19.705084093882625,post_leap,3,3,0.0,0.976470588235294,22.617837737926504,65.72368471314587,36.619446016476445,104.72698990523935,0.0,14.723587075178731,0.0,5.889434830071492,0.0,0.0,0.0,0.0,0.0,0.0
2025-03-27,1,primary,54.88608931597291,195.41489096206556,250.30098027803845,0.21928036100779366,140011.0,39.201269411669735,11625.5,22.98107591459272,post_leap,3,3,0.0,0.976470588235294,18.995117045051703,66.40168799098494,35.8909722709212,108.40018106583037,0.0,14.723587075178731,0.0,5.889434830071492,0.0,0.0,0.0,0.0,0.0,0.0
2025-04-03,1,primary,50.27638471329481,197.07987814970784,247.35626286300266,0.20325494948611914,126230.0,39.829188555252166,6890.5,25.027101310068637,post_leap,3,3,0.0,0.9761904761904762,15.921752875135809,66.53033474586508,34.354631838158994,109.93652149859257,0.0,14.723587075178731,0.0,5.889434830071492,0.0,0.0,0.0,0.0,0.0,0.0
2025-04-10,1,primary,39.69952177900574,207.6567410839969,247.35626286300266,0.16049531683373294,110998.0,35.765979368101895,7616.0,27.3286786038127,post_leap,3,3,0.0,0.9761904761904762,11.207368492515437,68.3000017134497,28.492153286488787,115.79900005026278,1.5198699315412252e-12,17.668304490212954,0.0,5.889434830071492,0.0,0.0,0.0,0.0,0.0,0.0
2025-04-17,1,primary,15.127132038227806,202.78195667441736,217.90908871264517,0.06941946353681386,100353.0,15.073921096756257,5322.5,28.71495061228741,post_leap,3,3,0.0,0.9324324324324325,0.2127887330350882,61.626276982715574,12.063182093429186,108.6702319230364,2.851161211763533,17.76186069348669,0.0,14.723587075178731,0.0,0.0,0.0,0.0,0.0,0.0
2025-04-24,1,primary,4.875819386289932,189.4755300060693,194.35134939235923,0.025087653888353302,75810.0,6.431630901318998,12271.5,30.05121284113673,post_leap,3,3,0.0,0.9242424242424243,0.0,55.94963088567918,0.0,100.12039211121537,4.875819386289932,18.681919933996035,0.0,14.723587075178731,0.0,0.0,0.0,0.0,0.0,0.0
2025-05-01,1,primary,4.121768490082676,193.17429831731232,197.296066807395,0.02089128565399351,65100.0,6.331441613030224,5355.0,30.176487844743548,post_leap,3,3,0.0,0.9253731343283582,0.0,55.94963088567918,0.0,103.0651095262511,4.121768490082676,19.435970830203292,0.0,14.723587075178731,0.0,0.0,0.0,0.0,0.0,0.0
2025-05-08,1,primary,3.978076940229019,187.42855503709447,191.40663197732349,0.020783380905528465,55532.0,7.163575848572028,4784.0,30.26792233893373,post_leap,3,3,0.0,0.9230769230769231,0.0,53.00491347064343,0.0,100.12039211121537,3.978076940229019,19.57966238005695,0.0,14.723587075178731,0.0,0.0,0.0,0.0,0.0,0.0
2025-05-15,1,primary,8.295557228282794,183.11107474904068,191.40663197732349,0.04333996759979348,45589.0,18.19640094821732,4971.5,30.40149246588847,post_leap,3,3,0.0,0.9230769230769231,0.0,50.06019605560768,0.0,100.12039211121537,8.295557228282794,18.20689950703892,0.0,14.723587075178731,0.0,0.0,0.0,0.0,0.0,0.0
2025-06-19,2,primary,55.94963088567919,217.9090887126452,273.8587195983244,0.20430107526881724,,,0.0,0.0,pre_leap,3,3,0.20430107526881724,0.30107526881720437,51.03567302181359,60.86358874954477,4.913957863865608,112.87473873756424,0.0,26.502456735321715,0.0,17.668304490214474,0.0,0.0,0.0,0.0,0.0,0.0
2025-06-26,2,primary,103.06510952625109,223.79852354271674,326.86363306896783,0.31531531531531526,650456.0,15.845054780992273,0.0,0.0,pre_leap,3,3,0.31531531531531526,0.39639639639639634,63.79132278301294,59.88680864848839,39.27378674323816,113.85151883862062,0.0,26.502456735321715,0.0,20.61302190525022,0.0,0.0,0.0,2.944717415035746,0.0,0.0
2025-07-03,2,primary,121.81863307634147,219.76858706780507,341.58722014414656,0.3566252655030102,619598.0,19.660914508494454,0.0,0.0,pre_leap,3,3,0.3534482758620689,0.4396551724137931,58.89920597076828,58.88949063066157,61.834208045697316,114.84883685644743,1.085219059875886,28.361955090481576,0.0,17.668304490214474,0.0,0.0,0.0,0.0,0.0,0.0
2025-07-10,2,primary,135.9362610826991,226.26398096669766,362.20024204939676,0.37530693053529257,563148.0,24.138638702916303,0.0,0.0,pre_leap,3,3,0.37398373983739835,0.45528455284552843,53.87011596476591,58.029145806592446,81.58688512687841,115.70918168051658,0.4792599910547976,28.967914159302666,0.0,20.61302190525022,0.0,0.0,0.0,2.944717415035746,0.0,0.0
2025-07-17,2,primary,173.15668121810674,212.601300151576,385.75798136968274,0.44887387839207354,531711.0,32.5659392448354,15718.5,3.03538553961432,post_leap,3,3,0.0,0.9312977099236641,50.086057451291154,55.923769489995706,120.33188002092163,100.52192610675931,2.7387437458939567,29.653147819499253,0.0,20.61302190525022,0.0,0.0,0.0,5.889434830071492,0.0,0.0
2025-07-24,2,primary,180.6609467587394,210.9864694410148,391.6474161997542,0.46128466392484985,503401.0,35.88807864083294,14155.0,6.707975572001408,post_leap,3,3,0.0,0.9323308270676691,41.68215976064116,55.49351493553845,131.0645947065908,98.62336366619738,7.914192291507431,30.367134103957262,0.0,17.668304490214474,0.0,2.944717415035746,0.0,5.889434830071492,0.0,0.0
2025-07-31,2,primary,182.53560495366122,215.00124607616448,397.5368510298257,0.4591665011200842,471778.0,38.690995543170985,15811.5,11.213990537577642,post_leap,3,3,0.0,0.925925925925926,36.18714569767138,55.09909416843675,139.1684151642414,99.35369545365404,7.180044091748469,31.101282303716225,0.0,20.61302190525022,0.0,0.0,0.0,8.834152245107237,0.0,0.0
2025-08-07,2,primary,184.5450729409358,215.93649550392567,400.48156844486147,0.460807905985676,439788.0,41.962280221592174,15995.0,16.10882037459391,post_leap,3,3,0.0,0.9264705882352942,30.80173206493571,54.59507297110093,141.55900297819912,99.90782505473206,12.184337897800972,31.986423327735217,0.0,17.668304490214474,0.0,2.944717415035746,0.0,8.834152245107237,0.0,0.0
2025-08-14,2,primary,183.28080694266214,223.09019633227086,406.371003274933,0.45101841781428065,410441.0,44.654604910976765,14673.5,20.954144423373204,post_leap,3,3,0.0,0.9130434782608694,28.469004205403692,53.98308341559719,143.53964197222078,100.87190347574614,11.27216076503767,32.89860046049852,0.0,23.557739320285968,0.0,0.0,0.0,11.778869660142984,0.0,0.0
2025-08-21,2,primary,192.99766551722718,227.10249776265715,420.1001632798843,0.45940868960968695,388357.0,49.695940981423576,11042.0,24.79398288067238,post_leap,3,3,0.0,0.9035090708062442,24.15558258243229,53.016322087470016,144.0479967844213,99.86304884580949,24.794086150373595,33.68727172005308,0.0,27.54539315799444,0.0,5.441492955628173,0.0,7.548968995701999,0.0,0.0
2025-08-28,2,primary,188.34408956912284,235.6952181960246,424.03930776514744,0.4441665810694996,356370.0,52.850714024503425,15993.5,31.02850922296021,post_leap,3,3,0.0,0.8888888888888888,21.370641408779008,52.24729396711464,140.1496382369303,101.31718979600089,26.82380992341355,35.015255792337115,0.0,32.39189156539321,0.0,0.0,0.0,14.723587075178731,0.0,0.0
2025-09-04,2,primary,184.44552882120993,236.64906152890168,421.0945903501116,0.43801448189551895,332895.0,55.40651821781942,11737.5,35.83604872374627,post_leap,3,3,0.0,0.8881118881118882,19.276604270708198,51.3966136901497,133.9147930572519,101.6626001456078,31.254131493249854,36.4743690525723,0.0,32.39189156539321,0.0,2.944717415035746,0.0,11.778869660142984,0.0,0.0
2025-09-11,2,primary,176.05395741393647,242.0959155211395,418.14987293507596,0.42103075669539064,309117.0,56.95382570804468,11889.0,40.926693240860786,post_leap,3,3,0.0,0.880281690140845,17.20521811135892,50.52328243446324,128.9933074544557,103.63936833336822,29.85543184812187,37.87306869770029,0.0,32.39189156539321,0.0,5.889434830071492,0.0,11.778869660142984,0.0,0.0
2025-09-18,2,primary,171.37403170963185,249.72055864047977,421.0945903501116,0.4069727696267624,288952.0,59.30882351035184,10082.5,45.31595535626737,post_leap,3,3,0.0,0.8671328671328673,15.111916021087534,49.67186710969888,122.13878212692732,104.60445883082512,34.12333356161699,39.49460181427666,0.0,38.281326395464696,0.0,5.889434830071492,0.0,11.778869660142984,0.0,0.0
2025-09-25,2,primary,140.2051633092999,254.38697030549008,394.59213361479,0.3553166709759385,240758.0,58.23489284231465,24097.0,56.52269334051761,post_leap,3,3,0.0,0.8656716417910447,9.688106498309788,49.20624180240514,102.175945979297,109.84370790327672,28.34111083169313,42.33210712916477,0.0,35.33660898042895,0.0,5.889434830071492,0.0,11.778869660142984,0.0,0.0
2025-10-02,2,primary,127.96957697290364,260.73312181181484,388.70269878471845,0.3292222497373992,216580.0,59.086516286316204,12089.0,61.872092830380964,post_leap,3,3,0.0,0.856060606060606,7.692652056620136,48.256978829059044,93.79089170777138,112.33932734473083,26.48603320851211,44.187184752345786,0.0,35.33660898042895,0.0,5.889434830071492,0.0,14.723587075178731,0.0,0.0
2025-10-09,2,primary,123.00127532109349,262.75670604858925,385.75798136968274,0.31885607365623864,198964.0,61.82086976593428,8808.0,65.72620464982805,post_leap,3,3,0.0,0.8549618320610687,8.646296250721266,47.30333463495791,86.57309340293439,113.66769081949634,27.781885667437834,45.83604970845582,0.0,38.281326395464696,0.0,5.889434830071492,0.0,11.778869660142984,0.0,0.0
2025-10-16,2,primary,104.61653439554155,272.30729472903397,376.9238291245755,0.27755351694934943,185308.0,56.455487294418774,6828.0,68.7744768166733,post_leap,3,3,0.0,0.8437500000000001,6.768141784989414,46.23677168565402,71.65192031421273,119.75471166311075,26.196472296339408,47.42146307955424,0.0,38.281326395464696,0.0,5.889434830071492,0.0,14.723587075178731,0.0,0.0
2025-10-23,2,primary,53.405243103725475,267.5689551351708,320.9741982388963,0.16638484774398207,169443.0,31.51811706811463,7932.5,72.01326965629376,post_leap,3,3,0.0,0.7706422018348624,0.3131607616631595,43.85760046387303,36.15595075304452,102.24576775363553,16.936131589017794,47.84765154176863,0.0,47.115478640571936,0.0,8.834152245107237,0.0,17.668304490214474,0.0,0.0
2025-10-30,2,primary,33.24617610760164,267.11500022604446,300.3611763336461,0.11068732821405403,150125.0,22.145662686162623,9659.0,74.08867125009964,post_leap,3,3,0.0,0.7549019607843137,0.0,41.22604381050044,17.863333339476732,102.87008067698886,15.382842768124917,49.4009403626615,0.0,47.115478640571936,0.0,8.834152245107237,0.0,17.668304490214474,0.0,0.0
2025-11-06,2,primary,27.23214845765296,270.1843104609574,297.4164589186104,0.09156234512598103,134699.0,20.217038328163504,7713.0,75.08470386423612,post_leap,3,3,0.0,0.7425742574257423,0.24673120972314658,40.9793126007773,12.762118893627067,102.08186029276703,14.223298354302747,50.56048477648367,0.0,50.06019605560768,0.0,8.834152245107237,0.0,17.668304490214474,0.0,0.0
2025-11-13,2,primary,25.039115068243362,275.32206126540274,300.3611763336461,0.08336335399229328,118308.0,21.16434650931751,8195.5,76.03479024586264,post_leap,3,3,0.0,0.7352941176470589,2.7718563291533488e-14,38.28132639546467,12.135100572511297,105.65359602891856,12.904014495732039,51.879768635054376,0.0,47.115478640571936,0.0,11.778869660142984,0.0,20.61302190525022,0.0,0.0
2025-12-18,3,primary,14.72358707517889,282.6928718434315,297.4164589186104,0.04950495049505004,,,0.0,0.0,pre_leap,3,3,0.04950495049504959,0.2475247524752476,14.723587075178587,35.3366089804291,1.7000641315133874e-13,103.06510952625094,1.3247482670199782e-13,58.89434830071479,0.0,53.00491347064343,0.0,11.778869660142984,0.0,20.61302190525022,0.0,0.0
2025-12-25,3,primary,29.447174150357636,288.58230667350296,318.0294808238606,0.09259259259259314,289845.0,10.159628128950866,0.0,0.0,pre_leap,3,3,0.09259259259259268,0.28703703703703715,18.0330233405512,34.971890130092234,11.414150809806294,103.4298283765878,1.425634662429753e-13,61.83906571575052,0.0,53.00491347064343,0.0,11.778869660142984,0.0,23.557739320285968,0.0,0.0
2026-01-01,3,primary,32.391891565393266,291.5270240885388,323.91891565393206,0.10000000000000019,283614.0,11.421118691388036,0.0,0.0,pre_leap,3,3,0.1000000000000001,0.3000000000000001,18.15357497757558,34.85133849306785,14.238316587817657,103.5503800136122,2.6538358701695756e-14,64.78378313078639,0.0,53.00491347064343,0.0,11.778869660142984,0.0,23.557739320285968,0.0,0.0
2026-01-08,3,primary,32.39189156539338,294.47174150357444,326.86363306896783,0.09909909909909963,257052.0,12.60129917891842,0.0,0.0,pre_leap,3,3,0.09909909909909913,0.29729729729729737,12.49544677114702,34.62003186942492,19.8964447942462,103.78168663725512,1.6520631914956803e-13,64.78378313078625,0.0,55.94963088567918,0.0,11.778869660142984,0.0,23.557739320285968,0.0,0.0
2026-01-15,3,primary,31.097172910829237,310.49004723331734,341.58722014414656,0.09103728440925432,234425.0,13.265297178555716,11313.5,1.1405183860855488,post_leap,3,3,0.0,0.6982758620689654,9.296168118933233,34.87459310660296,21.801004791896002,104.82184405464108,0.0,67.72850054582216,0.0,58.894348300714924,0.0,14.723587075178731,0.0,29.447174150357462,0.0,0.0
2026-01-22,3,primary,27.839575359015946,322.58179703023785,350.4213723892538,0.07944599716963407,217437.0,12.803513366637668,8494.0,2.0362192680323394,post_leap,3,3,0.0,0.6806722689075629,9.166460159593349,35.00430106594284,18.673115199422593,105.00501623207873,0.0,70.6732179608579,0.0,58.894348300714924,0.0,17.668304490214474,0.0,35.33660898042895,0.0,0.0
2026-01-29,3,primary,23.48895619783986,329.87713360644966,353.3660898042895,0.06647201549772117,193637.0,12.130406997546885,11900.0,3.244932644196083,post_leap,3,3,0.0,0.6666666666666666,6.029516073262733,35.19652773723771,17.459440124577128,106.2186913069242,0.0,70.6732179608579,0.0,61.839065715750664,0.0,17.668304490214474,0.0,38.281326395464696,0.0,0.0
2026-02-05,3,primary,20.06980927798387,336.2409979413414,356.3108072193253,0.05632669251491439,179372.0,11.188930980300087,7132.5,3.920869004255127,post_leap,3,3,0.0,0.6611570247933883,3.129793402191383,35.151532993273314,16.94001587579249,106.73811555570884,0.0,73.61793537589365,0.0,64.78378313078642,0.0,17.668304490214474,0.0,38.281326395464696,0.0,0.0
2026-02-12,3,primary,19.221693576687226,345.9232658877453,365.14495946443253,0.052641267744405335,168935.0,11.37815939662428,5218.5,4.36838014979942,post_leap,3,3,0.0,0.6451612903225805,3.206515395991312,35.074810999473385,16.015178180695912,107.66295325080542,0.0,73.61793537589365,0.0,64.78378313078642,0.0,20.61302190525022,0.0,44.17076122553619,0.0,0.0
2026-02-19,3,primary,16.542665336271824,354.4917289582322,371.034394294504,0.044585261071892125,154821.0,10.685026796282044,7057.0,4.988903615946244,post_leap,3,3,0.0,0.6349206349206349,3.225615955310553,35.055710440154144,13.31704938096127,107.41636463550432,0.0,76.56265279092939,0.0,67.72850054582216,0.0,20.61302190525022,0.0,47.115478640571936,0.0,0.0
2026-02-26,3,primary,14.638933592694677,359.34017811684504,373.9791117095397,0.039143719887928856,148798.0,9.838125238709308,3011.5,5.22138276344254,post_leap,3,3,0.0,0.6299212598425197,0.5242065239205772,34.81240245650837,14.1147270687741,109.56340436272723,0.0,76.56265279092939,0.0,67.72850054582216,0.0,23.557739320285968,0.0,47.115478640571936,0.0,0.0
2026-03-05,3,primary,11.25408041551242,362.7250312940273,373.9791117095397,0.030092804820214623,139917.0,8.043397453856514,4440.5,5.544765410605235,post_leap,3,3,0.0,0.6220472440944882,0.6348163684447613,34.70179261198419,10.61926404706764,107.1694325543622,1.601424544316442e-14,79.50737020596513,0.0,70.6732179608579,0.0,23.557739320285968,0.0,47.115478640571936,0.0,0.0
2026-03-12,3,primary,15.34212480886753,367.47113914577943,382.81326395464697,0.040077307276074836,132277.0,11.598482584929753,3820.0,5.762847809742066,post_leap,3,3,0.0,0.6230769230769231,0.8919825868748316,34.44462639355412,14.450142221992698,109.22798920950864,0.0,79.50737020596515,0.0,73.61793537589365,0.0,23.557739320285968,0.0,47.115478640571936,0.0,0.0
2026-03-19,3,primary,29.72568096578164,391.36890938433,421.0945903501116,0.0705914577080336,138000.0,21.540348525928724,0.0,5.734033570693355,post_leap,3,3,0.0,0.6153846153846154,3.8464288495186993,34.434897545945994,18.284570793058073,111.28299546851477,7.594681323204864,83.69155854290327,0.0,79.50737020596515,0.0,26.502456735321715,0.0,55.94963088567918,0.0,0.0
2026-03-26,3,primary,32.43155472289299,388.6630356272186,421.0945903501116,0.0770172675358483,154628.0,20.97392110283583,0.0,5.705363402839887,post_leap,3,3,0.0,0.6153846153846154,6.982397883799749,34.243645926700694,17.820383626887125,108.80246521964996,7.628773212206117,83.65746665390202,0.0,79.50737020596515,0.0,26.502456735321715,0.0,55.94963088567918,0.0,0.0
2026-04-02,3,primary,28.545621991354814,395.4936857737926,424.03930776514744,0.06731833928746224,130670.0,21.845581993843126,11979.0,7.686809392952651,post_leap,3,3,0.0,0.611111111111111,3.9959399014808774,34.28538649398382,16.028401824854754,110.59444702168233,8.521280265019183,85.70967701612469,0.0,79.50737020596515,0.0,26.502456735321715,0.0,58.894348300714924,0.0,0.0
2026-04-09,3,primary,31.633883756022367,401.2395762542323,432.8734600102547,0.07307882482625053,119643.0,26.440229479386478,5513.5,8.611940276572321,post_leap,3,3,0.0,0.6054421768707482,3.9272256512109553,34.35410074425374,15.394302181652773,111.2285466648843,12.31235592315864,84.86331877302098,0.0,82.45208762100089,0.0,26.502456735321715,0.0,61.839065715750664,0.0,0.0
2026-06-18,4,primary,97.1756746961782,512.3808302162212,609.5565049123994,0.15942028985507015,,,0.0,0.0,pre_leap,4,3,0.13526570048309178,0.5024154589371981,35.33661552021077,35.33660244064713,47.11547210078873,126.62285538632028,5.889434830071494,103.0651095262511,8.834152245107218,106.00982694128687,0.0,38.281326395464696,0.0,91.28623986610813,0.0,11.778869660142984
2026-06-25,4,primary,168.04795396541215,512.1817689078451,680.2297228732573,0.24704588511008568,472376.0,35.575040638265314,0.0,0.0,pre_leap,4,3,0.18181818181818193,0.5541125541125542,23.554499475091685,35.339848825623235,100.12363195640984,126.61960900134261,35.54097337176001,102.86074513492005,8.828849162150613,106.01513002424348,0.0,38.281326395464696,0.0,94.23095728114387,0.0,8.834152245107237
2026-07-02,4,primary,205.90334181903995,518.4971422797536,724.4004840987935,0.2842396524281711,450911.0,45.66385424596871,0.0,0.0,pre_leap,4,3,0.18292682926829268,0.573170731707317,17.67140514702254,35.33350832362089,114.84087852958682,126.62594950334436,61.54129792437093,103.36287731763085,11.84976021805964,105.9389363833702,0.0,41.22604381050044,0.0,97.17567469617961,0.0,8.834152245107237
2026-07-09,4,primary,235.3568499285371,518.490808320614,753.847658249151,0.31220744317912347,431527.0,54.540469061851766,0.0,0.0,pre_leap,4,3,0.17968750000000008,0.5898437500000001,11.77602062181168,35.339458018760254,123.68098046983403,126.6199998082044,79.46810271020149,103.10437702201477,20.43174612668989,106.1911027198472,0.0,41.22604381050044,0.0,97.17567469617961,0.0,8.834152245107237
2026-07-16,4,primary,259.2478134769772,524.0470189225312,783.2948323995084,0.33097092276583734,412846.0,62.795282860189324,0.0,0.0,pre_leap,4,3,0.1766917293233083,0.5977443609022557,8.781488046987326,35.38927317854886,129.6202304596944,126.5701846484155,94.172790086836,103.12327672055899,26.673304883459515,105.83897879314907,0.0,44.17076122553619,0.0,100.12039211121537,0.0,8.834152245107237
2026-07-23,4,primary,279.72870022433324,535.9580237405683,815.6867239649015,0.34293643871586393,399123.0,70.0858382564606,6861.5,3.4469586667615135,post_leap,4,3,0.0,0.8014440433212998,5.676233591261914,35.54981021923853,128.21326797893119,127.97714712917872,108.14687152219784,103.87278236037588,37.692327131942335,106.59882620480923,0.0,44.17076122553619,0.0,106.00982694128686,0.0,11.778869660142984
2026-07-30,4,primary,294.1944354050777,547.9947452951455,842.1891807002232,0.3493210814706441,380114.0,77.39636935368802,9504.5,8.758770671095945,post_leap,4,3,0.0,0.8006993006993008,2.6513801686200638,35.62994622684463,125.49608400923017,130.69433109887973,122.74340713521555,106.94455123757264,43.30356409201195,106.87702407481109,0.0,47.115478640571936,0.0,108.9545443563226,0.0,11.778869660142984
2026-08-06,4,primary,309.3396865087195,559.3519509268257,868.6916374355452,0.3560983819550948,367949.0,84.07134861318268,6082.5,12.481084150490924,post_leap,4,3,0.0,0.7966101694915253,1.9404874500894862e-12,35.33660898042701,124.18588532526671,132.00452978284318,128.26950920564747,107.30788399721223,56.88429197780348,108.01988326419828,0.0,50.06019605560768,0.0,114.8439791863941,0.0,11.778869660142984
2026-08-13,4,primary,322.3001554783336,572.8939386925333,895.1940941708668,0.36003382682819146,354963.0,90.79823966958065,6493.0,16.785680862101632,post_leap,4,3,0.0,0.7927631578947367,1.90840223143247e-12,35.33660898042704,118.73311210946915,134.51258558360502,131.41589869679427,110.0509293361369,72.15114467206823,107.47661764511227,0.0,53.00491347064343,0.0,117.78869660142985,0.0,14.723587075178731
2026-08-20,4,primary,344.7359559994829,599.7583667726744,944.4943227721574,0.36499526538990573,343054.0,100.49028899225279,5954.5,21.027017402691268,post_leap,4,3,0.0,0.7756060367575094,2.9305396397645054e-11,30.868761867931617,103.4483604721685,135.5844642454577,124.27413259526807,111.40573962255147,117.01346293201705,109.96057668985712,0.0,58.38721941389031,0.0,127.04914819766462,0.0,26.502456735321715
2024-12-19,1,no_transfers,35.336608980428935,182.57247973221624,217.90908871264517,0.16216216216216212,173213.0,20.400667952422125,0.0,0.0,pre_leap,3,3,0.16216216216216214,0.2027027027027027,29.925067194126314,70.19532491708905,5.411541786302623,97.65356773994849,0.0,8.834152245107237,0.0,0.0,0.0,0.0,0.0,5.889434830071492,0.0,0.0
2024-12-26,1,no_transfers,53.00491347064342,182.57247973221627,235.5773932028597,0.22499999999999995,340543.0,15.564822495439174,0.0,0.0,pre_leap,3,3,0.22499999999999995,0.26249999999999996,42.373549771696105,69.52571199966225,10.631363698947311,98.32318065737529,0.0,8.834152245107237,0.0,0.0,0.0,0.0,0.0,5.889434830071492,0.0,0.0
2025-01-02,1,no_transfers,62.66033655045417,181.75120889751275,244.41154544796692,0.25637224475467346,351168.0,17.843407300908446,0.0,0.0,pre_leap,3,3,0.25301204819277123,0.3012048192771086,42.89655921479337,69.00270255656498,18.94250650095733,98.84619010047251,0.8212708347034633,10.95759882543952,0.0,2.944717415035746,0.0,0.0,0.0,0.0,0.0,0.0
2025-01-09,1,no_transfers,61.974731899996605,182.4368135479703,244.41154544796692,0.2535671209246966,330152.0,18.77157548644158,0.0,0.0,pre_leap,3,3,0.25301204819277107,0.30120481927710846,40.4236291431198,68.5309152132028,21.41543657263086,99.31797744383474,0.13566618424593857,11.643203475897046,0.0,2.944717415035746,0.0,0.0,0.0,0.0,0.0,0.0
2025-01-16,1,no_transfers,65.43005487658253,184.8709254014559,250.30098027803845,0.2614055078965402,307111.0,21.30501834078966,0.0,0.0,post_leap,3,3,0.0,0.976470588235294,38.28205842524156,67.7277685160453,27.147996451340973,99.47485239519611,0.0,11.778869660142984,0.0,5.889434830071492,0.0,0.0,0.0,0.0,0.0,0.0
2025-01-23,1,no_transfers,63.088113934664904,184.26814892833775,247.35626286300266,0.255049592051793,277133.0,22.764562118067825,0.0,0.0,post_leap,3,3,0.0,0.9761904761904764,33.255861998646466,66.8645301125689,29.832251936018434,99.7353143255544,0.0,11.778869660142984,0.0,5.889434830071492,0.0,0.0,0.0,0.0,0.0,0.0
2025-01-30,1,no_transfers,66.7415957384192,186.5041019546549,253.24569769307413,0.26354483549532176,257133.0,25.956059991684924,0.0,0.0,post_leap,3,3,0.0,0.9767441860465116,33.529986069806824,66.59040604140854,32.260602622140446,100.25168105446812,0.9510070464719461,13.772580028706784,0.0,5.889434830071492,0.0,0.0,0.0,0.0,0.0,0.0
2025-02-06,1,no_transfers,66.55942207547531,186.68627561759882,253.24569769307413,0.26282548008433787,237813.0,27.98813440622477,0.0,0.0,post_leap,3,3,0.0,0.9767441860465116,31.43799311252838,65.73768158365124,34.856484903950985,100.60051618769333,0.2649440589959476,14.458643016182783,0.0,5.889434830071492,0.0,0.0,0.0,0.0,0.0,0.0
2025-02-13,1,no_transfers,69.30268404196718,183.94301365110695,253.24569769307413,0.273657892999864,216696.0,31.981524366839807,0.0,0.0,post_leap,3,3,0.0,0.9767441860465116,32.02868509312028,65.14698960305932,37.2739989488469,101.12771955783316,0.0,11.778869660142984,0.0,5.889434830071492,0.0,0.0,0.0,0.0,0.0,0.0
2025-02-20,1,no_transfers,72.85385697782992,189.22599296035145,262.0798499381814,0.277983435182119,200373.0,36.35911873247889,0.0,0.0,post_leap,3,3,0.0,0.9775280898876404,34.739680381512144,65.38071172970322,38.114176596317776,103.23225932539802,0.0,14.723587075178731,0.0,5.889434830071492,0.0,0.0,0.0,0.0,0.0,0.0
2025-02-27,1,no_transfers,68.47010312200901,184.77559457106514,253.24569769307413,0.27037025207430226,222293.0,30.8017360519715,0.0,0.0,post_leap,3,3,0.0,0.9767441860465116,33.64120467234641,63.5344700238332,34.828898449662596,100.62810264198171,0.0,14.723587075178731,0.0,5.889434830071492,0.0,0.0,0.0,0.0,0.0,0.0
2025-03-06,1,no_transfers,62.40103661762784,184.95522624537483,247.35626286300266,0.252271908927523,202226.0,30.85707901932879,0.0,0.0,post_leap,3,3,0.0,0.9761904761904762,28.420307384771863,62.86593248133627,33.980729232855964,101.47627185878835,0.0,14.723587075178731,0.0,5.889434830071492,0.0,0.0,0.0,0.0,0.0,0.0
2025-03-13,1,no_transfers,62.11137718405835,185.2448856789443,247.35626286300266,0.25110088770405825,179680.0,34.56777447910638,0.0,0.0,post_leap,3,3,0.0,0.9761904761904762,26.034154185056067,62.30736826601631,36.077222999002274,102.32449550767778,0.0,14.723587075178731,0.0,5.889434830071492,0.0,0.0,0.0,0.0,0.0,0.0
2025-03-20,1,no_transfers,63.32764430558912,186.97333597244932,250.30098027803845,0.25300597798396046,163262.0,38.78896761376751,0.0,0.0,post_leap,3,3,0.0,0.976470588235294,25.680287516802053,62.661234934270325,37.647356788787064,103.69907913292873,0.0,14.723587075178731,0.0,5.889434830071492,0.0,0.0,0.0,0.0,0.0,0.0
2025-03-27,1,no_transfers,60.05176303613844,190.2492172419,250.30098027803845,0.2399182095468901,140011.0,42.89074646716218,0.0,0.0,post_leap,3,3,0.0,0.976470588235294,22.42894168903505,62.96786334700159,37.6228213471034,106.66833198964817,0.0,14.723587075178731,0.0,5.889434830071492,0.0,0.0,0.0,0.0,0.0,0.0
2025-04-03,1,no_transfers,56.00914442591076,191.3471184370919,247.35626286300266,0.22643107466792226,126230.0,44.3707077762107,0.0,0.0,post_leap,3,3,0.0,0.9761904761904762,19.482464555094758,62.96962306590613,36.52667987081601,107.76447346593555,0.0,14.723587075178731,0.0,5.889434830071492,0.0,0.0,0.0,0.0,0.0,0.0
2025-04-10,1,no_transfers,45.96115972384014,201.39510313916253,247.35626286300266,0.18580956549014307,110998.0,41.40719627726639,0.0,0.0,post_leap,3,3,0.0,0.9761904761904762,14.752687895473098,64.75468231049204,31.208471828367042,113.08268150838452,0.0,17.668304490214474,0.0,5.889434830071492,0.0,0.0,0.0,0.0,0.0,0.0
2025-04-17,1,no_transfers,18.752695166824417,199.15639354582075,217.90908871264517,0.08605742549615925,100353.0,18.68673100637192,0.0,0.0,post_leap,3,3,0.0,0.9324324324324325,3.295766032821098,58.543299682929565,15.456929133999841,105.27648488246575,3.4785608090178715e-12,20.613021905246743,0.0,14.723587075178731,0.0,0.0,0.0,0.0,0.0,0.0
2025-04-24,1,no_transfers,3.482442426709004,190.8689069656502,194.35134939235923,0.017918282726602532,75810.0,4.5936452007769475,0.0,0.0,post_leap,3,3,0.0,0.9242424242424243,0.0,55.94963088567918,1.9292785939396953,98.19111351727567,1.5531638327693085,22.00457548751666,0.0,14.723587075178731,0.0,0.0,0.0,0.0,0.0,0.0
2025-05-01,1,no_transfers,0.9440881033951054,196.3519787039999,197.296066807395,0.004785133929287836,65100.0,1.4502121403918669,0.0,0.0,post_leap,3,3,0.0,0.9253731343283582,0.0,55.94963088567918,2.0334429106227475e-12,103.06510952624907,0.9440881033930719,22.613651216892897,0.0,14.723587075178731,0.0,0.0,0.0,0.0,0.0,0.0
2025-05-08,1,no_transfers,0.3664069845914416,191.04022499273205,191.40663197732349,0.0019142857319324805,55532.0,0.659812332693657,0.0,0.0,post_leap,3,3,0.0,0.9230769230769231,0.0,53.00491347064343,3.4265498791432157e-13,100.12039211121503,0.36640698459109894,23.19133233569487,0.0,14.723587075178731,0.0,0.0,0.0,0.0,0.0,0.0
2025-05-15,1,no_transfers,1.8103181634304935,189.596313813893,191.40663197732349,0.00945796989753713,45589.0,3.9709538779760325,0.0,0.0,post_leap,3,3,0.0,0.9230769230769231,0.0,50.06019605560768,0.0,100.12039211121537,1.8103181634304935,24.69213857189122,0.0,14.723587075178731,0.0,0.0,0.0,0.0,0.0,0.0
2025-06-19,2,no_transfers,55.949630885679426,217.90908871264497,273.8587195983244,0.2043010752688181,,,0.0,0.0,pre_leap,3,3,0.20430107526881724,0.30107526881720437,50.94482912586811,60.95443264549024,5.004801759811082,112.78389484161876,2.3673271547400333e-13,26.502456735321477,0.0,17.668304490214474,0.0,0.0,0.0,0.0,0.0,0.0
2025-06-26,2,no_transfers,103.0651095262517,223.7985235427161,326.86363306896783,0.3153153153153171,650456.0,15.845054780992365,0.0,0.0,pre_leap,3,3,0.31531531531531526,0.39639639639639634,63.60955768930935,60.06857374219198,39.45555183694173,113.66975374491705,6.162980056538575e-13,26.5024567353211,0.0,20.61302190525022,0.0,0.0,0.0,2.944717415035746,0.0,0.0
2025-07-03,2,no_transfers,120.73341401646567,220.85380612768088,341.58722014414656,0.3534482758620692,619598.0,19.485765611971903,0.0,0.0,pre_leap,3,3,0.3534482758620689,0.4396551724137931,58.614832725354916,59.17386387607493,62.11858129111067,114.56446361103409,7.999839335083718e-14,29.44717415035738,0.0,17.668304490214474,0.0,0.0,0.0,0.0,0.0,0.0
2025-07-10,2,no_transfers,135.45700109164477,226.743240957752,362.20024204939676,0.37398373983739963,563148.0,24.053534966233524,0.0,0.0,pre_leap,3,3,0.37398373983739835,0.45528455284552843,53.552977178737216,58.34628459262114,81.90402391290709,115.3920428944879,4.5363717719301616e-13,29.447174150357007,0.0,20.61302190525022,0.0,0.0,0.0,2.944717415035746,0.0,0.0
2025-07-17,2,no_transfers,160.2455090629859,225.51247230669685,385.75798136968274,0.415404260707747,531711.0,30.137708090106447,0.0,0.0,post_leap,3,3,0.0,0.9312977099236641,49.4010216539196,56.60880528736726,110.84448740906629,110.00931871861465,0.0,32.39189156539321,0.0,20.61302190525022,0.0,0.0,0.0,5.889434830071492,0.0,0.0
2025-07-24,2,no_transfers,167.04545058342558,224.60196561632864,391.6474161997542,0.42651998627823556,503401.0,33.18337678777467,0.0,0.0,post_leap,3,3,0.0,0.9323308270676691,41.68527915949613,55.49039553668348,121.40729465877558,108.2806637140126,3.9528767651538477,34.32844963031085,0.0,17.668304490214474,0.0,2.944717415035746,0.0,5.889434830071492,0.0,0.0
2025-07-31,2,no_transfers,170.18601853388049,227.3508324959452,397.5368510298257,0.4281012391505613,471778.0,36.073326550598054,0.0,0.0,post_leap,3,3,0.0,0.925925925925926,36.85444384224803,54.4317960238601,130.58666839450078,107.93544222339466,2.7449062971316827,35.53642009833301,0.0,20.61302190525022,0.0,0.0,0.0,8.834152245107237,0.0,0.0
2025-08-07,2,no_transfers,173.73762195178563,226.74394649307584,400.48156844486147,0.43382176769442493,439788.0,39.504857329391804,0.0,0.0,post_leap,3,3,0.0,0.9264705882352942,32.05650122419939,53.34030381183725,134.405461765263,107.06136626766818,7.275658962323245,36.89510226321295,0.0,17.668304490214474,0.0,2.944717415035746,0.0,8.834152245107237,0.0,0.0
2025-08-14,2,no_transfers,173.950683687728,232.420319587205,406.371003274933,0.42805879919055273,410441.0,42.38141016314842,0.0,0.0,post_leap,3,3,0.0,0.9130434782608694,30.145784047050284,52.3063035739506,137.7877665109274,106.6237789370395,6.017133129750285,38.153628095785905,0.0,23.557739320285968,0.0,0.0,0.0,11.778869660142984,0.0,0.0
2025-08-21,2,no_transfers,184.1168206592529,235.98334262063142,420.1001632798843,0.4382688624107683,388357.0,47.409167508053905,0.0,0.0,post_leap,3,3,0.0,0.9035090708062442,26.043847436422467,51.128057233479836,138.97307915978288,104.93796647044789,19.099894063047554,39.38146380737912,0.0,27.54539315799444,0.0,5.441492955628173,0.0,7.548968995701999,0.0,0.0
2025-08-28,2,no_transfers,182.1410208265379,241.89828693860954,424.03930776514744,0.42953805812600754,356370.0,51.11008806199677,0.0,0.0,post_leap,3,3,0.0,0.8888888888888888,23.63012916543111,49.98780621046254,137.24945060834122,104.21737742458996,21.261441052765583,40.57762466298508,0.0,32.39189156539321,0.0,0.0,0.0,14.723587075178731,0.0,0.0
2025-09-04,2,no_transfers,179.71446103755667,241.38012931255494,421.0945903501116,0.4267793155170582,332895.0,53.9853290189269,0.0,0.0,post_leap,3,3,0.0,0.8881118881118882,21.69234523749498,48.98087272336292,132.3016696862808,103.27572351657889,25.72044611378089,42.00805443204126,0.0,32.39189156539321,0.0,2.944717415035746,0.0,11.778869660142984,0.0,0.0
2025-09-11,2,no_transfers,172.8890220922815,245.26085084279447,418.14987293507596,0.41346185490560966,309117.0,55.92996247125894,0.0,0.0,post_leap,3,3,0.0,0.880281690140845,19.75167854162351,47.97682200419865,128.61380442755927,104.01887136026465,24.523539123098725,43.20496142272343,0.0,32.39189156539321,0.0,5.889434830071492,0.0,11.778869660142984,0.0,0.0
2025-09-18,2,no_transfers,169.91385095688264,251.18073939322898,421.0945903501116,0.4035051858909201,288952.0,58.8034867233598,0.0,0.0,post_leap,3,3,0.0,0.8671328671328673,17.738515005307033,47.04526812547938,123.28942709921489,103.45381385853756,28.885908852360725,44.73202652353292,0.0,38.281326395464696,0.0,5.889434830071492,0.0,11.778869660142984,0.0,0.0
2025-09-25,2,no_transfers,145.1756425848332,249.41649102995677,394.59213361479,0.367913169618726,240758.0,60.2994054547858,0.0,0.0,post_leap,3,3,0.0,0.8656716417910447,12.816848635138333,46.07749966557659,107.71880366950424,104.30085021306948,24.63999028019063,46.03322768066727,0.0,35.33660898042895,0.0,5.889434830071492,0.0,11.778869660142984,0.0,0.0
2025-10-02,2,no_transfers,135.18532561071598,253.51737317400247,388.70269878471845,0.3477859197617454,216580.0,62.41819448273893,0.0,0.0,post_leap,3,3,0.0,0.856060606060606,10.785325199995272,45.16430568568391,101.1753895620582,104.95482949044401,23.224610848662508,47.44860711219539,0.0,35.33660898042895,0.0,5.889434830071492,0.0,14.723587075178731,0.0,0.0
2025-10-09,2,no_transfers,130.78940731776657,254.96857405191616,385.75798136968274,0.3390452398505979,198964.0,65.7352120573403,0.0,0.0,post_leap,3,3,0.0,0.8549618320610687,11.568627069618406,44.38100381606077,94.54254749317408,105.69823672925665,24.678232754974086,48.93970262091956,0.0,38.281326395464696,0.0,5.889434830071492,0.0,11.778869660142984,0.0,0.0
2025-10-16,2,no_transfers,112.56375147064492,264.3600776539306,376.9238291245755,0.2986379283370857,185308.0,60.74414028031435,0.0,0.0,post_leap,3,3,0.0,0.8437500000000001,9.554102517244628,43.4508109533988,79.83959976811296,111.56703220921052,23.170049185287343,50.44788619060631,0.0,38.281326395464696,0.0,5.889434830071492,0.0,14.723587075178731,0.0,0.0
2025-10-23,2,no_transfers,61.02242341873043,259.95177482016584,320.9741982388963,0.1901162889526477,169443.0,36.0135404936943,0.0,0.0,post_leap,3,3,0.0,0.7706422018348624,2.8353263260663875,41.3354348994698,44.10593168191195,94.2957868247681,14.081165410752089,50.702617720034326,0.0,47.115478640571936,0.0,8.834152245107237,0.0,17.668304490214474,0.0,0.0
2025-10-30,2,no_transfers,38.67423562903183,261.68694070461424,300.3611763336461,0.1287591029610027,150125.0,25.761355956057837,0.0,0.0,post_leap,3,3,0.0,0.7549019607843137,1.121907152589623,40.10413665791082,24.937901098988736,95.79551291747686,12.614427377453469,52.16935575333295,0.0,47.115478640571936,0.0,8.834152245107237,0.0,17.668304490214474,0.0,0.0
2025-11-06,2,no_transfers,32.28672099901225,265.12973791959814,297.4164589186104,0.1085572772818457,134699.0,23.969532809458315,0.0,0.0,post_leap,3,3,0.0,0.7425742574257423,1.8448107862085246,39.381233024291916,19.07540293126345,95.76857625513064,11.366507281540272,53.417275849246145,0.0,50.06019605560768,0.0,8.834152245107237,0.0,17.668304490214474,0.0,0.0
2025-11-13,2,no_transfers,29.002118406139658,271.35905792750646,300.3611763336461,0.096557480431238,118308.0,24.514080540740828,0.0,0.0,post_leap,3,3,0.0,0.7352941176470589,0.03778847677596163,38.24353791868874,19.034635541209607,98.75406106022024,9.92969438815409,54.85408874263233,0.0,47.115478640571936,0.0,11.778869660142984,0.0,20.61302190525022,0.0,0.0
2025-12-18,3,no_transfers,14.72358707517876,282.6928718434316,297.4164589186104,0.0495049504950496,,,0.0,0.0,pre_leap,3,3,0.04950495049504959,0.2475247524752476,14.723587075177006,35.336608980430675,1.7534026773761568e-12,103.06510952624936,0.0,58.894348300714924,0.0,53.00491347064343,0.0,11.778869660142984,0.0,20.61302190525022,0.0,0.0
2025-12-25,3,no_transfers,29.447174150357487,288.58230667350307,318.0294808238606,0.09259259259259267,289845.0,10.159628128950814,0.0,0.0,pre_leap,3,3,0.09259259259259268,0.28703703703703715,17.822857174802216,35.182056295841214,11.624316975555272,103.21966221083882,0.0,61.839065715750664,0.0,53.00491347064343,0.0,11.778869660142984,0.0,23.557739320285968,0.0,0.0
2026-01-01,3,no_transfers,32.39189156539324,291.52702408853884,323.91891565393206,0.1000000000000001,283614.0,11.421118691388028,0.0,0.0,pre_leap,3,3,0.1000000000000001,0.3000000000000001,17.83323828286664,35.17167518777679,14.558653282526604,103.23004331890324,0.0,64.78378313078642,0.0,53.00491347064343,0.0,11.778869660142984,0.0,23.557739320285968,0.0,0.0
2026-01-08,3,no_transfers,32.391891565393216,294.4717415035746,326.86363306896783,0.09909909909909913,257052.0,12.601299178918358,0.0,0.0,pre_leap,3,3,0.09909909909909913,0.29729729729729737,12.090898034628172,35.02458060594377,20.300993530765044,103.37713790073629,0.0,64.78378313078642,0.0,55.94963088567918,0.0,11.778869660142984,0.0,23.557739320285968,0.0,0.0
2026-01-15,3,no_transfers,28.613763210844024,312.97345693330254,341.58722014414656,0.08376707769912846,234425.0,12.20593503715219,0.0,0.0,post_leap,3,3,0.0,0.6982758620689654,8.851976775457176,35.318784450079015,19.761786435386846,106.86106241115024,0.0,67.72850054582216,0.0,58.894348300714924,0.0,14.723587075178731,0.0,29.447174150357462,0.0,0.0
2026-01-22,3,no_transfers,25.27129151528062,325.1500808739732,350.4213723892538,0.07211686702490525,217437.0,11.622351078832313,0.0,0.0,post_leap,3,3,0.0,0.6806722689075629,8.812378292416636,35.35838293311956,16.458913222863984,107.21921820863734,0.0,70.6732179608579,0.0,58.894348300714924,0.0,17.668304490214474,0.0,35.33660898042895,0.0,0.0
2026-01-29,3,no_transfers,21.32470487984235,332.0413849244472,353.3660898042895,0.06034734371838837,193637.0,11.012722196606202,0.0,0.0,post_leap,3,3,0.0,0.6666666666666666,5.887954149842386,35.338089660658056,15.436750729999963,108.24138070150137,0.0,70.6732179608579,0.0,61.839065715750664,0.0,17.668304490214474,0.0,38.281326395464696,0.0,0.0
2026-02-05,3,no_transfers,17.810082416425224,338.50072480290004,356.3108072193253,0.04998468206849061,179372.0,9.929131869202118,0.0,0.0,post_leap,3,3,0.0,0.6611570247933883,2.980774859413067,35.30055153605163,14.829307557012156,108.84882387448917,0.0,73.61793537589365,0.0,64.78378313078642,0.0,17.668304490214474,0.0,38.281326395464696,0.0,0.0
2026-02-12,3,no_transfers,16.659471155490042,348.4854883089425,365.14495946443253,0.04562426708539238,168935.0,9.861468112285815,0.0,0.0,post_leap,3,3,0.0,0.6451612903225805,2.9469344375336557,35.33439195793104,13.712536717956386,109.96559471354495,0.0,73.61793537589365,0.0,64.78378313078642,0.0,20.61302190525022,0.0,44.17076122553619,0.0,0.0
2026-02-19,3,no_transfers,13.795262965956862,357.23913132854716,371.034394294504,0.037180550315793745,154821.0,8.910459799353358,0.0,0.0,post_leap,3,3,0.0,0.6349206349206349,2.888215780960037,35.39311061450466,10.907047184996824,109.82636683146876,0.0,76.56265279092939,0.0,67.72850054582216,0.0,20.61302190525022,0.0,47.115478640571936,0.0,0.0
2026-02-26,3,no_transfers,11.424746667078967,362.55436504246074,373.9791117095397,0.030549157183816948,148798.0,7.678024346482458,0.0,0.0,post_leap,3,3,0.0,0.6299212598425197,0.05372633612725221,35.282882644301694,11.371020330951714,112.30711110054962,0.0,76.56265279092939,0.0,67.72850054582216,0.0,23.557739320285968,0.0,47.115478640571936,0.0,0.0
2026-03-05,3,no_transfers,7.561022902290043,366.41808880724966,373.9791117095397,0.02021776795962471,139917.0,5.403934405604782,0.0,0.0,post_leap,3,3,0.0,0.6220472440944882,0.0,35.33660898042895,7.561022902290043,110.2276736991398,0.0,79.50737020596515,0.0,70.6732179608579,0.0,23.557739320285968,0.0,47.115478640571936,0.0,0.0
2026-03-12,3,no_transfers,11.035144892307903,371.77811906233904,382.81326395464697,0.028826443416065304,132277.0,8.34245174316616,0.0,0.0,post_leap,3,3,0.0,0.6230769230769231,0.06595082822653234,35.270658152202415,10.969194064081371,112.70893736741996,0.0,79.50737020596515,0.0,73.61793537589365,0.0,23.557739320285968,0.0,47.115478640571936,0.0,0.0
2026-03-19,3,no_transfers,21.24808059386328,399.84650975624834,421.0945903501116,0.05045916304979586,138000.0,15.397159850625563,0.0,0.0,post_leap,3,3,0.0,0.6153846153846154,2.863640700203342,35.417685695261355,14.400854413842584,115.16671184773026,3.983585479817352,87.30265438629078,0.0,79.50737020596515,0.0,26.502456735321715,0.0,55.94963088567918,0.0,0.0
2026-03-26,3,no_transfers,22.100187632907975,398.9944027172036,421.0945903501116,0.05248271561630171,154628.0,14.292487539713361,0.0,0.0,post_leap,3,3,0.0,0.6153846153846154,5.8051225449720905,35.42092126552835,13.162379832475244,113.46046901406184,3.132685255460642,88.15355461064749,0.0,79.50737020596515,0.0,26.502456735321715,0.0,55.94963088567918,0.0,0.0
2026-04-02,3,no_transfers,18.91828358603708,405.12102417911035,424.03930776514744,0.04461445729110307,130670.0,14.477908920208986,0.0,0.0,post_leap,3,3,0.0,0.611111111111111,3.036596781366698,35.244729614098,11.742108819434803,114.88074002710228,4.139577985235583,90.0913792959083,0.0,79.50737020596515,0.0,26.502456735321715,0.0,58.894348300714924,0.0,0.0
2026-04-09,3,no_transfers,19.634851666475374,413.23860834377933,432.8734600102547,0.04535933357062415,119643.0,16.411199707860362,0.0,0.0,post_leap,3,3,0.0,0.6054421768707482,2.9524296537431596,35.328896741721536,11.29935532987919,115.32349351665789,5.383066682853027,91.79260801332659,0.0,82.45208762100089,0.0,26.502456735321715,0.0,61.839065715750664,0.0,0.0
2026-06-18,4,no_transfers,97.1756746961795,512.3808302162199,609.5565049123994,0.15942028985507226,,,0.0,0.0,pre_leap,4,3,0.13526570048309178,0.5024154589371981,35.3366114818349,35.336606479023,47.11547613916591,126.62285134794311,5.889434830071494,103.0651095262511,8.83415224510721,106.00982694128689,0.0,38.281326395464696,0.0,91.28623986610813,0.0,11.778869660142984
2026-06-25,4,no_transfers,168.05634428598327,512.173378587274,680.2297228732573,0.24705821964985805,472376.0,35.576816833620526,0.0,0.0,pre_leap,4,3,0.18181818181818193,0.5541125541125542,23.554505030289576,35.33984327042535,100.12362640121182,126.61961455654063,35.546845363387746,102.85487314329231,8.83136749109414,106.01261169529995,0.0,38.281326395464696,0.0,94.23095728114387,0.0,8.834152245107237
2026-07-02,4,no_transfers,205.89635141927457,518.504132679519,724.4004840987935,0.2842300025177709,450911.0,45.66230396226186,0.0,0.0,pre_leap,4,3,0.18292682926829268,0.573170731707317,17.671286088281622,35.33362738236181,114.84099758832701,126.62583044460416,61.5358489579083,103.36832628409347,11.848218784757595,105.94047781667226,0.0,41.22604381050044,0.0,97.17567469617961,0.0,8.834152245107237
2026-07-09,4,no_transfers,235.31296940378706,518.5346888453639,753.847658249151,0.3121492344359247,431527.0,54.53030039923042,0.0,0.0,pre_leap,4,3,0.17968750000000008,0.5898437500000001,11.777876539101042,35.33760210147089,123.67912455254341,126.62185572549501,79.43313333657098,103.13934639564529,20.42283497557164,106.20001387096545,0.0,41.22604381050044,0.0,97.17567469617961,0.0,8.834152245107237
2026-07-16,4,no_transfers,259.2536462404423,524.0411861590661,783.2948323995084,0.33097836921285045,412846.0,62.796695678398805,0.0,0.0,pre_leap,4,3,0.1766917293233083,0.5977443609022557,8.84270863424241,35.32805259129378,129.55900987243777,126.63140523567213,94.18622351873476,103.10984328866023,26.665704215027393,105.84657946158119,0.0,44.17076122553619,0.0,100.12039211121537,0.0,8.834152245107237
2026-07-23,4,no_transfers,283.38715880229614,532.2995651626054,815.6867239649015,0.34742156575113037,399123.0,71.00246259982414,0.0,0.0,post_leap,4,3,0.0,0.8014440433212998,5.891481788350907,35.334562022149534,129.98489992570623,126.20551518240367,109.44195656369504,102.57769731887868,38.06882052454398,106.22233281220758,0.0,44.17076122553619,0.0,106.00982694128686,0.0,11.778869660142984
2026-07-30,4,no_transfers,302.90004939939905,539.2891313008242,842.1891807002232,0.359657967996642,380114.0,79.68663332563364,0.0,0.0,post_leap,4,3,0.0,0.8006993006993008,2.940955919761189,35.34037047570351,129.58301619471086,126.60739891339904,126.01131374384265,103.67664462894554,44.36476354108434,105.8158246257387,0.0,47.115478640571936,0.0,108.9545443563226,0.0,11.778869660142984
2026-08-06,4,no_transfers,321.70409504202684,546.9875423935184,868.6916374355452,0.37033175085203524,367949.0,87.43170793833569,0.0,0.0,post_leap,4,3,0.0,0.7966101694915253,0.01375879079130359,35.32285018963765,129.9931868043412,126.1972283037687,133.17144815748864,102.40594504537106,58.52570128940564,106.37847395259612,0.0,50.06019605560768,0.0,114.8439791863941,0.0,11.778869660142984
2026-08-13,4,no_transfers,338.84327154229214,556.3508226285746,895.1940941708668,0.3785137477433097,354963.0,95.45875810782874,0.0,0.0,post_leap,4,3,0.0,0.7927631578947367,0.007511158015696974,35.32909782241325,126.20412355633994,127.04157413673423,138.0672192268733,103.39960880605787,74.56441760106324,105.06334471611726,0.0,53.00491347064343,0.0,117.78869660142985,0.0,14.723587075178731
2026-08-20,4,no_transfers,365.418357514604,579.0759652575534,944.4943227721574,0.386893122281641,343054.0,106.51919450424832,0.0,0.0,post_leap,4,3,0.0,0.7756060367575094,5.993505048700045e-12,30.86876186795493,112.42980512832996,126.60301958929624,132.62067460671537,103.05919761110417,120.36787777955269,106.60616184232148,0.0,58.38721941389031,0.0,127.04914819766462,0.0,26.502456735321715
2024-12-19,1,all_declines_transfer,35.33660898042894,182.57247973221624,217.90908871264517,0.16216216216216214,173213.0,20.40066795242213,0.0,0.0,pre_leap,3,3,0.16216216216216214,0.2027027027027027,30.166502716743928,69.95388939447145,5.170106263685012,97.89500326256609,0.0,8.834152245107237,0.0,0.0,0.0,0.0,0.0,5.889434830071492,0.0,0.0
2024-12-26,1,all_declines_transfer,53.00491347064342,182.57247973221627,235.5773932028597,0.22499999999999995,340543.0,15.564822495439174,0.0,0.0,pre_leap,3,3,0.22499999999999995,0.26249999999999996,42.86847748143845,69.03078428991991,10.136435989204976,98.81810836711762,0.0,8.834152245107237,0.0,0.0,0.0,0.0,0.0,5.889434830071492,0.0,0.0
2025-01-02,1,all_declines_transfer,63.815568377476886,180.59597707049002,244.41154544796692,0.2610988292738514,351168.0,18.172375722582036,0.0,0.0,pre_leap,3,3,0.25301204819277123,0.3012048192771086,43.64926740331148,68.24999436804688,18.18979831243923,99.59889828899063,1.9765026617261716,9.802366998416812,0.0,2.944717415035746,0.0,0.0,0.0,0.0,0.0,0.0
2025-01-09,1,all_declines_transfer,63.474448036702434,180.9370974112645,244.41154544796692,0.2597031491305536,330152.0,19.225825691409543,0.0,0.0,pre_leap,3,3,0.25301204819277107,0.30120481927710846,41.30728159715048,67.64726275917212,20.531784118600186,100.2016298978654,1.6353823209517768,10.143487339191207,0.0,2.944717415035746,0.0,0.0,0.0,0.0,0.0,0.0
2025-01-16,1,all_declines_transfer,73.54116651796112,176.75981376007735,250.30098027803845,0.2938109408771407,307111.0,23.94611932427074,23041.0,3.543857998046138,post_leap,3,3,0.0,0.976470588235294,40.72058631789946,65.2892406233874,31.654558390686628,94.96829045585045,1.166021809375029,10.612847850767956,0.0,5.889434830071492,0.0,0.0,0.0,0.0,0.0,0.0
2025-01-23,1,all_declines_transfer,68.14851686561809,179.20774599738456,247.35626286300266,0.2755075455815804,277133.0,24.59054564617642,29978.0,9.268992828879815,post_leap,3,3,0.0,0.9761904761904764,33.75750219762434,66.36288991359103,33.59873826086331,95.96882800070952,0.7922764071304464,10.986593253012538,0.0,5.889434830071492,0.0,0.0,0.0,0.0,0.0,0.0
2025-01-30,1,all_declines_transfer,71.47083019635019,181.77486749672394,253.24569769307413,0.28221932631989116,257133.0,27.79527722865217,20000.0,13.157135168123643,post_leap,3,3,0.0,0.9767441860465116,32.99883184989118,67.12156026132419,35.159772197093545,97.35251147951503,3.3122261493654594,11.411360925813272,0.0,5.889434830071492,0.0,0.0,0.0,0.0,0.0,0.0
2025-02-06,1,all_declines_transfer,69.47427060070788,183.77142709236625,253.24569769307413,0.2743354427482062,237813.0,29.213823718933735,19320.0,17.387387540743504,post_leap,3,3,0.0,0.9767441860465116,29.906466313595253,67.26920838258437,36.79851308606252,98.6584880055818,2.769291201050121,11.95429587412861,0.0,5.889434830071492,0.0,0.0,0.0,0.0,0.0,0.0
2025-02-13,1,all_declines_transfer,67.6898095751797,185.55588811789443,253.24569769307413,0.2672890800980857,216696.0,31.237221533936804,21117.0,22.235717126821577,post_leap,3,3,0.0,0.9767441860465116,29.568212751084964,67.60746194509466,38.12159682409473,100.28012168258533,0.0,11.778869660142984,0.0,5.889434830071492,0.0,0.0,0.0,0.0,0.0,0.0
2025-02-20,1,all_declines_transfer,72.10734925772833,189.97250068045304,262.0798499381814,0.2751350371832737,200373.0,35.98655969503293,16323.0,26.203619877975072,post_leap,3,3,0.0,0.9775280898876404,31.87508860617157,68.2453035050438,38.31756338096432,103.02887254075148,1.9146972705924445,12.808889804586286,0.0,5.889434830071492,0.0,0.0,0.0,0.0,0.0,0.0
2025-02-27,1,all_declines_transfer,68.43041328384957,184.81528440922455,253.24569769307413,0.27021352744473903,222293.0,30.783881311534582,0.0,26.0726017785852,post_leap,3,3,0.0,0.9767441860465116,31.231581327488755,65.94409336869086,35.490571758771324,99.96642933287299,1.7082601975894975,13.015326877589233,0.0,5.889434830071492,0.0,0.0,0.0,0.0,0.0,0.0
2025-03-06,1,all_declines_transfer,59.66746675405634,187.68879610894632,247.35626286300266,0.24122076418620111,202226.0,29.50533895446498,20067.0,30.884159939920785,post_leap,3,3,0.0,0.9761904761904762,24.889456490693558,66.39678337541457,33.48077007366966,101.97623101797465,1.2972401896931327,13.426346885485598,0.0,5.889434830071492,0.0,0.0,0.0,0.0,0.0,0.0
2025-03-13,1,all_declines_transfer,56.63076193019363,190.72550093280904,247.35626286300266,0.22894412001024758,179680.0,31.517565633455934,22546.0,36.05155811676013,post_leap,3,3,0.0,0.9761904761904762,21.54762617811255,66.79389627295983,34.21471054917747,104.18700795750259,0.8684252029036108,13.85516187227512,0.0,5.889434830071492,0.0,0.0,0.0,0.0,0.0,0.0
2025-03-20,1,all_declines_transfer,55.70113778340985,194.5998424946286,250.30098027803845,0.22253663458103962,163262.0,34.117637774503464,16418.0,40.01094346673696,post_leap,3,3,0.0,0.976470588235294,20.61872941138263,67.72279303968975,34.70110626569177,106.64532965602402,0.38130210633544603,14.342284968843284,0.0,5.889434830071492,0.0,0.0,0.0,0.0,0.0,0.0
2025-03-27,1,all_declines_transfer,50.274957139124155,200.0260231389143,250.30098027803845,0.2008580113560798,140011.0,35.907862338762065,23251.0,46.157042316563114,post_leap,3,3,0.0,0.976470588235294,16.872272871328757,68.52453216470788,33.402684267795394,110.88846906895617,0.0,14.723587075178731,0.0,5.889434830071492,0.0,0.0,0.0,0.0,0.0,0.0
2025-04-03,1,all_declines_transfer,45.04379636742915,202.31246649557352,247.35626286300266,0.18210089304420196,126230.0,35.6839074446876,13781.0,49.88502711210414,post_leap,3,3,0.0,0.9761904761904762,13.790221553563075,68.66186606743781,31.253574813866074,113.0375785228855,0.0,14.723587075178731,0.0,5.889434830071492,0.0,0.0,0.0,0.0,0.0,0.0
2025-04-10,1,all_declines_transfer,36.15580465230446,211.2004582106982,247.35626286300266,0.14616894771057087,110998.0,32.57338389187595,15232.0,53.98390020212347,post_leap,3,3,0.0,0.9761904761904762,9.435430423586753,70.0719397823784,24.581202650021044,119.70995068673052,2.139171578696666,15.52913291151781,0.0,5.889434830071492,0.0,0.0,0.0,0.0,0.0,0.0
2025-04-17,1,all_declines_transfer,13.45737194692746,204.45171676571772,217.90908871264517,0.0617568180677107,100353.0,13.41003452505402,10645.0,56.487930073345005,post_leap,3,3,0.0,0.9324324324324325,0.0,61.839065715750664,8.320249769804972,112.41316424666061,5.137122177122487,15.475899728127734,0.0,14.723587075178731,0.0,0.0,0.0,0.0,0.0,0.0
2025-04-24,1,all_declines_transfer,6.723872725198583,187.62747666716064,194.35134939235923,0.03459648078709417,75810.0,8.869374390184122,24543.0,58.838470241765485,post_leap,3,3,0.0,0.9242424242424243,0.0,55.94963088567918,0.0,100.12039211121537,6.723872725198583,16.833866595087386,0.0,14.723587075178731,0.0,0.0,0.0,0.0,0.0,0.0
2025-05-01,1,all_declines_transfer,5.774886749770498,191.5211800576245,197.296066807395,0.029270156487245517,65100.0,8.870793778449304,10710.0,59.304205888307635,post_leap,3,3,0.0,0.9253731343283582,0.0,55.94963088567918,0.0,103.0651095262511,5.774886749770498,17.78285257051547,0.0,14.723587075178731,0.0,0.0,0.0,0.0,0.0,0.0
2025-05-08,1,all_declines_transfer,5.0970011498724235,186.30963082745106,191.40663197732349,0.026629177355130935,55532.0,9.178493751120836,9568.0,59.68669089784373,post_leap,3,3,0.0,0.9230769230769231,0.0,53.00491347064343,0.0,100.12039211121537,5.0970011498724235,18.460738170413546,0.0,14.723587075178731,0.0,0.0,0.0,0.0,0.0,0.0
2025-05-15,1,all_declines_transfer,11.376890913493272,180.02974106383022,191.40663197732349,0.05943833186950975,45589.0,24.95534210773053,9943.0,60.11835155029366,post_leap,3,3,0.0,0.9230769230769231,3.499201431591216,46.560994624016466,1.0956490045038316,99.02474310671154,6.782040477398224,19.72041625792349,0.0,14.723587075178731,0.0,0.0,0.0,0.0,0.0,0.0
2025-06-19,2,all_declines_transfer,56.48322403107843,217.37549556724596,273.8587195983244,0.20624950015805163,,,0.0,0.0,pre_leap,3,3,0.20430107526881724,0.30107526881720437,51.19291038584254,60.706351385515816,4.756720499836649,113.0319761015932,0.5335931453992409,25.968863589922474,0.0,17.668304490214474,0.0,0.0,0.0,0.0,0.0,0.0
2025-06-26,2,all_declines_transfer,104.11269600481667,222.75093706415117,326.86363306896783,0.31852028023823936,650456.0,16.006108945849785,0.0,0.0,pre_leap,3,3,0.31531531531531526,0.39639639639639634,64.1058774487412,59.57225398276013,38.959232077509895,114.16607350434889,1.0475864785655737,25.45487025675614,0.0,20.61302190525022,0.0,0.0,0.0,2.944717415035746,0.0,0.0
2025-07-03,2,all_declines_transfer,125.2905844703206,216.29663567382596,341.58722014414656,0.3667894378994892,619598.0,20.221269996081425,0.0,0.0,pre_leap,3,3,0.3534482758620689,0.4396551724137931,59.37903891149045,58.4096576899394,61.35437510497515,115.32866979716961,4.557170453855024,24.89000369650244,0.0,17.668304490214474,0.0,0.0,0.0,0.0,0.0,0.0
2025-07-10,2,all_declines_transfer,140.57641395895362,221.62382809044314,362.20024204939676,0.38811794592832394,563148.0,24.96260555998665,0.0,0.0,pre_leap,3,3,0.37398373983739835,0.45528455284552843,54.44919960959578,57.450062161762574,81.00780148204855,116.28826532534644,5.119412867309305,24.327761283048158,0.0,20.61302190525022,0.0,0.0,0.0,2.944717415035746,0.0,0.0
2025-07-17,2,all_declines_transfer,184.87583234795534,200.8821490217274,385.75798136968274,0.4792534212552912,531711.0,34.7699845118787,31437.0,6.277995447914404,post_leap,3,3,0.0,0.9312977099236641,50.62459730303603,55.38522963825083,125.93721069128021,94.91659543640073,8.314024353639105,24.077867211754103,0.0,20.61302190525022,0.0,0.0,0.0,5.889434830071492,0.0,0.0
2025-07-24,2,all_declines_transfer,191.46639891493805,200.18101728481616,391.6474161997542,0.488874408448244,503401.0,38.03456864705037,28310.0,14.121311562925118,post_leap,3,3,0.0,0.9323308270676691,41.47984447087351,55.6958302253061,135.64476348617475,94.04319488661343,14.341790957889785,23.93953543757491,0.0,17.668304490214474,0.0,2.944717415035746,0.0,5.889434830071492,0.0,0.0
2025-07-31,2,all_declines_transfer,191.17731268647054,206.35953834335515,397.5368510298257,0.4809046310831879,471778.0,40.522727360425996,31623.0,23.672842319715887,post_leap,3,3,0.0,0.925925925925926,35.30241786180539,55.983822004302745,141.63303899075487,96.88907162714057,14.241855833910314,24.03947056155438,0.0,20.61302190525022,0.0,0.0,0.0,8.834152245107237,0.0,0.0
2025-08-07,2,all_declines_transfer,190.81268580663732,209.66888263822415,400.48156844486147,0.4764580965550941,439788.0,43.387424351423256,31990.0,33.92505449419753,post_leap,3,3,0.0,0.9264705882352942,29.351353107501886,56.04545192853475,141.6366574889107,99.83017054402046,19.824675210224722,24.346086015311467,0.0,17.668304490214474,0.0,2.944717415035746,0.0,8.834152245107237,0.0,0.0
2025-08-14,2,all_declines_transfer,187.39447815916003,218.97652511577297,406.371003274933,0.46114136257004795,410441.0,45.65686131725633,29347.0,43.94175516125628,post_leap,3,3,0.0,0.9130434782608694,26.654590276841084,55.7974973441598,141.39805916349394,103.01348628447298,19.341828718825,24.82893250671119,0.0,23.557739320285968,0.0,0.0,0.0,11.778869660142984,0.0,0.0
2025-08-21,2,all_declines_transfer,196.0265347343314,224.07362854555294,420.1001632798843,0.4666185635441712,388357.0,50.47585977189323,22084.0,51.78833538809231,post_leap,3,3,0.0,0.9035090708062442,22.15993540417466,55.01196926572764,140.4260991159846,103.48494651424616,33.440500214172104,25.040857656254573,0.0,27.54539315799444,0.0,5.441492955628173,0.0,7.548968995701999,0.0,0.0
2025-08-28,2,all_declines_transfer,188.13089926341453,235.9084085017329,424.03930776514744,0.4436638203541501,356370.0,52.79089128249139,31987.0,64.44596432334025,post_leap,3,3,0.0,0.8888888888888888,19.11225720836066,54.50567816753299,133.75783036225215,107.70899767067903,35.26081169280174,26.578254022948926,0.0,32.39189156539321,0.0,0.0,0.0,14.723587075178731,0.0,0.0
2025-09-04,2,all_declines_transfer,182.41725151682488,238.67733883328674,421.0945903501116,0.4331978032896535,332895.0,54.7972338175175,23475.0,74.03786388457543,post_leap,3,3,0.0,0.8881118881118882,16.951798709618412,53.72141925123948,125.75117434552968,109.82621885733002,39.714278461676784,28.014222084145374,0.0,32.39189156539321,0.0,2.944717415035746,0.0,11.778869660142984,0.0,0.0
2025-09-11,2,all_declines_transfer,172.24359348922255,245.90627944585341,418.14987293507596,0.4119183207690845,309117.0,55.721164959941554,23778.0,84.09142357085598,post_leap,3,3,0.0,0.880281690140845,14.857271904189338,52.87122864163282,119.25175944144142,113.3809163463825,38.13456214359179,29.593938402230364,0.0,32.39189156539321,0.0,5.889434830071492,0.0,11.778869660142984,0.0,0.0
2025-09-18,2,all_declines_transfer,165.41162856973958,255.68296178037204,421.0945903501116,0.3928134731728826,288952.0,57.245365517366054,20165.0,92.65990478433947,post_leap,3,3,0.0,0.8671328671328673,12.68713178063832,52.0966513501481,110.3655849790162,116.37765597873624,42.35891181008506,31.25902356580859,0.0,38.281326395464696,0.0,5.889434830071492,0.0,11.778869660142984,0.0,0.0
2025-09-25,2,all_declines_transfer,128.60154286410005,265.99059075068993,394.59213361479,0.325910052199986,240758.0,53.41527295628808,48194.0,114.26767042636932,post_leap,3,3,0.0,0.8656716417910447,7.1124077029449495,51.781940597769974,87.01458615911015,125.00506772346357,34.47454900204497,36.19866895881293,0.0,35.33660898042895,0.0,5.889434830071492,0.0,11.778869660142984,0.0,0.0
2025-10-02,2,all_declines_transfer,114.80812736706415,273.89457141765433,388.70269878471845,0.2953623109024262,216580.0,53.009570305228614,24178.0,124.02812783053454,post_leap,3,3,0.0,0.856060606060606,5.356478258080448,50.59315262759873,77.25321043686432,128.8770086156379,32.19843867211939,38.47477928873851,0.0,35.33660898042895,0.0,5.889434830071492,0.0,14.723587075178731,0.0,0.0
2025-10-09,2,all_declines_transfer,109.78850262530446,275.9694787443783,385.75798136968274,0.28460461721488284,198964.0,55.18008414854168,17616.0,130.87851991535712,post_leap,3,3,0.0,0.8549618320610687,6.59982588823164,49.349804997447535,69.70830453966816,130.53247968276258,33.48037219740466,40.13756317848899,0.0,38.281326395464696,0.0,5.889434830071492,0.0,11.778869660142984,0.0,0.0
2025-10-16,2,all_declines_transfer,91.62313300691312,285.30069611766237,376.9238291245755,0.24308129634497358,185308.0,49.443700761388136,13656.0,136.25244114884023,post_leap,3,3,0.0,0.8437500000000001,4.999396019287203,48.005517451356226,54.604087652469765,136.80254432485373,32.01964933515614,41.59828604073751,0.0,38.281326395464696,0.0,5.889434830071492,0.0,14.723587075178731,0.0,0.0
2025-10-23,2,all_declines_transfer,42.23878110930463,278.73541712959167,320.9741982388963,0.13159556544126622,169443.0,24.928017745970404,15865.0,141.8465734437314,post_leap,3,3,0.0,0.7706422018348624,1.485276469722438e-14,44.170761225536175,19.546295620484265,118.85542288619578,22.692485488820353,42.091297641966065,0.0,47.115478640571936,0.0,8.834152245107237,0.0,17.668304490214474,0.0,0.0
2025-10-30,2,all_declines_transfer,24.12250206817057,276.23867426547554,300.3611763336461,0.08031165133464153,150125.0,16.06827781393543,19318.0,144.98981615104597,post_leap,3,3,0.0,0.7549019607843137,3.5249974948649137e-14,41.22604381050041,3.0611642819473244,117.67224973451826,21.061337786223213,43.722445344563205,0.0,47.115478640571936,0.0,8.834152245107237,0.0,17.668304490214474,0.0,0.0
2025-11-06,2,all_declines_transfer,20.00258771838804,277.41387120022233,297.4164589186104,0.0672544747224694,134699.0,14.849841289384509,15426.0,146.24782109875292,post_leap,3,3,0.0,0.7425742574257423,4.536346757633375e-15,41.226043810500435,6.236956473655141e-15,114.8439791863941,20.002587718388025,44.78119541239839,0.0,50.06019605560768,0.0,8.834152245107237,0.0,17.668304490214474,0.0,0.0
2025-11-13,2,all_declines_transfer,19.827255344022443,280.53392098962365,300.3611763336461,0.06601137865433715,118308.0,16.75901489672925,16391.0,147.46381198185355,post_leap,3,3,0.0,0.7352941176470589,1.2697755188032902,37.0115508766614,1.6491827070719102e-14,117.78869660142983,18.557479825219136,46.226303305567285,0.0,47.115478640571936,0.0,11.778869660142984,0.0,20.61302190525022,0.0,0.0
2025-12-18,3,all_declines_transfer,14.72358707517988,282.6928718434305,297.4164589186104,0.049504950495053365,,,0.0,0.0,pre_leap,3,3,0.04950495049504959,0.2475247524752476,14.723587075178788,35.33660898042889,0.0,103.0651095262511,1.093457317152298e-12,58.89434830071383,0.0,53.00491347064343,0.0,11.778869660142984,0.0,20.61302190525022,0.0,0.0
2025-12-25,3,all_declines_transfer,29.447174150357867,288.5823066735027,318.0294808238606,0.09259259259259386,289845.0,10.159628128950946,0.0,0.0,pre_leap,3,3,0.09259259259259268,0.28703703703703715,18.38172314844343,34.6231903222,11.065451001914058,103.77852818448004,3.795576778840081e-13,61.83906571575029,0.0,53.00491347064343,0.0,11.778869660142984,0.0,23.557739320285968,0.0,0.0
2026-01-01,3,all_declines_transfer,32.84397491838811,291.0749407355439,323.91891565393206,0.10139566827112345,283614.0,11.580519621171067,0.0,0.0,pre_leap,3,3,0.1000000000000001,0.3000000000000001,18.683703016432155,34.321210454211275,13.708188548961084,104.08050805246876,0.45208335299487673,64.33169977779154,0.0,53.00491347064343,0.0,11.778869660142984,0.0,23.557739320285968,0.0,0.0
2026-01-08,3,all_declines_transfer,32.39189156539328,294.47174150357455,326.86363306896783,0.09909909909909932,257052.0,12.601299178918381,0.0,0.0,pre_leap,3,3,0.09909909909909913,0.29729729729729737,13.170447512150945,33.94503112842099,19.22144405324227,104.45668737825906,6.5598638440014e-14,64.78378313078635,0.0,55.94963088567918,0.0,11.778869660142984,0.0,23.557739320285968,0.0,0.0
2026-01-15,3,all_declines_transfer,36.4126269049749,305.17459323917166,341.58722014414656,0.10659832908739711,234425.0,15.532740494817062,22627.0,2.28103677217109,post_leap,3,3,0.0,0.6982758620689654,10.14898290641515,34.02177831912104,24.524505448454192,102.09834339808289,1.7391385501055585,65.98936199571659,0.0,58.894348300714924,0.0,14.723587075178731,0.0,29.447174150357462,0.0,0.0
2026-01-22,3,all_declines_transfer,35.20210720889174,315.2192651803621,350.4213723892538,0.1004565074580801,217437.0,16.1895662692604,16988.0,4.380593152517854,post_leap,3,3,0.0,0.6806722689075629,9.965455055173287,34.2053061703629,21.58629599379272,102.09183543770861,3.6503561599257295,67.02286180093216,0.0,58.894348300714924,0.0,17.668304490214474,0.0,35.33660898042895,0.0,0.0
2026-01-29,3,all_declines_transfer,29.62931615535655,323.73677364893297,353.3660898042895,0.08384878178822035,193637.0,15.301474488530886,23800.0,7.441183604422444,post_leap,3,3,0.0,0.6666666666666666,6.651436508085398,34.574607302415046,20.169234608374296,103.50889682312703,2.8086450388968567,67.86457292196104,0.0,61.839065715750664,0.0,17.668304490214474,0.0,38.281326395464696,0.0,0.0
2026-02-05,3,all_declines_transfer,28.017094590730856,328.29371262859445,356.3108072193253,0.07863105475070555,179372.0,15.61954741583461,14265.0,9.150181955031476,post_leap,3,3,0.0,0.6611570247933883,3.8111955251917786,34.47013087027292,19.711885634335253,103.96624579716607,4.494013431203821,69.12392194468983,0.0,64.78378313078642,0.0,17.668304490214474,0.0,38.281326395464696,0.0,0.0
2026-02-12,3,all_declines_transfer,26.958150703083767,338.18680876134874,365.14495946443253,0.07382862615062243,168935.0,15.957706042610333,10437.0,10.408600776288846,post_leap,3,3,0.0,0.6451612903225805,4.073346915133031,34.207979480331666,19.091340789521,104.58679064198033,3.7934629984297343,69.82447237746392,0.0,64.78378313078642,0.0,20.61302190525022,0.0,44.17076122553619,0.0,0.0
2026-02-19,3,all_declines_transfer,25.951390955713173,345.08300333879083,371.034394294504,0.06994335661268797,154821.0,16.762190501103323,14114.0,12.15837427709062,post_leap,3,3,0.0,0.6349206349206349,4.202145161260235,34.07918123420446,16.46905278815741,104.26436122830818,5.2801930062955265,71.28245978463386,0.0,67.72850054582216,0.0,20.61302190525022,0.0,47.115478640571936,0.0,0.0
2026-02-26,3,all_declines_transfer,24.18433072179956,349.7947809877402,373.9791117095397,0.06466759764000651,148798.0,16.253128887350343,6023.0,12.90525179281033,post_leap,3,3,0.0,0.6299212598425197,1.7133048697202626,33.62330411070869,17.75142070806563,105.92671072343569,4.719605144013672,71.84304764691572,0.0,67.72850054582216,0.0,23.557739320285968,0.0,47.115478640571936,0.0,0.0
2026-03-05,3,all_declines_transfer,22.64140915978386,351.3377025497559,373.9791117095397,0.06054190849399332,139917.0,16.182028745458993,8881.0,13.995477835034741,post_leap,3,3,0.0,0.6220472440944882,2.021059664264463,33.315549316164486,14.474912358393954,103.3137842430359,6.14543713712544,73.3619330688397,0.0,70.6732179608579,0.0,23.557739320285968,0.0,47.115478640571936,0.0,0.0
2026-03-12,3,all_declines_transfer,27.085181595262902,355.7280823593841,382.81326395464697,0.07075298623527257,132277.0,20.47610816337149,7640.0,14.914546042782026,post_leap,3,3,0.0,0.6230769230769231,2.470052222399787,32.86655675802916,18.5249861341776,105.15314529732373,6.090143238685519,73.41722696727963,0.0,73.61793537589365,0.0,23.557739320285968,0.0,47.115478640571936,0.0,0.0
2026-03-19,3,all_declines_transfer,43.58730980933678,377.50728054077484,421.0945903501116,0.10350954585547367,138000.0,31.58500710821506,0.0,14.839973312568114,post_leap,3,3,0.0,0.6153846153846154,5.682132241340651,32.59919415412404,22.9318234467623,106.63574281481053,14.97335412123383,76.31288574487431,0.0,79.50737020596515,0.0,26.502456735321715,0.0,55.94963088567918,0.0,0.0
2026-03-26,3,all_declines_transfer,47.92217603344011,373.1724143166715,421.0945903501116,0.11380382729114631,154628.0,30.991913517241453,0.0,14.765773446005273,post_leap,3,3,0.0,0.6153846153846154,9.082055847666622,32.14398796283382,23.207826128379704,103.41502271815737,15.632294057393784,75.65394580871435,0.0,79.50737020596515,0.0,26.502456735321715,0.0,55.94963088567918,0.0,0.0
2026-04-02,3,all_declines_transfer,41.42967563621486,382.60963212893256,424.03930776514744,0.09770244144243469,130670.0,31.70557559976648,23958.0,20.63197869114381,post_leap,3,3,0.0,0.611111111111111,5.694916591967121,32.586409803497574,20.07116245222565,106.55168639431143,15.663596592022088,78.56736068912178,0.0,79.50737020596515,0.0,26.502456735321715,0.0,58.894348300714924,0.0,0.0
2026-04-09,3,all_declines_transfer,39.842312020779346,393.03114798947536,432.8734600102547,0.0920414756308587,119643.0,33.300997150505545,11027.0,23.32575785479709,post_leap,3,3,0.0,0.6054421768707482,5.273513217918256,33.00781317754644,16.544396430617887,110.0784524159192,18.024402372243202,79.15127232393641,0.0,82.45208762100089,0.0,26.502456735321715,0.0,61.839065715750664,0.0,0.0
2026-06-18,4,all_declines_transfer,97.1756746961796,512.3808302162198,609.5565049123994,0.15942028985507242,,,0.0,0.0,pre_leap,4,3,0.13526570048309178,0.5024154589371981,35.33661477474583,35.336603186112065,47.11547284625507,126.62285464085394,5.889434830071494,103.0651095262511,8.834152245107218,106.00982694128687,0.0,38.281326395464696,0.0,91.28623986610813,0.0,11.778869660142984
2026-06-25,4,all_declines_transfer,168.04231032063757,512.1874125526197,680.2297228732573,0.24703758843532303,472376.0,35.57384590255169,0.0,0.0,pre_leap,4,3,0.18181818181818193,0.5541125541125542,23.554499434584596,35.339848866130325,100.12363199691679,126.61960896083566,35.53696589657047,102.86475261010958,8.827212992565723,106.01676619382837,0.0,38.281326395464696,0.0,94.23095728114387,0.0,8.834152245107237
2026-07-02,4,all_declines_transfer,205.90898206809078,518.4915020307028,724.4004840987935,0.28424743852049794,450911.0,45.6651051023574,0.0,0.0,pre_leap,4,3,0.18292682926829268,0.573170731707317,17.671500097927854,35.333413372715576,114.8407835786807,126.62604445425048,61.54576052258505,103.35841471941671,11.850937868897162,105.93775873253269,0.0,41.22604381050044,0.0,97.17567469617961,0.0,8.834152245107237
2026-07-09,4,all_declines_transfer,235.3943485317651,518.4533097173859,753.847658249151,0.312257186124953,431527.0,54.54915880854851,0.0,0.0,pre_leap,4,3,0.17968750000000008,0.5898437500000001,11.77412534986335,35.34135329070858,123.68287574178112,126.6181045362573,79.49870316100744,103.07377657120882,20.438644279113216,106.18420456742386,0.0,41.22604381050044,0.0,97.17567469617961,0.0,8.834152245107237
2026-07-16,4,all_declines_transfer,259.23101490155346,524.0638174979549,783.2948323995084,0.33094947672185887,412846.0,62.79121389127022,0.0,0.0,pre_leap,4,3,0.1766917293233083,0.5977443609022557,8.707537754861077,35.46322347067511,129.6941807518192,126.4962343562907,94.15157056647375,103.14449624092124,26.677725828399424,105.83455784820916,0.0,44.17076122553619,0.0,100.12039211121537,0.0,8.834152245107237
2026-07-23,4,all_declines_transfer,276.06122783493197,539.6254961299695,815.6867239649015,0.3384402611005481,399123.0,69.16695550868579,13723.0,6.893470625839211,post_leap,4,3,0.0,0.8014440433212998,5.439420548825331,35.78662326167511,126.44840132302465,129.74201378508525,106.85610586525019,105.16354801732354,37.31730009783176,106.9738532389198,0.0,44.17076122553619,0.0,106.00982694128686,0.0,11.778869660142984
2026-07-30,4,all_declines_transfer,285.63369338836634,556.555487311857,842.1891807002232,0.3391562132760733,380114.0,75.14421815254538,19009.0,17.37736053082688,post_leap,4,3,0.0,0.8006993006993008,2.3550134694146654,35.92631292605003,121.48555822630824,134.70485688180167,119.5329090362058,110.1550493365824,42.26021265643763,107.92037551038541,0.0,47.115478640571936,0.0,108.9545443563226,0.0,11.778869660142984
2026-08-06,4,all_declines_transfer,297.35292905036806,571.3387083851771,868.6916374355452,0.3422997485369841,367949.0,80.81362608686749,12165.0,24.60350903877846,post_leap,4,3,0.0,0.7966101694915253,2.9283931724067844e-12,35.33660898042602,118.55863797021917,137.63177713789074,123.50730452822533,112.07008867463436,55.286986551920656,109.61718869008112,0.0,50.06019605560768,0.0,114.8439791863941,0.0,11.778869660142984
2026-08-13,4,all_declines_transfer,306.44578867619117,588.7483054946756,895.1940941708668,0.3423232913081523,354963.0,86.33175533117287,12986.0,32.87605748049705,post_leap,4,3,0.0,0.7927631578947367,2.8361678302202993e-12,35.336608980426114,111.58994595281509,141.65575174025906,125.03167517900746,116.43515285392371,69.82416754436575,109.80359477281475,0.0,53.00491347064343,0.0,117.78869660142985,0.0,14.723587075178731
2026-08-20,4,all_declines_transfer,325.11715774904343,619.377165023114,944.4943227721574,0.3442235171883317,343054.0,94.77142308471653,11909.0,40.93667618700608,post_leap,4,3,0.0,0.7756060367575094,2.2444986612835127e-11,30.868761867938478,94.9646793168472,144.068145400779,116.35109192647639,119.32878029134315,113.8013865056974,113.17265311617678,0.0,58.38721941389031,0.0,127.04914819766462,0.0,26.502456735321715
2024-12-19,1,all_declines_full_productivity,35.33660898042943,182.57247973221575,217.90908871264517,0.1621621621621644,173213.0,20.400667952422413,0.0,0.0,pre_leap,3,3,0.16216216216216214,0.2027027027027027,30.258468974879605,69.86192313633576,5.078140005549334,97.98696952070178,4.887156867577733e-13,8.834152245106749,0.0,0.0,0.0,0.0,0.0,5.889434830071492,0.0,0.0
2024-12-26,1,all_declines_full_productivity,53.004913470644155,182.57247973221553,235.5773932028597,0.22500000000000306,340543.0,15.564822495439389,0.0,0.0,pre_leap,3,3,0.22499999999999995,0.26249999999999996,43.056731814682784,68.84252995667558,9.948181655960637,99.00636270036196,7.273038435798335e-13,8.83415224510651,0.0,0.0,0.0,0.0,0.0,5.889434830071492,0.0,0.0
2025-01-02,1,all_declines_full_productivity,64.01964688918417,180.39189855878274,244.41154544796692,0.2619338082898109,351168.0,18.23048993336072,0.0,0.0,pre_leap,3,3,0.25301204819277123,0.3012048192771086,43.93506596764803,67.96419580371033,17.903999748102674,99.88469685332717,2.180581173433474,9.59828848670951,0.0,2.944717415035746,0.0,0.0,0.0,0.0,0.0,0.0
2025-01-09,1,all_declines_full_productivity,63.767318930366365,180.64422651760054,244.41154544796692,0.26090141860316446,330152.0,19.31453358767064,0.0,0.0,pre_leap,3,3,0.25301204819277107,0.30120481927710846,41.669013218649695,67.2855311376729,20.17005249710098,100.5633615193646,1.9282532146156974,9.850616445527287,0.0,2.944717415035746,0.0,0.0,0.0,0.0,0.0,0.0
2025-01-16,1,all_declines_full_productivity,76.28767732137716,174.01330295666128,250.30098027803845,0.30478377366575055,307111.0,24.840424902194048,23041.0,4.450261683935191,post_leap,3,3,0.0,0.976470588235294,41.72967949372682,64.28014744756004,33.073260040425225,93.54958880611186,1.4847377872251155,10.294131872917868,0.0,5.889434830071492,0.0,0.0,0.0,0.0,0.0,0.0
2025-01-23,1,all_declines_full_productivity,70.13301881713639,177.22324404586627,247.35626286300266,0.28353039460326623,277133.0,25.306628520290396,29978.0,11.874672952695246,post_leap,3,3,0.0,0.9761904761904764,34.252653238722445,65.86773887249292,34.76281475935894,94.80475150221389,1.1175508190550048,10.66131884108798,0.0,5.889434830071492,0.0,0.0,0.0,0.0,0.0,0.0
2025-01-30,1,all_declines_full_productivity,73.03528799139303,180.2104097016811,253.24569769307413,0.2883969546440608,257133.0,28.403700805183714,20000.0,16.876625291989853,post_leap,3,3,0.0,0.9767441860465116,33.282106003676795,66.83828610753858,36.081148915031356,96.43113476157723,3.6720330726848793,11.051554002493852,0.0,5.889434830071492,0.0,0.0,0.0,0.0,0.0,0.0
2025-02-06,1,all_declines_full_productivity,70.58876402985345,182.65693366322068,253.24569769307413,0.27873628129866523,237813.0,29.682466488313693,19320.0,22.279837161091397,post_leap,3,3,0.0,0.9767441860465116,30.002732231387046,67.17294246479257,37.46496738192304,97.99203370972128,3.1210644165433594,11.602522658635372,0.0,5.889434830071492,0.0,0.0,0.0,0.0,0.0,0.0
2025-02-13,1,all_declines_full_productivity,67.97758061485096,185.26811707822316,253.24569769307413,0.2684254115038814,216696.0,31.370020957863073,21117.0,28.436484423623142,post_leap,3,3,0.0,0.9767441860465116,29.484904880093023,67.69076981608659,38.49267573475696,99.9090427719231,9.855027460648677e-13,11.778869660141998,0.0,5.889434830071492,0.0,0.0,0.0,0.0,0.0,0.0
2025-02-20,1,all_declines_full_productivity,72.57395455968704,189.50589537849436,262.0798499381814,0.2769154308383707,200373.0,36.21942804653673,16323.0,33.41483052245701,post_leap,3,3,0.0,0.9775280898876404,31.737756062931595,68.38263604828377,38.54775290482413,102.79868301689166,2.2884455919313154,12.435141483247415,0.0,5.889434830071492,0.0,0.0,0.0,0.0,0.0,0.0
2025-02-27,1,all_declines_full_productivity,69.35326676081644,183.8924309322577,253.24569769307413,0.27385763072220254,222293.0,31.199033150309024,0.0,33.24775636984473,post_leap,3,3,0.0,0.9767441860465116,31.317987445548432,65.85768725063119,35.86834671442628,99.58865437721803,2.1669326008417267,12.556654474337005,0.0,5.889434830071492,0.0,0.0,0.0,0.0,0.0,0.0
2025-03-06,1,all_declines_full_productivity,60.06309475427879,187.29316810872388,247.35626286300266,0.2428201900331285,202226.0,29.700975519606175,20067.0,39.342227570268015,post_leap,3,3,0.0,0.9761904761904762,24.75211812662304,66.5341217394851,33.553794098571665,101.90320699307264,1.7571825290840861,12.966404546094644,0.0,5.889434830071492,0.0,0.0,0.0,0.0,0.0,0.0
2025-03-13,1,all_declines_full_productivity,56.50444418228942,190.85181868071322,247.35626286300266,0.22843344869575505,179680.0,31.447264126385473,22546.0,45.84189837306709,post_leap,3,3,0.0,0.9761904761904762,21.23698435081436,67.10453810025803,33.948978150495655,104.45274035618439,1.3184816809793993,13.405105394199332,0.0,5.889434830071492,0.0,0.0,0.0,0.0,0.0,0.0
2025-03-20,1,all_declines_full_productivity,55.17515717391065,195.1258231041278,250.30098027803845,0.2204352420538712,163262.0,33.79546812724985,16418.0,50.77570070547171,post_leap,3,3,0.0,0.976470588235294,20.21158442507105,68.12993802600133,34.10050516012501,107.24593076159078,0.8630675887145859,13.860519486464145,0.0,5.889434830071492,0.0,0.0,0.0,0.0,0.0,0.0
2025-03-27,1,all_declines_full_productivity,49.29190208115416,201.00907819688427,250.30098027803845,0.19693051951454568,140011.0,35.20573532162056,23251.0,58.379606496211224,post_leap,3,3,0.0,0.976470588235294,16.407915530256453,68.98888950578018,32.520089919795495,111.77106341695607,0.36389663110221515,14.359690444076517,0.0,5.889434830071492,0.0,0.0,0.0,0.0,0.0,0.0
2025-04-03,1,all_declines_full_productivity,43.579955917879914,203.77630694512274,247.35626286300266,0.17618294929535103,126230.0,34.52424615216661,13781.0,62.93941084840269,post_leap,3,3,0.0,0.9761904761904762,13.377495053966681,69.0745925670342,30.1291385646794,114.16201477207215,0.07332229923383266,14.650264775944898,0.0,5.889434830071492,0.0,0.0,0.0,0.0,0.0,0.0
2025-04-10,1,all_declines_full_productivity,34.99452730509594,212.3617355579067,247.35626286300266,0.14147419151653956,110998.0,31.527169232865404,15232.0,67.88344696805869,post_leap,3,3,0.0,0.9761904761904762,9.162636647548725,70.34473355841642,23.16305678170621,121.12809655504535,2.6688338758410075,14.999470614373466,0.0,5.889434830071492,0.0,0.0,0.0,0.0,0.0,0.0
2025-04-17,1,all_declines_full_productivity,12.510490424011545,205.39859828863362,217.90908871264517,0.05741151274561577,100353.0,12.466483736421976,10645.0,70.90009689805692,post_leap,3,3,0.0,0.9324324324324325,4.2469091936233434e-13,61.83906571575024,6.8762326538712575,113.85718136259433,5.634257770139863,14.978764135110358,0.0,14.723587075178731,0.0,0.0,0.0,0.0,0.0,0.0
2025-04-24,1,all_declines_full_productivity,6.941470151040333,187.4098792413189,194.35134939235923,0.03571608930291909,75810.0,9.156404367550895,24543.0,73.60524551699667,post_leap,3,3,0.0,0.9242424242424243,1.269501039692679e-12,55.949630885677905,1.458573173242118e-12,100.1203921112139,6.9414701510376045,16.616269169248362,0.0,14.723587075178731,0.0,0.0,0.0,0.0,0.0,0.0
2025-05-01,1,all_declines_full_productivity,5.901259635987017,191.394807171408,197.296066807395,0.029910680590241892,65100.0,9.064914955433206,10710.0,74.21787019717641,post_leap,3,3,0.0,0.9253731343283582,9.823772263442908e-13,55.9496308856782,1.620948529220235e-12,103.06510952624949,5.901259635984413,17.656479684301555,0.0,14.723587075178731,0.0,0.0,0.0,0.0,0.0,0.0
2025-05-08,1,all_declines_full_productivity,5.1676258278912925,186.23900614943219,191.40663197732349,0.026998154528436177,55532.0,9.30567209517268,9568.0,74.71411190912636,post_leap,3,3,0.0,0.9230769230769231,0.1671672864010307,52.8377461842424,6.00764590111196e-13,100.12039211121477,5.00045854148966,18.557280778796308,0.0,14.723587075178731,0.0,0.0,0.0,0.0,0.0,0.0
2025-05-15,1,all_declines_full_productivity,13.617014174158864,177.78961780316462,191.40663197732349,0.07114180963056763,45589.0,29.86907844909707,9943.0,75.26580432600376,post_leap,3,3,0.0,0.9230769230769231,5.365918660928478,44.694277394679204,2.7406718343102323,97.37972027690513,5.510423678920154,20.99203305640156,0.0,14.723587075178731,0.0,0.0,0.0,0.0,0.0,0.0
2025-06-19,2,all_declines_full_productivity,57.0097319700985,216.8489876282259,273.8587195983244,0.20817205328979896,,,0.0,0.0,pre_leap,3,3,0.20430107526881724,0.30107526881720437,51.38526006732348,60.514001704034875,4.564370818355705,113.22432578307414,1.0601010844193204,25.442355650902396,0.0,17.668304490214474,0.0,0.0,0.0,0.0,0.0,0.0
2025-06-26,2,all_declines_full_productivity,105.16500236899145,221.69863069997638,326.86363306896783,0.32173968508390705,650456.0,16.16788873789948,0.0,0.0,pre_leap,3,3,0.31531531531531526,0.39639639639639634,64.48932386781907,59.18880756368226,38.57578565843204,114.54951992342674,2.0998928427403487,24.402563892581366,0.0,20.61302190525022,0.0,0.0,0.0,2.944717415035746,0.0,0.0
2025-07-03,2,all_declines_full_productivity,126.86929760260143,214.71792254154514,341.58722014414656,0.3714111363682277,619598.0,20.47606635311951,0.0,0.0,pre_leap,3,3,0.3534482758620689,0.4396551724137931,59.95650285346548,57.83219374796437,60.7769111630001,115.90613373914465,6.135883586135856,23.311290564221608,0.0,17.668304490214474,0.0,0.0,0.0,0.0,0.0,0.0
2025-07-10,2,all_declines_full_productivity,142.6870992609705,219.51314278842625,362.20024204939676,0.393945344855708,563148.0,25.337406731617712,0.0,0.0,pre_leap,3,3,0.37398373983739835,0.45528455284552843,55.70595813683631,56.193303634522046,79.75104295480801,117.54502385258698,7.230098169326195,22.217075981031268,0.0,20.61302190525022,0.0,0.0,0.0,2.944717415035746,0.0,0.0
2025-07-17,2,all_declines_full_productivity,182.80085363141504,202.9571277382677,385.75798136968274,0.4738744561612371,531711.0,34.379738924230466,31437.0,7.9653205542186605,post_leap,3,3,0.0,0.9312977099236641,51.069872330119594,54.939954611167266,120.93170494448316,99.92210118319778,10.79927635681228,21.59261520858093,0.0,20.61302190525022,0.0,0.0,0.0,5.889434830071492,0.0,0.0
2025-07-24,2,all_declines_full_productivity,186.81252859943982,204.8348876003144,391.6474161997542,0.47699160232467547,503401.0,37.11008293575893,28310.0,17.65839804089721,post_leap,3,3,0.0,0.9323308270676691,41.56133903084773,55.61433566533188,128.13080096582397,101.55715740696422,17.120388602768124,21.160937792696572,0.0,17.668304490214474,0.0,2.944717415035746,0.0,5.889434830071492,0.0,0.0
2025-07-31,2,all_declines_full_productivity,184.0502082315044,213.4866427983213,397.5368510298257,0.46297647062082253,471778.0,39.012037066481355,31623.0,29.305427577467768,post_leap,3,3,0.0,0.925925925925926,35.062128986013576,56.22411088009456,131.80670568547964,106.7154049324158,17.181373560011203,21.099952835453493,0.0,20.61302190525022,0.0,0.0,0.0,8.834152245107237,0.0,0.0
2025-08-07,2,all_declines_full_productivity,181.81811389861554,218.66345454624593,400.48156844486147,0.4539987061193513,439788.0,41.3422180456528,31990.0,41.638851097147814,post_leap,3,3,0.0,0.9264705882352942,28.854642239741384,56.54216279629526,130.07719894866852,111.38962908426265,22.886272710205606,21.284488515330583,0.0,17.668304490214474,0.0,2.944717415035746,0.0,8.834152245107237,0.0,0.0
2025-08-14,2,all_declines_full_productivity,177.98019286431938,228.39081041061362,406.371003274933,0.4379746375356061,410441.0,43.3631612982912,29347.0,53.5633575715198,post_leap,3,3,0.0,0.9130434782608694,26.004470217109656,56.44761740389123,129.52588365573015,114.88566179223676,22.44983899147956,21.72092223405663,0.0,23.557739320285968,0.0,0.0,0.0,11.778869660142984,0.0,0.0
2025-08-21,2,all_declines_full_productivity,181.80778085226615,238.29238242761818,420.1001632798843,0.4327724593887861,388357.0,46.81460121802005,22084.0,62.87186132477684,post_leap,3,3,0.0,0.9035090708062442,21.484238069107736,55.68766660079457,123.61478473721456,120.29626089301621,36.70875804594385,21.772599824482825,0.0,27.54539315799444,0.0,5.441492955628173,0.0,7.548968995701999,0.0,0.0
2025-08-28,2,all_declines_full_productivity,173.58753404948496,250.45177371566248,424.03930776514744,0.4093666102898785,356370.0,48.709917795966255,31987.0,77.53208850976101,post_leap,3,3,0.0,0.8888888888888888,18.317902893880937,55.30003248201271,117.05507341866068,124.41175461427049,38.214557736943334,23.62450797880733,0.0,32.39189156539321,0.0,0.0,0.0,14.723587075178731,0.0,0.0
2025-09-04,2,all_declines_full_productivity,166.19384521548483,254.9007451346268,421.0945903501116,0.3946710525948716,332895.0,49.92380336607184,23475.0,88.57908126981529,post_leap,3,3,0.0,0.8881118881118882,16.187232284772115,54.48598567608578,107.45925884819785,128.11813435466183,42.547354082514865,25.181146463307293,0.0,32.39189156539321,0.0,2.944717415035746,0.0,11.778869660142984,0.0,0.0
2025-09-11,2,all_declines_full_productivity,153.13479542140166,265.0150775136743,418.14987293507596,0.3662198779268268,309117.0,49.53942857280631,23778.0,100.00706782785078,post_leap,3,3,0.0,0.880281690140845,14.159614358098919,53.56888618772324,98.21052656766713,134.4221492201568,40.764654495635625,26.963846050186532,0.0,32.39189156539321,0.0,5.889434830071492,0.0,11.778869660142984,0.0,0.0
2025-09-18,2,all_declines_full_productivity,130.62169585801445,290.47289449209717,421.0945903501116,0.31019561602397067,288952.0,45.20532678715304,20165.0,109.49665826041792,post_leap,3,3,0.0,0.8671328671328673,12.13757932024092,52.6462038105455,73.552089135801,153.19115182195145,44.93202740197253,28.68590797392112,0.0,38.281326395464696,0.0,5.889434830071492,0.0,11.778869660142984,0.0,0.0
2025-09-25,2,all_declines_full_productivity,101.71368022953577,292.8784533852542,394.59213361479,0.2577691534236996,240758.0,42.24726913728132,48194.0,130.73543016091637,post_leap,3,3,0.0,0.8656716417910447,6.513338752505908,52.381009548209015,59.39948176241916,152.62017212015456,35.80085971461071,34.87235824624719,0.0,35.33660898042895,0.0,5.889434830071492,0.0,11.778869660142984,0.0,0.0
2025-10-02,2,all_declines_full_productivity,92.497188453842,296.20551033087645,388.70269878471845,0.23796384420029773,216580.0,42.70809329293656,24178.0,140.29629774212367,post_leap,3,3,0.0,0.856060606060606,4.922238520708694,51.02739236497048,54.31953588266345,151.81068316983877,33.25541405046985,37.417803910388045,0.0,35.33660898042895,0.0,5.889434830071492,0.0,14.723587075178731,0.0,0.0
2025-10-09,2,all_declines_full_productivity,88.68721313810275,297.07076823158,385.75798136968274,0.22990376718378588,198964.0,44.57450249195973,17616.0,147.11827396789673,post_leap,3,3,0.0,0.8549618320610687,6.373395224346325,49.57623566133285,47.804609687261575,152.43617453516916,34.50920822649484,39.10872714939881,0.0,38.281326395464696,0.0,5.889434830071492,0.0,11.778869660142984,0.0,0.0
2025-10-16,2,all_declines_full_productivity,67.88448274721797,309.0393463773575,376.9238291245755,0.1801013295043805,185308.0,36.63332546205127,13656.0,152.46977665835928,post_leap,3,3,0.0,0.8437500000000001,5.013052141670777,47.991861328972654,29.709896797771123,161.69673517955238,33.161533807776074,40.45640156811758,0.0,38.281326395464696,0.0,5.889434830071492,0.0,14.723587075178731,0.0,0.0
2025-10-23,2,all_declines_full_productivity,23.765982789077793,297.2082154498185,320.9741982388963,0.07404328110943399,169443.0,14.02594547374503,15865.0,157.5193048596219,post_leap,3,3,0.0,0.7706422018348624,7.889164943233314e-13,44.1707612255354,6.508090391048606e-12,138.40171850667355,23.765982789070495,41.017800341715926,0.0,47.115478640571936,0.0,8.834152245107237,0.0,17.668304490214474,0.0,0.0
2025-10-30,2,all_declines_full_productivity,21.850339146904105,278.510837186742,300.3611763336461,0.07274688231555064,150125.0,14.554763794773757,19318.0,159.4412404819419,post_leap,3,3,0.0,0.7549019607843137,6.432420153518927e-12,41.22604381049401,1.2424536171975608e-11,120.73341401645317,21.850339146885247,42.93344398390117,0.0,47.115478640571936,0.0,8.834152245107237,0.0,17.668304490214474,0.0,0.0
2025-11-06,2,all_declines_full_productivity,20.734550870352617,276.68190804825775,297.4164589186104,0.06971554615955783,134699.0,15.393247812049545,15426.0,160.88925214251395,post_leap,3,3,0.0,0.7425742574257423,0.06980370733093114,41.15624010316951,9.46836364587071e-12,114.84397918638463,20.66474716301222,44.119035967774195,0.0,50.06019605560768,0.0,8.834152245107237,0.0,17.668304490214474,0.0,0.0
2025-11-13,2,all_declines_full_productivity,19.981200807958345,280.37997552568777,300.3611763336461,0.0665239131496905,118308.0,16.889137512220938,16391.0,162.60791313067443,post_leap,3,3,0.0,0.7352941176470589,2.4629302027207745,35.81839619274392,6.582432320269806e-11,117.78869660136402,17.518270605171747,47.26551252561467,0.0,47.115478640571936,0.0,11.778869660142984,0.0,20.61302190525022,0.0,0.0
2025-12-18,3,all_declines_full_productivity,14.723587075178923,282.6928718434315,297.4164589186104,0.049504950495050146,,,0.0,0.0,pre_leap,3,3,0.04950495049504959,0.2475247524752476,14.72358707517875,35.336608980428935,2.9366139502295955e-15,103.0651095262511,1.7014640558791236e-13,58.89434830071475,0.0,53.00491347064343,0.0,11.778869660142984,0.0,20.61302190525022,0.0,0.0
2025-12-25,3,all_declines_full_productivity,29.890347925143562,288.13913289871704,318.0294808238606,0.09398609162808469,289845.0,10.312528394536239,0.0,0.0,pre_leap,3,3,0.09259259259259268,0.28703703703703715,18.70206997632195,34.30284349432148,10.745104174035541,104.09887501235855,0.4431737747860728,61.39589194096459,0.0,53.00491347064343,0.0,11.778869660142984,0.0,23.557739320285968,0.0,0.0
2026-01-01,3,all_declines_full_productivity,35.93404638282176,287.9848692711103,323.91891565393206,0.11093531327208109,283614.0,12.670053799467503,0.0,0.0,pre_leap,3,3,0.1000000000000001,0.3000000000000001,19.1646145187637,33.84029895187973,13.22727704662954,104.56141955480031,3.5421548174285222,61.24162831335789,0.0,53.00491347064343,0.0,11.778869660142984,0.0,23.557739320285968,0.0,0.0
2026-01-08,3,all_declines_full_productivity,36.26915382199994,290.59447924696786,326.86363306896783,0.11096111696937296,257052.0,14.109656342685504,0.0,0.0,pre_leap,3,3,0.09909909909909913,0.29729729729729737,13.811720286864784,33.30375835370715,18.580171278528432,105.09796015297289,3.8772622566067256,60.90652087417969,0.0,55.94963088567918,0.0,11.778869660142984,0.0,23.557739320285968,0.0,0.0
2026-01-15,3,all_declines_full_productivity,40.57208214650329,301.01513799764325,341.58722014414656,0.11877517586689063,234425.0,17.307062875761243,22627.0,3.192591940659449,post_leap,3,3,0.0,0.6982758620689654,10.652824007420083,33.5179372181161,23.345645839969066,103.27720300656802,6.573612299114147,61.15488824670801,0.0,58.894348300714924,0.0,14.723587075178731,0.0,29.447174150357462,0.0,0.0
2026-01-22,3,all_declines_full_productivity,39.576338640558376,310.8450337486954,350.4213723892538,0.1129392832712165,217437.0,18.20128986352754,16988.0,6.116752822290473,post_leap,3,3,0.0,0.6806722689075629,10.446232740653334,33.72452848488285,19.97084875913733,103.707282672364,9.159257140767703,61.51396082009019,0.0,58.894348300714924,0.0,17.668304490214474,0.0,35.33660898042895,0.0,0.0
2026-01-29,3,all_declines_full_productivity,33.86271134697657,319.5033784573129,353.3660898042895,0.0958289782863186,193637.0,17.487727731258268,23800.0,10.418076045698573,post_leap,3,3,0.0,0.6666666666666666,7.027138962922318,34.19890484757813,18.134836259661377,105.54329517183996,8.700736124392872,61.97248183646502,0.0,61.839065715750664,0.0,17.668304490214474,0.0,38.281326395464696,0.0,0.0
2026-02-05,3,all_declines_full_productivity,32.560073142509424,323.7507340768159,356.3108072193253,0.0913810989810007,179372.0,18.15226074443582,14265.0,12.860610026334074,post_leap,3,3,0.0,0.6611570247933883,4.2248978167013025,34.056428578763395,17.36932830657356,106.30880312492776,10.965847019234557,62.65208835665909,0.0,64.78378313078642,0.0,17.668304490214474,0.0,38.281326395464696,0.0,0.0
2026-02-12,3,all_declines_full_productivity,31.966377708677996,333.1785817557545,365.14495946443253,0.08754434884042737,168935.0,18.922294201129425,10437.0,14.690858430099166,post_leap,3,3,0.0,0.6451612903225805,4.5842177138957245,33.69710868156897,16.488869367728388,107.18926206377294,10.893290627053881,62.72464474883977,0.0,64.78378313078642,0.0,20.61302190525022,0.0,44.17076122553619,0.0,0.0
2026-02-19,3,all_declines_full_productivity,31.18311954867934,339.8512747458247,371.034394294504,0.08404374372885798,154821.0,20.141401714676523,14114.0,17.28809674149608,post_leap,3,3,0.0,0.6349206349206349,4.764814906714934,33.516511488749764,13.632532216797074,107.10088179966851,12.785772425167332,63.77688036576206,0.0,67.72850054582216,0.0,20.61302190525022,0.0,47.115478640571936,0.0,0.0
2026-02-26,3,all_declines_full_productivity,30.029060994140465,343.95005071539924,373.9791117095397,0.08029609155674794,148798.0,20.1810918118123,6023.0,18.41477288306357,post_leap,3,3,0.0,0.6299212598425197,2.386899747325724,32.94970923310323,14.693238992725085,108.98489243877624,12.948922254089656,63.61373053683974,0.0,67.72850054582216,0.0,23.557739320285968,0.0,47.115478640571936,0.0,0.0
2026-03-05,3,all_declines_full_productivity,28.886349018424827,345.0927626911149,373.9791117095397,0.07724054128686239,139917.0,20.64534618268318,8881.0,20.1149817824553,post_leap,3,3,0.0,0.6220472440944882,2.7965852016924075,32.54002377873654,11.20202101920813,106.58667558222172,14.887742797524291,64.61962740844085,0.0,70.6732179608579,0.0,23.557739320285968,0.0,47.115478640571936,0.0,0.0
2026-03-12,3,all_declines_full_productivity,33.58243682522063,349.23082712942636,382.81326395464697,0.0877253741897492,132277.0,25.38796376181848,7640.0,21.591711321900014,post_leap,3,3,0.0,0.6230769230769231,3.3238908568477727,32.01271812358117,14.969045283822787,108.70908614767853,15.289500684550072,64.21786952141507,0.0,73.61793537589365,0.0,23.557739320285968,0.0,47.115478640571936,0.0,0.0
2026-03-19,3,all_declines_full_productivity,50.97399614005571,370.1205942100559,421.0945903501116,0.12105117783079163,138000.0,36.93767836235921,0.0,21.483752765290514,post_leap,3,3,0.0,0.6153846153846154,6.685966268119335,31.59536012734536,19.141704159368867,110.42586210220396,25.146325712567506,66.13991415354063,0.0,79.50737020596515,0.0,26.502456735321715,0.0,55.94963088567918,0.0,0.0
2026-03-26,3,all_declines_full_productivity,56.31750328946892,364.7770870606427,421.0945903501116,0.13374074276908837,154628.0,36.42128417199273,0.0,21.376334001464066,post_leap,3,3,0.0,0.6153846153846154,10.253647173911792,30.97239663658865,19.170527110207512,107.45232173632957,26.89332900534961,64.39291086075852,0.0,79.50737020596515,0.0,26.502456735321715,0.0,55.94963088567918,0.0,0.0
2026-04-02,3,all_declines_full_productivity,47.677312048241205,376.3619957169062,424.03930776514744,0.11243606707010073,130670.0,36.486808026510445,23958.0,29.995263593382766,post_leap,3,3,0.0,0.611111111111111,6.563563759156632,31.717762636308063,15.376784568225649,111.24606427831144,25.736963720858924,68.49399356028495,0.0,79.50737020596515,0.0,26.502456735321715,0.0,58.894348300714924,0.0,0.0
2026-04-09,3,all_declines_full_productivity,41.94409823749433,390.92936177276033,432.8734600102547,0.09689690432049283,119643.0,35.05771189078703,11027.0,33.86868759649916,post_leap,3,3,0.0,0.6054421768707482,5.6206570362285975,32.660669359236095,8.392137515568725,118.23071133096836,27.931303685697014,69.2443710104826,0.0,82.45208762100089,0.0,26.502456735321715,0.0,61.839065715750664,0.0,0.0
2026-06-18,4,all_declines_full_productivity,97.17567469617956,512.3808302162199,609.5565049123994,0.15942028985507237,,,0.0,0.0,pre_leap,4,3,0.13526570048309178,0.5024154589371981,35.336609742779146,35.33660821807875,47.115477878221704,126.62284960888732,5.889434830071494,103.0651095262511,8.83415224510722,106.00982694128687,0.0,38.281326395464696,0.0,91.28623986610813,0.0,11.778869660142984
2026-06-25,4,all_declines_full_productivity,168.0406435671382,512.1890793061191,680.2297228732573,0.2470351381550084,472376.0,35.57349305788994,0.0,0.0,pre_leap,4,3,0.18181818181818193,0.5541125541125542,23.554511368328868,35.339836932386056,100.12362006317252,126.61962089457992,35.53578730668909,102.86593119999097,8.826724828947698,106.01725435744639,0.0,38.281326395464696,0.0,94.23095728114387,0.0,8.834152245107237
2026-07-02,4,all_declines_full_productivity,205.91098666092918,518.4894974378643,724.4004840987935,0.2842502057644223,450911.0,45.6655496674353,0.0,0.0,pre_leap,4,3,0.18292682926829268,0.573170731707317,17.671557160456437,35.33335631018699,114.84072651615213,126.62610151677904,61.547416293314186,103.35675894868758,11.851286691006422,105.93740991042343,0.0,41.22604381050044,0.0,97.17567469617961,0.0,8.834152245107237
2026-07-09,4,all_declines_full_productivity,235.41081382928763,518.4368444198633,753.847658249151,0.31227902780256833,431527.0,54.5529743977289,0.0,0.0,pre_leap,4,3,0.17968750000000008,0.5898437500000001,11.773111466652773,35.342367173919165,123.68388962499166,126.61709065304676,79.51231543126933,103.06016430094694,20.441497306373872,106.1813515401632,0.0,41.22604381050044,0.0,97.17567469617961,0.0,8.834152245107237
2026-07-16,4,all_declines_full_productivity,259.21890570815617,524.0759266913523,783.2948323995084,0.3309340174172696,412846.0,62.788280789484745,0.0,0.0,pre_leap,4,3,0.1766917293233083,0.5977443609022557,8.666933736626405,35.503827488909785,129.73478477005384,126.45563033805607,94.1383055171475,103.15776129024749,26.67888168432845,105.83340199228013,0.0,44.17076122553619,0.0,100.12039211121537,0.0,8.834152245107237
2026-07-23,4,all_declines_full_productivity,274.22492304555846,541.461800919343,815.6867239649015,0.3361890232963485,399123.0,68.70687057512558,13723.0,8.616435772740992,post_leap,4,3,0.0,0.8014440433212998,5.314435457782323,35.91160835271812,125.56798452961209,130.6224305784978,106.21225572301678,105.80739815955694,37.13024733514727,107.1609060016043,0.0,44.17076122553619,0.0,106.00982694128686,0.0,11.778869660142984
2026-07-30,4,all_declines_full_productivity,281.4087905778199,560.7803901224033,842.1891807002232,0.3341396411004088,380114.0,74.03273506837945,19009.0,21.633842621502907,post_leap,4,3,0.0,0.8006993006993008,2.2053739515859947,36.0759524438787,119.50874674462753,136.68166836348237,117.9493088841829,111.73864948860529,41.74536099742349,108.43522716939955,0.0,47.115478640571936,0.0,108.9545443563226,0.0,11.778869660142984
2026-08-06,4,all_declines_full_productivity,291.49487171948635,577.1967657160588,868.6916374355452,0.3355562079312805,367949.0,79.22154203965395,12165.0,30.531755629463753,post_leap,4,3,0.0,0.7966101694915253,2.4680117986696657e-12,35.33660898042648,115.81183505871965,140.37858004939025,121.17832043479306,114.39907276806663,54.50471622597121,110.39945901603056,0.0,50.06019605560768,0.0,114.8439791863941,0.0,11.778869660142984
2026-08-13,4,all_declines_full_productivity,298.76784499799555,596.4262491728713,895.1940941708668,0.3337464433059244,354963.0,84.1687288528651,12986.0,40.666806300585904,post_leap,4,3,0.0,0.7927631578947367,2.3626502007170807e-12,35.33660898042658,108.13800675103869,145.10769094203548,121.93755501637116,119.52927301656001,68.69228323058336,110.93547908659714,0.0,53.00491347064343,0.0,117.78869660142985,0.0,14.723587075178731
2026-08-20,4,all_declines_full_productivity,315.69225961539144,628.8020631567659,944.4943227721574,0.3342447402847403,343054.0,92.02407189987333,11909.0,50.48712618817067,post_leap,4,3,0.0,0.7756060367575094,1.5686224770694517e-11,30.86876186794524,90.90234166925792,148.13048304836826,112.54274205770697,123.13713016011256,112.24717588841087,114.7268637334633,0.0,58.38721941389031,0.0,127.04914819766462,0.0,26.502456735321715
2024-12-19,1,full_productivity_retained,35.33660898042894,182.57247973221624,217.90908871264517,0.16216216216216214,173213.0,20.40066795242213,0.0,0.0,pre_leap,3,3,0.16216216216216214,0.2027027027027027,30.035932448118274,70.08445966309709,5.3006765323106695,97.76443299394043,0.0,8.834152245107237,0.0,0.0,0.0,0.0,0.0,5.889434830071492,0.0,0.0
2024-12-26,1,full_productivity_retained,53.00491347064342,182.57247973221627,235.5773932028597,0.22499999999999995,340543.0,15.564822495439174,0.0,0.0,pre_leap,3,3,0.22499999999999995,0.26249999999999996,42.60115925317437,69.29810251818398,10.403754217469045,98.55079013885356,0.0,8.834152245107237,0.0,0.0,0.0,0.0,0.0,5.889434830071492,0.0,0.0
2025-01-02,1,full_productivity_retained,63.38099605777068,181.03054939019623,244.41154544796692,0.2593207941204395,351168.0,18.04862517591884,0.0,0.0,pre_leap,3,3,0.25301204819277123,0.3012048192771086,43.244476400424006,68.65478537093435,18.594589315326697,99.19410728610315,1.5419303420199748,10.23693931812301,0.0,2.944717415035746,0.0,0.0,0.0,0.0,0.0,0.0
2025-01-09,1,full_productivity_retained,62.819718008142836,181.59182743982407,244.41154544796692,0.25702434757328846,330152.0,19.027513996020872,0.0,0.0,pre_leap,3,3,0.25301204819277107,0.30120481927710846,40.80340405073264,68.15114030558996,21.03566166501803,99.69775235144756,0.9806522923921701,10.798217367750814,0.0,2.944717415035746,0.0,0.0,0.0,0.0,0.0,0.0
2025-01-16,1,full_productivity_retained,69.91205971313931,180.38892056489914,250.30098027803845,0.27931196927586877,307111.0,22.76442710067022,11520.5,2.1920647499115846,post_leap,3,3,0.0,0.976470588235294,39.513281098387466,66.4965458428994,29.997442332274975,96.62540651426211,0.4013362824768613,11.377533377666122,0.0,5.889434830071492,0.0,0.0,0.0,0.0,0.0,0.0
2025-01-23,1,full_productivity_retained,65.57397694233649,181.78228592066617,247.35626286300266,0.26509931943245113,277133.0,23.66155490047612,14989.0,5.593264404281484,post_leap,3,3,0.0,0.9761904761904764,33.280490157856626,66.83990195335875,32.29348678447985,97.27407947709298,0.0,11.778869660142984,0.0,5.889434830071492,0.0,0.0,0.0,0.0,0.0,0.0
2025-01-30,1,full_productivity_retained,69.47752422737811,183.768173465696,253.24569769307413,0.27434829045578774,257133.0,27.020072968999745,10000.0,7.931453572307691,post_leap,3,3,0.0,0.9767441860465116,32.85956353275193,67.26082857846345,34.21971344949461,98.29257022711397,2.3982472451315724,12.32533983004716,0.0,5.889434830071492,0.0,0.0,0.0,0.0,0.0,0.0
2025-02-06,1,full_productivity_retained,68.16350521614872,185.0821924769254,253.24569769307413,0.26915957837420307,237813.0,28.662648894782336,9660.0,10.501935353251527,post_leap,3,3,0.0,0.9767441860465116,30.08724891685375,67.08842577932586,36.26140847915181,99.1955926124925,1.81484782014316,12.90873925503557,0.0,5.889434830071492,0.0,0.0,0.0,0.0,0.0,0.0
2025-02-13,1,full_productivity_retained,68.04202521287183,185.2036724802023,253.24569769307413,0.26867988610545573,216696.0,31.399760592199133,10558.5,13.47577146004086,post_leap,3,3,0.0,0.9767441860465116,30.029000385442355,67.14667431073725,38.01302482742948,100.38869367925057,0.0,11.778869660142984,0.0,5.889434830071492,0.0,0.0,0.0,0.0,0.0,0.0
2025-02-20,1,full_productivity_retained,71.76587156678619,190.3139783713952,262.0798499381814,0.27383208431977546,200373.0,35.81613868474604,8161.5,15.97108406347299,post_leap,3,3,0.0,0.9775280898876404,32.42357387199314,67.69681823922222,38.44143250322622,102.90500341848957,0.9008651915668348,13.822721883611896,0.0,5.889434830071492,0.0,0.0,0.0,0.0,0.0,0.0
2025-02-27,1,full_productivity_retained,67.53627640969864,185.7094212833755,253.24569769307413,0.2666828184048777,222293.0,30.381647829530685,0.0,15.891228643155625,post_leap,3,3,0.0,0.9767441860465116,31.562257488773724,65.61341720740589,35.52684693158139,99.93015416006293,0.44717198934353647,14.276415085835195,0.0,5.889434830071492,0.0,0.0,0.0,0.0,0.0,0.0
2025-03-06,1,full_productivity_retained,59.59570298744347,187.76055987555918,247.35626286300266,0.2409306410828592,202226.0,29.469852040510848,10033.5,18.860115134915805,post_leap,3,3,0.0,0.9761904761904762,25.59465489516138,65.69158497094675,34.00104809228209,101.45595299936222,0.0,14.723587075178731,0.0,5.889434830071492,0.0,0.0,0.0,0.0,0.0,0.0
2025-03-13,1,full_productivity_retained,57.73901163733511,189.61725122566753,247.35626286300266,0.2334244986120026,179680.0,32.13435643217671,11273.0,22.087950979768017,post_leap,3,3,0.0,0.9761904761904762,22.516447109178404,65.82507534189398,35.22256452815672,103.17915397852335,0.0,14.723587075178731,0.0,5.889434830071492,0.0,0.0,0.0,0.0,0.0,0.0
2025-03-20,1,full_productivity_retained,57.90380491123083,192.39717536680763,250.30098027803845,0.23133670849754695,163262.0,35.46679871080278,8209.0,24.615420544386563,post_leap,3,3,0.0,0.976470588235294,21.743416892737358,66.59810555833502,36.160388018493464,105.18604790322233,0.0,14.723587075178731,0.0,5.889434830071492,0.0,0.0,0.0,0.0,0.0,0.0
2025-03-27,1,full_productivity_retained,53.33665607367346,196.964324204365,250.30098027803845,0.21309008064781138,140011.0,38.09461833261205,11625.5,28.61553612578901,post_leap,3,3,0.0,0.976470588235294,18.068384067382073,67.32842096865457,35.26827200629138,109.02288133046018,0.0,14.723587075178731,0.0,5.889434830071492,0.0,0.0,0.0,0.0,0.0,0.0
2025-04-03,1,full_productivity_retained,48.54113671478642,198.81512614821622,247.35626286300266,0.19623977235486756,126230.0,38.45451692528434,6890.5,31.097368121368696,post_leap,3,3,0.0,0.9761904761904762,14.96551812044721,67.48656950055367,33.575618594339204,110.71553474241236,0.0,14.723587075178731,0.0,5.889434830071492,0.0,0.0,0.0,0.0,0.0,0.0
2025-04-10,1,full_productivity_retained,38.37167835675083,208.98458450625182,247.35626286300266,0.15512717532445433,110998.0,34.56970247819855,7616.0,33.870577289791505,post_leap,3,3,0.0,0.9761904761904762,10.369563981886056,69.13780622407909,27.49062393715796,116.8005293995936,0.5114904377068142,17.15681405250766,0.0,5.889434830071492,0.0,0.0,0.0,0.0,0.0,0.0
2025-04-17,1,full_productivity_retained,14.696787262129806,203.21230145051535,217.90908871264517,0.06744458135709214,100353.0,14.645090094097643,5322.5,35.54119681774466,post_leap,3,3,0.0,0.9324324324324325,0.0,61.839065715750664,11.077067821193548,109.65634619527204,3.6197194409362594,16.993302464313963,0.0,14.723587075178731,0.0,0.0,0.0,0.0,0.0,0.0
2025-04-24,1,full_productivity_retained,5.572149882453186,188.77919950990605,194.35134939235923,0.028670497528700208,75810.0,7.3501515399725434,12271.5,37.16066306455314,post_leap,3,3,0.0,0.9242424242424243,0.0,55.94963088567918,0.0,100.12039211121537,5.572149882453186,17.985589437832783,0.0,14.723587075178731,0.0,0.0,0.0,0.0,0.0,0.0
2025-05-01,1,full_productivity_retained,4.76683235322134,192.52923445417366,197.296066807395,0.02416080781719198,65100.0,7.322323123227864,5355.0,37.36846036419589,post_leap,3,3,0.0,0.9253731343283582,0.0,55.94963088567918,0.0,103.0651095262511,4.76683235322134,18.79090696706463,0.0,14.723587075178731,0.0,0.0,0.0,0.0,0.0,0.0
2025-05-08,1,full_productivity_retained,4.509461623540176,186.8971703537833,191.40663197732349,0.023559589220891915,55532.0,8.120474003349736,4784.0,37.53191800059014,post_leap,3,3,0.0,0.9230769230769231,0.0,53.00491347064343,0.0,100.12039211121537,4.509461623540176,19.048277696745792,0.0,14.723587075178731,0.0,0.0,0.0,0.0,0.0,0.0
2025-05-15,1,full_productivity_retained,8.35916191815363,183.04747005916985,191.40663197732349,0.04367226898984339,45589.0,18.335918572799645,4971.5,37.747967775663724,post_leap,3,3,0.0,0.9230769230769231,0.0,50.06019605560768,0.0,100.12039211121537,8.35916191815363,18.143294817168083,0.0,14.723587075178731,0.0,0.0,0.0,0.0,0.0,0.0
2025-06-19,2,full_productivity_retained,55.94963088567919,217.9090887126452,273.8587195983244,0.20430107526881724,,,0.0,0.0,pre_leap,3,3,0.20430107526881724,0.30107526881720437,51.06291066861214,60.836351102746214,4.886720217067051,112.9019763843628,0.0,26.502456735321715,0.0,17.668304490214474,0.0,0.0,0.0,0.0,0.0,0.0
2025-06-26,2,full_productivity_retained,103.06510952625109,223.79852354271674,326.86363306896783,0.31531531531531526,650456.0,15.845054780992273,0.0,0.0,pre_leap,3,3,0.31531531531531526,0.39639639639639634,63.84584401026735,59.83228742123398,39.21926551598375,113.90604006587503,2.755011817611093e-15,26.50245673532171,0.0,20.61302190525022,0.0,0.0,0.0,2.944717415035746,0.0,0.0
2025-07-03,2,full_productivity_retained,122.49998558997434,219.0872345541722,341.58722014414656,0.3586199317945224,619598.0,19.770881376307596,0.0,0.0,pre_leap,3,3,0.3534482758620689,0.4396551724137931,58.98313556475826,58.80556103667159,61.75027845170733,114.93276645043743,1.766571573508759,27.680602576848703,0.0,17.668304490214474,0.0,0.0,0.0,0.0,0.0,0.0
2025-07-10,2,full_productivity_retained,136.84765132633618,225.3525907230606,362.20024204939676,0.3778231912602448,563148.0,24.300477197173066,0.0,0.0,pre_leap,3,3,0.37398373983739835,0.45528455284552843,53.96552583790463,57.933735933453725,81.4914752537397,115.8045915536553,1.390650234691881,28.05652391566558,0.0,20.61302190525022,0.0,0.0,0.0,2.944717415035746,0.0,0.0
2025-07-17,2,full_productivity_retained,175.98606107184537,209.77192029783737,385.75798136968274,0.4562084767422945,531711.0,33.09806663240847,15718.5,3.819670508237649,post_leap,3,3,0.0,0.9312977099236641,50.18364703769112,55.826179903595744,121.95566339430324,98.8981427333777,3.8467506398510167,28.545140925542192,0.0,20.61302190525022,0.0,0.0,0.0,5.889434830071492,0.0,0.0
2025-07-24,2,full_productivity_retained,183.30698472273357,208.34043147702064,391.6474161997542,0.46804083760185067,503401.0,36.413710883119734,14155.0,8.48560348751388,post_leap,3,3,0.0,0.9323308270676691,41.59114968485445,55.58452501132516,132.51215177270154,97.17580660008664,9.203683265177583,29.077643130287115,0.0,17.668304490214474,0.0,2.944717415035746,0.0,5.889434830071492,0.0,0.0
2025-07-31,2,full_productivity_retained,184.68341645814075,212.85343457168494,397.5368510298257,0.46456929962521804,471778.0,39.146254479467196,15811.5,14.200729366360786,post_leap,3,3,0.0,0.925925925925926,35.9194518720897,55.36678799401843,140.15716444584302,98.36494617205241,8.606800140208025,29.674526255256673,0.0,20.61302190525022,0.0,0.0,0.0,8.834152245107237,0.0,0.0
2025-08-07,2,full_productivity_retained,186.13261389440763,214.34895455045384,400.48156844486147,0.46477198592982055,439788.0,42.323258909840106,15995.0,20.391169123519763,post_leap,3,3,0.0,0.9264705882352942,30.383219942846264,55.01358509319037,142.00805765833854,99.45877037459263,13.741336293222819,30.42942493231337,0.0,17.668304490214474,0.0,2.944717415035746,0.0,8.834152245107237,0.0,0.0
2025-08-14,2,full_productivity_retained,184.3443664032117,222.0266368717213,406.371003274933,0.45363563078464114,410441.0,44.9137309389685,14673.5,26.499516674037547,post_leap,3,3,0.0,0.9130434782608694,27.947079871797985,54.5050077492029,143.47309717300737,100.93844827495954,12.924189358406327,31.246571867129862,0.0,23.557739320285968,0.0,0.0,0.0,11.778869660142984,0.0,0.0
2025-08-21,2,full_productivity_retained,193.78960822164763,226.3105550582367,420.1001632798843,0.4612938179044189,388357.0,49.89986229722848,11042.0,31.326393260948265,post_leap,3,3,0.0,0.9035090708062442,23.575905221872727,53.59599944802957,143.64411833575943,100.26692729447134,26.569584664015455,31.911773206411223,0.0,27.54539315799444,0.0,5.441492955628173,0.0,7.548968995701999,0.0,0.0
2025-08-28,2,full_productivity_retained,188.34206231274067,235.69724545240678,424.03930776514744,0.4441618002476629,356370.0,52.8501451616973,15993.5,39.15049577115075,post_leap,3,3,0.0,0.8888888888888888,20.7111770327958,52.90675834309785,139.07602534408085,102.39080268885033,28.55485993586402,33.28420577988665,0.0,32.39189156539321,0.0,0.0,0.0,14.723587075178731,0.0,0.0
2025-09-04,2,full_productivity_retained,183.96235322044473,237.1322371296669,421.0945903501116,0.4368670541872611,332895.0,55.26137467382951,11737.5,45.15802908064923,post_leap,3,3,0.0,0.8881118881118882,18.584776357762596,52.088441603095305,132.39643874064546,103.18095446221423,32.98113812203667,34.74736242378549,0.0,32.39189156539321,0.0,2.944717415035746,0.0,11.778869660142984,0.0,0.0
2025-09-11,2,full_productivity_retained,175.08703691641722,243.06283601865874,418.14987293507596,0.41871837886126084,309117.0,56.6410248923279,11889.0,51.502263770217574,post_leap,3,3,0.0,0.880281690140845,16.490959246246074,51.23754129957608,127.06474975767834,105.56792603014559,31.531327912492795,36.19717263332936,0.0,32.39189156539321,0.0,5.889434830071492,0.0,11.778869660142984,0.0,0.0
2025-09-18,2,full_productivity_retained,169.85073336986173,251.2438569802499,421.0945903501116,0.4033552965585294,288952.0,58.78164309984417,10082.5,56.95558378613544,post_leap,3,3,0.0,0.8671328671328673,14.36971023278616,50.414072898000256,119.70263214996406,107.04060880778839,35.77839098711154,37.83954438878211,0.0,38.281326395464696,0.0,5.889434830071492,0.0,11.778869660142984,0.0,0.0
2025-09-25,2,full_productivity_retained,137.14178551407522,257.4503481007148,394.59213361479,0.347553267871164,240758.0,56.96250405555588,24097.0,70.83541840497422,post_leap,3,3,0.0,0.8656716417910447,8.877181352307751,50.01716694840717,98.72549275195435,113.29416113061937,29.539111409813135,41.134106551044766,0.0,35.33660898042895,0.0,5.889434830071492,0.0,11.778869660142984,0.0,0.0
2025-10-02,2,full_productivity_retained,124.37510722780063,264.3275915569178,388.70269878471845,0.31997490014003044,216580.0,57.426866390156356,12089.0,77.36743842822548,post_leap,3,3,0.0,0.856060606060606,6.918929121720756,49.03070176395842,89.88131204217613,116.24890701032608,27.574866063903748,43.09835189695415,0.0,35.33660898042895,0.0,5.889434830071492,0.0,14.723587075178731,0.0,0.0
2025-10-09,2,full_productivity_retained,119.28895928760535,266.4690220820774,385.75798136968274,0.30923264079735885,198964.0,59.95504678615495,8808.0,82.03875962772933,post_leap,3,3,0.0,0.8549618320610687,7.929569330319347,48.02006155535983,82.51013956989578,117.73064465253495,28.849250387390207,44.768684988503445,0.0,38.281326395464696,0.0,5.889434830071492,0.0,11.778869660142984,0.0,0.0
2025-10-16,2,full_productivity_retained,100.87042541090354,276.05340371367197,376.9238291245755,0.2676148802934008,185308.0,54.43392914008221,6828.0,85.72229642414935,post_leap,3,3,0.0,0.8437500000000001,6.105076270688739,46.89983719995469,67.49679527014708,123.90983670717641,27.268553870067723,46.34938150582593,0.0,38.281326395464696,0.0,5.889434830071492,0.0,14.723587075178731,0.0,0.0
2025-10-23,2,full_productivity_retained,50.02616073622935,270.9480375026669,320.9741982388963,0.15585726519673593,169443.0,29.523887523373258,7932.5,89.61165637106562,post_leap,3,3,0.0,0.7706422018348624,5.133824467373756e-15,44.17076122553618,32.05037831872105,106.35134018795901,17.975782417508295,46.80800071327812,0.0,47.115478640571936,0.0,8.834152245107237,0.0,17.668304490214474,0.0,0.0
2025-10-30,2,full_productivity_retained,30.428513660481226,269.9326626731649,300.3611763336461,0.10130641393773454,150125.0,20.268785119387992,9659.0,92.01531038509292,post_leap,3,3,0.0,0.7549019607843137,9.826903965761879e-15,41.226043810500435,14.025986951711872,106.70742706475372,16.402526708769344,48.381256422017074,0.0,47.115478640571936,0.0,8.834152245107237,0.0,17.668304490214474,0.0,0.0
2025-11-06,2,full_productivity_retained,24.177407178000614,273.23905174060974,297.4164589186104,0.08129142302987641,134699.0,17.949210593991502,7713.0,93.11856522942585,post_leap,3,3,0.0,0.7425742574257423,4.726630165152408e-16,41.22604381050044,8.895980891742822,105.94799829465127,15.281426286257794,49.50235684452862,0.0,50.06019605560768,0.0,8.834152245107237,0.0,17.668304490214474,0.0,0.0
2025-11-13,2,full_productivity_retained,21.404453949153268,278.9567223844928,300.3611763336461,0.07126238554005679,118308.0,18.09214419071683,8195.5,94.12399995750931,post_leap,3,3,0.0,0.7352941176470589,7.869612588846694e-16,38.281326395464696,7.404528366141479,110.38416823528837,13.999925583011787,50.78385754777463,0.0,47.115478640571936,0.0,11.778869660142984,0.0,20.61302190525022,0.0,0.0
2025-12-18,3,full_productivity_retained,14.723587075179609,282.6928718434308,297.4164589186104,0.049504950495052456,,,0.0,0.0,pre_leap,3,3,0.04950495049504959,0.2475247524752476,14.723587075178882,35.3366089804288,0.0,103.0651095262511,7.269115911480859e-13,58.8943483007142,0.0,53.00491347064343,0.0,11.778869660142984,0.0,20.61302190525022,0.0,0.0
2025-12-25,3,full_productivity_retained,29.447174150357842,288.5823066735027,318.0294808238606,0.0925925925925938,289845.0,10.159628128950937,0.0,0.0,pre_leap,3,3,0.09259259259259268,0.28703703703703715,18.100138047141005,34.90477542350243,11.347036103216487,103.49694308317761,3.4760293780841567e-13,61.839065715750316,0.0,53.00491347064343,0.0,11.778869660142984,0.0,23.557739320285968,0.0,0.0
2026-01-01,3,full_productivity_retained,32.391891565393585,291.5270240885385,323.91891565393206,0.10000000000000117,283614.0,11.421118691388148,0.0,0.0,pre_leap,3,3,0.1000000000000001,0.3000000000000001,18.25600092788199,34.748912542761445,14.135890637511253,103.6528059639186,3.4797062942501923e-13,64.78378313078608,0.0,53.00491347064343,0.0,11.778869660142984,0.0,23.557739320285968,0.0,0.0
2026-01-08,3,full_productivity_retained,32.391891565393614,294.4717415035742,326.86363306896783,0.09909909909910034,257052.0,12.601299178918511,0.0,0.0,pre_leap,3,3,0.09909909909909913,0.29729729729729737,12.624136302929696,34.49134233764224,19.76775526246352,103.9103761690378,4.0106599794373e-13,64.78378313078602,0.0,55.94963088567918,0.0,11.778869660142984,0.0,23.557739320285968,0.0,0.0
2026-01-15,3,full_productivity_retained,32.0126686755989,309.57455146854767,341.58722014414656,0.09371740740795238,234425.0,13.65582539217187,11313.5,1.4256479826069461,post_leap,3,3,0.0,0.6982758620689654,9.46742668684251,34.70333453869368,22.54524198875619,104.07760685778089,2.0263574012105344e-13,67.72850054582196,0.0,58.894348300714924,0.0,14.723587075178731,0.0,29.447174150357462,0.0,0.0
2026-01-22,3,full_productivity_retained,29.206450147932706,321.2149222413211,350.4213723892538,0.08334665762192639,217437.0,13.432143631457713,8494.0,2.5784455515049896,post_leap,3,3,0.0,0.6806722689075629,9.320502905031159,34.850258320505034,19.490199118734637,104.18793231276669,0.3957481241669043,70.277469836691,0.0,58.894348300714924,0.0,17.668304490214474,0.0,35.33660898042895,0.0,0.0
2026-01-29,3,full_productivity_retained,24.397888640427503,328.96820116386203,353.3660898042895,0.06904422734490506,193637.0,12.599807185830963,11900.0,4.1639784158909325,post_leap,3,3,0.0,0.6666666666666666,6.139145815869003,35.08689799463144,18.258742824558336,105.41938860694299,1.667146595670682e-13,70.67321796085773,0.0,61.839065715750664,0.0,17.668304490214474,0.0,38.281326395464696,0.0,0.0
2026-02-05,3,full_productivity_retained,21.59584710055983,334.7149601187655,356.3108072193253,0.060609576423166465,179372.0,12.039698002229908,7132.5,5.041839771340871,post_leap,3,3,0.0,0.6611570247933883,3.247427031582032,35.03389936388266,17.76423413638346,105.91389729511786,0.5841859325943394,73.03374944329931,0.0,64.78378313078642,0.0,17.668304490214474,0.0,38.281326395464696,0.0,0.0
2026-02-12,3,full_productivity_retained,20.319620515014456,344.8253389494181,365.14495946443253,0.05564809259538394,168935.0,12.028070272598606,5218.5,5.644922212730535,post_leap,3,3,0.0,0.6451612903225805,3.3676735965784452,34.91365279888625,16.95194691843594,106.72618451306539,6.906624426754687e-14,73.61793537589358,0.0,64.78378313078642,0.0,20.61302190525022,0.0,44.17076122553619,0.0,0.0
2026-02-19,3,full_productivity_retained,18.335614920544906,352.6987793739591,371.034394294504,0.04941756128945619,154821.0,11.843105858084437,7057.0,6.465518520804165,post_leap,3,3,0.0,0.6349206349206349,3.408361958939961,34.87296443652473,14.273833452747223,106.45958056371836,0.6534195088577235,75.90923328207167,0.0,67.72850054582216,0.0,20.61302190525022,0.0,47.115478640571936,0.0,0.0
2026-02-26,3,full_productivity_retained,15.995685204086712,357.983426505453,373.9791117095397,0.04277160061418126,148798.0,10.74993293195252,3011.5,6.789846061116357,post_leap,3,3,0.0,0.6299212598425197,0.7585858233407922,34.578023157088154,15.237099380745853,108.44103205075547,6.529646872643645e-14,76.56265279092932,0.0,67.72850054582216,0.0,23.557739320285968,0.0,47.115478640571936,0.0,0.0
2026-03-05,3,full_productivity_retained,13.418148664806425,360.5609630447333,373.9791117095397,0.03587940674940147,139917.0,9.590077449349561,4440.5,7.233247602654128,post_leap,3,3,0.0,0.6220472440944882,0.9104880197821942,34.426120960646756,11.794149739925643,105.9945468615042,0.7135109050985889,78.79385930086656,0.0,70.6732179608579,0.0,23.557739320285968,0.0,47.115478640571936,0.0,0.0
2026-03-12,3,full_productivity_retained,17.290915636183346,365.5223483184636,382.81326395464697,0.04516801601271541,132277.0,13.071747647877823,3820.0,7.56342232320601,post_leap,3,3,0.0,0.6230769230769231,1.2207943060617805,34.115814674367165,15.73999780350111,107.93813362800022,0.3301235266204557,79.17724667934469,0.0,73.61793537589365,0.0,23.557739320285968,0.0,47.115478640571936,0.0,0.0
2026-03-19,3,full_productivity_retained,32.62985671869664,388.46473363141496,421.0945903501116,0.07748818784769265,138000.0,23.644823709200463,0.0,7.525605211589979,post_leap,3,3,0.0,0.6153846153846154,4.225185813187634,34.05614058227706,19.70095792598708,109.86660833558575,8.703712979521923,82.58252688658621,0.0,79.50737020596515,0.0,26.502456735321715,0.0,55.94963088567918,0.0,0.0
2026-03-26,3,full_productivity_retained,35.70764874109795,385.38694160901366,421.0945903501116,0.08479721554107228,154628.0,23.092615012221554,0.0,7.487977185532029,post_leap,3,3,0.0,0.6153846153846154,7.418835204876725,33.807208605623714,19.44749834590051,107.17535050063657,8.841315190320714,82.44492467578742,0.0,79.50737020596515,0.0,26.502456735321715,0.0,55.94963088567918,0.0,0.0
2026-04-02,3,full_productivity_retained,31.39433656215943,392.644971202988,424.03930776514744,0.07403638291841347,130670.0,24.025665081625032,11979.0,10.21680165191839,post_leap,3,3,0.0,0.611111111111111,4.3553093700540115,33.92601702541069,17.450795495259232,109.17205335127785,9.588231696846186,84.6427255842977,0.0,79.50737020596515,0.0,26.502456735321715,0.0,58.894348300714924,0.0,0.0
2026-04-09,3,full_productivity_retained,33.661486993556835,399.21197301669787,432.8734600102547,0.07776288015615326,119643.0,28.134940609610958,5513.5,11.490372687934194,post_leap,3,3,0.0,0.6054421768707482,4.27260185596912,34.008724539495574,16.640825574358225,109.98202327217885,12.74805956322949,84.42761513295012,0.0,82.45208762100089,0.0,26.502456735321715,0.0,61.839065715750664,0.0,0.0
2026-06-18,4,full_productivity_retained,97.17567469617961,512.3808302162198,609.5565049123994,0.15942028985507245,,,0.0,0.0,pre_leap,4,3,0.13526570048309178,0.5024154589371981,35.33660609786883,35.336611862989066,47.115481523132054,126.62284596397697,5.889434830071494,103.0651095262511,8.834152245107228,106.00982694128686,0.0,38.281326395464696,0.0,91.28623986610813,0.0,11.778869660142984
2026-06-25,4,full_productivity_retained,168.04634863086417,512.1833742423931,680.2297228732573,0.24704352512125546,472376.0,35.57470079573564,0.0,0.0,pre_leap,4,3,0.18181818181818193,0.5541125541125542,23.55450779361451,35.33984050710042,100.12362363788687,126.61961731986558,35.53980307407514,102.86191543260492,8.828414125287686,106.0155650611064,0.0,38.281326395464696,0.0,94.23095728114387,0.0,8.834152245107237
2026-07-02,4,full_productivity_retained,205.90488708463295,518.4955970141606,724.4004840987935,0.2842417855929424,450911.0,45.66419694454847,0.0,0.0,pre_leap,4,3,0.18292682926829268,0.573170731707317,17.671408763247502,35.33350470739593,114.8408749133611,126.62595311957007,61.54253283976858,103.36164240223319,11.850070568255774,105.93862603317407,0.0,41.22604381050044,0.0,97.17567469617961,0.0,8.834152245107237
2026-07-09,4,full_productivity_retained,235.3666184295868,518.4810398195642,753.847658249151,0.3122204013689418,431527.0,54.54273276749469,0.0,0.0,pre_leap,4,3,0.17968750000000008,0.5898437500000001,11.775544800170136,35.3399338404018,123.68145629147432,126.6195239865641,79.47606384319751,103.09641588901876,20.43355349474485,106.18929535179223,0.0,41.22604381050044,0.0,97.17567469617961,0.0,8.834152245107237
2026-07-16,4,full_productivity_retained,259.2446341821881,524.0501982173203,783.2948323995084,0.33096686389214436,412846.0,62.794512768002626,0.0,0.0,pre_leap,4,3,0.1766917293233083,0.5977443609022557,8.7640553232774,35.40670590225879,129.6376631834028,126.55275192470711,94.16829220050482,103.12777460689017,26.674623475003074,105.8376602016055,0.0,44.17076122553619,0.0,100.12039211121537,0.0,8.834152245107237
2026-07-23,4,full_productivity_retained,278.812436220945,536.8742877439565,815.6867239649015,0.34181313490759,399123.0,69.85626892485399,6861.5,4.308645493576499,post_leap,4,3,0.0,0.8014440433212998,5.618866568762616,35.60717724173783,127.77137165346943,128.41904345464047,107.82378542630855,104.19586845626517,37.5984125724044,106.69274076434716,0.0,44.17076122553619,0.0,106.00982694128686,0.0,11.778869660142984
2026-07-30,4,full_productivity_retained,292.04053967725093,550.1486410229722,842.1891807002232,0.3467635851536813,380114.0,76.829724681872,9504.5,10.926591346071366,post_leap,4,3,0.0,0.8006993006993008,2.5777687225741963,35.7035576728905,124.4862281486971,131.70418695941282,121.9354426089092,107.75251576387899,43.04110019707043,107.13948796975262,0.0,47.115478640571936,0.0,108.9545443563226,0.0,11.778869660142984
2026-08-06,4,full_productivity_retained,306.30910051744286,562.3825369181023,868.6916374355452,0.352609703279399,367949.0,83.24770566503588,6082.5,15.545126393115872,post_leap,4,3,0.0,0.7966101694915253,1.2661198465275254e-12,35.336608980427684,122.7623032226742,133.4281118854357,127.06593605661658,108.51145714624312,56.480861238150794,108.42331400385098,0.0,50.06019605560768,0.0,114.8439791863941,0.0,11.778869660142984
2026-08-13,4,full_productivity_retained,318.2734928344792,576.9206013363876,895.1940941708668,0.35553573789968496,354963.0,89.66385027016315,6493.0,20.87267428998107,post_leap,4,3,0.0,0.7927631578947367,1.2575718099931174e-12,35.33660898042769,116.91702807036238,136.3286696227118,129.79505670785625,111.67177132507493,71.56140805625937,108.06635426092113,0.0,53.00491347064343,0.0,117.78869660142985,0.0,14.723587075178731
2026-08-20,4,full_productivity_retained,339.73329497715133,604.761027795006,944.4943227721574,0.35969860991859665,343054.0,99.03201681867907,5954.5,26.107344882868034,post_leap,4,3,0.0,0.7756060367575094,1.5298601118250773e-11,30.868761867945626,101.28170246554447,137.75112225208173,122.2543578202889,113.42551439753063,116.19723469130265,110.77680493057152,0.0,58.38721941389031,0.0,127.04914819766462,0.0,26.502456735321715
2024-12-19,1,main_upper_positive,35.33660898042894,182.57247973221624,217.90908871264517,0.16216216216216214,173213.0,20.40066795242213,0.0,0.0,pre_leap,3,3,0.16216216216216214,0.2027027027027027,30.018413111466074,70.10197899974929,5.318195868962867,97.74691365728825,0.0,8.834152245107237,0.0,0.0,0.0,0.0,0.0,5.889434830071492,0.0,0.0
2024-12-26,1,main_upper_positive,53.00491347064342,182.57247973221627,235.5773932028597,0.22499999999999995,340543.0,15.564822495439174,0.0,0.0,pre_leap,3,3,0.22499999999999995,0.26249999999999996,42.565153005773794,69.33410876558456,10.439760464869629,98.51478389145296,0.0,8.834152245107237,0.0,0.0,0.0,0.0,0.0,5.889434830071492,0.0,0.0
2025-01-02,1,main_upper_positive,63.2023655925861,181.20917985538082,244.41154544796692,0.2585899347624776,351168.0,17.997757652344774,0.0,0.0,pre_leap,3,3,0.25301204819277123,0.3012048192771086,43.189273565741956,68.7099882056164,18.649792150008754,99.1389044514211,1.3632998768353872,10.415569783307596,0.0,2.944717415035746,0.0,0.0,0.0,0.0,0.0,0.0
2025-01-09,1,main_upper_positive,62.5362420228858,181.8753034250811,244.41154544796692,0.255864516990255,330152.0,18.941651730986273,0.0,0.0,pre_leap,3,3,0.25301204819277107,0.30120481927710846,40.74804561911578,68.20649873720683,21.09102009663488,99.64239391983071,0.6971763071351442,11.08169335300784,0.0,2.944717415035746,0.0,0.0,0.0,0.0,0.0,0.0
2025-01-16,1,main_upper_positive,68.87525175860466,181.4257285194338,250.30098027803845,0.2751697243937954,307111.0,22.426826703896854,11520.5,1.7457383901346188,post_leap,3,3,0.0,0.976470588235294,39.336938179083596,66.67288876220326,29.477815025921167,97.14503382061591,0.06049855359990212,11.718371106543081,0.0,5.889434830071492,0.0,0.0,0.0,0.0,0.0,0.0
2025-01-23,1,main_upper_positive,65.22484230728855,182.1314205557141,247.35626286300266,0.2636878547256072,277133.0,23.535574005004296,14989.0,4.426255341901625,post_leap,3,3,0.0,0.9761904761904764,33.3562297334714,66.76416237774396,31.868612573817146,97.69895368775569,0.0,11.778869660142984,0.0,5.889434830071492,0.0,0.0,0.0,0.0,0.0,0.0
2025-01-30,1,main_upper_positive,68.98554938199892,184.26014831107523,253.24569769307413,0.27240561245627654,257133.0,26.828742083668345,10000.0,6.286969985592461,post_leap,3,3,0.0,0.9767441860465116,33.085931962968516,67.03446014824685,33.91808802596128,98.5941956506473,1.9815293930691207,12.74205768210961,0.0,5.889434830071492,0.0,0.0,0.0,0.0,0.0,0.0
2025-02-06,1,main_upper_positive,67.91045355980783,185.33524413326631,253.24569769307413,0.2681603445919669,237813.0,28.556241063275696,9660.0,8.328860323890389,post_leap,3,3,0.0,0.9767441860465116,30.456674950355335,66.71899974582428,36.088707701128875,99.36829339051545,1.365070908323632,13.358516166855098,0.0,5.889434830071492,0.0,0.0,0.0,0.0,0.0,0.0
2025-02-13,1,main_upper_positive,68.49306271734343,184.7526349757307,253.24569769307413,0.2704609134183787,216696.0,31.60790356875228,10558.5,10.69930459240371,post_leap,3,3,0.0,0.9767441860465116,30.518638734491926,66.65703596168768,37.97442398285151,100.42729452382855,0.0,11.778869660142984,0.0,5.889434830071492,0.0,0.0,0.0,0.0,0.0,0.0
2025-02-20,1,main_upper_positive,71.87236151837877,190.20748841980262,262.0798499381814,0.27423841068030147,200373.0,35.86928454351573,8161.5,12.709551309252664,post_leap,3,3,0.0,0.9775280898876404,32.96666048815645,67.15373162305892,38.491110931845846,102.85532498986996,0.41459009837647937,14.308996976802252,0.0,5.889434830071492,0.0,0.0,0.0,0.0,0.0,0.0
2025-02-27,1,main_upper_positive,67.62769198547447,185.61800570759965,253.24569769307413,0.26704379423431357,222293.0,30.42277174066411,0.0,12.6460035527064,post_leap,3,3,0.0,0.9767441860465116,32.090865656302995,65.08480903987662,35.536826329170616,99.92017476247369,8.499337185948154e-13,14.723587075177882,0.0,5.889434830071492,0.0,0.0,0.0,0.0,0.0,0.0
2025-03-06,1,main_upper_positive,60.40002574139886,186.9562371216038,247.35626286300266,0.24418231841920732,202226.0,29.867586631490937,10033.5,15.024748577022493,post_leap,3,3,0.0,0.9761904761904762,26.26113019183385,65.02510967427429,34.13889554956502,101.3181055420793,0.0,14.723587075178731,0.0,5.889434830071492,0.0,0.0,0.0,0.0,0.0,0.0
2025-03-13,1,main_upper_positive,58.827110611085054,188.5291522519176,247.35626286300266,0.2378234127981883,179680.0,32.739932441610115,11273.0,17.643203266911765,post_leap,3,3,0.0,0.9761904761904762,23.29857504987696,65.04294740119542,35.528535561208095,102.87318294547197,0.0,14.723587075178731,0.0,5.889434830071492,0.0,0.0,0.0,0.0,0.0,0.0
2025-03-20,1,main_upper_positive,59.237283754402945,191.0636965236355,250.30098027803845,0.2366642099787272,163262.0,36.2835710418854,8209.0,19.705084093882625,post_leap,3,3,0.0,0.976470588235294,22.617837737926504,65.72368471314587,36.619446016476445,104.72698990523935,0.0,14.723587075178731,0.0,5.889434830071492,0.0,0.0,0.0,0.0,0.0,0.0
2025-03-27,1,main_upper_positive,54.88608931597291,195.41489096206556,250.30098027803845,0.21928036100779366,140011.0,39.201269411669735,11625.5,22.98107591459272,post_leap,3,3,0.0,0.976470588235294,18.995117045051703,66.40168799098494,35.8909722709212,108.40018106583037,0.0,14.723587075178731,0.0,5.889434830071492,0.0,0.0,0.0,0.0,0.0,0.0
2025-04-03,1,main_upper_positive,50.27638471329481,197.07987814970784,247.35626286300266,0.20325494948611914,126230.0,39.829188555252166,6890.5,25.027101310068637,post_leap,3,3,0.0,0.9761904761904762,15.921752875135809,66.53033474586508,34.354631838158994,109.93652149859257,0.0,14.723587075178731,0.0,5.889434830071492,0.0,0.0,0.0,0.0,0.0,0.0
2025-04-10,1,main_upper_positive,39.69952177900574,207.6567410839969,247.35626286300266,0.16049531683373294,110998.0,35.765979368101895,7616.0,27.3286786038127,post_leap,3,3,0.0,0.9761904761904762,11.207368492515437,68.3000017134497,28.492153286488787,115.79900005026278,1.5198699315412252e-12,17.668304490212954,0.0,5.889434830071492,0.0,0.0,0.0,0.0,0.0,0.0
2025-04-17,1,main_upper_positive,15.127132038227806,202.78195667441736,217.90908871264517,0.06941946353681386,100353.0,15.073921096756257,5322.5,28.71495061228741,post_leap,3,3,0.0,0.9324324324324325,0.2127887330350882,61.626276982715574,12.063182093429186,108.6702319230364,2.851161211763533,17.76186069348669,0.0,14.723587075178731,0.0,0.0,0.0,0.0,0.0,0.0
2025-04-24,1,main_upper_positive,4.875819386289932,189.4755300060693,194.35134939235923,0.025087653888353302,75810.0,6.431630901318998,12271.5,30.05121284113673,post_leap,3,3,0.0,0.9242424242424243,0.0,55.94963088567918,0.0,100.12039211121537,4.875819386289932,18.681919933996035,0.0,14.723587075178731,0.0,0.0,0.0,0.0,0.0,0.0
2025-05-01,1,main_upper_positive,4.121768490082676,193.17429831731232,197.296066807395,0.02089128565399351,65100.0,6.331441613030224,5355.0,30.176487844743548,post_leap,3,3,0.0,0.9253731343283582,0.0,55.94963088567918,0.0,103.0651095262511,4.121768490082676,19.435970830203292,0.0,14.723587075178731,0.0,0.0,0.0,0.0,0.0,0.0
2025-05-08,1,main_upper_positive,3.978076940229019,187.42855503709447,191.40663197732349,0.020783380905528465,55532.0,7.163575848572028,4784.0,30.26792233893373,post_leap,3,3,0.0,0.9230769230769231,0.0,53.00491347064343,0.0,100.12039211121537,3.978076940229019,19.57966238005695,0.0,14.723587075178731,0.0,0.0,0.0,0.0,0.0,0.0
2025-05-15,1,main_upper_positive,8.295557228282794,183.11107474904068,191.40663197732349,0.04333996759979348,45589.0,18.19640094821732,4971.5,30.40149246588847,post_leap,3,3,0.0,0.9230769230769231,0.0,50.06019605560768,0.0,100.12039211121537,8.295557228282794,18.20689950703892,0.0,14.723587075178731,0.0,0.0,0.0,0.0,0.0,0.0
2025-06-19,2,main_upper_positive,55.94963088567919,217.9090887126452,273.8587195983244,0.20430107526881724,,,0.0,0.0,pre_leap,3,3,0.20430107526881724,0.30107526881720437,50.53872953227473,61.360532239083625,5.410901353404464,112.37779524802538,5.1360130133389475e-15,26.50245673532171,0.0,17.668304490214474,0.0,0.0,0.0,0.0,0.0,0.0
2025-06-26,2,main_upper_positive,103.06510952625109,223.79852354271674,326.86363306896783,0.31531531531531526,650456.0,15.845054780992273,0.0,0.0,pre_leap,3,3,0.31531531531531526,0.39639639639639634,62.797660043468916,60.88047138803241,40.267449482782176,112.8578560990766,4.3800173207897604e-15,26.50245673532171,0.0,20.61302190525022,0.0,0.0,0.0,2.944717415035746,0.0,0.0
2025-07-03,2,main_upper_positive,122.71418849870948,218.8730316454371,341.58722014414656,0.35924701295009004,619598.0,19.80545264812176,0.0,0.0,pre_leap,3,3,0.3534482758620689,0.4396551724137931,57.39990421260771,60.38879238882214,63.33350980385788,113.34953509828688,1.9807744822438915,27.46639966811357,0.0,17.668304490214474,0.0,0.0,0.0,0.0,0.0,0.0
2025-07-10,2,main_upper_positive,137.12664074588915,225.07360130350762,362.20024204939676,0.37859345418987284,563148.0,24.350018244917703,0.0,0.0,pre_leap,3,3,0.37398373983739835,0.45528455284552843,51.91355146712733,59.98571030423103,83.54344962451698,113.75261718287801,1.6696396542448164,27.777534496112647,0.0,20.61302190525022,0.0,0.0,0.0,2.944717415035746,0.0,0.0
2025-07-17,2,main_upper_positive,168.08819927741985,217.6697820922629,385.75798136968274,0.43573485811129903,531711.0,31.61269924402915,15718.5,3.0619660942619107,post_leap,3,3,0.0,0.9312977099236641,47.873071117127694,58.13675582415917,116.58645676543884,104.2673493622421,3.6286713948533187,28.76322017053989,0.0,20.61302190525022,0.0,0.0,0.0,5.889434830071492,0.0,0.0
2025-07-24,2,main_upper_positive,173.8503067026694,217.79710949708482,391.6474161997542,0.4438949409894728,503401.0,34.535153228275156,14155.0,6.626478326184462,post_leap,3,3,0.0,0.9323308270676691,38.81395185510962,58.36172284106999,125.95635475445637,103.73160361833182,9.080000093103404,29.20132630236129,0.0,17.668304490214474,0.0,2.944717415035746,0.0,5.889434830071492,0.0,0.0
2025-07-31,2,main_upper_positive,177.29969673388004,220.23715429594566,397.5368510298257,0.4459956260019223,471778.0,37.581170960468704,15811.5,10.96176653670452,post_leap,3,3,0.0,0.925925925925926,33.95973866558005,57.326501200528085,135.31622823661297,103.20588238128246,8.023729831687012,30.257596563777682,0.0,20.61302190525022,0.0,0.0,0.0,8.834152245107237,0.0,0.0
2025-08-07,2,main_upper_positive,178.1558525620747,222.32571588278677,400.48156844486147,0.4448540622078674,439788.0,40.50948469764403,15995.0,15.715844340122572,post_leap,3,3,0.0,0.9264705882352942,27.947430329876788,57.44937470615985,136.9121745780405,104.55465345489068,13.296247654157428,30.874513571378763,0.0,17.668304490214474,0.0,2.944717415035746,0.0,8.834152245107237,0.0,0.0
2025-08-14,2,main_upper_positive,181.76999951155125,224.60100376338175,406.371003274933,0.44730061457798836,410441.0,44.286511218799106,14673.5,20.392592508108994,post_leap,3,3,0.0,0.9130434782608694,27.556314010475518,54.89577361052537,142.75764720354775,101.65389824441917,11.456038297527963,32.71472292800823,0.0,23.557739320285968,0.0,0.0,0.0,11.778869660142984,0.0,0.0
2025-08-21,2,main_upper_positive,186.8111251949125,233.28903808497182,420.1001632798843,0.44468234369728843,388357.0,48.10293755356863,11042.0,24.20272280059229,post_leap,3,3,0.0,0.9035090708062442,21.32525875562266,55.84664591427965,139.63074267620894,104.28030295402183,25.855123763080908,32.626234107345766,0.0,27.54539315799444,0.0,5.441492955628173,0.0,7.548968995701999,0.0,0.0
2025-08-28,2,main_upper_positive,186.21653827666387,237.82276948848357,424.03930776514744,0.43914923656039734,356370.0,52.25370774101744,15993.5,30.236383840693325,post_leap,3,3,0.0,0.8888888888888888,20.21360354105757,53.404331834836086,138.9291066701444,102.53772136278678,27.073828065461896,34.76523765028877,0.0,32.39189156539321,0.0,0.0,0.0,14.723587075178731,0.0,0.0
2025-09-04,2,main_upper_positive,181.237143216396,239.85744713371562,421.0945903501116,0.4303953253488951,332895.0,54.44273516165638,11737.5,34.991825078371406,post_leap,3,3,0.0,0.8881118881118882,17.47758520181074,53.19563275904716,131.96321033555796,103.61418286730174,31.79634767902727,35.93215286679489,0.0,32.39189156539321,0.0,2.944717415035746,0.0,11.778869660142984,0.0,0.0
2025-09-11,2,main_upper_positive,174.12602436535138,244.02384856972458,418.14987293507596,0.41642012980448057,309117.0,56.33013530972137,11889.0,39.995023379675,post_leap,3,3,0.0,0.880281690140845,15.80850135886019,51.91999918696197,128.1116007870027,104.52107500082124,30.205922219488496,37.52257832633366,0.0,32.39189156539321,0.0,5.889434830071492,0.0,11.778869660142984,0.0,0.0
2025-09-18,2,main_upper_positive,172.54811444628754,248.54647590382407,421.0945903501116,0.40976093827950977,288952.0,59.71514799907512,10082.5,44.338636976858744,post_leap,3,3,0.0,0.8671328671328673,15.093427752163283,49.69035537862314,123.62167684382972,103.12156411392273,33.83300985029454,39.784925525599114,0.0,38.281326395464696,0.0,5.889434830071492,0.0,11.778869660142984,0.0,0.0
2025-09-25,2,main_upper_positive,138.33793106149832,256.25420255329163,394.59213361479,0.3505846145340217,240758.0,57.459328895196975,24097.0,55.628591162644156,post_leap,3,3,0.0,0.8656716417910447,8.03524778950102,50.8591005112139,101.45921366068727,110.56044022188645,28.843469611310024,41.82974834954787,0.0,35.33660898042895,0.0,5.889434830071492,0.0,11.778869660142984,0.0,0.0
2025-10-02,2,main_upper_positive,126.40951317358645,262.293185611132,388.70269878471845,0.32520873554211643,216580.0,58.36619871344835,12089.0,60.90745482294323,post_leap,3,3,0.0,0.856060606060606,6.361612023983726,49.58801886169545,93.18895738555845,112.94126166694376,26.858943764044273,43.81427419681363,0.0,35.33660898042895,0.0,5.889434830071492,0.0,14.723587075178731,0.0,0.0
2025-10-09,2,main_upper_positive,120.70816885611863,265.0498125135641,385.75798136968274,0.3129116562346395,198964.0,60.668346462736295,8808.0,64.71563337497295,post_leap,3,3,0.0,0.8549618320610687,6.707807373487521,49.24182351219166,85.5394072613693,114.70137696106143,28.4609542212618,45.15698115463185,0.0,38.281326395464696,0.0,5.889434830071492,0.0,11.778869660142984,0.0,0.0
2025-10-16,2,main_upper_positive,104.80760389138264,272.11622523319284,376.9238291245755,0.278060435008324,185308.0,56.55859644018749,6828.0,67.70600296527857,post_leap,3,3,0.0,0.8437500000000001,5.411710742419784,47.593202728223645,72.78238886692611,118.62424311039737,26.61350428203675,47.0044310938569,0.0,38.281326395464696,0.0,5.889434830071492,0.0,14.723587075178731,0.0,0.0
2025-10-23,2,main_upper_positive,61.4962162526378,259.4779819862585,320.9741982388963,0.19159239773804837,169443.0,36.293158320283396,7932.5,70.9566814805465,post_leap,3,3,0.0,0.7706422018348624,3.0048456523567264,41.16591557317946,43.18267400531652,95.21904450136353,15.308696594964552,49.475086535821866,0.0,47.115478640571936,0.0,8.834152245107237,0.0,17.668304490214474,0.0,0.0
2025-10-30,2,main_upper_positive,40.769196677930594,259.5919796557155,300.3611763336461,0.13573390934067825,150125.0,27.1568337571561,9659.0,73.4063430028687,post_leap,3,3,0.0,0.7549019607843137,1.1641559053460628,40.06188790515438,25.576808184901445,95.15660583156415,14.02823258768309,50.755550543103325,0.0,47.115478640571936,0.0,8.834152245107237,0.0,17.668304490214474,0.0,0.0
2025-11-06,2,main_upper_positive,36.4489642351808,260.96749468342955,297.4164589186104,0.12255194069523657,134699.0,27.059565575973693,7713.0,74.71499655800592,post_leap,3,3,0.0,0.7425742574257423,2.43229322533452,38.793750585165924,21.256589660051766,93.58738952634232,12.760081349794516,52.0237017809919,0.0,50.06019605560768,0.0,8.834152245107237,0.0,17.668304490214474,0.0,0.0
2025-11-13,2,main_upper_positive,35.18135701623811,265.179819317408,300.3611763336461,0.11713017456409908,118308.0,29.73709048943276,8195.5,76.11555493263901,post_leap,3,3,0.0,0.7352941176470589,1.166860078641456,37.11446631682324,22.712942689455645,95.0757539119742,11.301554248141004,53.482228882645416,0.0,47.115478640571936,0.0,11.778869660142984,0.0,20.61302190525022,0.0,0.0
2025-12-18,3,main_upper_positive,14.723587075179982,282.6928718434304,297.4164589186104,0.049504950495053705,,,0.0,0.0,pre_leap,3,3,0.04950495049504959,0.2475247524752476,14.72358707517877,35.33660898042891,0.0,103.0651095262511,1.2113386419287533e-12,58.894348300713716,0.0,53.00491347064343,0.0,11.778869660142984,0.0,20.61302190525022,0.0,0.0
2025-12-25,3,main_upper_positive,29.4471741503583,288.5823066735023,318.0294808238606,0.09259259259259524,289845.0,10.159628128951095,0.0,0.0,pre_leap,3,3,0.09259259259259268,0.28703703703703715,18.053631588581098,34.95128188206233,11.393542561776394,103.4504366246177,8.125442977540044e-13,61.839065715749854,0.0,53.00491347064343,0.0,11.778869660142984,0.0,23.557739320285968,0.0,0.0
2026-01-01,3,main_upper_positive,32.39189156539348,291.5270240885386,323.91891565393206,0.10000000000000084,283614.0,11.421118691388113,0.0,0.0,pre_leap,3,3,0.1000000000000001,0.3000000000000001,18.08227291049658,34.922640560146846,14.309618654896655,103.4790779465332,2.364830450922292e-13,64.78378313078618,0.0,53.00491347064343,0.0,11.778869660142984,0.0,23.557739320285968,0.0,0.0
2026-01-08,3,main_upper_positive,32.39189156539392,294.4717415035739,326.86363306896783,0.09909909909910128,257052.0,12.601299178918632,0.0,0.0,pre_leap,3,3,0.09909909909909913,0.29729729729729737,12.398838140793131,34.716640499778805,19.993053424600085,103.68507800690125,7.048996511515237e-13,64.78378313078571,0.0,55.94963088567918,0.0,11.778869660142984,0.0,23.557739320285968,0.0,0.0
2026-01-15,3,main_upper_positive,31.05180114322654,310.53541900092,341.58722014414656,0.09090445810625754,234425.0,13.245942686670167,11313.5,1.1405183860855677,post_leap,3,3,0.0,0.6982758620689654,9.142933196245128,35.02782802929106,21.90886794698131,104.71398089955576,1.0712678844613522e-13,67.72850054582204,0.0,58.894348300714924,0.0,14.723587075178731,0.0,29.447174150357462,0.0,0.0
2026-01-22,3,main_upper_positive,27.880006529596425,322.5413658596574,350.4213723892538,0.07956137589298308,217437.0,12.82210779655552,8494.0,2.034904091599751,post_leap,3,3,0.0,0.6806722689075629,9.112514083543745,35.058247141992446,18.728387917045474,104.94974351445586,0.039104529007208115,70.6341134318507,0.0,58.894348300714924,0.0,17.668304490214474,0.0,35.33660898042895,0.0,0.0
2026-01-29,3,main_upper_positive,23.52688615693391,329.8392036473556,353.3660898042895,0.06657935448747837,193637.0,12.149995174958251,11900.0,3.2453942333738386,post_leap,3,3,0.0,0.6666666666666666,6.013954145054985,35.21208966544546,17.512932011878636,106.1651994196227,2.876543663160196e-13,70.67321796085761,0.0,61.839065715750664,0.0,17.668304490214474,0.0,38.281326395464696,0.0,0.0
2026-02-05,3,main_upper_positive,20.202572267927412,336.1082349513979,356.3108072193253,0.05669929695815211,179372.0,11.262946428610602,7132.5,3.9224459868900863,post_leap,3,3,0.0,0.6611570247933883,3.082742916370107,35.19858347909459,17.0735773360104,106.60455409549093,0.04625201554690799,73.57168336034674,0.0,64.78378313078642,0.0,17.668304490214474,0.0,38.281326395464696,0.0,0.0
2026-02-12,3,main_upper_positive,20.471809330581653,344.67315013385087,365.14495946443253,0.056064882726597626,168935.0,12.118157475112708,5218.5,4.373039244457272,post_leap,3,3,0.0,0.6451612903225805,2.8303025689432126,35.451023826521485,16.315061650391666,107.36306978110966,1.3264451112467734,72.29149026464688,0.0,64.78378313078642,0.0,20.61302190525022,0.0,44.17076122553619,0.0,0.0
2026-02-19,3,main_upper_positive,18.822792758104626,352.21160153639937,371.034394294504,0.05073058737288992,154821.0,12.157777535414851,7057.0,5.035316746649949,post_leap,3,3,0.0,0.6349206349206349,2.8603747902399856,35.42095160522471,13.590030752899352,107.14338326356624,2.372387214965289,74.1902655759641,0.0,67.72850054582216,0.0,20.61302190525022,0.0,47.115478640571936,0.0,0.0
2026-02-26,3,main_upper_positive,16.16574926451304,357.81336244502666,373.9791117095397,0.043226342751112194,148798.0,10.8642248313237,3011.5,5.3030453392999135,post_leap,3,3,0.0,0.6299212598425197,0.14028035813734113,35.19632862229161,14.504801123846972,109.17333030765435,1.5206677825287258,75.04198500840067,0.0,67.72850054582216,0.0,23.557739320285968,0.0,47.115478640571936,0.0,0.0
2026-03-05,3,main_upper_positive,13.964183421924059,360.01492828761565,373.9791117095397,0.03733947427729518,139917.0,9.980333642033534,4440.5,5.662470835511357,post_leap,3,3,0.0,0.6220472440944882,0.20526651055048,35.13134246987847,10.96187635702011,106.82682024440973,2.7970405543534693,76.71032965161167,0.0,70.6732179608579,0.0,23.557739320285968,0.0,47.115478640571936,0.0,0.0
2026-03-12,3,main_upper_positive,17.631142786836826,365.1821211678101,382.81326395464697,0.04605677087752539,132277.0,13.328955741993562,3820.0,5.939157477434344,post_leap,3,3,0.0,0.6230769230769231,0.43826795436002564,34.89834102606892,14.774424694046981,108.90370673745434,2.418450138429821,77.08892006753533,0.0,73.61793537589365,0.0,23.557739320285968,0.0,47.115478640571936,0.0,0.0
2026-03-19,3,main_upper_positive,31.216903663527756,389.87768668658384,421.0945903501116,0.0741327587171638,138000.0,22.620944683715766,0.0,5.9094616900471735,post_leap,3,3,0.0,0.6153846153846154,3.6140927423251825,34.66723365313951,18.54845044067216,111.01911582090068,9.054360480530416,82.23187938557771,0.0,79.50737020596515,0.0,26.502456735321715,0.0,55.94963088567918,0.0,0.0
2026-03-26,3,main_upper_positive,34.33054921149795,386.76404113861366,421.0945903501116,0.08152693004902872,154628.0,22.202026289868556,0.0,5.8799143815969375,post_leap,3,3,0.0,0.6153846153846154,6.655602172584378,34.57044163791606,18.075025209889233,108.54782363664785,9.599921829024337,81.6863180370838,0.0,79.50737020596515,0.0,26.502456735321715,0.0,55.94963088567918,0.0,0.0
2026-04-02,3,main_upper_positive,30.442134022051288,393.59717374309616,424.03930776514744,0.07179083038903447,130670.0,23.296957237354622,11979.0,7.978179393099636,post_leap,3,3,0.0,0.611111111111111,3.639733939198326,34.641592456266366,16.24665176181022,110.37619708472687,10.555748321042742,83.67520896010113,0.0,79.50737020596515,0.0,26.502456735321715,0.0,58.894348300714924,0.0,0.0
2026-04-09,3,main_upper_positive,32.044837473970425,400.8286225362843,432.8734600102547,0.07402818706698093,119643.0,26.783712773810773,5513.5,8.965870685959375,post_leap,3,3,0.0,0.6054421768707482,3.6084960400099417,34.67283035545476,15.75342779622259,110.86942105031449,12.682913637737892,84.49276105844172,0.0,82.45208762100089,0.0,26.502456735321715,0.0,61.839065715750664,0.0,0.0
2026-06-18,4,main_upper_positive,95.38844882946566,514.1680560829337,609.5565049123994,0.1564882796930764,,,0.0,0.0,pre_leap,4,3,0.13526570048309178,0.5024154589371981,35.073248530714956,35.59996943014294,47.37883909028462,126.35948839682439,5.008407420559762,103.94613693576284,7.927953787906331,106.91602539848776,0.0,38.281326395464696,0.0,91.28623986610813,0.0,11.778869660142984
2026-06-25,4,main_upper_positive,166.25230436175576,513.9774185115016,680.2297228732573,0.24440611571560578,472376.0,35.19490921675863,0.0,0.0,pre_leap,4,3,0.18181818181818193,0.5541125541125542,23.290794590131352,35.60355371058357,100.38733684137028,126.35590411638216,34.654747131269346,103.74697137541071,7.919425798984767,106.92455338740933,0.0,38.281326395464696,0.0,94.23095728114387,0.0,8.834152245107237
2026-07-02,4,main_upper_positive,202.4590268003295,521.941457298464,724.4004840987935,0.27948494133352647,450911.0,44.899997294439366,0.0,0.0,pre_leap,4,3,0.18292682926829268,0.573170731707317,17.154562139575507,35.85035133106793,115.35772153703385,126.10910649589732,59.855211756016246,105.04896348598552,10.091531367703906,107.69716523372594,0.0,41.22604381050044,0.0,97.17567469617961,0.0,8.834152245107237
2026-07-09,4,main_upper_positive,231.7286034178621,522.1190548312888,753.847658249151,0.3073944727188825,431527.0,53.699676594480096,0.0,0.0,pre_leap,4,3,0.17968750000000008,0.5898437500000001,11.251864742764887,35.86361389780705,124.20513634888073,126.0958439291577,77.65942710696072,104.91305262525555,18.612175219255743,108.01067362728134,0.0,41.22604381050044,0.0,97.17567469617961,0.0,8.834152245107237
2026-07-16,4,main_upper_positive,254.0117512399956,529.2830811595129,783.2948323995084,0.32428625944316264,412846.0,61.52699826085165,0.0,0.0,pre_leap,4,3,0.1766917293233083,0.5977443609022557,7.9412760347452345,36.22948519079095,130.46044247193646,125.72997263617344,91.58383809084152,105.71222871655347,24.026194642472344,108.48608903413623,0.0,44.17076122553619,0.0,100.12039211121537,0.0,8.834152245107237
2026-07-23,4,main_upper_positive,266.90113594502935,548.7855880198722,815.6867239649015,0.32721034694260137,399123.0,66.87190062838508,6861.5,3.3773399885346693,post_leap,4,3,0.0,0.8014440433212998,4.271361844332895,36.95468196616755,124.15346973247641,132.03694537563348,104.54869816606218,107.47095571651154,33.927606202157904,110.36354713459366,0.0,44.17076122553619,0.0,106.00982694128686,0.0,11.778869660142984
2026-07-30,4,main_upper_positive,278.1732122241752,564.0159684760481,842.1891807002232,0.3302977746554438,380114.0,73.18152244436543,9504.5,8.445125124771884,post_leap,4,3,0.0,0.8006993006993008,1.0574044827128717,37.22392191275183,119.9801704378736,136.2102446702363,118.3588504372587,111.32910793552949,38.77678686633001,111.40380130049303,0.0,47.115478640571936,0.0,108.9545443563226,0.0,11.778869660142984
2026-08-06,4,main_upper_positive,291.33270303746053,577.3589343980847,868.6916374355452,0.33536952640352397,367949.0,79.17746835497869,6082.5,11.963912381290845,post_leap,4,3,0.0,0.7966101694915253,1.0309144264742174e-11,35.33660898041864,117.32682578546702,138.8635893226429,122.75942011316248,112.81797308969722,51.24645713882071,113.65771810318105,0.0,50.06019605560768,0.0,114.8439791863941,0.0,11.778869660142984
2026-08-13,4,main_upper_positive,300.7210816245562,594.4730125463107,895.1940941708668,0.3359283574173772,354963.0,84.71899370485266,6493.0,16.0168872356154,post_leap,4,3,0.0,0.7927631578947367,1.179106586810694e-11,35.33660898041716,110.49236052621916,142.753337166855,124.79791734049863,116.66891069243255,65.43080375782658,114.19695855935392,0.0,53.00491347064343,0.0,117.78869660142985,0.0,14.723587075178731
2026-08-20,4,main_upper_positive,316.4791599263173,628.01516284584,944.4943227721574,0.33507788484893025,343054.0,92.25345278770028,5954.5,19.97247678356169,post_leap,4,3,0.0,0.7756060367575094,3.545781318419106e-11,30.868761867925468,92.8067943250499,146.2260303925763,115.623917571427,120.05595464639254,108.04844802980497,118.9255915920692,0.0,58.38721941389031,0.0,127.04914819766462,0.0,26.502456735321715
2024-12-19,1,main_upper_negative,35.33660898042894,182.57247973221624,217.90908871264517,0.16216216216216214,173213.0,20.40066795242213,0.0,0.0,pre_leap,3,3,0.16216216216216214,0.2027027027027027,30.018413111466074,70.10197899974929,5.318195868962867,97.74691365728825,0.0,8.834152245107237,0.0,0.0,0.0,0.0,0.0,5.889434830071492,0.0,0.0
2024-12-26,1,main_upper_negative,53.00491347064342,182.57247973221627,235.5773932028597,0.22499999999999995,340543.0,15.564822495439174,0.0,0.0,pre_leap,3,3,0.22499999999999995,0.26249999999999996,42.565153005773794,69.33410876558456,10.439760464869629,98.51478389145296,0.0,8.834152245107237,0.0,0.0,0.0,0.0,0.0,5.889434830071492,0.0,0.0
2025-01-02,1,main_upper_negative,63.2023655925861,181.20917985538082,244.41154544796692,0.2585899347624776,351168.0,17.997757652344774,0.0,0.0,pre_leap,3,3,0.25301204819277123,0.3012048192771086,43.189273565741956,68.7099882056164,18.649792150008754,99.1389044514211,1.3632998768353872,10.415569783307596,0.0,2.944717415035746,0.0,0.0,0.0,0.0,0.0,0.0
2025-01-09,1,main_upper_negative,62.5362420228858,181.8753034250811,244.41154544796692,0.255864516990255,330152.0,18.941651730986273,0.0,0.0,pre_leap,3,3,0.25301204819277107,0.30120481927710846,40.74804561911578,68.20649873720683,21.09102009663488,99.64239391983071,0.6971763071351442,11.08169335300784,0.0,2.944717415035746,0.0,0.0,0.0,0.0,0.0,0.0
2025-01-16,1,main_upper_negative,68.87525175860466,181.4257285194338,250.30098027803845,0.2751697243937954,307111.0,22.426826703896854,11520.5,1.7457383901346188,post_leap,3,3,0.0,0.976470588235294,39.336938179083596,66.67288876220326,29.477815025921167,97.14503382061591,0.06049855359990212,11.718371106543081,0.0,5.889434830071492,0.0,0.0,0.0,0.0,0.0,0.0
2025-01-23,1,main_upper_negative,65.22484230728855,182.1314205557141,247.35626286300266,0.2636878547256072,277133.0,23.535574005004296,14989.0,4.426255341901625,post_leap,3,3,0.0,0.9761904761904764,33.3562297334714,66.76416237774396,31.868612573817146,97.69895368775569,0.0,11.778869660142984,0.0,5.889434830071492,0.0,0.0,0.0,0.0,0.0,0.0
2025-01-30,1,main_upper_negative,68.98554938199892,184.26014831107523,253.24569769307413,0.27240561245627654,257133.0,26.828742083668345,10000.0,6.286969985592461,post_leap,3,3,0.0,0.9767441860465116,33.085931962968516,67.03446014824685,33.91808802596128,98.5941956506473,1.9815293930691207,12.74205768210961,0.0,5.889434830071492,0.0,0.0,0.0,0.0,0.0,0.0
2025-02-06,1,main_upper_negative,67.91045355980783,185.33524413326631,253.24569769307413,0.2681603445919669,237813.0,28.556241063275696,9660.0,8.328860323890389,post_leap,3,3,0.0,0.9767441860465116,30.456674950355335,66.71899974582428,36.088707701128875,99.36829339051545,1.365070908323632,13.358516166855098,0.0,5.889434830071492,0.0,0.0,0.0,0.0,0.0,0.0
2025-02-13,1,main_upper_negative,68.49306271734343,184.7526349757307,253.24569769307413,0.2704609134183787,216696.0,31.60790356875228,10558.5,10.69930459240371,post_leap,3,3,0.0,0.9767441860465116,30.518638734491926,66.65703596168768,37.97442398285151,100.42729452382855,0.0,11.778869660142984,0.0,5.889434830071492,0.0,0.0,0.0,0.0,0.0,0.0
2025-02-20,1,main_upper_negative,71.87236151837877,190.20748841980262,262.0798499381814,0.27423841068030147,200373.0,35.86928454351573,8161.5,12.709551309252664,post_leap,3,3,0.0,0.9775280898876404,32.96666048815645,67.15373162305892,38.491110931845846,102.85532498986996,0.41459009837647937,14.308996976802252,0.0,5.889434830071492,0.0,0.0,0.0,0.0,0.0,0.0
2025-02-27,1,main_upper_negative,67.62769198547447,185.61800570759965,253.24569769307413,0.26704379423431357,222293.0,30.42277174066411,0.0,12.6460035527064,post_leap,3,3,0.0,0.9767441860465116,32.090865656302995,65.08480903987662,35.536826329170616,99.92017476247369,8.499337185948154e-13,14.723587075177882,0.0,5.889434830071492,0.0,0.0,0.0,0.0,0.0,0.0
2025-03-06,1,main_upper_negative,60.40002574139886,186.9562371216038,247.35626286300266,0.24418231841920732,202226.0,29.867586631490937,10033.5,15.024748577022493,post_leap,3,3,0.0,0.9761904761904762,26.26113019183385,65.02510967427429,34.13889554956502,101.3181055420793,0.0,14.723587075178731,0.0,5.889434830071492,0.0,0.0,0.0,0.0,0.0,0.0
2025-03-13,1,main_upper_negative,58.827110611085054,188.5291522519176,247.35626286300266,0.2378234127981883,179680.0,32.739932441610115,11273.0,17.643203266911765,post_leap,3,3,0.0,0.9761904761904762,23.29857504987696,65.04294740119542,35.528535561208095,102.87318294547197,0.0,14.723587075178731,0.0,5.889434830071492,0.0,0.0,0.0,0.0,0.0,0.0
2025-03-20,1,main_upper_negative,59.237283754402945,191.0636965236355,250.30098027803845,0.2366642099787272,163262.0,36.2835710418854,8209.0,19.705084093882625,post_leap,3,3,0.0,0.976470588235294,22.617837737926504,65.72368471314587,36.619446016476445,104.72698990523935,0.0,14.723587075178731,0.0,5.889434830071492,0.0,0.0,0.0,0.0,0.0,0.0
2025-03-27,1,main_upper_negative,54.88608931597291,195.41489096206556,250.30098027803845,0.21928036100779366,140011.0,39.201269411669735,11625.5,22.98107591459272,post_leap,3,3,0.0,0.976470588235294,18.995117045051703,66.40168799098494,35.8909722709212,108.40018106583037,0.0,14.723587075178731,0.0,5.889434830071492,0.0,0.0,0.0,0.0,0.0,0.0
2025-04-03,1,main_upper_negative,50.27638471329481,197.07987814970784,247.35626286300266,0.20325494948611914,126230.0,39.829188555252166,6890.5,25.027101310068637,post_leap,3,3,0.0,0.9761904761904762,15.921752875135809,66.53033474586508,34.354631838158994,109.93652149859257,0.0,14.723587075178731,0.0,5.889434830071492,0.0,0.0,0.0,0.0,0.0,0.0
2025-04-10,1,main_upper_negative,39.69952177900574,207.6567410839969,247.35626286300266,0.16049531683373294,110998.0,35.765979368101895,7616.0,27.3286786038127,post_leap,3,3,0.0,0.9761904761904762,11.207368492515437,68.3000017134497,28.492153286488787,115.79900005026278,1.5198699315412252e-12,17.668304490212954,0.0,5.889434830071492,0.0,0.0,0.0,0.0,0.0,0.0
2025-04-17,1,main_upper_negative,15.127132038227806,202.78195667441736,217.90908871264517,0.06941946353681386,100353.0,15.073921096756257,5322.5,28.71495061228741,post_leap,3,3,0.0,0.9324324324324325,0.2127887330350882,61.626276982715574,12.063182093429186,108.6702319230364,2.851161211763533,17.76186069348669,0.0,14.723587075178731,0.0,0.0,0.0,0.0,0.0,0.0
2025-04-24,1,main_upper_negative,4.875819386289932,189.4755300060693,194.35134939235923,0.025087653888353302,75810.0,6.431630901318998,12271.5,30.05121284113673,post_leap,3,3,0.0,0.9242424242424243,0.0,55.94963088567918,0.0,100.12039211121537,4.875819386289932,18.681919933996035,0.0,14.723587075178731,0.0,0.0,0.0,0.0,0.0,0.0
2025-05-01,1,main_upper_negative,4.121768490082676,193.17429831731232,197.296066807395,0.02089128565399351,65100.0,6.331441613030224,5355.0,30.176487844743548,post_leap,3,3,0.0,0.9253731343283582,0.0,55.94963088567918,0.0,103.0651095262511,4.121768490082676,19.435970830203292,0.0,14.723587075178731,0.0,0.0,0.0,0.0,0.0,0.0
2025-05-08,1,main_upper_negative,3.978076940229019,187.42855503709447,191.40663197732349,0.020783380905528465,55532.0,7.163575848572028,4784.0,30.26792233893373,post_leap,3,3,0.0,0.9230769230769231,0.0,53.00491347064343,0.0,100.12039211121537,3.978076940229019,19.57966238005695,0.0,14.723587075178731,0.0,0.0,0.0,0.0,0.0,0.0
2025-05-15,1,main_upper_negative,8.295557228282794,183.11107474904068,191.40663197732349,0.04333996759979348,45589.0,18.19640094821732,4971.5,30.40149246588847,post_leap,3,3,0.0,0.9230769230769231,0.0,50.06019605560768,0.0,100.12039211121537,8.295557228282794,18.20689950703892,0.0,14.723587075178731,0.0,0.0,0.0,0.0,0.0,0.0
2025-06-19,2,main_upper_negative,55.94963088567919,217.9090887126452,273.8587195983244,0.20430107526881724,,,0.0,0.0,pre_leap,3,3,0.20430107526881724,0.30107526881720437,50.53872953227473,61.360532239083625,5.410901353404464,112.37779524802538,5.1360130133389475e-15,26.50245673532171,0.0,17.668304490214474,0.0,0.0,0.0,0.0,0.0,0.0
2025-06-26,2,main_upper_negative,103.06510952625109,223.79852354271674,326.86363306896783,0.31531531531531526,650456.0,15.845054780992273,0.0,0.0,pre_leap,3,3,0.31531531531531526,0.39639639639639634,62.797660043468916,60.88047138803241,40.267449482782176,112.8578560990766,4.3800173207897604e-15,26.50245673532171,0.0,20.61302190525022,0.0,0.0,0.0,2.944717415035746,0.0,0.0
2025-07-03,2,main_upper_negative,122.71418849870948,218.8730316454371,341.58722014414656,0.35924701295009004,619598.0,19.80545264812176,0.0,0.0,pre_leap,3,3,0.3534482758620689,0.4396551724137931,57.39990421260771,60.38879238882214,63.33350980385788,113.34953509828688,1.9807744822438915,27.46639966811357,0.0,17.668304490214474,0.0,0.0,0.0,0.0,0.0,0.0
2025-07-10,2,main_upper_negative,137.12664074588915,225.07360130350762,362.20024204939676,0.37859345418987284,563148.0,24.350018244917703,0.0,0.0,pre_leap,3,3,0.37398373983739835,0.45528455284552843,51.91355146712733,59.98571030423103,83.54344962451698,113.75261718287801,1.6696396542448164,27.777534496112647,0.0,20.61302190525022,0.0,0.0,0.0,2.944717415035746,0.0,0.0
2025-07-17,2,main_upper_negative,168.08819927741985,217.6697820922629,385.75798136968274,0.43573485811129903,531711.0,31.61269924402915,15718.5,3.0619660942619107,post_leap,3,3,0.0,0.9312977099236641,47.873071117127694,58.13675582415917,116.58645676543884,104.2673493622421,3.6286713948533187,28.76322017053989,0.0,20.61302190525022,0.0,0.0,0.0,5.889434830071492,0.0,0.0
2025-07-24,2,main_upper_negative,173.8503067026694,217.79710949708482,391.6474161997542,0.4438949409894728,503401.0,34.535153228275156,14155.0,6.626478326184462,post_leap,3,3,0.0,0.9323308270676691,38.81395185510962,58.36172284106999,125.95635475445637,103.73160361833182,9.080000093103404,29.20132630236129,0.0,17.668304490214474,0.0,2.944717415035746,0.0,5.889434830071492,0.0,0.0
2025-07-31,2,main_upper_negative,177.29969673388004,220.23715429594566,397.5368510298257,0.4459956260019223,471778.0,37.581170960468704,15811.5,10.96176653670452,post_leap,3,3,0.0,0.925925925925926,33.95973866558005,57.326501200528085,135.31622823661297,103.20588238128246,8.023729831687012,30.257596563777682,0.0,20.61302190525022,0.0,0.0,0.0,8.834152245107237,0.0,0.0
2025-08-07,2,main_upper_negative,178.1558525620747,222.32571588278677,400.48156844486147,0.4448540622078674,439788.0,40.50948469764403,15995.0,15.715844340122572,post_leap,3,3,0.0,0.9264705882352942,27.947430329876788,57.44937470615985,136.9121745780405,104.55465345489068,13.296247654157428,30.874513571378763,0.0,17.668304490214474,0.0,2.944717415035746,0.0,8.834152245107237,0.0,0.0
2025-08-14,2,main_upper_negative,181.76999951155125,224.60100376338175,406.371003274933,0.44730061457798836,410441.0,44.286511218799106,14673.5,20.392592508108994,post_leap,3,3,0.0,0.9130434782608694,27.556314010475518,54.89577361052537,142.75764720354775,101.65389824441917,11.456038297527963,32.71472292800823,0.0,23.557739320285968,0.0,0.0,0.0,11.778869660142984,0.0,0.0
2025-08-21,2,main_upper_negative,186.8111251949125,233.28903808497182,420.1001632798843,0.44468234369728843,388357.0,48.10293755356863,11042.0,24.20272280059229,post_leap,3,3,0.0,0.9035090708062442,21.32525875562266,55.84664591427965,139.63074267620894,104.28030295402183,25.855123763080908,32.626234107345766,0.0,27.54539315799444,0.0,5.441492955628173,0.0,7.548968995701999,0.0,0.0
2025-08-28,2,main_upper_negative,186.21653827666387,237.82276948848357,424.03930776514744,0.43914923656039734,356370.0,52.25370774101744,15993.5,30.236383840693325,post_leap,3,3,0.0,0.8888888888888888,20.21360354105757,53.404331834836086,138.9291066701444,102.53772136278678,27.073828065461896,34.76523765028877,0.0,32.39189156539321,0.0,0.0,0.0,14.723587075178731,0.0,0.0
2025-09-04,2,main_upper_negative,181.237143216396,239.85744713371562,421.0945903501116,0.4303953253488951,332895.0,54.44273516165638,11737.5,34.991825078371406,post_leap,3,3,0.0,0.8881118881118882,17.47758520181074,53.19563275904716,131.96321033555796,103.61418286730174,31.79634767902727,35.93215286679489,0.0,32.39189156539321,0.0,2.944717415035746,0.0,11.778869660142984,0.0,0.0
2025-09-11,2,main_upper_negative,174.12602436535138,244.02384856972458,418.14987293507596,0.41642012980448057,309117.0,56.33013530972137,11889.0,39.995023379675,post_leap,3,3,0.0,0.880281690140845,15.80850135886019,51.91999918696197,128.1116007870027,104.52107500082124,30.205922219488496,37.52257832633366,0.0,32.39189156539321,0.0,5.889434830071492,0.0,11.778869660142984,0.0,0.0
2025-09-18,2,main_upper_negative,172.54811444628754,248.54647590382407,421.0945903501116,0.40976093827950977,288952.0,59.71514799907512,10082.5,44.338636976858744,post_leap,3,3,0.0,0.8671328671328673,15.093427752163283,49.69035537862314,123.62167684382972,103.12156411392273,33.83300985029454,39.784925525599114,0.0,38.281326395464696,0.0,5.889434830071492,0.0,11.778869660142984,0.0,0.0
2025-09-25,2,main_upper_negative,138.33793106149832,256.25420255329163,394.59213361479,0.3505846145340217,240758.0,57.459328895196975,24097.0,55.628591162644156,post_leap,3,3,0.0,0.8656716417910447,8.03524778950102,50.8591005112139,101.45921366068727,110.56044022188645,28.843469611310024,41.82974834954787,0.0,35.33660898042895,0.0,5.889434830071492,0.0,11.778869660142984,0.0,0.0
2025-10-02,2,main_upper_negative,126.40951317358645,262.293185611132,388.70269878471845,0.32520873554211643,216580.0,58.36619871344835,12089.0,60.90745482294323,post_leap,3,3,0.0,0.856060606060606,6.361612023983726,49.58801886169545,93.18895738555845,112.94126166694376,26.858943764044273,43.81427419681363,0.0,35.33660898042895,0.0,5.889434830071492,0.0,14.723587075178731,0.0,0.0
2025-10-09,2,main_upper_negative,120.70816885611863,265.0498125135641,385.75798136968274,0.3129116562346395,198964.0,60.668346462736295,8808.0,64.71563337497295,post_leap,3,3,0.0,0.8549618320610687,6.707807373487521,49.24182351219166,85.5394072613693,114.70137696106143,28.4609542212618,45.15698115463185,0.0,38.281326395464696,0.0,5.889434830071492,0.0,11.778869660142984,0.0,0.0
2025-10-16,2,main_upper_negative,104.80760389138264,272.11622523319284,376.9238291245755,0.278060435008324,185308.0,56.55859644018749,6828.0,67.70600296527857,post_leap,3,3,0.0,0.8437500000000001,5.411710742419784,47.593202728223645,72.78238886692611,118.62424311039737,26.61350428203675,47.0044310938569,0.0,38.281326395464696,0.0,5.889434830071492,0.0,14.723587075178731,0.0,0.0
2025-10-23,2,main_upper_negative,61.4962162526378,259.4779819862585,320.9741982388963,0.19159239773804837,169443.0,36.293158320283396,7932.5,70.9566814805465,post_leap,3,3,0.0,0.7706422018348624,3.0048456523567264,41.16591557317946,43.18267400531652,95.21904450136353,15.308696594964552,49.475086535821866,0.0,47.115478640571936,0.0,8.834152245107237,0.0,17.668304490214474,0.0,0.0
2025-10-30,2,main_upper_negative,40.769196677930594,259.5919796557155,300.3611763336461,0.13573390934067825,150125.0,27.1568337571561,9659.0,73.4063430028687,post_leap,3,3,0.0,0.7549019607843137,1.1641559053460628,40.06188790515438,25.576808184901445,95.15660583156415,14.02823258768309,50.755550543103325,0.0,47.115478640571936,0.0,8.834152245107237,0.0,17.668304490214474,0.0,0.0
2025-11-06,2,main_upper_negative,36.4489642351808,260.96749468342955,297.4164589186104,0.12255194069523657,134699.0,27.059565575973693,7713.0,74.71499655800592,post_leap,3,3,0.0,0.7425742574257423,2.43229322533452,38.793750585165924,21.256589660051766,93.58738952634232,12.760081349794516,52.0237017809919,0.0,50.06019605560768,0.0,8.834152245107237,0.0,17.668304490214474,0.0,0.0
2025-11-13,2,main_upper_negative,35.18135701623811,265.179819317408,300.3611763336461,0.11713017456409908,118308.0,29.73709048943276,8195.5,76.11555493263901,post_leap,3,3,0.0,0.7352941176470589,1.166860078641456,37.11446631682324,22.712942689455645,95.0757539119742,11.301554248141004,53.482228882645416,0.0,47.115478640571936,0.0,11.778869660142984,0.0,20.61302190525022,0.0,0.0
2025-12-18,3,main_upper_negative,14.723587075179982,282.6928718434304,297.4164589186104,0.049504950495053705,,,0.0,0.0,pre_leap,3,3,0.04950495049504959,0.2475247524752476,14.72358707517877,35.33660898042891,0.0,103.0651095262511,1.2113386419287533e-12,58.894348300713716,0.0,53.00491347064343,0.0,11.778869660142984,0.0,20.61302190525022,0.0,0.0
2025-12-25,3,main_upper_negative,29.4471741503583,288.5823066735023,318.0294808238606,0.09259259259259524,289845.0,10.159628128951095,0.0,0.0,pre_leap,3,3,0.09259259259259268,0.28703703703703715,18.053631588581098,34.95128188206233,11.393542561776394,103.4504366246177,8.125442977540044e-13,61.839065715749854,0.0,53.00491347064343,0.0,11.778869660142984,0.0,23.557739320285968,0.0,0.0
2026-01-01,3,main_upper_negative,32.39189156539348,291.5270240885386,323.91891565393206,0.10000000000000084,283614.0,11.421118691388113,0.0,0.0,pre_leap,3,3,0.1000000000000001,0.3000000000000001,18.08227291049658,34.922640560146846,14.309618654896655,103.4790779465332,2.364830450922292e-13,64.78378313078618,0.0,53.00491347064343,0.0,11.778869660142984,0.0,23.557739320285968,0.0,0.0
2026-01-08,3,main_upper_negative,32.39189156539392,294.4717415035739,326.86363306896783,0.09909909909910128,257052.0,12.601299178918632,0.0,0.0,pre_leap,3,3,0.09909909909909913,0.29729729729729737,12.398838140793131,34.716640499778805,19.993053424600085,103.68507800690125,7.048996511515237e-13,64.78378313078571,0.0,55.94963088567918,0.0,11.778869660142984,0.0,23.557739320285968,0.0,0.0
2026-01-15,3,main_upper_negative,31.05180114322654,310.53541900092,341.58722014414656,0.09090445810625754,234425.0,13.245942686670167,11313.5,1.1405183860855677,post_leap,3,3,0.0,0.6982758620689654,9.142933196245128,35.02782802929106,21.90886794698131,104.71398089955576,1.0712678844613522e-13,67.72850054582204,0.0,58.894348300714924,0.0,14.723587075178731,0.0,29.447174150357462,0.0,0.0
2026-01-22,3,main_upper_negative,27.880006529596425,322.5413658596574,350.4213723892538,0.07956137589298308,217437.0,12.82210779655552,8494.0,2.034904091599751,post_leap,3,3,0.0,0.6806722689075629,9.112514083543745,35.058247141992446,18.728387917045474,104.94974351445586,0.039104529007208115,70.6341134318507,0.0,58.894348300714924,0.0,17.668304490214474,0.0,35.33660898042895,0.0,0.0
2026-01-29,3,main_upper_negative,23.52688615693391,329.8392036473556,353.3660898042895,0.06657935448747837,193637.0,12.149995174958251,11900.0,3.2453942333738386,post_leap,3,3,0.0,0.6666666666666666,6.013954145054985,35.21208966544546,17.512932011878636,106.1651994196227,2.876543663160196e-13,70.67321796085761,0.0,61.839065715750664,0.0,17.668304490214474,0.0,38.281326395464696,0.0,0.0
2026-02-05,3,main_upper_negative,20.202572267927412,336.1082349513979,356.3108072193253,0.05669929695815211,179372.0,11.262946428610602,7132.5,3.9224459868900863,post_leap,3,3,0.0,0.6611570247933883,3.082742916370107,35.19858347909459,17.0735773360104,106.60455409549093,0.04625201554690799,73.57168336034674,0.0,64.78378313078642,0.0,17.668304490214474,0.0,38.281326395464696,0.0,0.0
2026-02-12,3,main_upper_negative,20.471809330581653,344.67315013385087,365.14495946443253,0.056064882726597626,168935.0,12.118157475112708,5218.5,4.373039244457272,post_leap,3,3,0.0,0.6451612903225805,2.8303025689432126,35.451023826521485,16.315061650391666,107.36306978110966,1.3264451112467734,72.29149026464688,0.0,64.78378313078642,0.0,20.61302190525022,0.0,44.17076122553619,0.0,0.0
2026-02-19,3,main_upper_negative,18.822792758104626,352.21160153639937,371.034394294504,0.05073058737288992,154821.0,12.157777535414851,7057.0,5.035316746649949,post_leap,3,3,0.0,0.6349206349206349,2.8603747902399856,35.42095160522471,13.590030752899352,107.14338326356624,2.372387214965289,74.1902655759641,0.0,67.72850054582216,0.0,20.61302190525022,0.0,47.115478640571936,0.0,0.0
2026-02-26,3,main_upper_negative,16.16574926451304,357.81336244502666,373.9791117095397,0.043226342751112194,148798.0,10.8642248313237,3011.5,5.3030453392999135,post_leap,3,3,0.0,0.6299212598425197,0.14028035813734113,35.19632862229161,14.504801123846972,109.17333030765435,1.5206677825287258,75.04198500840067,0.0,67.72850054582216,0.0,23.557739320285968,0.0,47.115478640571936,0.0,0.0
2026-03-05,3,main_upper_negative,13.964183421924059,360.01492828761565,373.9791117095397,0.03733947427729518,139917.0,9.980333642033534,4440.5,5.662470835511357,post_leap,3,3,0.0,0.6220472440944882,0.20526651055048,35.13134246987847,10.96187635702011,106.82682024440973,2.7970405543534693,76.71032965161167,0.0,70.6732179608579,0.0,23.557739320285968,0.0,47.115478640571936,0.0,0.0
2026-03-12,3,main_upper_negative,17.631142786836826,365.1821211678101,382.81326395464697,0.04605677087752539,132277.0,13.328955741993562,3820.0,5.939157477434344,post_leap,3,3,0.0,0.6230769230769231,0.43826795436002564,34.89834102606892,14.774424694046981,108.90370673745434,2.418450138429821,77.08892006753533,0.0,73.61793537589365,0.0,23.557739320285968,0.0,47.115478640571936,0.0,0.0
2026-03-19,3,main_upper_negative,31.216903663527756,389.87768668658384,421.0945903501116,0.0741327587171638,138000.0,22.620944683715766,0.0,5.9094616900471735,post_leap,3,3,0.0,0.6153846153846154,3.6140927423251825,34.66723365313951,18.54845044067216,111.01911582090068,9.054360480530416,82.23187938557771,0.0,79.50737020596515,0.0,26.502456735321715,0.0,55.94963088567918,0.0,0.0
2026-03-26,3,main_upper_negative,34.33054921149795,386.76404113861366,421.0945903501116,0.08152693004902872,154628.0,22.202026289868556,0.0,5.8799143815969375,post_leap,3,3,0.0,0.6153846153846154,6.655602172584378,34.57044163791606,18.075025209889233,108.54782363664785,9.599921829024337,81.6863180370838,0.0,79.50737020596515,0.0,26.502456735321715,0.0,55.94963088567918,0.0,0.0
2026-04-02,3,main_upper_negative,30.442134022051288,393.59717374309616,424.03930776514744,0.07179083038903447,130670.0,23.296957237354622,11979.0,7.978179393099636,post_leap,3,3,0.0,0.611111111111111,3.639733939198326,34.641592456266366,16.24665176181022,110.37619708472687,10.555748321042742,83.67520896010113,0.0,79.50737020596515,0.0,26.502456735321715,0.0,58.894348300714924,0.0,0.0
2026-04-09,3,main_upper_negative,32.044837473970425,400.8286225362843,432.8734600102547,0.07402818706698093,119643.0,26.783712773810773,5513.5,8.965870685959375,post_leap,3,3,0.0,0.6054421768707482,3.6084960400099417,34.67283035545476,15.75342779622259,110.86942105031449,12.682913637737892,84.49276105844172,0.0,82.45208762100089,0.0,26.502456735321715,0.0,61.839065715750664,0.0,0.0
2026-06-18,4,main_upper_negative,98.94780243184097,510.60870248055846,609.5565049123994,0.16232753097444338,,,0.0,0.0,pre_leap,4,3,0.13526570048309178,0.5024154589371981,35.597734515752315,35.07548344510558,46.85435310524858,126.88397438186044,6.762994168397658,102.19155018792495,9.732720642442413,105.11125854395168,0.0,38.281326395464696,0.0,91.28623986610813,0.0,11.778869660142984
2026-06-25,4,main_upper_negative,169.82578137925225,510.40394149400504,680.2297228732573,0.24965945425306674,472376.0,35.95139917761534,0.0,0.0,pre_leap,4,3,0.18181818181818193,0.5541125541125542,23.815976279586696,35.07837202112823,99.86215515191468,126.88108580583777,36.41780359110447,101.98391491557558,9.729846356646398,105.11413282974769,0.0,38.281326395464696,0.0,94.23095728114387,0.0,8.834152245107237
2026-07-02,4,main_upper_negative,209.29310689456867,515.1073772042248,724.4004840987935,0.28891905995196066,450911.0,46.41561347906099,0.0,0.0,pre_leap,4,3,0.18292682926829268,0.573170731707317,18.179742425535355,34.82517104510808,114.33254125107324,127.13428678185794,63.201011469999834,101.70316377200194,13.579811747960251,104.2088848534696,0.0,41.22604381050044,0.0,97.17567469617961,0.0,8.834152245107237
2026-07-09,4,main_upper_negative,238.93008537415486,514.9175728749962,753.847658249151,0.31694743992318286,431527.0,55.368513528505716,0.0,0.0,pre_leap,4,3,0.17968750000000008,0.5898437500000001,12.291164888269531,34.8243137523024,123.16583620337487,127.13514407466356,81.2503317513025,101.32214798091377,22.222752531207988,104.4000963153291,0.0,41.22604381050044,0.0,97.17567469617961,0.0,8.834152245107237
2026-07-16,4,main_upper_negative,264.3686431153497,518.9261892841587,783.2948323995084,0.3375084734128722,412846.0,64.03565569615539,0.0,0.0,pre_leap,4,3,0.1766917293233083,0.5977443609022557,9.556104427890165,34.61465679764602,128.84561407878996,127.34480102931994,96.70704661922346,100.58902018817153,29.25987798944614,103.25240568716244,0.0,44.17076122553619,0.0,100.12039211121537,0.0,8.834152245107237
2026-07-23,4,main_upper_negative,292.07929845636085,523.6074255085407,815.6867239649015,0.3580777887822149,399123.0,73.18027236124223,6861.5,3.515045212473363,post_leap,4,3,0.0,0.8014440433212998,6.963829045800897,34.26221476469954,132.15235953877962,124.03805556933028,111.63239996853966,100.38725391403406,41.33070990324063,102.96044343351093,0.0,44.17076122553619,0.0,106.00982694128686,0.0,11.778869660142984
2026-07-30,4,main_upper_negative,309.53020310839304,532.6589775918302,842.1891807002232,0.367530491012767,380114.0,81.43088734126947,9504.5,9.061805175670411,post_leap,4,3,0.0,0.8006993006993008,4.140159065848614,34.14116732961608,130.79284942112503,125.39756568698488,126.95254291975016,102.73541545303803,47.64465170166923,102.53593646515381,0.0,47.115478640571936,0.0,108.9545443563226,0.0,11.778869660142984
2026-08-06,4,main_upper_negative,327.7694658817605,540.9221715537847,868.6916374355452,0.377313941745042,367949.0,89.08013498657708,6082.5,12.97892312781823,post_leap,4,3,0.0,0.7966101694915253,1.507009283637972,33.82959969679098,130.61478014544227,125.57563496266764,133.44249652423815,102.13489667862154,62.205179928442114,102.69899531355966,0.0,50.06019605560768,0.0,114.8439791863941,0.0,11.778869660142984
2026-08-13,4,main_upper_negative,344.17667461950873,551.0174195513581,895.1940941708668,0.3844715652847183,354963.0,96.96128177289147,6493.0,17.5412070439219,post_leap,4,3,0.0,0.7927631578947367,1.8006258756935654,33.53598310473539,126.38088174192792,126.86481595114624,137.5669631816175,103.89986485131368,78.42820382026976,101.19955849691074,0.0,53.00491347064343,0.0,117.78869660142985,0.0,14.723587075178731
2026-08-20,4,main_upper_negative,370.8773312472014,573.6169915249559,944.4943227721574,0.3926729068721666,343054.0,108.11048151229876,5954.5,22.072348627235748,post_leap,4,3,0.0,0.7756060367575094,5.246360948559527e-13,30.868761867960398,113.32135551847429,125.7114691991519,132.28267167663927,103.39720054118027,125.27330405208733,101.70073556978684,0.0,58.38721941389031,0.0,127.04914819766462,0.0,26.502456735321715
2024-12-19,1,solo_upper_control,35.33660898042894,182.57247973221624,217.90908871264517,0.16216216216216214,173213.0,20.40066795242213,0.0,0.0,pre_leap,3,3,0.16216216216216214,0.2027027027027027,30.018413111466074,70.10197899974929,5.318195868962867,97.74691365728825,0.0,8.834152245107237,0.0,0.0,0.0,0.0,0.0,5.889434830071492,0.0,0.0
2024-12-26,1,solo_upper_control,53.00491347064342,182.57247973221627,235.5773932028597,0.22499999999999995,340543.0,15.564822495439174,0.0,0.0,pre_leap,3,3,0.22499999999999995,0.26249999999999996,42.565153005773794,69.33410876558456,10.439760464869629,98.51478389145296,0.0,8.834152245107237,0.0,0.0,0.0,0.0,0.0,5.889434830071492,0.0,0.0
2025-01-02,1,solo_upper_control,63.2023655925861,181.20917985538082,244.41154544796692,0.2585899347624776,351168.0,17.997757652344774,0.0,0.0,pre_leap,3,3,0.25301204819277123,0.3012048192771086,43.189273565741956,68.7099882056164,18.649792150008754,99.1389044514211,1.3632998768353872,10.415569783307596,0.0,2.944717415035746,0.0,0.0,0.0,0.0,0.0,0.0
2025-01-09,1,solo_upper_control,62.5362420228858,181.8753034250811,244.41154544796692,0.255864516990255,330152.0,18.941651730986273,0.0,0.0,pre_leap,3,3,0.25301204819277107,0.30120481927710846,40.74804561911578,68.20649873720683,21.09102009663488,99.64239391983071,0.6971763071351442,11.08169335300784,0.0,2.944717415035746,0.0,0.0,0.0,0.0,0.0,0.0
2025-01-16,1,solo_upper_control,68.87525175860466,181.4257285194338,250.30098027803845,0.2751697243937954,307111.0,22.426826703896854,11520.5,1.7457383901346188,post_leap,3,3,0.0,0.976470588235294,39.336938179083596,66.67288876220326,29.477815025921167,97.14503382061591,0.06049855359990212,11.718371106543081,0.0,5.889434830071492,0.0,0.0,0.0,0.0,0.0,0.0
2025-01-23,1,solo_upper_control,65.22484230728855,182.1314205557141,247.35626286300266,0.2636878547256072,277133.0,23.535574005004296,14989.0,4.426255341901625,post_leap,3,3,0.0,0.9761904761904764,33.3562297334714,66.76416237774396,31.868612573817146,97.69895368775569,0.0,11.778869660142984,0.0,5.889434830071492,0.0,0.0,0.0,0.0,0.0,0.0
2025-01-30,1,solo_upper_control,68.98554938199892,184.26014831107523,253.24569769307413,0.27240561245627654,257133.0,26.828742083668345,10000.0,6.286969985592461,post_leap,3,3,0.0,0.9767441860465116,33.085931962968516,67.03446014824685,33.91808802596128,98.5941956506473,1.9815293930691207,12.74205768210961,0.0,5.889434830071492,0.0,0.0,0.0,0.0,0.0,0.0
2025-02-06,1,solo_upper_control,67.91045355980783,185.33524413326631,253.24569769307413,0.2681603445919669,237813.0,28.556241063275696,9660.0,8.328860323890389,post_leap,3,3,0.0,0.9767441860465116,30.456674950355335,66.71899974582428,36.088707701128875,99.36829339051545,1.365070908323632,13.358516166855098,0.0,5.889434830071492,0.0,0.0,0.0,0.0,0.0,0.0
2025-02-13,1,solo_upper_control,68.49306271734343,184.7526349757307,253.24569769307413,0.2704609134183787,216696.0,31.60790356875228,10558.5,10.69930459240371,post_leap,3,3,0.0,0.9767441860465116,30.518638734491926,66.65703596168768,37.97442398285151,100.42729452382855,0.0,11.778869660142984,0.0,5.889434830071492,0.0,0.0,0.0,0.0,0.0,0.0
2025-02-20,1,solo_upper_control,71.87236151837877,190.20748841980262,262.0798499381814,0.27423841068030147,200373.0,35.86928454351573,8161.5,12.709551309252664,post_leap,3,3,0.0,0.9775280898876404,32.96666048815645,67.15373162305892,38.491110931845846,102.85532498986996,0.41459009837647937,14.308996976802252,0.0,5.889434830071492,0.0,0.0,0.0,0.0,0.0,0.0
2025-02-27,1,solo_upper_control,67.62769198547447,185.61800570759965,253.24569769307413,0.26704379423431357,222293.0,30.42277174066411,0.0,12.6460035527064,post_leap,3,3,0.0,0.9767441860465116,32.090865656302995,65.08480903987662,35.536826329170616,99.92017476247369,8.499337185948154e-13,14.723587075177882,0.0,5.889434830071492,0.0,0.0,0.0,0.0,0.0,0.0
2025-03-06,1,solo_upper_control,60.40002574139886,186.9562371216038,247.35626286300266,0.24418231841920732,202226.0,29.867586631490937,10033.5,15.024748577022493,post_leap,3,3,0.0,0.9761904761904762,26.26113019183385,65.02510967427429,34.13889554956502,101.3181055420793,0.0,14.723587075178731,0.0,5.889434830071492,0.0,0.0,0.0,0.0,0.0,0.0
2025-03-13,1,solo_upper_control,58.827110611085054,188.5291522519176,247.35626286300266,0.2378234127981883,179680.0,32.739932441610115,11273.0,17.643203266911765,post_leap,3,3,0.0,0.9761904761904762,23.29857504987696,65.04294740119542,35.528535561208095,102.87318294547197,0.0,14.723587075178731,0.0,5.889434830071492,0.0,0.0,0.0,0.0,0.0,0.0
2025-03-20,1,solo_upper_control,59.237283754402945,191.0636965236355,250.30098027803845,0.2366642099787272,163262.0,36.2835710418854,8209.0,19.705084093882625,post_leap,3,3,0.0,0.976470588235294,22.617837737926504,65.72368471314587,36.619446016476445,104.72698990523935,0.0,14.723587075178731,0.0,5.889434830071492,0.0,0.0,0.0,0.0,0.0,0.0
2025-03-27,1,solo_upper_control,54.88608931597291,195.41489096206556,250.30098027803845,0.21928036100779366,140011.0,39.201269411669735,11625.5,22.98107591459272,post_leap,3,3,0.0,0.976470588235294,18.995117045051703,66.40168799098494,35.8909722709212,108.40018106583037,0.0,14.723587075178731,0.0,5.889434830071492,0.0,0.0,0.0,0.0,0.0,0.0
2025-04-03,1,solo_upper_control,50.27638471329481,197.07987814970784,247.35626286300266,0.20325494948611914,126230.0,39.829188555252166,6890.5,25.027101310068637,post_leap,3,3,0.0,0.9761904761904762,15.921752875135809,66.53033474586508,34.354631838158994,109.93652149859257,0.0,14.723587075178731,0.0,5.889434830071492,0.0,0.0,0.0,0.0,0.0,0.0
2025-04-10,1,solo_upper_control,39.69952177900574,207.6567410839969,247.35626286300266,0.16049531683373294,110998.0,35.765979368101895,7616.0,27.3286786038127,post_leap,3,3,0.0,0.9761904761904762,11.207368492515437,68.3000017134497,28.492153286488787,115.79900005026278,1.5198699315412252e-12,17.668304490212954,0.0,5.889434830071492,0.0,0.0,0.0,0.0,0.0,0.0
2025-04-17,1,solo_upper_control,15.127132038227806,202.78195667441736,217.90908871264517,0.06941946353681386,100353.0,15.073921096756257,5322.5,28.71495061228741,post_leap,3,3,0.0,0.9324324324324325,0.2127887330350882,61.626276982715574,12.063182093429186,108.6702319230364,2.851161211763533,17.76186069348669,0.0,14.723587075178731,0.0,0.0,0.0,0.0,0.0,0.0
2025-04-24,1,solo_upper_control,4.875819386289932,189.4755300060693,194.35134939235923,0.025087653888353302,75810.0,6.431630901318998,12271.5,30.05121284113673,post_leap,3,3,0.0,0.9242424242424243,0.0,55.94963088567918,0.0,100.12039211121537,4.875819386289932,18.681919933996035,0.0,14.723587075178731,0.0,0.0,0.0,0.0,0.0,0.0
2025-05-01,1,solo_upper_control,4.121768490082676,193.17429831731232,197.296066807395,0.02089128565399351,65100.0,6.331441613030224,5355.0,30.176487844743548,post_leap,3,3,0.0,0.9253731343283582,0.0,55.94963088567918,0.0,103.0651095262511,4.121768490082676,19.435970830203292,0.0,14.723587075178731,0.0,0.0,0.0,0.0,0.0,0.0
2025-05-08,1,solo_upper_control,3.978076940229019,187.42855503709447,191.40663197732349,0.020783380905528465,55532.0,7.163575848572028,4784.0,30.26792233893373,post_leap,3,3,0.0,0.9230769230769231,0.0,53.00491347064343,0.0,100.12039211121537,3.978076940229019,19.57966238005695,0.0,14.723587075178731,0.0,0.0,0.0,0.0,0.0,0.0
2025-05-15,1,solo_upper_control,8.295557228282794,183.11107474904068,191.40663197732349,0.04333996759979348,45589.0,18.19640094821732,4971.5,30.40149246588847,post_leap,3,3,0.0,0.9230769230769231,0.0,50.06019605560768,0.0,100.12039211121537,8.295557228282794,18.20689950703892,0.0,14.723587075178731,0.0,0.0,0.0,0.0,0.0,0.0
2025-06-19,2,solo_upper_control,55.94963088567919,217.9090887126452,273.8587195983244,0.20430107526881724,,,0.0,0.0,pre_leap,3,3,0.20430107526881724,0.30107526881720437,51.03567302181359,60.86358874954477,4.913957863865608,112.87473873756424,0.0,26.502456735321715,0.0,17.668304490214474,0.0,0.0,0.0,0.0,0.0,0.0
2025-06-26,2,solo_upper_control,103.06510952625109,223.79852354271674,326.86363306896783,0.31531531531531526,650456.0,15.845054780992273,0.0,0.0,pre_leap,3,3,0.31531531531531526,0.39639639639639634,63.79132278301294,59.88680864848839,39.27378674323816,113.85151883862062,0.0,26.502456735321715,0.0,20.61302190525022,0.0,0.0,0.0,2.944717415035746,0.0,0.0
2025-07-03,2,solo_upper_control,121.81863307634147,219.76858706780507,341.58722014414656,0.3566252655030102,619598.0,19.660914508494454,0.0,0.0,pre_leap,3,3,0.3534482758620689,0.4396551724137931,58.89920597076828,58.88949063066157,61.834208045697316,114.84883685644743,1.085219059875886,28.361955090481576,0.0,17.668304490214474,0.0,0.0,0.0,0.0,0.0,0.0
2025-07-10,2,solo_upper_control,135.9362610826991,226.26398096669766,362.20024204939676,0.37530693053529257,563148.0,24.138638702916303,0.0,0.0,pre_leap,3,3,0.37398373983739835,0.45528455284552843,53.87011596476591,58.029145806592446,81.58688512687841,115.70918168051658,0.4792599910547976,28.967914159302666,0.0,20.61302190525022,0.0,0.0,0.0,2.944717415035746,0.0,0.0
2025-07-17,2,solo_upper_control,173.15668121810674,212.601300151576,385.75798136968274,0.44887387839207354,531711.0,32.5659392448354,15718.5,3.03538553961432,post_leap,3,3,0.0,0.9312977099236641,50.086057451291154,55.923769489995706,120.33188002092163,100.52192610675931,2.7387437458939567,29.653147819499253,0.0,20.61302190525022,0.0,0.0,0.0,5.889434830071492,0.0,0.0
2025-07-24,2,solo_upper_control,180.6609467587394,210.9864694410148,391.6474161997542,0.46128466392484985,503401.0,35.88807864083294,14155.0,6.707975572001408,post_leap,3,3,0.0,0.9323308270676691,41.68215976064116,55.49351493553845,131.0645947065908,98.62336366619738,7.914192291507431,30.367134103957262,0.0,17.668304490214474,0.0,2.944717415035746,0.0,5.889434830071492,0.0,0.0
2025-07-31,2,solo_upper_control,182.53560495366122,215.00124607616448,397.5368510298257,0.4591665011200842,471778.0,38.690995543170985,15811.5,11.213990537577642,post_leap,3,3,0.0,0.925925925925926,36.18714569767138,55.09909416843675,139.1684151642414,99.35369545365404,7.180044091748469,31.101282303716225,0.0,20.61302190525022,0.0,0.0,0.0,8.834152245107237,0.0,0.0
2025-08-07,2,solo_upper_control,184.5450729409358,215.93649550392567,400.48156844486147,0.460807905985676,439788.0,41.962280221592174,15995.0,16.10882037459391,post_leap,3,3,0.0,0.9264705882352942,30.80173206493571,54.59507297110093,141.55900297819912,99.90782505473206,12.184337897800972,31.986423327735217,0.0,17.668304490214474,0.0,2.944717415035746,0.0,8.834152245107237,0.0,0.0
2025-08-14,2,solo_upper_control,183.28080694266214,223.09019633227086,406.371003274933,0.45101841781428065,410441.0,44.654604910976765,14673.5,20.954144423373204,post_leap,3,3,0.0,0.9130434782608694,28.469004205403692,53.98308341559719,143.53964197222078,100.87190347574614,11.27216076503767,32.89860046049852,0.0,23.557739320285968,0.0,0.0,0.0,11.778869660142984,0.0,0.0
2025-08-21,2,solo_upper_control,192.99766551722718,227.10249776265715,420.1001632798843,0.45940868960968695,388357.0,49.695940981423576,11042.0,24.79398288067238,post_leap,3,3,0.0,0.9035090708062442,24.15558258243229,53.016322087470016,144.0479967844213,99.86304884580949,24.794086150373595,33.68727172005308,0.0,27.54539315799444,0.0,5.441492955628173,0.0,7.548968995701999,0.0,0.0
2025-08-28,2,solo_upper_control,188.34408956912284,235.6952181960246,424.03930776514744,0.4441665810694996,356370.0,52.850714024503425,15993.5,31.02850922296021,post_leap,3,3,0.0,0.8888888888888888,21.370641408779008,52.24729396711464,140.1496382369303,101.31718979600089,26.82380992341355,35.015255792337115,0.0,32.39189156539321,0.0,0.0,0.0,14.723587075178731,0.0,0.0
2025-09-04,2,solo_upper_control,184.44552882120993,236.64906152890168,421.0945903501116,0.43801448189551895,332895.0,55.40651821781942,11737.5,35.83604872374627,post_leap,3,3,0.0,0.8881118881118882,19.276604270708198,51.3966136901497,133.9147930572519,101.6626001456078,31.254131493249854,36.4743690525723,0.0,32.39189156539321,0.0,2.944717415035746,0.0,11.778869660142984,0.0,0.0
2025-09-11,2,solo_upper_control,176.05395741393647,242.0959155211395,418.14987293507596,0.42103075669539064,309117.0,56.95382570804468,11889.0,40.926693240860786,post_leap,3,3,0.0,0.880281690140845,17.20521811135892,50.52328243446324,128.9933074544557,103.63936833336822,29.85543184812187,37.87306869770029,0.0,32.39189156539321,0.0,5.889434830071492,0.0,11.778869660142984,0.0,0.0
2025-09-18,2,solo_upper_control,171.37403170963185,249.72055864047977,421.0945903501116,0.4069727696267624,288952.0,59.30882351035184,10082.5,45.31595535626737,post_leap,3,3,0.0,0.8671328671328673,15.111916021087534,49.67186710969888,122.13878212692732,104.60445883082512,34.12333356161699,39.49460181427666,0.0,38.281326395464696,0.0,5.889434830071492,0.0,11.778869660142984,0.0,0.0
2025-09-25,2,solo_upper_control,140.2051633092999,254.38697030549008,394.59213361479,0.3553166709759385,240758.0,58.23489284231465,24097.0,56.52269334051761,post_leap,3,3,0.0,0.8656716417910447,9.688106498309788,49.20624180240514,102.175945979297,109.84370790327672,28.34111083169313,42.33210712916477,0.0,35.33660898042895,0.0,5.889434830071492,0.0,11.778869660142984,0.0,0.0
2025-10-02,2,solo_upper_control,127.96957697290364,260.73312181181484,388.70269878471845,0.3292222497373992,216580.0,59.086516286316204,12089.0,61.872092830380964,post_leap,3,3,0.0,0.856060606060606,7.692652056620136,48.256978829059044,93.79089170777138,112.33932734473083,26.48603320851211,44.187184752345786,0.0,35.33660898042895,0.0,5.889434830071492,0.0,14.723587075178731,0.0,0.0
2025-10-09,2,solo_upper_control,123.00127532109349,262.75670604858925,385.75798136968274,0.31885607365623864,198964.0,61.82086976593428,8808.0,65.72620464982805,post_leap,3,3,0.0,0.8549618320610687,8.646296250721266,47.30333463495791,86.57309340293439,113.66769081949634,27.781885667437834,45.83604970845582,0.0,38.281326395464696,0.0,5.889434830071492,0.0,11.778869660142984,0.0,0.0
2025-10-16,2,solo_upper_control,104.61653439554155,272.30729472903397,376.9238291245755,0.27755351694934943,185308.0,56.455487294418774,6828.0,68.7744768166733,post_leap,3,3,0.0,0.8437500000000001,6.768141784989414,46.23677168565402,71.65192031421273,119.75471166311075,26.196472296339408,47.42146307955424,0.0,38.281326395464696,0.0,5.889434830071492,0.0,14.723587075178731,0.0,0.0
2025-10-23,2,solo_upper_control,53.405243103725475,267.5689551351708,320.9741982388963,0.16638484774398207,169443.0,31.51811706811463,7932.5,72.01326965629376,post_leap,3,3,0.0,0.7706422018348624,0.3131607616631595,43.85760046387303,36.15595075304452,102.24576775363553,16.936131589017794,47.84765154176863,0.0,47.115478640571936,0.0,8.834152245107237,0.0,17.668304490214474,0.0,0.0
2025-10-30,2,solo_upper_control,33.24617610760164,267.11500022604446,300.3611763336461,0.11068732821405403,150125.0,22.145662686162623,9659.0,74.08867125009964,post_leap,3,3,0.0,0.7549019607843137,0.0,41.22604381050044,17.863333339476732,102.87008067698886,15.382842768124917,49.4009403626615,0.0,47.115478640571936,0.0,8.834152245107237,0.0,17.668304490214474,0.0,0.0
2025-11-06,2,solo_upper_control,27.23214845765296,270.1843104609574,297.4164589186104,0.09156234512598103,134699.0,20.217038328163504,7713.0,75.08470386423612,post_leap,3,3,0.0,0.7425742574257423,0.24673120972314658,40.9793126007773,12.762118893627067,102.08186029276703,14.223298354302747,50.56048477648367,0.0,50.06019605560768,0.0,8.834152245107237,0.0,17.668304490214474,0.0,0.0
2025-11-13,2,solo_upper_control,25.039115068243362,275.32206126540274,300.3611763336461,0.08336335399229328,118308.0,21.16434650931751,8195.5,76.03479024586264,post_leap,3,3,0.0,0.7352941176470589,2.7718563291533488e-14,38.28132639546467,12.135100572511297,105.65359602891856,12.904014495732039,51.879768635054376,0.0,47.115478640571936,0.0,11.778869660142984,0.0,20.61302190525022,0.0,0.0
2025-12-18,3,solo_upper_control,14.72358707517889,282.6928718434315,297.4164589186104,0.04950495049505004,,,0.0,0.0,pre_leap,3,3,0.04950495049504959,0.2475247524752476,14.723587075178587,35.3366089804291,1.7000641315133874e-13,103.06510952625094,1.3247482670199782e-13,58.89434830071479,0.0,53.00491347064343,0.0,11.778869660142984,0.0,20.61302190525022,0.0,0.0
2025-12-25,3,solo_upper_control,29.447174150357636,288.58230667350296,318.0294808238606,0.09259259259259314,289845.0,10.159628128950866,0.0,0.0,pre_leap,3,3,0.09259259259259268,0.28703703703703715,18.0330233405512,34.971890130092234,11.414150809806294,103.4298283765878,1.425634662429753e-13,61.83906571575052,0.0,53.00491347064343,0.0,11.778869660142984,0.0,23.557739320285968,0.0,0.0
2026-01-01,3,solo_upper_control,32.391891565393266,291.5270240885388,323.91891565393206,0.10000000000000019,283614.0,11.421118691388036,0.0,0.0,pre_leap,3,3,0.1000000000000001,0.3000000000000001,18.15357497757558,34.85133849306785,14.238316587817657,103.5503800136122,2.6538358701695756e-14,64.78378313078639,0.0,53.00491347064343,0.0,11.778869660142984,0.0,23.557739320285968,0.0,0.0
2026-01-08,3,solo_upper_control,32.39189156539338,294.47174150357444,326.86363306896783,0.09909909909909963,257052.0,12.60129917891842,0.0,0.0,pre_leap,3,3,0.09909909909909913,0.29729729729729737,12.49544677114702,34.62003186942492,19.8964447942462,103.78168663725512,1.6520631914956803e-13,64.78378313078625,0.0,55.94963088567918,0.0,11.778869660142984,0.0,23.557739320285968,0.0,0.0
2026-01-15,3,solo_upper_control,31.097172910829237,310.49004723331734,341.58722014414656,0.09103728440925432,234425.0,13.265297178555716,11313.5,1.1405183860855488,post_leap,3,3,0.0,0.6982758620689654,9.296168118933233,34.87459310660296,21.801004791896002,104.82184405464108,0.0,67.72850054582216,0.0,58.894348300714924,0.0,14.723587075178731,0.0,29.447174150357462,0.0,0.0
2026-01-22,3,solo_upper_control,27.839575359015946,322.58179703023785,350.4213723892538,0.07944599716963407,217437.0,12.803513366637668,8494.0,2.0362192680323394,post_leap,3,3,0.0,0.6806722689075629,9.166460159593349,35.00430106594284,18.673115199422593,105.00501623207873,0.0,70.6732179608579,0.0,58.894348300714924,0.0,17.668304490214474,0.0,35.33660898042895,0.0,0.0
2026-01-29,3,solo_upper_control,23.48895619783986,329.87713360644966,353.3660898042895,0.06647201549772117,193637.0,12.130406997546885,11900.0,3.244932644196083,post_leap,3,3,0.0,0.6666666666666666,6.029516073262733,35.19652773723771,17.459440124577128,106.2186913069242,0.0,70.6732179608579,0.0,61.839065715750664,0.0,17.668304490214474,0.0,38.281326395464696,0.0,0.0
2026-02-05,3,solo_upper_control,20.06980927798387,336.2409979413414,356.3108072193253,0.05632669251491439,179372.0,11.188930980300087,7132.5,3.920869004255127,post_leap,3,3,0.0,0.6611570247933883,3.129793402191383,35.151532993273314,16.94001587579249,106.73811555570884,0.0,73.61793537589365,0.0,64.78378313078642,0.0,17.668304490214474,0.0,38.281326395464696,0.0,0.0
2026-02-12,3,solo_upper_control,19.221693576687226,345.9232658877453,365.14495946443253,0.052641267744405335,168935.0,11.37815939662428,5218.5,4.36838014979942,post_leap,3,3,0.0,0.6451612903225805,3.206515395991312,35.074810999473385,16.015178180695912,107.66295325080542,0.0,73.61793537589365,0.0,64.78378313078642,0.0,20.61302190525022,0.0,44.17076122553619,0.0,0.0
2026-02-19,3,solo_upper_control,16.542665336271824,354.4917289582322,371.034394294504,0.044585261071892125,154821.0,10.685026796282044,7057.0,4.988903615946244,post_leap,3,3,0.0,0.6349206349206349,3.225615955310553,35.055710440154144,13.31704938096127,107.41636463550432,0.0,76.56265279092939,0.0,67.72850054582216,0.0,20.61302190525022,0.0,47.115478640571936,0.0,0.0
2026-02-26,3,solo_upper_control,14.638933592694677,359.34017811684504,373.9791117095397,0.039143719887928856,148798.0,9.838125238709308,3011.5,5.22138276344254,post_leap,3,3,0.0,0.6299212598425197,0.5242065239205772,34.81240245650837,14.1147270687741,109.56340436272723,0.0,76.56265279092939,0.0,67.72850054582216,0.0,23.557739320285968,0.0,47.115478640571936,0.0,0.0
2026-03-05,3,solo_upper_control,11.25408041551242,362.7250312940273,373.9791117095397,0.030092804820214623,139917.0,8.043397453856514,4440.5,5.544765410605235,post_leap,3,3,0.0,0.6220472440944882,0.6348163684447613,34.70179261198419,10.61926404706764,107.1694325543622,1.601424544316442e-14,79.50737020596513,0.0,70.6732179608579,0.0,23.557739320285968,0.0,47.115478640571936,0.0,0.0
2026-03-12,3,solo_upper_control,15.34212480886753,367.47113914577943,382.81326395464697,0.040077307276074836,132277.0,11.598482584929753,3820.0,5.762847809742066,post_leap,3,3,0.0,0.6230769230769231,0.8919825868748316,34.44462639355412,14.450142221992698,109.22798920950864,0.0,79.50737020596515,0.0,73.61793537589365,0.0,23.557739320285968,0.0,47.115478640571936,0.0,0.0
2026-03-19,3,solo_upper_control,29.72568096578164,391.36890938433,421.0945903501116,0.0705914577080336,138000.0,21.540348525928724,0.0,5.734033570693355,post_leap,3,3,0.0,0.6153846153846154,3.8464288495186993,34.434897545945994,18.284570793058073,111.28299546851477,7.594681323204864,83.69155854290327,0.0,79.50737020596515,0.0,26.502456735321715,0.0,55.94963088567918,0.0,0.0
2026-03-26,3,solo_upper_control,32.43155472289299,388.6630356272186,421.0945903501116,0.0770172675358483,154628.0,20.97392110283583,0.0,5.705363402839887,post_leap,3,3,0.0,0.6153846153846154,6.982397883799749,34.243645926700694,17.820383626887125,108.80246521964996,7.628773212206117,83.65746665390202,0.0,79.50737020596515,0.0,26.502456735321715,0.0,55.94963088567918,0.0,0.0
2026-04-02,3,solo_upper_control,28.545621991354814,395.4936857737926,424.03930776514744,0.06731833928746224,130670.0,21.845581993843126,11979.0,7.686809392952651,post_leap,3,3,0.0,0.611111111111111,3.9959399014808774,34.28538649398382,16.028401824854754,110.59444702168233,8.521280265019183,85.70967701612469,0.0,79.50737020596515,0.0,26.502456735321715,0.0,58.894348300714924,0.0,0.0
2026-04-09,3,solo_upper_control,31.633883756022367,401.2395762542323,432.8734600102547,0.07307882482625053,119643.0,26.440229479386478,5513.5,8.611940276572321,post_leap,3,3,0.0,0.6054421768707482,3.9272256512109553,34.35410074425374,15.394302181652773,111.2285466648843,12.31235592315864,84.86331877302098,0.0,82.45208762100089,0.0,26.502456735321715,0.0,61.839065715750664,0.0,0.0
2026-06-18,4,solo_upper_control,96.74241003069216,512.8140948817072,609.5565049123994,0.15870950314047622,,,0.0,0.0,pre_leap,4,3,0.13526570048309178,0.5024154589371981,35.2727658061776,35.400452154680295,47.1793218148233,126.55900567228572,5.675854387445519,103.27868996887707,8.614468022245735,106.22951116414836,0.0,38.281326395464696,0.0,91.28623986610813,0.0,11.778869660142984
2026-06-25,4,solo_upper_control,168.8772697316741,511.35245314158317,680.2297228732573,0.24826505524978343,472376.0,35.750603276134704,0.0,0.0,pre_leap,4,3,0.18181818181818193,0.5541125541125542,23.682363796797343,35.21198450391758,99.99576763470405,126.7474733230484,35.942455516479306,102.45926299020076,9.256682783693396,105.5872964027007,0.0,38.281326395464696,0.0,94.23095728114387,0.0,8.834152245107237
2026-07-02,4,solo_upper_control,206.42240838395986,517.9780757148337,724.4004840987935,0.2849561988362891,450911.0,45.77896932741935,0.0,0.0,pre_leap,4,3,0.18292682926829268,0.573170731707317,17.735925273898328,35.2689881967451,114.77635840271026,126.69046963022092,61.81256476215628,103.09161047984549,12.097559945194972,105.69113665623487,0.0,41.22604381050044,0.0,97.17567469617961,0.0,8.834152245107237
2026-07-09,4,solo_upper_control,236.97100035091884,516.8766578982321,753.847658249151,0.31434865885409247,431527.0,54.91452454908241,0.0,0.0,pre_leap,4,3,0.17968750000000008,0.5898437500000001,12.018327608002725,35.097151032569215,123.43867348364164,126.86230679439679,80.25842986918249,102.31404986303377,21.255569390091992,105.36727945644509,0.0,41.22604381050044,0.0,97.17567469617961,0.0,8.834152245107237
2026-07-16,4,solo_upper_control,260.5105179548817,522.7843144446267,783.2948323995084,0.3325829651612102,412846.0,63.10113649033337,0.0,0.0,pre_leap,4,3,0.1766917293233083,0.5977443609022557,8.938845713424634,35.231915512111556,129.46287279325546,126.72754231485445,94.80534289819231,102.49072390920269,27.303456550009347,105.20882712659923,0.0,44.17076122553619,0.0,100.12039211121537,0.0,8.834152245107237
2026-07-23,4,solo_upper_control,279.7759308798868,535.9107930850147,815.6867239649015,0.34299434165110354,399123.0,70.0976718655369,6861.5,3.46374758422738,post_leap,4,3,0.0,0.8014440433212998,5.648706335716147,35.577337474784294,128.2209333261661,127.96948178194381,108.18962646418815,103.83002741838557,37.716664753816396,106.57448858293517,0.0,44.17076122553619,0.0,106.00982694128686,0.0,11.778869660142984
2026-07-30,4,solo_upper_control,293.3700759986198,548.8191047016035,842.1891807002232,0.34834225221784787,380114.0,77.17949772926538,9504.5,8.776375424274207,post_leap,4,3,0.0,0.8006993006993008,2.569738269564002,35.7115881259007,125.21115887254884,130.97925623556108,122.4999076718019,107.18805070098628,43.0892711847051,107.09131698211795,0.0,47.115478640571936,0.0,108.9545443563226,0.0,11.778869660142984
2026-08-06,4,solo_upper_control,306.9773610116477,561.7142764238974,868.6916374355452,0.3533789756718185,367949.0,83.42932336047868,6082.5,12.48804790665889,post_leap,4,3,0.0,0.7966101694915253,0.0,35.33660898042895,123.28606758879701,132.9043475193129,127.53327404858818,108.04411915427151,56.1580193742625,108.74615586773928,0.0,50.06019605560768,0.0,114.8439791863941,0.0,11.778869660142984
2026-08-13,4,solo_upper_control,318.12735637392444,577.0667377969423,895.1940941708668,0.35537249234041873,354963.0,89.62268077910218,6493.0,16.7592604397623,post_leap,4,3,0.0,0.7927631578947367,0.0,35.33660898042895,117.11493211276536,136.1307655803088,130.12336582227394,111.34346221065724,70.88905843888514,108.73870387829535,0.0,53.00491347064343,0.0,117.78869660142985,0.0,14.723587075178731
2026-08-20,4,solo_upper_control,335.782663097783,608.7116596743745,944.4943227721574,0.35551580883221956,343054.0,97.88041040121468,5954.5,20.944730159156798,post_leap,4,3,0.0,0.7756060367575094,0.0,30.868761867960924,100.14367715619679,138.8891475614294,121.53335206540423,114.1465201524153,114.10563387618198,112.86840574569219,0.0,58.38721941389031,0.0,127.04914819766462,0.0,26.502456735321715
2024-12-19,1,chuchu_population,35.33660898042894,182.57247973221624,217.90908871264517,0.16216216216216214,173213.0,20.40066795242213,0.0,0.0,pre_leap,3,3,0.16216216216216214,0.2027027027027027,30.018413111466074,70.10197899974929,5.318195868962867,97.74691365728825,0.0,8.834152245107237,0.0,0.0,0.0,0.0,0.0,5.889434830071492,0.0,0.0
2024-12-26,1,chuchu_population,53.00491347064342,182.57247973221627,235.5773932028597,0.22499999999999995,340543.0,15.564822495439174,0.0,0.0,pre_leap,3,3,0.22499999999999995,0.26249999999999996,42.565153005773794,69.33410876558456,10.439760464869629,98.51478389145296,0.0,8.834152245107237,0.0,0.0,0.0,0.0,0.0,5.889434830071492,0.0,0.0
2025-01-02,1,chuchu_population,63.2023655925861,181.20917985538082,244.41154544796692,0.2585899347624776,351168.0,17.997757652344774,0.0,0.0,pre_leap,3,3,0.25301204819277123,0.3012048192771086,43.189273565741956,68.7099882056164,18.649792150008754,99.1389044514211,1.3632998768353872,10.415569783307596,0.0,2.944717415035746,0.0,0.0,0.0,0.0,0.0,0.0
2025-01-09,1,chuchu_population,62.5362420228858,181.8753034250811,244.41154544796692,0.255864516990255,330152.0,18.941651730986273,0.0,0.0,pre_leap,3,3,0.25301204819277107,0.30120481927710846,40.74804561911578,68.20649873720683,21.09102009663488,99.64239391983071,0.6971763071351442,11.08169335300784,0.0,2.944717415035746,0.0,0.0,0.0,0.0,0.0,0.0
2025-01-16,1,chuchu_population,68.87525175860466,181.4257285194338,250.30098027803845,0.2751697243937954,307111.0,22.426826703896854,11520.5,1.7457383901346188,post_leap,3,3,0.0,0.976470588235294,39.336938179083596,66.67288876220326,29.477815025921167,97.14503382061591,0.06049855359990212,11.718371106543081,0.0,5.889434830071492,0.0,0.0,0.0,0.0,0.0,0.0
2025-01-23,1,chuchu_population,65.22484230728855,182.1314205557141,247.35626286300266,0.2636878547256072,277133.0,23.535574005004296,14989.0,4.426255341901625,post_leap,3,3,0.0,0.9761904761904764,33.3562297334714,66.76416237774396,31.868612573817146,97.69895368775569,0.0,11.778869660142984,0.0,5.889434830071492,0.0,0.0,0.0,0.0,0.0,0.0
2025-01-30,1,chuchu_population,68.98554938199892,184.26014831107523,253.24569769307413,0.27240561245627654,257133.0,26.828742083668345,10000.0,6.286969985592461,post_leap,3,3,0.0,0.9767441860465116,33.085931962968516,67.03446014824685,33.91808802596128,98.5941956506473,1.9815293930691207,12.74205768210961,0.0,5.889434830071492,0.0,0.0,0.0,0.0,0.0,0.0
2025-02-06,1,chuchu_population,67.91045355980783,185.33524413326631,253.24569769307413,0.2681603445919669,237813.0,28.556241063275696,9660.0,8.328860323890389,post_leap,3,3,0.0,0.9767441860465116,30.456674950355335,66.71899974582428,36.088707701128875,99.36829339051545,1.365070908323632,13.358516166855098,0.0,5.889434830071492,0.0,0.0,0.0,0.0,0.0,0.0
2025-02-13,1,chuchu_population,68.49306271734343,184.7526349757307,253.24569769307413,0.2704609134183787,216696.0,31.60790356875228,10558.5,10.69930459240371,post_leap,3,3,0.0,0.9767441860465116,30.518638734491926,66.65703596168768,37.97442398285151,100.42729452382855,0.0,11.778869660142984,0.0,5.889434830071492,0.0,0.0,0.0,0.0,0.0,0.0
2025-02-20,1,chuchu_population,71.87236151837877,190.20748841980262,262.0798499381814,0.27423841068030147,200373.0,35.86928454351573,8161.5,12.709551309252664,post_leap,3,3,0.0,0.9775280898876404,32.96666048815645,67.15373162305892,38.491110931845846,102.85532498986996,0.41459009837647937,14.308996976802252,0.0,5.889434830071492,0.0,0.0,0.0,0.0,0.0,0.0
2025-02-27,1,chuchu_population,67.62769198547447,185.61800570759965,253.24569769307413,0.26704379423431357,222293.0,30.42277174066411,0.0,12.6460035527064,post_leap,3,3,0.0,0.9767441860465116,32.090865656302995,65.08480903987662,35.536826329170616,99.92017476247369,8.499337185948154e-13,14.723587075177882,0.0,5.889434830071492,0.0,0.0,0.0,0.0,0.0,0.0
2025-03-06,1,chuchu_population,60.40002574139886,186.9562371216038,247.35626286300266,0.24418231841920732,202226.0,29.867586631490937,10033.5,15.024748577022493,post_leap,3,3,0.0,0.9761904761904762,26.26113019183385,65.02510967427429,34.13889554956502,101.3181055420793,0.0,14.723587075178731,0.0,5.889434830071492,0.0,0.0,0.0,0.0,0.0,0.0
2025-03-13,1,chuchu_population,58.827110611085054,188.5291522519176,247.35626286300266,0.2378234127981883,179680.0,32.739932441610115,11273.0,17.643203266911765,post_leap,3,3,0.0,0.9761904761904762,23.29857504987696,65.04294740119542,35.528535561208095,102.87318294547197,0.0,14.723587075178731,0.0,5.889434830071492,0.0,0.0,0.0,0.0,0.0,0.0
2025-03-20,1,chuchu_population,59.237283754402945,191.0636965236355,250.30098027803845,0.2366642099787272,163262.0,36.2835710418854,8209.0,19.705084093882625,post_leap,3,3,0.0,0.976470588235294,22.617837737926504,65.72368471314587,36.619446016476445,104.72698990523935,0.0,14.723587075178731,0.0,5.889434830071492,0.0,0.0,0.0,0.0,0.0,0.0
2025-03-27,1,chuchu_population,54.88608931597291,195.41489096206556,250.30098027803845,0.21928036100779366,140011.0,39.201269411669735,11625.5,22.98107591459272,post_leap,3,3,0.0,0.976470588235294,18.995117045051703,66.40168799098494,35.8909722709212,108.40018106583037,0.0,14.723587075178731,0.0,5.889434830071492,0.0,0.0,0.0,0.0,0.0,0.0
2025-04-03,1,chuchu_population,50.27638471329481,197.07987814970784,247.35626286300266,0.20325494948611914,126230.0,39.829188555252166,6890.5,25.027101310068637,post_leap,3,3,0.0,0.9761904761904762,15.921752875135809,66.53033474586508,34.354631838158994,109.93652149859257,0.0,14.723587075178731,0.0,5.889434830071492,0.0,0.0,0.0,0.0,0.0,0.0
2025-04-10,1,chuchu_population,39.69952177900574,207.6567410839969,247.35626286300266,0.16049531683373294,110998.0,35.765979368101895,7616.0,27.3286786038127,post_leap,3,3,0.0,0.9761904761904762,11.207368492515437,68.3000017134497,28.492153286488787,115.79900005026278,1.5198699315412252e-12,17.668304490212954,0.0,5.889434830071492,0.0,0.0,0.0,0.0,0.0,0.0
2025-04-17,1,chuchu_population,15.127132038227806,202.78195667441736,217.90908871264517,0.06941946353681386,100353.0,15.073921096756257,5322.5,28.71495061228741,post_leap,3,3,0.0,0.9324324324324325,0.2127887330350882,61.626276982715574,12.063182093429186,108.6702319230364,2.851161211763533,17.76186069348669,0.0,14.723587075178731,0.0,0.0,0.0,0.0,0.0,0.0
2025-04-24,1,chuchu_population,4.875819386289932,189.4755300060693,194.35134939235923,0.025087653888353302,75810.0,6.431630901318998,12271.5,30.05121284113673,post_leap,3,3,0.0,0.9242424242424243,0.0,55.94963088567918,0.0,100.12039211121537,4.875819386289932,18.681919933996035,0.0,14.723587075178731,0.0,0.0,0.0,0.0,0.0,0.0
2025-05-01,1,chuchu_population,4.121768490082676,193.17429831731232,197.296066807395,0.02089128565399351,65100.0,6.331441613030224,5355.0,30.176487844743548,post_leap,3,3,0.0,0.9253731343283582,0.0,55.94963088567918,0.0,103.0651095262511,4.121768490082676,19.435970830203292,0.0,14.723587075178731,0.0,0.0,0.0,0.0,0.0,0.0
2025-05-08,1,chuchu_population,3.978076940229019,187.42855503709447,191.40663197732349,0.020783380905528465,55532.0,7.163575848572028,4784.0,30.26792233893373,post_leap,3,3,0.0,0.9230769230769231,0.0,53.00491347064343,0.0,100.12039211121537,3.978076940229019,19.57966238005695,0.0,14.723587075178731,0.0,0.0,0.0,0.0,0.0,0.0
2025-05-15,1,chuchu_population,8.295557228282794,183.11107474904068,191.40663197732349,0.04333996759979348,45589.0,18.19640094821732,4971.5,30.40149246588847,post_leap,3,3,0.0,0.9230769230769231,0.0,50.06019605560768,0.0,100.12039211121537,8.295557228282794,18.20689950703892,0.0,14.723587075178731,0.0,0.0,0.0,0.0,0.0,0.0
2025-06-19,2,chuchu_population,55.94963088567921,217.9090887126452,273.8587195983244,0.20430107526881733,,,0.0,0.0,pre_leap,3,3,0.20430107526881724,0.30107526881720437,51.037781786039304,60.86147998531905,4.9118490996398885,112.87684750178995,1.7051462687042015e-14,26.502456735321697,0.0,17.668304490214474,0.0,0.0,0.0,0.0,0.0,0.0
2025-06-26,2,chuchu_population,103.06510952625109,223.79852354271674,326.86363306896783,0.31531531531531526,646382,15.944922588539143,0.0,0.0,pre_leap,3,3,0.31531531531531526,0.39639639639639634,63.795213465547505,59.88291796595382,39.26989606070359,113.8554095211552,0.0,26.502456735321715,0.0,20.61302190525022,0.0,0.0,0.0,2.944717415035746,0.0,0.0
2025-07-03,2,chuchu_population,121.82830541469284,219.75891472945372,341.58722014414656,0.3566535813701767,610759,19.947034004360614,0.0,0.0,pre_leap,3,3,0.3534482758620689,0.4396551724137931,58.90646423258007,58.88223236884978,61.82694978388551,114.85609511825925,1.0948913982272588,28.352282752130204,0.0,17.668304490214474,0.0,0.0,0.0,0.0,0.0,0.0
2025-07-10,2,chuchu_population,135.9522896499138,226.24795239948295,362.20024204939676,0.37535118386633404,565098,24.05817922730461,0.0,0.0,pre_leap,3,3,0.37398373983739835,0.45528455284552843,53.879677120504624,58.01958465085373,81.57732397113968,115.71874283625532,0.4952885582694958,28.951885592087965,0.0,20.61302190525022,0.0,0.0,0.0,2.944717415035746,0.0,0.0
2025-07-17,2,chuchu_population,173.3905165205206,212.36746484916213,385.75798136968274,0.4494800493948966,535134,32.40132686776034,14982.0,2.8835171294678217,post_leap,3,3,0.0,0.9312977099236641,50.16097001651587,55.84885692477099,120.47086944236962,100.38293668531132,2.758677061635117,29.63321450375809,0.0,20.61302190525022,0.0,0.0,0.0,5.889434830071492,0.0,0.0
2025-07-24,2,chuchu_population,180.64513434086194,211.00228185889227,391.6474161997542,0.4612442898097059,504895,35.778752877501645,15119.5,6.7882344364373,post_leap,3,3,0.0,0.9323308270676691,41.692984349182794,55.48269034699682,131.0183810031117,98.66957736967649,7.9337689885674605,30.347557406897234,0.0,17.668304490214474,0.0,2.944717415035746,0.0,5.889434830071492,0.0,0.0
2025-07-31,2,chuchu_population,182.60675659484252,214.93009443498318,397.5368510298257,0.45934548236672085,473426,38.57134094765445,15734.5,11.257979561463513,post_leap,3,3,0.0,0.925925925925926,36.21109833411597,55.075141531992166,139.19048422097055,99.33162639692489,7.20517403975599,31.076152355708707,0.0,20.61302190525022,0.0,0.0,0.0,8.834152245107237,0.0,0.0
2025-08-07,2,chuchu_population,184.54721949363767,215.9343489512238,400.48156844486147,0.4608132659144992,440838,41.862820240913365,16294.0,16.22954109886485,post_leap,3,3,0.0,0.9264705882352942,30.813392648078906,54.583412387957736,141.52335362709712,99.94347440583405,12.21047321846168,31.96028800707451,0.0,17.668304490214474,0.0,2.944717415035746,0.0,8.834152245107237,0.0,0.0
2025-08-14,2,chuchu_population,183.2649727144279,223.1060305605051,406.371003274933,0.45097945285834967,411196,44.56876348856212,14821.0,21.111984263695142,post_leap,3,3,0.0,0.9130434782608694,28.477278398758287,53.9748092222426,143.4883306469037,100.92321480106321,11.299363668765903,32.87139755677029,0.0,23.557739320285968,0.0,0.0,0.0,11.778869660142984,0.0,0.0
2025-08-21,2,chuchu_population,192.75610370214068,227.34405957774365,420.1001632798843,0.4588336795616057,387795,49.70567018711965,11700.5,25.17823887996003,post_leap,3,3,0.0,0.9035090708062442,24.131954063819236,53.03995060608307,143.81501023431113,100.09603539591964,24.809139404010335,33.67221846641634,0.0,27.54539315799444,0.0,5.441492955628173,0.0,7.548968995701999,0.0,0.0
2025-08-28,2,chuchu_population,188.40743069159086,235.63187707355658,424.03930776514744,0.44431595666112067,357161,52.75140082248366,15317.0,31.143081687609133,post_leap,3,3,0.0,0.8888888888888888,21.38593899762139,52.23199637827226,140.14359854577697,101.32322948715421,26.877893148192495,34.961172567558165,0.0,32.39189156539321,0.0,0.0,0.0,14.723587075178731,0.0,0.0
2025-09-04,2,chuchu_population,184.55140933113626,236.54318101897536,421.0945903501116,0.43826592304995954,333800,55.288019571940154,11680.5,35.916668177627244,post_leap,3,3,0.0,0.8881118881118882,19.297038741622053,51.376179219235844,133.93973021463466,101.63766298822503,31.314640374879545,36.41386017094261,0.0,32.39189156539321,0.0,2.944717415035746,0.0,11.778869660142984,0.0,0.0
2025-09-11,2,chuchu_population,176.21215119658146,241.9377217384945,418.14987293507596,0.42140907507567515,308536,57.11234708318687,12632.0,41.324270942601096,post_leap,3,3,0.0,0.880281690140845,17.1924366172514,50.536063928570755,129.13028925017576,103.50238653764816,29.889425329154296,37.839075216667865,0.0,32.39189156539321,0.0,5.889434830071492,0.0,11.778869660142984,0.0,0.0
2025-09-18,2,chuchu_population,166.94830136543453,254.14628898467708,421.0945903501116,0.39646270740887063,274868,60.73762728489112,16834.0,48.80908359427503,post_leap,3,3,0.0,0.8671328671328673,14.763579822415238,50.02020330837118,118.64583203356234,108.0974089241901,33.538889509456965,40.07904586643669,0.0,38.281326395464696,0.0,5.889434830071492,0.0,11.778869660142984,0.0,0.0
2025-09-25,2,chuchu_population,141.53525273514086,253.05688087964913,394.59213361479,0.35868746657101597,244013,58.00316078862227,15427.5,56.06127613580492,post_leap,3,3,0.0,0.8656716417910447,9.749693618894058,49.14465468182087,103.14915937147393,108.87049451109979,28.636399744772856,42.03681821608504,0.0,35.33660898042895,0.0,5.889434830071492,0.0,11.778869660142984,0.0,0.0
2025-10-02,2,chuchu_population,128.57601278997842,260.12668599474,388.70269878471845,0.33078240308588586,219229,58.649180897590384,12392.0,61.53117110306674,post_leap,3,3,0.0,0.856060606060606,7.741900470984382,48.207730414694794,94.10440079605145,112.02581825645076,26.7297115229426,43.943506437915296,0.0,35.33660898042895,0.0,5.889434830071492,0.0,14.723587075178731,0.0,0.0
2025-10-09,2,chuchu_population,123.99891250989732,261.75906885978543,385.75798136968274,0.3214422474672421,202222,61.318210931499706,8503.5,65.2133017256527,post_leap,3,3,0.0,0.8549618320610687,8.7193222219968,47.23030866368238,87.19927615565862,113.04150806677211,28.080314132241895,45.537621243651756,0.0,38.281326395464696,0.0,5.889434830071492,0.0,11.778869660142984,0.0,0.0
2025-10-16,2,chuchu_population,105.14417031207905,271.77965881249645,376.9238291245755,0.2789533645465761,187087,56.20068220244007,7567.5,68.59943970681742,post_leap,3,3,0.0,0.8437500000000001,6.793735309391879,46.21117816125155,71.93850167433884,119.46813030298465,26.41193332834834,47.20600204754531,0.0,38.281326395464696,0.0,5.889434830071492,0.0,14.723587075178731,0.0,0.0
2025-10-23,2,chuchu_population,52.886790578800614,268.08740766009566,320.9741982388963,0.16476960101147373,167069,31.655657589858453,10009.0,72.75654353359712,post_leap,3,3,0.0,0.7706422018348624,0.3095897743233938,43.8611714512128,35.683186189292826,102.71853231738723,16.894014615184393,47.88976851560203,0.0,47.115478640571936,0.0,8.834152245107237,0.0,17.668304490214474,0.0,0.0
2025-10-30,2,chuchu_population,33.5481054563524,266.8130708772937,300.3611763336461,0.11169254916982553,152742,21.963903481918795,7163.5,74.20688324108873,post_leap,3,3,0.0,0.7549019607843137,0.0,41.22604381050044,17.979694925787737,102.75371909067785,15.568410530564666,49.215372600221755,0.0,47.115478640571936,0.0,8.834152245107237,0.0,17.668304490214474,0.0,0.0
2025-11-06,2,chuchu_population,27.225880054461054,270.1905788641493,297.4164589186104,0.0915412689447411,135484,20.09527328279432,8629.0,75.35206101004711,post_leap,3,3,0.0,0.7425742574257423,0.2347237145152594,40.99132009598518,12.665120051230955,102.17885913516314,14.32603628871484,50.45774684207158,0.0,50.06019605560768,0.0,8.834152245107237,0.0,17.668304490214474,0.0,0.0
2025-11-13,2,chuchu_population,24.687665430803428,275.6735109028427,300.3611763336461,0.08219326389699569,115885,21.303590137466824,9799.5,76.55068974927482,post_leap,3,3,0.0,0.7352941176470589,3.317099282909613e-16,38.281326395464696,11.825651675910038,105.96304492551981,12.86201375489339,51.92176937589303,0.0,47.115478640571936,0.0,11.778869660142984,0.0,20.61302190525022,0.0,0.0
2025-12-18,3,chuchu_population,14.723587075178756,282.6928718434316,297.4164589186104,0.04950495049504959,,,0.0,0.0,pre_leap,3,3,0.04950495049504959,0.2475247524752476,14.723587075178472,35.33660898042921,2.8659285302468973e-13,103.06510952625082,0.0,58.894348300714924,0.0,53.00491347064343,0.0,11.778869660142984,0.0,20.61302190525022,0.0,0.0
2025-12-25,3,chuchu_population,29.44717415035749,288.58230667350307,318.0294808238606,0.09259259259259268,289816.0,10.160644736783853,0.0,0.0,pre_leap,3,3,0.09259259259259268,0.28703703703703715,18.022814752347312,34.982098718296115,11.42435939801018,103.41961978838391,0.0,61.839065715750664,0.0,53.00491347064343,0.0,11.778869660142984,0.0,23.557739320285968,0.0,0.0
2026-01-01,3,chuchu_population,32.39189156539324,291.52702408853884,323.91891565393206,0.1000000000000001,282601.0,11.462058366882367,0.0,0.0,pre_leap,3,3,0.1000000000000001,0.3000000000000001,18.138401111849888,34.86651235879354,14.253490453543352,103.5352061478865,0.0,64.78378313078642,0.0,53.00491347064343,0.0,11.778869660142984,0.0,23.557739320285968,0.0,0.0
2026-01-08,3,chuchu_population,32.391891565393216,294.4717415035746,326.86363306896783,0.09909909909909913,260657.0,12.427017715002172,0.0,0.0,pre_leap,3,3,0.09909909909909913,0.29729729729729737,12.476072507277477,34.63940613329446,19.91581905811574,103.76231237338558,0.0,64.78378313078642,0.0,55.94963088567918,0.0,11.778869660142984,0.0,23.557739320285968,0.0,0.0
2026-01-15,3,chuchu_population,31.169387883834716,310.41783226031185,341.58722014414656,0.0912486944642763,239884.0,12.993525155422919,10386.5,1.0325857559749607,post_leap,3,3,0.0,0.6982758620689654,9.307300922911184,34.86346030262501,21.86208696092353,104.76076188561355,0.0,67.72850054582216,0.0,58.894348300714924,0.0,14.723587075178731,0.0,29.447174150357462,0.0,0.0
2026-01-22,3,chuchu_population,27.54796675103595,322.87340563821783,350.4213723892538,0.07861383157998485,217437.0,12.669401597260793,11223.5,2.194085463850199,post_leap,3,3,0.0,0.6806722689075629,9.08829154282426,35.08246968271193,18.45967520821169,105.21845622328964,0.0,70.6732179608579,0.0,58.894348300714924,0.0,17.668304490214474,0.0,35.33660898042895,0.0,0.0
2026-01-29,3,chuchu_population,23.333614396855538,330.032475407434,353.3660898042895,0.06603240964569852,195420.0,11.940238663829463,11008.5,3.2988838963985114,post_leap,3,3,0.0,0.6666666666666666,5.980956362997792,35.24508744750265,17.352658033857747,106.32547339764358,0.0,70.6732179608579,0.0,61.839065715750664,0.0,17.668304490214474,0.0,38.281326395464696,0.0,0.0
2026-02-05,3,chuchu_population,19.89162175192226,336.41918546740305,356.3108072193253,0.05582660236201613,180850.0,10.998961433188972,7285.0,3.9782665862444997,post_leap,3,3,0.0,0.6611570247933883,3.072951240032771,35.20837515543192,16.818670511889465,106.85946091961186,2.4465903220813806e-14,73.61793537589362,0.0,64.78378313078642,0.0,17.668304490214474,0.0,38.281326395464696,0.0,0.0
2026-02-12,3,chuchu_population,18.92821706047128,346.21674240396123,365.14495946443253,0.051837541693670865,168914.0,11.20583081359229,5968.0,4.483509667979453,post_leap,3,3,0.0,0.6451612903225805,3.133619633709756,35.14770676175494,15.794597426761525,107.8835340047398,0.0,73.61793537589365,0.0,64.78378313078642,0.0,20.61302190525022,0.0,44.17076122553619,0.0,0.0
2026-02-19,3,chuchu_population,16.526785854215913,354.5076084402881,371.034394294504,0.04454246320112841,159140.0,10.385060861012889,4887.0,4.899195281127759,post_leap,3,3,0.0,0.6349206349206349,3.1877919968275563,35.09353439863714,13.338993857388292,107.3944201590773,6.488531914429742e-14,76.56265279092932,0.0,67.72850054582216,0.0,20.61302190525022,0.0,47.115478640571936,0.0,0.0
2026-02-26,3,chuchu_population,14.394708571865305,359.5844031376744,373.9791117095397,0.038490675337625055,149497.0,9.628760825879652,4821.5,5.275271872253109,post_leap,3,3,0.0,0.6299212598425197,0.4469290343748446,34.8896799460541,13.947779537490462,109.73035189401087,0.0,76.56265279092939,0.0,67.72850054582216,0.0,23.557739320285968,0.0,47.115478640571936,0.0,0.0
2026-03-05,3,chuchu_population,11.016325219735814,362.96278648980393,373.9791117095397,0.02945706023359914,140295.0,7.852257899237902,4601.0,5.603310941370822,post_leap,3,3,0.0,0.6220472440944882,0.5534680058690608,34.783140974559885,10.462857213866666,107.32583938756318,8.582487999517847e-14,79.50737020596506,0.0,70.6732179608579,0.0,23.557739320285968,0.0,47.115478640571936,0.0,0.0
2026-03-12,3,chuchu_population,15.095166259437661,367.7180976952093,382.81326395464697,0.039432192352734236,131033.0,11.520125662571765,4631.0,5.866204837314933,post_leap,3,3,0.0,0.6230769230769231,0.8069991622823214,34.529609818146625,14.288167097155341,109.38996433434599,0.0,79.50737020596515,0.0,73.61793537589365,0.0,23.557739320285968,0.0,47.115478640571936,0.0,0.0
2026-03-19,3,chuchu_population,29.19744154163355,391.89714880847805,421.0945903501116,0.06933701408360021,132808.0,21.984700877683235,0.0,5.836873813128358,post_leap,3,3,0.0,0.6153846153846154,3.7480953842456053,34.53323101121909,17.96601285327525,111.60155340829759,7.4833333041126995,83.80290656199543,0.0,79.50737020596515,0.0,26.502456735321715,0.0,55.94963088567918,0.0,0.0
2026-03-26,3,chuchu_population,31.656768682779923,389.4378216673317,421.0945903501116,0.0751773340437821,144182.0,21.956117048438724,0.0,5.807689444062716,post_leap,3,3,0.0,0.6153846153846154,6.854451739074772,34.37159207142567,17.38687393463989,109.23597491189719,7.41544300906526,83.87079685704288,0.0,79.50737020596515,0.0,26.502456735321715,0.0,55.94963088567918,0.0,0.0
2026-04-02,3,chuchu_population,29.37433194513576,394.6649758200117,424.03930776514744,0.06927266271598723,132032.0,22.247888349139423,6075.0,6.845718285396525,post_leap,3,3,0.0,0.611111111111111,4.102745355646515,34.178581039818184,16.493273882164804,110.12957496437228,8.778312707324442,85.45264457381943,0.0,79.50737020596515,0.0,26.502456735321715,0.0,58.894348300714924,0.0,0.0
2026-04-09,3,chuchu_population,31.83870414047639,401.0347558697783,432.8734600102547,0.07355198939598223,117252.0,27.15408192651417,7390.0,8.126784853170664,post_leap,3,3,0.0,0.6054421768707482,3.963978868754825,34.317347526709874,15.463609213241316,111.15923963329577,12.411116058480252,84.76455863769937,0.0,82.45208762100089,0.0,26.502456735321715,0.0,61.839065715750664,0.0,0.0
2026-06-18,4,chuchu_population,97.1756746961796,512.3808302162198,609.5565049123994,0.15942028985507242,,,0.0,0.0,pre_leap,4,3,0.13526570048309178,0.5024154589371981,35.33661866424116,35.33659929661674,47.115468956759734,126.62285853034928,5.889434830071494,103.0651095262511,8.83415224510722,106.00982694128687,0.0,38.281326395464696,0.0,91.28623986610813,0.0,11.778869660142984
2026-06-25,4,chuchu_population,168.03553889255178,512.1941839807055,680.2297228732573,0.24702763381579068,480964,34.937238315664324,0.0,0.0,pre_leap,4,3,0.18181818181818193,0.5541125541125542,23.554830421296675,35.33951787941825,100.12330101020468,126.61993994754776,35.52943278031664,102.87228572636342,8.827974680733789,106.0160045056603,0.0,38.281326395464696,0.0,94.23095728114387,0.0,8.834152245107237
2026-07-02,4,chuchu_population,205.92928129404217,518.4712028047513,724.4004840987935,0.28427546062484077,458731,44.891075879773155,0.0,0.0,pre_leap,4,3,0.18292682926829268,0.573170731707317,17.67068058754373,35.3342328830997,114.84160308906486,126.62522494386631,61.56537205260002,103.33880318940174,11.85162556483355,105.9370710365963,0.0,41.22604381050044,0.0,97.17567469617961,0.0,8.834152245107237
2026-07-09,4,chuchu_population,235.35113502892085,518.4965232202301,753.847658249151,0.3121998622049655,437609,53.78114596110246,0.0,0.0,pre_leap,4,3,0.17968750000000008,0.5898437500000001,11.776401201781388,35.33907743879055,123.68059988986309,126.62038038817533,79.46069778156217,103.11178195065409,20.433436155714197,106.18941269082288,0.0,41.22604381050044,0.0,97.17567469617961,0.0,8.834152245107237
2026-07-16,4,chuchu_population,259.2162432870746,524.0785891124339,783.2948323995084,0.3309306184147848,418303,61.968535556062136,0.0,0.0,pre_leap,4,3,0.1766917293233083,0.5977443609022557,8.789326035274394,35.3814351902618,129.61239247140585,126.57802263670405,94.15102123295284,103.14504557444215,26.663503547441504,105.84878012916707,0.0,44.17076122553619,0.0,100.12039211121537,0.0,8.834152245107237
2026-07-23,4,chuchu_population,280.19543683678,535.4912871281215,815.6867239649015,0.34350863953602445,405952,69.02181460783049,6175.5,3.061493530611694,post_leap,4,3,0.0,0.8014440433212998,5.686757314931878,35.53928649556856,128.4510635847555,127.7393515233544,108.31002266938725,103.70963121318647,37.74759326770537,106.5435600690462,0.0,44.17076122553619,0.0,106.00982694128686,0.0,11.778869660142984
2026-07-30,4,chuchu_population,294.3203729429713,547.868807757252,842.1891807002232,0.3494706173953266,385907,76.26717653293962,10022.5,8.580355158214482,post_leap,4,3,0.0,0.8006993006993008,2.664329455440692,35.616996940024,125.5566758121029,130.633739296007,122.79394133869917,106.89401703408902,43.305426336728495,106.87516183009456,0.0,47.115478640571936,0.0,108.9545443563226,0.0,11.778869660142984
2026-08-06,4,chuchu_population,309.7654807922468,558.9261566432983,868.6916374355452,0.35658853780002076,374313,82.75573672093857,5797.0,12.074419961315018,post_leap,4,3,0.0,0.7966101694915253,9.680801160907798e-13,35.33660898042798,124.39396697294049,131.7964481351694,128.42633455020066,107.15105865265903,56.94517926910463,107.95899597289714,0.0,50.06019605560768,0.0,114.8439791863941,0.0,11.778869660142984
2026-08-13,4,chuchu_population,322.6799837446287,572.5141104262382,895.1940941708668,0.36045812393735294,361079,89.36548061355789,6617.0,16.39480554056805,post_leap,4,3,0.0,0.7927631578947367,9.655892009776334e-13,35.33660898042798,118.93524464423277,134.3104530488414,131.57663309129885,109.89019494163233,72.16810600909615,107.45965630808435,0.0,53.00491347064343,0.0,117.78869660142985,0.0,14.723587075178731
2026-08-20,4,chuchu_population,345.03087537925126,599.4634473929061,944.4943227721574,0.3653075164777712,348774,98.92677647394909,6152.5,20.71140046866453,post_leap,4,3,0.0,0.7756060367575094,1.4448598056783405e-11,30.868761867946475,103.59258545446717,135.44023926315901,124.38341420189758,111.29645801592196,117.05487572287208,109.91916389900209,0.0,58.38721941389031,0.0,127.04914819766462,0.0,26.502456735321715
2024-12-19,1,without_progression,35.33660898042894,182.57247973221624,217.90908871264517,0.16216216216216214,173213.0,20.40066795242213,0.0,0.0,pre_leap,3,3,0.16216216216216214,0.2027027027027027,30.018413111466074,70.10197899974929,5.318195868962867,97.74691365728825,0.0,8.834152245107237,0.0,0.0,0.0,0.0,0.0,5.889434830071492,0.0,0.0
2024-12-26,1,without_progression,53.00491347064342,182.57247973221627,235.5773932028597,0.22499999999999995,340543.0,15.564822495439174,0.0,0.0,pre_leap,3,3,0.22499999999999995,0.26249999999999996,42.565153005773794,69.33410876558456,10.439760464869629,98.51478389145296,0.0,8.834152245107237,0.0,0.0,0.0,0.0,0.0,5.889434830071492,0.0,0.0
2025-01-02,1,without_progression,63.2023655925861,181.20917985538082,244.41154544796692,0.2585899347624776,351168.0,17.997757652344774,0.0,0.0,pre_leap,3,3,0.25301204819277123,0.3012048192771086,43.189273565741956,68.7099882056164,18.649792150008754,99.1389044514211,1.3632998768353872,10.415569783307596,0.0,2.944717415035746,0.0,0.0,0.0,0.0,0.0,0.0
2025-01-09,1,without_progression,62.5362420228858,181.8753034250811,244.41154544796692,0.255864516990255,330152.0,18.941651730986273,0.0,0.0,pre_leap,3,3,0.25301204819277107,0.30120481927710846,40.74804561911578,68.20649873720683,21.09102009663488,99.64239391983071,0.6971763071351442,11.08169335300784,0.0,2.944717415035746,0.0,0.0,0.0,0.0,0.0,0.0
2025-01-16,1,without_progression,68.87525175860466,181.4257285194338,250.30098027803845,0.2751697243937954,307111.0,22.426826703896854,11520.5,1.7457383901346188,post_leap,3,3,0.0,0.976470588235294,39.336938179083596,66.67288876220326,29.477815025921167,97.14503382061591,0.06049855359990212,11.718371106543081,0.0,5.889434830071492,0.0,0.0,0.0,0.0,0.0,0.0
2025-01-23,1,without_progression,65.22484230728855,182.1314205557141,247.35626286300266,0.2636878547256072,277133.0,23.535574005004296,14989.0,4.426255341901625,post_leap,3,3,0.0,0.9761904761904764,33.3562297334714,66.76416237774396,31.868612573817146,97.69895368775569,0.0,11.778869660142984,0.0,5.889434830071492,0.0,0.0,0.0,0.0,0.0,0.0
2025-01-30,1,without_progression,68.98554938199892,184.26014831107523,253.24569769307413,0.27240561245627654,257133.0,26.828742083668345,10000.0,6.286969985592461,post_leap,3,3,0.0,0.9767441860465116,33.085931962968516,67.03446014824685,33.91808802596128,98.5941956506473,1.9815293930691207,12.74205768210961,0.0,5.889434830071492,0.0,0.0,0.0,0.0,0.0,0.0
2025-02-06,1,without_progression,67.91045355980783,185.33524413326631,253.24569769307413,0.2681603445919669,237813.0,28.556241063275696,9660.0,8.328860323890389,post_leap,3,3,0.0,0.9767441860465116,30.456674950355335,66.71899974582428,36.088707701128875,99.36829339051545,1.365070908323632,13.358516166855098,0.0,5.889434830071492,0.0,0.0,0.0,0.0,0.0,0.0
2025-02-13,1,without_progression,68.49306271734343,184.7526349757307,253.24569769307413,0.2704609134183787,216696.0,31.60790356875228,10558.5,10.69930459240371,post_leap,3,3,0.0,0.9767441860465116,30.518638734491926,66.65703596168768,37.97442398285151,100.42729452382855,0.0,11.778869660142984,0.0,5.889434830071492,0.0,0.0,0.0,0.0,0.0,0.0
2025-02-20,1,without_progression,71.87236151837877,190.20748841980262,262.0798499381814,0.27423841068030147,200373.0,35.86928454351573,8161.5,12.709551309252664,post_leap,3,3,0.0,0.9775280898876404,32.96666048815645,67.15373162305892,38.491110931845846,102.85532498986996,0.41459009837647937,14.308996976802252,0.0,5.889434830071492,0.0,0.0,0.0,0.0,0.0,0.0
2025-02-27,1,without_progression,67.62769198547447,185.61800570759965,253.24569769307413,0.26704379423431357,222293.0,30.42277174066411,0.0,12.6460035527064,post_leap,3,3,0.0,0.9767441860465116,32.090865656302995,65.08480903987662,35.536826329170616,99.92017476247369,8.499337185948154e-13,14.723587075177882,0.0,5.889434830071492,0.0,0.0,0.0,0.0,0.0,0.0
2025-03-06,1,without_progression,60.40002574139886,186.9562371216038,247.35626286300266,0.24418231841920732,202226.0,29.867586631490937,10033.5,15.024748577022493,post_leap,3,3,0.0,0.9761904761904762,26.26113019183385,65.02510967427429,34.13889554956502,101.3181055420793,0.0,14.723587075178731,0.0,5.889434830071492,0.0,0.0,0.0,0.0,0.0,0.0
2025-03-13,1,without_progression,58.827110611085054,188.5291522519176,247.35626286300266,0.2378234127981883,179680.0,32.739932441610115,11273.0,17.643203266911765,post_leap,3,3,0.0,0.9761904761904762,23.29857504987696,65.04294740119542,35.528535561208095,102.87318294547197,0.0,14.723587075178731,0.0,5.889434830071492,0.0,0.0,0.0,0.0,0.0,0.0
2025-03-20,1,without_progression,59.237283754402945,191.0636965236355,250.30098027803845,0.2366642099787272,163262.0,36.2835710418854,8209.0,19.705084093882625,post_leap,3,3,0.0,0.976470588235294,22.617837737926504,65.72368471314587,36.619446016476445,104.72698990523935,0.0,14.723587075178731,0.0,5.889434830071492,0.0,0.0,0.0,0.0,0.0,0.0
2025-03-27,1,without_progression,54.88608931597291,195.41489096206556,250.30098027803845,0.21928036100779366,140011.0,39.201269411669735,11625.5,22.98107591459272,post_leap,3,3,0.0,0.976470588235294,18.995117045051703,66.40168799098494,35.8909722709212,108.40018106583037,0.0,14.723587075178731,0.0,5.889434830071492,0.0,0.0,0.0,0.0,0.0,0.0
2025-04-03,1,without_progression,50.27638471329481,197.07987814970784,247.35626286300266,0.20325494948611914,126230.0,39.829188555252166,6890.5,25.027101310068637,post_leap,3,3,0.0,0.9761904761904762,15.921752875135809,66.53033474586508,34.354631838158994,109.93652149859257,0.0,14.723587075178731,0.0,5.889434830071492,0.0,0.0,0.0,0.0,0.0,0.0
2025-04-10,1,without_progression,39.69952177900574,207.6567410839969,247.35626286300266,0.16049531683373294,110998.0,35.765979368101895,7616.0,27.3286786038127,post_leap,3,3,0.0,0.9761904761904762,11.207368492515437,68.3000017134497,28.492153286488787,115.79900005026278,1.5198699315412252e-12,17.668304490212954,0.0,5.889434830071492,0.0,0.0,0.0,0.0,0.0,0.0
2025-04-17,1,without_progression,15.127132038227806,202.78195667441736,217.90908871264517,0.06941946353681386,100353.0,15.073921096756257,5322.5,28.71495061228741,post_leap,3,3,0.0,0.9324324324324325,0.2127887330350882,61.626276982715574,12.063182093429186,108.6702319230364,2.851161211763533,17.76186069348669,0.0,14.723587075178731,0.0,0.0,0.0,0.0,0.0,0.0
2025-04-24,1,without_progression,4.875819386289932,189.4755300060693,194.35134939235923,0.025087653888353302,75810.0,6.431630901318998,12271.5,30.05121284113673,post_leap,3,3,0.0,0.9242424242424243,0.0,55.94963088567918,0.0,100.12039211121537,4.875819386289932,18.681919933996035,0.0,14.723587075178731,0.0,0.0,0.0,0.0,0.0,0.0
2025-05-01,1,without_progression,4.121768490082676,193.17429831731232,197.296066807395,0.02089128565399351,65100.0,6.331441613030224,5355.0,30.176487844743548,post_leap,3,3,0.0,0.9253731343283582,0.0,55.94963088567918,0.0,103.0651095262511,4.121768490082676,19.435970830203292,0.0,14.723587075178731,0.0,0.0,0.0,0.0,0.0,0.0
2025-05-08,1,without_progression,3.978076940229019,187.42855503709447,191.40663197732349,0.020783380905528465,55532.0,7.163575848572028,4784.0,30.26792233893373,post_leap,3,3,0.0,0.9230769230769231,0.0,53.00491347064343,0.0,100.12039211121537,3.978076940229019,19.57966238005695,0.0,14.723587075178731,0.0,0.0,0.0,0.0,0.0,0.0
2025-05-15,1,without_progression,8.295557228282794,183.11107474904068,191.40663197732349,0.04333996759979348,45589.0,18.19640094821732,4971.5,30.40149246588847,post_leap,3,3,0.0,0.9230769230769231,0.0,50.06019605560768,0.0,100.12039211121537,8.295557228282794,18.20689950703892,0.0,14.723587075178731,0.0,0.0,0.0,0.0,0.0,0.0
2025-06-19,2,without_progression,55.94963088567919,217.9090887126452,273.8587195983244,0.20430107526881724,,,0.0,0.0,pre_leap,3,3,0.20430107526881724,0.30107526881720437,51.01308122511966,60.88618054623869,4.936549660559527,112.85214694087033,2.367066850936258e-15,26.50245673532171,0.0,17.668304490214474,0.0,0.0,0.0,0.0,0.0,0.0
2025-06-26,2,without_progression,103.06510952625112,223.7985235427167,326.86363306896783,0.3153153153153153,650456.0,15.845054780992275,0.0,0.0,pre_leap,3,3,0.31531531531531526,0.39639639639639634,63.74621565110768,59.931915780393645,39.31889387514341,113.80641170671538,1.2925945960033565e-14,26.5024567353217,0.0,20.61302190525022,0.0,0.0,0.0,2.944717415035746,0.0,0.0
2025-07-03,2,without_progression,121.89245264069272,219.69476750345382,341.58722014414656,0.3568413730152295,619598.0,19.672828614794224,0.0,0.0,pre_leap,3,3,0.3534482758620689,0.4396551724137931,58.83447610251928,58.954220498910566,61.898937913946284,114.78410698819847,1.1590386242271573,28.288135526130304,0.0,17.668304490214474,0.0,0.0,0.0,0.0,0.0,0.0
2025-07-10,2,without_progression,136.11226645596741,226.08797559342935,362.20024204939676,0.37579286442719845,563148.0,24.169892542629544,0.0,0.0,pre_leap,3,3,0.37398373983739835,0.45528455284552843,53.77189830399198,58.12736346736637,81.68510278765233,115.61096401974267,0.6552653643231076,28.791908786034355,0.0,20.61302190525022,0.0,0.0,0.0,2.944717415035746,0.0,0.0
2025-07-17,2,without_progression,176.6117122699548,209.14626909972793,385.75798136968274,0.45783035166990577,531711.0,33.215734161970474,15718.5,3.03931564745058,post_leap,3,3,0.0,0.9312977099236641,50.32622816548433,55.68359877580253,123.2621886641536,97.59161746352734,3.0232954403168826,29.368596125076326,0.0,20.61302190525022,0.0,0.0,0.0,5.889434830071492,0.0,0.0
2025-07-24,2,without_progression,183.706375212737,207.94104098701723,391.6474161997542,0.4690606081237113,503401.0,36.49304932106551,14155.0,6.785468805714863,post_leap,3,3,0.0,0.9323308270676691,41.848819728189284,55.32685496799033,133.69812759688233,95.98983077590586,8.159427887665375,30.121898507799322,0.0,17.668304490214474,0.0,2.944717415035746,0.0,5.889434830071492,0.0,0.0
2025-07-31,2,without_progression,184.89725998336962,212.63959104645608,397.5368510298257,0.4651072208888063,471778.0,39.19158163020947,15811.5,11.367620256406507,post_leap,3,3,0.0,0.925925925925926,36.26990332031813,55.016336545790004,141.2483524130064,97.27375820488905,7.3790042500451305,30.902322145419564,0.0,20.61302190525022,0.0,0.0,0.0,8.834152245107237,0.0,0.0
2025-08-07,2,without_progression,186.26866811856326,214.2129003262982,400.48156844486147,0.465111712486236,439788.0,42.35419523010252,15995.0,16.325736940526077,post_leap,3,3,0.0,0.9264705882352942,30.80298273049725,54.59382230553939,143.12761622113786,98.33921181179332,12.338069166928161,31.83269205860803,0.0,17.668304490214474,0.0,2.944717415035746,0.0,8.834152245107237,0.0,0.0
2025-08-14,2,without_progression,184.49681577868145,221.87418749625155,406.371003274933,0.4540107790463064,410441.0,44.95087376229018,14673.5,21.215982525494724,post_leap,3,3,0.0,0.9130434782608694,28.40151912876167,54.050568492239215,144.70476131411593,99.70678413385099,11.39053533580384,32.78022588973235,0.0,23.557739320285968,0.0,0.0,0.0,11.778869660142984,0.0,0.0
2025-08-21,2,without_progression,194.20847723716653,225.8916860427178,420.1001632798843,0.4622908872991286,388357.0,50.00771898978685,11042.0,25.080682997532914,post_leap,3,3,0.0,0.9035090708062442,24.07267969910918,53.099224970793124,145.2186975017557,98.69234812847506,24.91710003630163,33.564257834125044,0.0,27.54539315799444,0.0,5.441492955628173,0.0,7.548968995701999,0.0,0.0
2025-08-28,2,without_progression,188.25705014632013,235.78225761882732,424.03930776514744,0.4439613184412271,356370.0,52.82629013281706,15993.5,31.3536672118505,post_leap,3,3,0.0,0.8888888888888888,21.135674971821366,52.482260404072285,140.2762306900953,101.19059734283587,26.84514448440347,34.993921231347194,0.0,32.39189156539321,0.0,0.0,0.0,14.723587075178731,0.0,0.0
2025-09-04,2,without_progression,184.40788381395654,236.68670653615507,421.0945903501116,0.4379250839119873,332895.0,55.395209845133316,11737.5,36.157287519262766,post_leap,3,3,0.0,0.8881118881118882,19.03620867194972,51.637009288908175,134.0844269652841,101.49296623757559,31.287248176722716,36.441252369099445,0.0,32.39189156539321,0.0,2.944717415035746,0.0,11.778869660142984,0.0,0.0
2025-09-11,2,without_progression,176.25758501902772,241.89228791604825,418.14987293507596,0.4215177294730264,309117.0,57.0196996668018,11889.0,41.245250280456766,post_leap,3,3,0.0,0.880281690140845,16.97289283376121,50.75560771206095,129.37488224711555,103.25779354070838,29.909809938150943,37.818690607671215,0.0,32.39189156539321,0.0,5.889434830071492,0.0,11.778869660142984,0.0,0.0
2025-09-18,2,without_progression,171.80993734587733,249.2846530042343,421.0945903501116,0.40800794235572824,288952.0,59.459680966346426,10082.5,45.63823300417872,post_leap,3,3,0.0,0.8671328671328673,14.888237101635404,49.895546029151014,122.72643302145742,104.01680793629502,34.195267222784494,39.42266815310916,0.0,38.281326395464696,0.0,5.889434830071492,0.0,11.778869660142984,0.0,0.0
2025-09-25,2,without_progression,141.22496870730393,253.36716490748606,394.59213361479,0.3579011254318897,240758.0,58.65847394782475,24097.0,56.87244129712623,post_leap,3,3,0.0,0.8656716417910447,9.510281457440204,49.384066843274724,103.25932754779697,108.76032633477675,28.45535970206677,42.217858258791125,0.0,35.33660898042895,0.0,5.889434830071492,0.0,11.778869660142984,0.0,0.0
2025-10-02,2,without_progression,130.03052905127885,258.6721697334396,388.70269878471845,0.33452437932080265,216580.0,60.03810557358891,12089.0,62.26105742308262,post_leap,3,3,0.0,0.856060606060606,7.617684373038566,48.33194651264061,95.72005712312661,110.4101619293756,26.69278755511369,43.98043040574421,0.0,35.33660898042895,0.0,5.889434830071492,0.0,14.723587075178731,0.0,0.0
2025-10-09,2,without_progression,125.57541547306785,260.1825658966149,385.75798136968274,0.3255290144022332,198964.0,63.1146415799179,8808.0,66.18027720710458,post_leap,3,3,0.0,0.8549618320610687,8.593847685931848,47.35578319974733,88.96339830412457,111.27738591830617,28.01816948301144,45.59976589288221,0.0,38.281326395464696,0.0,5.889434830071492,0.0,11.778869660142984,0.0,0.0
2025-10-16,2,without_progression,108.15261457319735,268.77121455137814,376.9238291245755,0.28693493543347265,185308.0,58.36370506033057,6828.0,69.2969500027305,post_leap,3,3,0.0,0.8437500000000001,6.804921413073493,46.199992057569936,74.83536769484613,116.57126428247736,26.51232546527774,47.10560991061591,0.0,38.281326395464696,0.0,5.889434830071492,0.0,14.723587075178731,0.0,0.0
2025-10-23,2,without_progression,58.17529823649246,262.79890000240385,320.9741982388963,0.18124602711272592,169443.0,34.333255570600414,7932.5,72.65422597584542,post_leap,3,3,0.0,0.7706422018348624,0.4409993949614823,43.72976183057471,40.38497340292356,98.01674510375649,17.34932543860741,47.43445769217901,0.0,47.115478640571936,0.0,8.834152245107237,0.0,17.668304490214474,0.0,0.0
2025-10-30,2,without_progression,39.29818571656819,261.0629906170779,300.3611763336461,0.13083643564145297,150125.0,26.176976330769822,9659.0,74.94395417041764,post_leap,3,3,0.0,0.7549019607843137,8.231276872810497e-15,41.226043810500435,23.381655997393786,97.35175801907181,15.916529719174394,48.867253411612026,0.0,47.115478640571936,0.0,8.834152245107237,0.0,17.668304490214474,0.0,0.0
2025-11-06,2,without_progression,35.58448971575686,261.83196920285354,297.4164589186104,0.11964532778427958,134699.0,26.41778314297572,7713.0,76.18445854707937,post_leap,3,3,0.0,0.7425742574257423,0.6283612168050776,40.59768259369537,20.068759092770144,94.77522009362394,14.887369406181634,49.896413724604784,0.0,50.06019605560768,0.0,8.834152245107237,0.0,17.668304490214474,0.0,0.0
2025-11-13,2,without_progression,35.70694125669807,264.654235076948,300.3611763336461,0.11888001536201943,118308.0,30.181341292810355,8195.5,77.53559178833002,post_leap,3,3,0.0,0.7352941176470589,0.0,38.281326395464696,21.8349105238187,95.95378607761114,13.872030732879374,50.911752397907044,0.0,47.115478640571936,0.0,11.778869660142984,0.0,20.61302190525022,0.0,0.0
2025-12-18,3,without_progression,14.72358707517941,282.69287184343096,297.4164589186104,0.04950495049505178,,,0.0,0.0,pre_leap,3,3,0.04950495049504959,0.2475247524752476,14.723587075178763,35.33660898042892,0.0,103.0651095262511,6.471378506321096e-13,58.89434830071428,0.0,53.00491347064343,0.0,11.778869660142984,0.0,20.61302190525022,0.0,0.0
2025-12-25,3,without_progression,29.447174150357814,288.5823066735028,318.0294808238606,0.0925925925925937,289845.0,10.159628128950928,0.0,0.0,pre_leap,3,3,0.09259259259259268,0.28703703703703715,18.033022990256534,34.9718904803869,11.414151160100955,103.42982802629314,3.2229625404901513e-13,61.839065715750344,0.0,53.00491347064343,0.0,11.778869660142984,0.0,23.557739320285968,0.0,0.0
2026-01-01,3,without_progression,32.39189156539351,291.52702408853855,323.91891565393206,0.10000000000000094,283614.0,11.421118691388122,0.0,0.0,pre_leap,3,3,0.1000000000000001,0.3000000000000001,18.15339459989563,34.851518870747796,14.238496965497605,103.55019963593224,2.6437470492908753e-13,64.78378313078615,0.0,53.00491347064343,0.0,11.778869660142984,0.0,23.557739320285968,0.0,0.0
2026-01-08,3,without_progression,32.39189156539368,294.47174150357415,326.86363306896783,0.09909909909910053,257052.0,12.601299178918536,0.0,0.0,pre_leap,3,3,0.09909909909909913,0.29729729729729737,12.496075218904553,34.619403421667386,19.89581634648866,103.78231508501267,4.610858355103023e-13,64.78378313078596,0.0,55.94963088567918,0.0,11.778869660142984,0.0,23.557739320285968,0.0,0.0
2026-01-15,3,without_progression,30.967452086276754,310.6197680578698,341.58722014414656,0.09065752539924879,234425.0,13.209961431705985,11313.5,1.140518386085559,post_leap,3,3,0.0,0.6982758620689654,9.28326934872357,34.88749187681262,21.68418273755282,104.93866610898426,3.591624844479387e-13,67.7285005458218,0.0,58.894348300714924,0.0,14.723587075178731,0.0,29.447174150357462,0.0,0.0
2026-01-22,3,without_progression,27.687700419910378,322.73367196934345,350.4213723892538,0.07901259055955762,217437.0,12.73366557665456,8494.0,2.0324590933624163,post_leap,3,3,0.0,0.6806722689075629,9.152502296139492,35.018258929396694,18.535198123770886,105.14293330773044,0.0,70.6732179608579,0.0,58.894348300714924,0.0,17.668304490214474,0.0,35.33660898042895,0.0,0.0
2026-01-29,3,without_progression,23.31357294950393,330.0525168547856,353.3660898042895,0.0659756938262414,193637.0,12.03983378667503,11900.0,3.234541760793118,post_leap,3,3,0.0,0.6666666666666666,6.012576868692306,35.213466941808136,17.30099608081133,106.37713535069,2.9080136419920135e-13,70.67321796085761,0.0,61.839065715750664,0.0,17.668304490214474,0.0,38.281326395464696,0.0,0.0
2026-02-05,3,without_progression,19.93763274423594,336.37317447508934,356.3108072193253,0.055955733983570795,179372.0,11.115242481678267,7132.5,3.9053619678568294,post_leap,3,3,0.0,0.6611570247933883,3.117503390041535,35.16382300542316,16.82012935419439,106.85800207730694,2.0403553145779265e-14,73.61793537589364,0.0,64.78378313078642,0.0,17.668304490214474,0.0,38.281326395464696,0.0,0.0
2026-02-12,3,without_progression,19.146725685683844,345.99823377874867,365.14495946443253,0.05243595780088773,168935.0,11.333782629818478,5218.5,4.34987430114265,post_leap,3,3,0.0,0.6451612903225805,3.1992468974369643,35.08207949802773,15.947478788246636,107.73065264325469,2.436722865195351e-13,73.61793537589341,0.0,64.78378313078642,0.0,20.61302190525022,0.0,44.17076122553619,0.0,0.0
2026-02-19,3,without_progression,16.562881544365922,354.4715127501381,371.034394294504,0.04463974714759014,154821.0,10.698084590828067,7057.0,4.9679849617859695,post_leap,3,3,0.0,0.6349206349206349,3.227389120826088,35.053937274638606,13.335492423539833,107.39792159292575,0.0,76.56265279092939,0.0,67.72850054582216,0.0,20.61302190525022,0.0,47.115478640571936,0.0,0.0
2026-02-26,3,without_progression,14.762379835525326,359.2167318740144,373.9791117095397,0.03947380849171838,148798.0,9.921087538492,3011.5,5.200883290939269,post_leap,3,3,0.0,0.6299212598425197,0.5357820697835256,34.800826910645426,14.226597765741623,109.45153366575971,1.804790114362953e-13,76.5626527909292,0.0,67.72850054582216,0.0,23.557739320285968,0.0,47.115478640571936,0.0,0.0
2026-03-05,3,without_progression,11.434385684386097,362.54472602515364,373.9791117095397,0.030574931396882134,139917.0,8.172263330678971,4440.5,5.5273155882019624,post_leap,3,3,0.0,0.6220472440944882,0.652926644810781,34.683682335618165,10.781459039575317,107.00723756185454,0.0,79.50737020596515,0.0,70.6732179608579,0.0,23.557739320285968,0.0,47.115478640571936,0.0,0.0
2026-03-12,3,without_progression,15.457280865584314,367.35598308906265,382.81326395464697,0.04037812249738448,132277.0,11.685539334566338,3820.0,5.749423377646502,post_leap,3,3,0.0,0.6230769230769231,0.9024951111664643,34.43411386926248,14.554785754417795,109.12334567708353,5.290308542031812e-14,79.50737020596509,0.0,73.61793537589365,0.0,23.557739320285968,0.0,47.115478640571936,0.0,0.0
2026-03-19,3,without_progression,29.79372188699907,391.3008684631125,421.0945903501116,0.07075303879403344,138000.0,21.589653541303672,0.0,5.720676260758269,post_leap,3,3,0.0,0.6153846153846154,3.851468779799405,34.42985761566529,18.334111839358645,111.2334544222142,7.608141267841022,83.67809859826711,0.0,79.50737020596515,0.0,26.502456735321715,0.0,55.94963088567918,0.0,0.0
2026-03-26,3,without_progression,32.439344585810424,388.6552457643012,421.0945903501116,0.07703576661680528,154628.0,20.978958911588084,0.0,5.692072879454479,post_leap,3,3,0.0,0.6153846153846154,6.982989906706316,34.24305390379413,17.826599836925908,108.79624900961117,7.629754842178199,83.65648502392993,0.0,79.50737020596515,0.0,26.502456735321715,0.0,55.94963088567918,0.0,0.0
2026-04-02,3,without_progression,28.51687464753035,395.5224331176171,424.03930776514744,0.06725054523323652,130670.0,21.82358203683351,11979.0,7.674068105472514,post_leap,3,3,0.0,0.611111111111111,3.9940018171697704,34.28732457829493,16.009482141259923,110.61336670527716,8.513390689100655,85.71756659204321,0.0,79.50737020596515,0.0,26.502456735321715,0.0,58.894348300714924,0.0,0.0
2026-04-09,3,without_progression,31.585715059777424,401.28774495047725,432.8734600102547,0.07296754820457037,119643.0,26.399969124626953,5513.5,8.598292321425804,post_leap,3,3,0.0,0.6054421768707482,3.923965815380536,34.35736058008416,15.361973712730448,111.26087513380664,12.299775531666441,84.87589916451317,0.0,82.45208762100089,0.0,26.502456735321715,0.0,61.839065715750664,0.0,0.0
2026-06-18,4,without_progression,97.1756746961782,512.3808302162212,609.5565049123994,0.15942028985507015,,,0.0,0.0,pre_leap,4,3,0.13526570048309178,0.5024154589371981,35.33661552021077,35.33660244064713,47.11547210078873,126.62285538632028,5.889434830071494,103.0651095262511,8.834152245107218,106.00982694128687,0.0,38.281326395464696,0.0,91.28623986610813,0.0,11.778869660142984
2026-06-25,4,without_progression,168.04795396541215,512.1817689078451,680.2297228732573,0.24704588511008568,472376.0,35.575040638265314,0.0,0.0,pre_leap,4,3,0.18181818181818193,0.5541125541125542,23.554499475091685,35.339848825623235,100.12363195640984,126.61960900134261,35.54097337176001,102.86074513492005,8.828849162150613,106.01513002424348,0.0,38.281326395464696,0.0,94.23095728114387,0.0,8.834152245107237
2026-07-02,4,without_progression,205.90334181903995,518.4971422797536,724.4004840987935,0.2842396524281711,450911.0,45.66385424596871,0.0,0.0,pre_leap,4,3,0.18292682926829268,0.573170731707317,17.67140514702254,35.33350832362089,114.84087852958682,126.62594950334436,61.54129792437093,103.36287731763085,11.84976021805964,105.9389363833702,0.0,41.22604381050044,0.0,97.17567469617961,0.0,8.834152245107237
2026-07-09,4,without_progression,235.3568499285371,518.490808320614,753.847658249151,0.31220744317912347,431527.0,54.540469061851766,0.0,0.0,pre_leap,4,3,0.17968750000000008,0.5898437500000001,11.77602062181168,35.339458018760254,123.68098046983403,126.6199998082044,79.46810271020149,103.10437702201477,20.43174612668989,106.1911027198472,0.0,41.22604381050044,0.0,97.17567469617961,0.0,8.834152245107237
2026-07-16,4,without_progression,259.2478134769772,524.0470189225312,783.2948323995084,0.33097092276583734,412846.0,62.795282860189324,0.0,0.0,pre_leap,4,3,0.1766917293233083,0.5977443609022557,8.781488046987326,35.38927317854886,129.6202304596944,126.5701846484155,94.172790086836,103.12327672055899,26.673304883459515,105.83897879314907,0.0,44.17076122553619,0.0,100.12039211121537,0.0,8.834152245107237
2026-07-23,4,without_progression,279.72870022433324,535.9580237405683,815.6867239649015,0.34293643871586393,399123.0,70.0858382564606,6861.5,3.4469586667615135,post_leap,4,3,0.0,0.8014440433212998,5.676233591261914,35.54981021923853,128.21326797893119,127.97714712917872,108.14687152219784,103.87278236037588,37.692327131942335,106.59882620480923,0.0,44.17076122553619,0.0,106.00982694128686,0.0,11.778869660142984
2026-07-30,4,without_progression,294.1944354050777,547.9947452951455,842.1891807002232,0.3493210814706441,380114.0,77.39636935368802,9504.5,8.758770671095945,post_leap,4,3,0.0,0.8006993006993008,2.6513801686200638,35.62994622684463,125.49608400923017,130.69433109887973,122.74340713521555,106.94455123757264,43.30356409201195,106.87702407481109,0.0,47.115478640571936,0.0,108.9545443563226,0.0,11.778869660142984
2026-08-06,4,without_progression,309.3396865087195,559.3519509268257,868.6916374355452,0.3560983819550948,367949.0,84.07134861318268,6082.5,12.481084150490924,post_leap,4,3,0.0,0.7966101694915253,1.9404874500894862e-12,35.33660898042701,124.18588532526671,132.00452978284318,128.26950920564747,107.30788399721223,56.88429197780348,108.01988326419828,0.0,50.06019605560768,0.0,114.8439791863941,0.0,11.778869660142984
2026-08-13,4,without_progression,322.3001554783336,572.8939386925333,895.1940941708668,0.36003382682819146,354963.0,90.79823966958065,6493.0,16.785680862101632,post_leap,4,3,0.0,0.7927631578947367,1.90840223143247e-12,35.33660898042704,118.73311210946915,134.51258558360502,131.41589869679427,110.0509293361369,72.15114467206823,107.47661764511227,0.0,53.00491347064343,0.0,117.78869660142985,0.0,14.723587075178731
2026-08-20,4,without_progression,344.7359559994829,599.7583667726744,944.4943227721574,0.36499526538990573,343054.0,100.49028899225279,5954.5,21.027017402691268,post_leap,4,3,0.0,0.7756060367575094,2.9305396397645054e-11,30.868761867931617,103.4483604721685,135.5844642454577,124.27413259526807,111.40573962255147,117.01346293201705,109.96057668985712,0.0,58.38721941389031,0.0,127.04914819766462,0.0,26.502456735321715
2024-12-19,1,weaker_main_bridge,35.33660898043108,182.5724797322141,217.90908871264517,0.16216216216217194,173213.0,20.400667952423362,0.0,0.0,pre_leap,3,3,0.16216216216216214,0.2027027027027027,29.83270347940545,70.28768863180991,5.503905501023491,97.56120402522761,2.1363502686415814e-12,8.8341522451051,0.0,0.0,0.0,0.0,0.0,5.889434830071492,0.0,0.0
2024-12-26,1,weaker_main_bridge,53.004913470647054,182.57247973221263,235.5773932028597,0.22500000000001538,340543.0,15.56482249544024,0.0,0.0,pre_leap,3,3,0.22499999999999995,0.26249999999999996,42.677769860859286,69.22149191049907,10.327143609784144,98.62740074653846,3.628587126744345e-12,8.834152245103608,0.0,0.0,0.0,0.0,0.0,5.889434830071492,0.0,0.0
2025-01-02,1,weaker_main_bridge,63.201963732225074,181.20958171574185,244.41154544796692,0.2585882905669864,351168.0,17.997643216985907,0.0,0.0,pre_leap,3,3,0.25301204819277123,0.3012048192771086,43.25339882144712,68.64586294991123,18.585666894303586,99.20302970712626,1.36289801647437,10.415971643668614,0.0,2.944717415035746,0.0,0.0,0.0,0.0,0.0,0.0
2025-01-09,1,weaker_main_bridge,62.53629512688222,181.8752503210847,244.41154544796692,0.25586473426311873,330152.0,18.941667815697688,0.0,0.0,pre_leap,3,3,0.25301204819277107,0.30120481927710846,40.549587093623614,68.40495726269899,21.289478622127042,99.44393539433855,0.6972294111315619,11.081640249011421,0.0,2.944717415035746,0.0,0.0,0.0,0.0,0.0,0.0
2025-01-16,1,weaker_main_bridge,68.55847327508992,181.7425070029485,250.30098027803845,0.2739041341305737,307111.0,22.323678824623645,11520.5,1.7457398725659614,post_leap,3,3,0.0,0.976470588235294,39.20175816595642,66.80806877533044,29.295802525262854,97.32704632127422,0.06091258387064903,11.717957076272334,0.0,5.889434830071492,0.0,0.0,0.0,0.0,0.0,0.0
2025-01-23,1,weaker_main_bridge,66.01116542998336,181.3450974330193,247.35626286300266,0.26686676401859855,277133.0,23.819308934693222,14989.0,4.413888148421401,post_leap,3,3,0.0,0.9761904761904764,33.813162996285975,66.30722911492938,32.19800243369667,97.36956382787616,7.237578293306349e-13,11.778869660142261,0.0,5.889434830071492,0.0,0.0,0.0,0.0,0.0,0.0
2025-01-30,1,weaker_main_bridge,68.91401313427772,184.3316845587964,253.24569769307413,0.27212313481352546,257133.0,26.800921365315894,10000.0,6.297363422454752,post_leap,3,3,0.0,0.9767441860465116,32.803802184242905,67.31658992697245,34.132831359963134,98.37945231664544,1.9773795900716917,12.746207485107039,0.0,5.889434830071492,0.0,0.0,0.0,0.0,0.0,0.0
2025-02-06,1,weaker_main_bridge,68.1735277016019,185.07216999147224,253.24569769307413,0.26919915450735943,237813.0,28.66686333446948,9660.0,8.337051808454092,post_leap,3,3,0.0,0.9767441860465116,30.597419833328615,66.578254862851,36.218343021955555,99.23865806968877,1.3577648463177354,13.365822228860996,0.0,5.889434830071492,0.0,0.0,0.0,0.0,0.0,0.0
2025-02-13,1,weaker_main_bridge,67.94572630319253,185.2999713898816,253.24569769307413,0.2682996272874125,216696.0,31.355320958020698,10558.5,10.71679916154779,post_leap,3,3,0.0,0.9767441860465116,30.513663312389077,66.66201138379054,37.432062990797085,100.96965551588298,6.370805431569193e-12,11.778869660136614,0.0,5.889434830071492,0.0,0.0,0.0,0.0,0.0,0.0
2025-02-20,1,weaker_main_bridge,68.88439493745295,193.19545500072843,262.0798499381814,0.2628374327660108,200373.0,34.37808234515277,8161.5,12.710466781731137,post_leap,3,3,0.0,0.9775280898876404,31.80293917211784,68.31745293909754,36.65806372516442,104.68837219655137,0.4233920401707057,14.300195035008025,0.0,5.889434830071492,0.0,0.0,0.0,0.0,0.0,0.0
2025-02-27,1,weaker_main_bridge,70.00987657557131,183.23582111750284,253.24569769307413,0.2764504084899444,222293.0,31.494413488311064,0.0,12.646914447822482,post_leap,3,3,0.0,0.9767441860465116,32.622179489069666,64.55349520710995,37.38769708650072,98.0693040051436,9.298410435587623e-13,14.723587075177802,0.0,5.889434830071492,0.0,0.0,0.0,0.0,0.0,0.0
2025-03-06,1,weaker_main_bridge,63.556270907678226,183.79999195532443,247.35626286300266,0.25694223454078713,202226.0,31.428338051327835,10033.5,15.111673457463123,post_leap,3,3,0.0,0.9761904761904762,27.355543610260867,63.930696255847266,36.20072729741615,99.25627379422816,1.212079930002598e-12,14.72358707517752,0.0,5.889434830071492,0.0,0.0,0.0,0.0,0.0,0.0
2025-03-13,1,weaker_main_bridge,60.73723795188073,186.61902491112193,247.35626286300266,0.2455455837215645,179680.0,33.803004202961226,11273.0,17.87044832899676,post_leap,3,3,0.0,0.9761904761904762,24.105972547851454,64.23554990322093,36.631265404026514,101.77045310265353,2.7689121300666317e-12,14.723587075175962,0.0,5.889434830071492,0.0,0.0,0.0,0.0,0.0,0.0
2025-03-20,1,weaker_main_bridge,58.296487263298616,192.00449301473984,250.30098027803845,0.23290554914544048,163262.0,35.70732152203122,8209.0,20.001006979368643,post_leap,3,3,0.0,0.976470588235294,22.044193192319444,66.29732925875294,36.25229407097459,105.09414185074121,4.574656796874223e-12,14.723587075174157,0.0,5.889434830071492,0.0,0.0,0.0,0.0,0.0,0.0
2025-03-27,1,weaker_main_bridge,50.890917997728124,199.41006228031034,250.30098027803845,0.20331889208423257,140011.0,36.347799814106125,11625.5,23.221925675306792,post_leap,3,3,0.0,0.976470588235294,17.60675265130728,67.79005238472936,33.2841653464145,111.00698799033707,6.355208967439334e-12,14.723587075172375,0.0,5.889434830071492,0.0,0.0,0.0,0.0,0.0,0.0
2025-04-03,1,weaker_main_bridge,44.25038701655557,203.10587584644708,247.35626286300266,0.17889333588882478,126230.0,35.05536482338238,6890.5,25.109452163883045,post_leap,3,3,0.0,0.9761904761904762,13.826497827763761,68.62558979323713,30.423889188783754,113.8672641479678,8.057003467594739e-12,14.723587075170673,0.0,5.889434830071492,0.0,0.0,0.0,0.0,0.0,0.0
2025-04-10,1,weaker_main_bridge,33.328397806212976,214.02786505678966,247.35626286300266,0.13473844333050822,110998.0,30.026124620455303,7616.0,27.119758171022667,post_leap,3,3,0.0,0.9761904761904762,8.930930238972188,70.57643996699295,24.39746756723837,119.8936857695132,2.421515141893044e-12,17.66830449021205,0.0,5.889434830071492,0.0,0.0,0.0,0.0,0.0,0.0
2025-04-17,1,weaker_main_bridge,19.12366295053243,198.78542576211274,217.90908871264517,0.08775982251823668,100353.0,19.056393880135552,5322.5,28.262671766506543,post_leap,3,3,0.0,0.9324324324324325,1.9938833830449716,59.84518233270569,14.382248525365757,106.35116549109983,2.7475310421217,17.86549086312852,0.0,14.723587075178731,0.0,0.0,0.0,0.0,0.0,0.0
2025-04-24,1,weaker_main_bridge,9.897770180066463,184.45357921229277,194.35134939235923,0.05092720071670151,75810.0,13.056021870553307,12271.5,29.99216270767468,post_leap,3,3,0.0,0.9242424242424243,1.1070210490955376e-12,55.94963088567807,5.234064038648636,94.88632807256673,4.6637061414167205,18.894033178869247,0.0,14.723587075178731,0.0,0.0,0.0,0.0,0.0,0.0
2025-05-01,1,weaker_main_bridge,6.409240218400305,190.8868265889947,197.296066807395,0.03248539275066823,65100.0,9.845223069739331,5355.0,30.40152187107081,post_leap,3,3,0.0,0.9253731343283582,2.5920044560833223e-13,55.94963088567892,2.391065746075189,100.67404378017592,4.018174472324856,19.539564847961113,0.0,14.723587075178731,0.0,0.0,0.0,0.0,0.0,0.0
2025-05-08,1,weaker_main_bridge,4.8262894434937325,186.58034253382976,191.40663197732349,0.02521484963000403,55532.0,8.691005984826285,4784.0,30.626310639040522,post_leap,3,3,0.0,0.9230769230769231,1.1628086984764965e-12,53.004913470642265,0.8482250538699267,99.27216705734544,3.9780643896226424,19.579674930663327,0.0,14.723587075178731,0.0,0.0,0.0,0.0,0.0,0.0
2025-05-15,1,weaker_main_bridge,8.32970190203056,183.07693007529292,191.40663197732349,0.04351835574337573,45589.0,18.271297685912305,4971.5,30.81883777587383,post_leap,3,3,0.0,0.9230769230769231,2.106167714241708e-12,50.06019605560558,2.7934881774198383e-12,100.12039211121257,8.32970190202566,18.172754833296054,0.0,14.723587075178731,0.0,0.0,0.0,0.0,0.0,0.0
2025-06-19,2,weaker_main_bridge,55.94963088567918,217.90908871264523,273.8587195983244,0.2043010752688172,,,0.0,0.0,pre_leap,3,3,0.20430107526881724,0.30107526881720437,51.02764671147024,60.871615059888114,4.921984174208937,112.8667124272209,1.2990563370628008e-15,26.502456735321715,0.0,17.668304490214474,0.0,0.0,0.0,0.0,0.0,0.0
2025-06-26,2,weaker_main_bridge,103.06510952625109,223.79852354271674,326.86363306896783,0.31531531531531526,650456.0,15.845054780992273,0.0,0.0,pre_leap,3,3,0.31531531531531526,0.39639639639639634,63.781638859802605,59.89649257169872,39.28347066644848,113.8418349154103,3.412451431490106e-15,26.50245673532171,0.0,20.61302190525022,0.0,0.0,0.0,2.944717415035746,0.0,0.0
2025-07-03,2,weaker_main_bridge,121.88508340741586,219.7021367367307,341.58722014414656,0.35681979951118054,619598.0,19.67163925761798,0.0,0.0,pre_leap,3,3,0.3534482758620689,0.4396551724137931,58.92382358180356,58.86487301962629,61.809590434662034,114.87345446748273,1.1516693909502909,28.295504759407173,0.0,17.668304490214474,0.0,0.0,0.0,0.0,0.0,0.0
2025-07-10,2,weaker_main_bridge,136.0678516737542,226.13239037564256,362.20024204939676,0.3756702394892307,563148.0,24.162005667027888,0.0,0.0,pre_leap,3,3,0.37398373983739835,0.45528455284552843,53.65495640690712,58.244305364451236,81.80204468473721,115.49402212265778,0.6108505821098886,28.836323568247572,0.0,20.61302190525022,0.0,0.0,0.0,2.944717415035746,0.0,0.0
2025-07-17,2,weaker_main_bridge,170.65935987766966,215.09862149201308,385.75798136968274,0.44240007496856426,531711.0,32.09626279645703,15718.5,3.038323888617423,post_leap,3,3,0.0,0.9312977099236641,49.94549932059526,56.0643276206916,117.94665620144953,102.90714992623141,2.7672043556248767,29.624687209768332,0.0,20.61302190525022,0.0,0.0,0.0,5.889434830071492,0.0,0.0
2025-07-24,2,weaker_main_bridge,180.83014815558354,210.81726804417067,391.6474161997542,0.4617166887253347,503401.0,35.9216902937387,14155.0,6.65771306824513,post_leap,3,3,0.0,0.9323308270676691,41.650642864801,55.52503183137861,131.35526729840925,98.33269107437894,7.824237992373287,30.457088403091408,0.0,17.668304490214474,0.0,2.944717415035746,0.0,5.889434830071492,0.0,0.0
2025-07-31,2,weaker_main_bridge,182.67963672664436,214.85721430318134,397.5368510298257,0.4595288116143441,471778.0,38.721525108556214,15811.5,11.168230951539499,post_leap,3,3,0.0,0.925925925925926,36.12207954725796,55.16416031885017,139.221906665975,99.30020395192042,7.33565051341136,30.945675882053337,0.0,20.61302190525022,0.0,0.0,0.0,8.834152245107237,0.0,0.0
2025-08-07,2,weaker_main_bridge,184.7890517548264,215.69251669003506,400.48156844486147,0.4614171195753002,439788.0,42.01775668158895,15995.0,16.067196149672657,post_leap,3,3,0.0,0.9264705882352942,30.79693048359136,54.59987455244528,141.8468423971123,99.61998563581886,12.14527887412274,32.02548235141345,0.0,17.668304490214474,0.0,2.944717415035746,0.0,8.834152245107237,0.0,0.0
2025-08-14,2,weaker_main_bridge,183.1842882007424,223.1867150741906,406.371003274933,0.45078090396328757,410441.0,44.631089048302286,14673.5,20.919240590262657,post_leap,3,3,0.0,0.9130434782608694,28.370194732573463,54.08189288842742,143.47768514244643,100.93386030552048,11.336408325722486,32.8343528998137,0.0,23.557739320285968,0.0,0.0,0.0,11.778869660142984,0.0,0.0
2025-08-21,2,weaker_main_bridge,196.38477723577662,223.7153860441077,420.1001632798843,0.4674713185125299,388357.0,50.568105437980165,11042.0,24.757176269482176,post_leap,3,3,0.0,0.9035090708062442,24.37734471507231,52.79455995482999,146.95759516821968,96.95345046201109,25.049837352484623,33.431520517942054,0.0,27.54539315799444,0.0,5.441492955628173,0.0,7.548968995701999,0.0,0.0
2025-08-28,2,weaker_main_bridge,192.5366784127851,231.50262935236233,424.03930776514744,0.4540538456859778,356370.0,54.02718478345122,15993.5,31.10347834271345,post_leap,3,3,0.0,0.8888888888888888,21.77788917356437,51.84004620232928,143.43058298064432,98.03624505228686,27.328206258576426,34.510859457174234,0.0,32.39189156539321,0.0,0.0,0.0,14.723587075178731,0.0,0.0
2025-09-04,2,weaker_main_bridge,188.17320036450917,232.92138998560245,421.0945903501116,0.44686681965697045,332895.0,56.52629218357415,11737.5,36.021113602165954,post_leap,3,3,0.0,0.8881118881118882,19.526643398596548,51.14657456226135,137.24407239862256,98.33332080423713,31.402484567290077,36.326015978532084,0.0,32.39189156539321,0.0,2.944717415035746,0.0,11.778869660142984,0.0,0.0
2025-09-11,2,weaker_main_bridge,177.87596782035448,240.2739051147215,418.14987293507596,0.42538807096079734,309117.0,57.54324990872533,11889.0,41.217336736319226,post_leap,3,3,0.0,0.880281690140845,17.31503377114113,50.41346677468103,130.2815308533484,102.35114493447554,30.279403195864933,37.44909734995723,0.0,32.39189156539321,0.0,5.889434830071492,0.0,11.778869660142984,0.0,0.0
2025-09-18,2,weaker_main_bridge,171.0415480226717,250.05304232743993,421.0945903501116,0.4061831995525334,288952.0,59.19375814068485,10082.5,45.65268859027542,post_leap,3,3,0.0,0.8671328671328673,14.911779275713785,49.872003855072634,122.16806239064854,104.5751785671039,33.96170635630934,39.65622901958431,0.0,38.281326395464696,0.0,5.889434830071492,0.0,11.778869660142984,0.0,0.0
2025-09-25,2,weaker_main_bridge,138.86299413363923,255.72913948115075,394.59213361479,0.35191526212532287,240758.0,57.677416382275666,24097.0,56.83556106665271,post_leap,3,3,0.0,0.8656716417910447,9.466448383557863,49.42789991715706,101.05818444993764,110.96146943263608,28.338361300143745,42.33485666071415,0.0,35.33660898042895,0.0,5.889434830071492,0.0,11.778869660142984,0.0,0.0
2025-10-02,2,weaker_main_bridge,123.44491292820827,265.25778585651017,388.70269878471845,0.3175818261981705,216580.0,56.9973741472935,12089.0,62.12948155448209,post_leap,3,3,0.0,0.856060606060606,7.239274606197848,48.71035627948133,89.8801369694111,116.25008208309112,26.325501352599318,44.34771660825858,0.0,35.33660898042895,0.0,5.889434830071492,0.0,14.723587075178731,0.0,0.0
2025-10-09,2,weaker_main_bridge,114.40667334648724,271.3513080231955,385.75798136968274,0.2965762962059056,198964.0,57.50119285221811,8808.0,65.83509711862456,post_leap,3,3,0.0,0.8549618320610687,7.7041256561191,48.24550522956008,79.45251355236593,120.7882706700648,27.25003413800222,46.36790123789143,0.0,38.281326395464696,0.0,5.889434830071492,0.0,11.778869660142984,0.0,0.0
2025-10-16,2,weaker_main_bridge,95.85210800250532,281.0717211220702,376.9238291245755,0.2543010035346575,185308.0,51.72583374841093,6828.0,68.646866791391,post_leap,3,3,0.0,0.8437500000000001,5.8323530410516256,47.172560429591805,64.58303311760734,126.82359885971614,25.436721843846342,48.18121353204731,0.0,38.281326395464696,0.0,5.889434830071492,0.0,14.723587075178731,0.0,0.0
2025-10-23,2,weaker_main_bridge,60.507915368914475,260.4662828699818,320.9741982388963,0.18851333129237802,169443.0,35.70989381025742,7932.5,71.58615386710821,post_leap,3,3,0.0,0.7706422018348624,0.9238968467784695,43.24686437875772,41.71538681788582,96.68633168879424,17.868631704250184,46.915151426536234,0.0,47.115478640571936,0.0,8.834152245107237,0.0,17.668304490214474,0.0,0.0
2025-10-30,2,weaker_main_bridge,42.12377977599477,258.2373965576513,300.3611763336461,0.14024375683361617,150125.0,28.0591372362996,9659.0,73.98759801227888,post_leap,3,3,0.0,0.7549019607843137,1.1955293845719903e-15,41.22604381050044,26.20456000583783,94.52885401062775,15.91921977015694,48.864563360629475,0.0,47.115478640571936,0.0,8.834152245107237,0.0,17.668304490214474,0.0,0.0
2025-11-06,2,weaker_main_bridge,34.06466577593527,263.3517931426751,297.4164589186104,0.11453524092039993,134699.0,25.289471915853323,7713.0,75.34902102624612,post_leap,3,3,0.0,0.7425742574257423,0.48043630684328825,40.745607503657155,18.803454597822615,96.04052458857149,14.780774871269365,50.00300825951705,0.0,50.06019605560768,0.0,8.834152245107237,0.0,17.668304490214474,0.0,0.0
2025-11-13,2,weaker_main_bridge,28.104707719730342,272.25646861391573,300.3611763336461,0.09356970851822466,118308.0,23.755542921637034,8195.5,76.63035485780588,post_leap,3,3,0.0,0.7352941176470589,2.849567250184241e-15,38.281326395464696,14.695550873489212,103.09314572794064,13.409156846241126,51.37462628454529,0.0,47.115478640571936,0.0,11.778869660142984,0.0,20.61302190525022,0.0,0.0
2025-12-18,3,weaker_main_bridge,14.72358707517876,282.6928718434316,297.4164589186104,0.0495049504950496,,,0.0,0.0,pre_leap,3,3,0.04950495049504959,0.2475247524752476,14.723587075178724,35.33660898042896,3.4852067287002887e-14,103.06510952625108,0.0,58.894348300714924,0.0,53.00491347064343,0.0,11.778869660142984,0.0,20.61302190525022,0.0,0.0
2025-12-25,3,weaker_main_bridge,29.44717415035749,288.58230667350307,318.0294808238606,0.09259259259259268,289845.0,10.159628128950814,0.0,0.0,pre_leap,3,3,0.09259259259259268,0.28703703703703715,18.068268394211536,34.936645076431894,11.378905756145953,103.46507343024814,0.0,61.839065715750664,0.0,53.00491347064343,0.0,11.778869660142984,0.0,23.557739320285968,0.0,0.0
2026-01-01,3,weaker_main_bridge,32.39189156539324,291.52702408853884,323.91891565393206,0.1000000000000001,283614.0,11.421118691388028,0.0,0.0,pre_leap,3,3,0.1000000000000001,0.3000000000000001,18.051472914918307,34.95344055572512,14.340418650474932,103.44827795095492,0.0,64.78378313078642,0.0,53.00491347064343,0.0,11.778869660142984,0.0,23.557739320285968,0.0,0.0
2026-01-08,3,weaker_main_bridge,32.39189156539324,294.4717415035746,326.86363306896783,0.09909909909909918,257052.0,12.601299178918365,0.0,0.0,pre_leap,3,3,0.09909909909909913,0.29729729729729737,12.548585466427037,34.5668931741449,19.84330609896618,103.83482533253515,2.0993252758770887e-14,64.7837831307864,0.0,55.94963088567918,0.0,11.778869660142984,0.0,23.557739320285968,0.0,0.0
2026-01-15,3,weaker_main_bridge,30.686060547097277,310.9011595970493,341.58722014414656,0.08983374885672846,234425.0,13.08992664907637,11313.5,1.1405183860855435,post_leap,3,3,0.0,0.6982758620689654,9.332566434779919,34.83819479075627,21.35349411231735,105.26935473421973,7.787646883697891e-15,67.72850054582214,0.0,58.894348300714924,0.0,14.723587075178731,0.0,29.447174150357462,0.0,0.0
2026-01-22,3,weaker_main_bridge,28.1649375950228,322.256434794231,350.4213723892538,0.08037448573124337,217437.0,12.953148541886982,8494.0,2.024302489813153,post_leap,3,3,0.0,0.6806722689075629,9.086914884226392,35.083846341309794,19.0780227107964,104.60010872070492,6.7096203816548096e-15,70.6732179608579,0.0,58.894348300714924,0.0,17.668304490214474,0.0,35.33660898042895,0.0,0.0
2026-01-29,3,weaker_main_bridge,23.702864507392444,329.66322529689705,353.3660898042895,0.06707736025412112,193637.0,12.240875714554782,11900.0,3.2473207185517285,post_leap,3,3,0.0,0.6666666666666666,6.0244654719666055,35.201578338533835,17.678399035425837,105.99973239607549,0.0,70.6732179608579,0.0,61.839065715750664,0.0,17.668304490214474,0.0,38.281326395464696,0.0,0.0
2026-02-05,3,weaker_main_bridge,20.332536451165478,335.9782707681598,356.3108072193253,0.0570640464426045,179372.0,11.335401540466448,7132.5,3.929548483231465,post_leap,3,3,0.0,0.6611570247933883,3.2198527722767616,35.061473623187936,17.112683678888715,106.56544775261261,0.0,73.61793537589365,0.0,64.78378313078642,0.0,17.668304490214474,0.0,38.281326395464696,0.0,0.0
2026-02-12,3,weaker_main_bridge,19.17339569442302,345.97156377000954,365.14495946443253,0.05250899731039731,168935.0,11.34956977205613,5218.5,4.383131084326701,post_leap,3,3,0.0,0.6451612903225805,3.211243175876587,35.070083219588106,15.962152518546436,107.7159789129549,0.0,73.61793537589365,0.0,64.78378313078642,0.0,20.61302190525022,0.0,44.17076122553619,0.0,0.0
2026-02-19,3,weaker_main_bridge,16.84111033944524,354.19328395505875,371.034394294504,0.04538962047296838,154821.0,10.877794575312935,7057.0,5.001966739956269,post_leap,3,3,0.0,0.6349206349206349,3.095808561964739,35.18551783349996,13.745301777480496,106.9881122389851,4.236916388168674e-15,76.56265279092939,0.0,67.72850054582216,0.0,20.61302190525022,0.0,47.115478640571936,0.0,0.0
2026-02-26,3,weaker_main_bridge,14.326546940371005,359.6525647691687,373.9791117095397,0.038308414806595074,148798.0,9.628185150587377,3011.5,5.239024733164927,post_leap,3,3,0.0,0.6299212598425197,0.6463803669000835,34.690228613528866,13.68016657347092,109.9979648580304,0.0,76.56265279092939,0.0,67.72850054582216,0.0,23.557739320285968,0.0,47.115478640571936,0.0,0.0
2026-03-05,3,weaker_main_bridge,12.74361745987613,361.2354942496636,373.9791117095397,0.03407574664163003,139917.0,9.10798363306541,4440.5,5.554861258788568,post_leap,3,3,0.0,0.6220472440944882,0.5741059001270019,34.76250308030195,12.169511559749125,105.61918504168072,3.3338574074573547e-15,79.50737020596515,0.0,70.6732179608579,0.0,23.557739320285968,0.0,47.115478640571936,0.0,0.0
2026-03-12,3,weaker_main_bridge,15.74309315676001,367.070170797887,382.81326395464697,0.04112473270681953,132277.0,11.90161037577206,3820.0,5.8054269323211045,post_leap,3,3,0.0,0.6230769230769231,1.031898608542553,34.304710371886394,14.409458732390828,109.2686726991105,0.3017358158266277,79.20563439013851,0.0,73.61793537589365,0.0,23.557739320285968,0.0,47.115478640571936,0.0,0.0
2026-03-19,3,weaker_main_bridge,26.588440142215735,394.50615020789587,421.0945903501116,0.06314125318045347,138000.0,19.266985610301255,0.0,5.776399797659498,post_leap,3,3,0.0,0.6153846153846154,3.7618661836080793,34.51946021185662,16.767719446243294,112.79984681532954,6.058854512364363,85.22738535374377,0.0,79.50737020596515,0.0,26.502456735321715,0.0,55.94963088567918,0.0,0.0
2026-03-26,3,weaker_main_bridge,32.5518076188817,388.5427827312299,421.0945903501116,0.07730283970596032,154628.0,21.051690262359795,0.0,5.7475177986712005,post_leap,3,3,0.0,0.6153846153846154,6.769053525225033,34.45699028527541,18.133599557390966,108.48924928914612,7.649154536265702,83.63708532984244,0.0,79.50737020596515,0.0,26.502456735321715,0.0,55.94963088567918,0.0,0.0
2026-04-02,3,weaker_main_bridge,29.37507300318306,394.6642347619644,424.03930776514744,0.0692744103323844,130670.0,22.480349738412077,11979.0,7.73620579090031,post_leap,3,3,0.0,0.611111111111111,4.197494442564223,34.083831952900475,16.3784117275588,110.24443711897828,8.79916683306004,85.43179044808383,0.0,79.50737020596515,0.0,26.502456735321715,0.0,58.894348300714924,0.0,0.0
2026-04-09,3,weaker_main_bridge,31.745188021165756,401.12827198908894,432.8734600102547,0.07333595369975725,119643.0,26.533259798873107,5513.5,8.689088028207687,post_leap,3,3,0.0,0.6054421768707482,3.931433892192726,34.34989250327197,15.82363319721416,110.79921564932292,11.99012093175887,85.18555376442075,0.0,82.45208762100089,0.0,26.502456735321715,0.0,61.839065715750664,0.0,0.0
2026-06-18,4,weaker_main_bridge,97.1756746961796,512.3808302162198,609.5565049123994,0.15942028985507242,,,0.0,0.0,pre_leap,4,3,0.13526570048309178,0.5024154589371981,35.33660916890196,35.33660879195594,47.11547845209893,126.62284903501009,5.889434830071494,103.0651095262511,8.834152245107218,106.00982694128687,0.0,38.281326395464696,0.0,91.28623986610813,0.0,11.778869660142984
2026-06-25,4,weaker_main_bridge,168.44605858610066,511.7836642871566,680.2297228732573,0.24763113536790585,472376.0,35.65931770159802,0.0,0.0,pre_leap,4,3,0.18181818181818193,0.5541125541125542,23.54499187913156,35.349356421583366,100.13313955236983,126.61010140538262,35.9701429268892,102.43157557979086,8.79778422771006,106.04619495868403,0.0,38.281326395464696,0.0,94.23095728114387,0.0,8.834152245107237
2026-07-02,4,weaker_main_bridge,205.46631056420725,518.9341735345863,724.4004840987935,0.28363635181694025,450911.0,45.56693240222732,0.0,0.0,pre_leap,4,3,0.18292682926829268,0.573170731707317,17.679924388610406,35.32498908203303,114.83235928799817,126.634468744933,60.94499893910034,103.95917630290143,12.009027948498355,105.77966865293149,0.0,41.22604381050044,0.0,97.17567469617961,0.0,8.834152245107237
2026-07-09,4,weaker_main_bridge,234.8698414146186,518.9778168345324,753.847658249151,0.3115614127662287,431527.0,54.42761204156834,0.0,0.0,pre_leap,4,3,0.17968750000000008,0.5898437500000001,11.771091899410921,35.34438674116102,123.68590919223345,126.61507108580497,79.30770613689432,103.26477359532194,20.105134186079894,106.51771466045719,0.0,41.22604381050044,0.0,97.17567469617961,0.0,8.834152245107237
2026-07-16,4,weaker_main_bridge,259.62321887782866,523.6716135216798,783.2948323995084,0.3314501872590058,412846.0,62.8862139581899,0.0,0.0,pre_leap,4,3,0.1766917293233083,0.5977443609022557,8.806715385031175,35.364045840505014,129.59500312164892,126.59541198646099,94.25160045816335,103.04446634923164,26.969899912985284,105.54238376362329,0.0,44.17076122553619,0.0,100.12039211121537,0.0,8.834152245107237
2026-07-23,4,weaker_main_bridge,280.49317245694573,535.1935515079558,815.6867239649015,0.34387365175385054,399123.0,70.2773762616902,6861.5,3.4519500565929615,post_leap,4,3,0.0,0.8014440433212998,5.674193765706248,35.55185004479419,128.8698685124121,127.3205465956978,108.74294364237478,103.27671024019894,37.20616653645263,107.08498680029894,0.0,44.17076122553619,0.0,106.00982694128686,0.0,11.778869660142984
2026-07-30,4,weaker_main_bridge,294.2639075007667,547.9252731994566,842.1891807002232,0.34940357136398525,380114.0,77.41464600113827,9504.5,8.778300887743873,post_leap,4,3,0.0,0.8006993006993008,2.644194572552788,35.63713182291191,126.00981315666135,130.18060195144855,122.05376097109986,107.63419740168833,43.55613880045274,106.6244493663703,0.0,47.115478640571936,0.0,108.9545443563226,0.0,11.778869660142984
2026-08-06,4,weaker_main_bridge,309.8270571649719,558.8645802705732,868.6916374355452,0.3566594218399625,367949.0,84.2038046481909,6082.5,12.50140605772054,post_leap,4,3,0.0,0.7966101694915253,1.3735223829299515e-14,35.336608980428935,124.48506402447093,131.70535108363896,128.9541745085732,106.62321869428649,56.38781863192774,108.51635661007403,0.0,50.06019605560768,0.0,114.8439791863941,0.0,11.778869660142984
2026-08-13,4,weaker_main_bridge,323.02631109951346,572.1677830713534,895.1940941708668,0.36084499797633496,354963.0,91.00281187039592,6493.0,16.81278145607757,post_leap,4,3,0.0,0.7927631578947367,1.7936183246989197e-14,35.33660898042893,118.00113352479005,135.2445641682841,130.91707592535096,110.54975210758022,74.10810164937244,105.51966066780805,0.0,53.00491347064343,0.0,117.78869660142985,0.0,14.723587075178731
2026-08-20,4,weaker_main_bridge,343.6911434658836,600.8031793062737,944.4943227721574,0.36388905171724684,343054.0,100.18572687270331,5954.5,21.06372749505536,post_leap,4,3,0.0,0.7756060367575094,2.912440181411802e-13,30.868761867960632,103.61155291021159,135.4212718074146,124.39046303921451,111.28940917860503,115.6891275164573,111.28491210541686,0.0,58.38721941389031,0.0,127.04914819766462,0.0,26.502456735321715
2024-12-19,1,opportunity_half,35.33660898042894,182.57247973221624,217.90908871264517,0.16216216216216214,173213.0,20.40066795242213,0.0,0.0,pre_leap,3,3,0.16216216216216214,0.2027027027027027,30.018413111466074,70.10197899974929,5.318195868962867,97.74691365728825,0.0,8.834152245107237,0.0,0.0,0.0,0.0,0.0,5.889434830071492,0.0,0.0
2024-12-26,1,opportunity_half,53.00491347064342,182.57247973221627,235.5773932028597,0.22499999999999995,340543.0,15.564822495439174,0.0,0.0,pre_leap,3,3,0.22499999999999995,0.26249999999999996,42.565153005773794,69.33410876558456,10.439760464869629,98.51478389145296,0.0,8.834152245107237,0.0,0.0,0.0,0.0,0.0,5.889434830071492,0.0,0.0
2025-01-02,1,opportunity_half,63.2023655925861,181.20917985538082,244.41154544796692,0.2585899347624776,351168.0,17.997757652344774,0.0,0.0,pre_leap,3,3,0.25301204819277123,0.3012048192771086,43.189273565741956,68.7099882056164,18.649792150008754,99.1389044514211,1.3632998768353872,10.415569783307596,0.0,2.944717415035746,0.0,0.0,0.0,0.0,0.0,0.0
2025-01-09,1,opportunity_half,62.5362420228858,181.8753034250811,244.41154544796692,0.255864516990255,330152.0,18.941651730986273,0.0,0.0,pre_leap,3,3,0.25301204819277107,0.30120481927710846,40.74804561911578,68.20649873720683,21.09102009663488,99.64239391983071,0.6971763071351442,11.08169335300784,0.0,2.944717415035746,0.0,0.0,0.0,0.0,0.0,0.0
2025-01-16,1,opportunity_half,68.87525175860466,181.4257285194338,250.30098027803845,0.2751697243937954,307111.0,22.426826703896854,11520.5,1.7457383901346188,post_leap,3,3,0.0,0.976470588235294,39.336938179083596,66.67288876220326,29.477815025921167,97.14503382061591,0.06049855359990212,11.718371106543081,0.0,5.889434830071492,0.0,0.0,0.0,0.0,0.0,0.0
2025-01-23,1,opportunity_half,65.22484230728855,182.1314205557141,247.35626286300266,0.2636878547256072,277133.0,23.535574005004296,14989.0,4.426255341901625,post_leap,3,3,0.0,0.9761904761904764,33.3562297334714,66.76416237774396,31.868612573817146,97.69895368775569,0.0,11.778869660142984,0.0,5.889434830071492,0.0,0.0,0.0,0.0,0.0,0.0
2025-01-30,1,opportunity_half,68.98554938199892,184.26014831107523,253.24569769307413,0.27240561245627654,257133.0,26.828742083668345,10000.0,6.286969985592461,post_leap,3,3,0.0,0.9767441860465116,33.085931962968516,67.03446014824685,33.91808802596128,98.5941956506473,1.9815293930691207,12.74205768210961,0.0,5.889434830071492,0.0,0.0,0.0,0.0,0.0,0.0
2025-02-06,1,opportunity_half,67.91045355980783,185.33524413326631,253.24569769307413,0.2681603445919669,237813.0,28.556241063275696,9660.0,8.328860323890389,post_leap,3,3,0.0,0.9767441860465116,30.456674950355335,66.71899974582428,36.088707701128875,99.36829339051545,1.365070908323632,13.358516166855098,0.0,5.889434830071492,0.0,0.0,0.0,0.0,0.0,0.0
2025-02-13,1,opportunity_half,68.49306271734343,184.7526349757307,253.24569769307413,0.2704609134183787,216696.0,31.60790356875228,10558.5,10.69930459240371,post_leap,3,3,0.0,0.9767441860465116,30.518638734491926,66.65703596168768,37.97442398285151,100.42729452382855,0.0,11.778869660142984,0.0,5.889434830071492,0.0,0.0,0.0,0.0,0.0,0.0
2025-02-20,1,opportunity_half,71.87236151837877,190.20748841980262,262.0798499381814,0.27423841068030147,200373.0,35.86928454351573,8161.5,12.709551309252664,post_leap,3,3,0.0,0.9775280898876404,32.96666048815645,67.15373162305892,38.491110931845846,102.85532498986996,0.41459009837647937,14.308996976802252,0.0,5.889434830071492,0.0,0.0,0.0,0.0,0.0,0.0
2025-02-27,1,opportunity_half,67.62769198547447,185.61800570759965,253.24569769307413,0.26704379423431357,222293.0,30.42277174066411,0.0,12.6460035527064,post_leap,3,3,0.0,0.9767441860465116,32.090865656302995,65.08480903987662,35.536826329170616,99.92017476247369,8.499337185948154e-13,14.723587075177882,0.0,5.889434830071492,0.0,0.0,0.0,0.0,0.0,0.0
2025-03-06,1,opportunity_half,60.40002574139886,186.9562371216038,247.35626286300266,0.24418231841920732,202226.0,29.867586631490937,10033.5,15.024748577022493,post_leap,3,3,0.0,0.9761904761904762,26.26113019183385,65.02510967427429,34.13889554956502,101.3181055420793,0.0,14.723587075178731,0.0,5.889434830071492,0.0,0.0,0.0,0.0,0.0,0.0
2025-03-13,1,opportunity_half,58.827110611085054,188.5291522519176,247.35626286300266,0.2378234127981883,179680.0,32.739932441610115,11273.0,17.643203266911765,post_leap,3,3,0.0,0.9761904761904762,23.29857504987696,65.04294740119542,35.528535561208095,102.87318294547197,0.0,14.723587075178731,0.0,5.889434830071492,0.0,0.0,0.0,0.0,0.0,0.0
2025-03-20,1,opportunity_half,59.237283754402945,191.0636965236355,250.30098027803845,0.2366642099787272,163262.0,36.2835710418854,8209.0,19.705084093882625,post_leap,3,3,0.0,0.976470588235294,22.617837737926504,65.72368471314587,36.619446016476445,104.72698990523935,0.0,14.723587075178731,0.0,5.889434830071492,0.0,0.0,0.0,0.0,0.0,0.0
2025-03-27,1,opportunity_half,54.88608931597291,195.41489096206556,250.30098027803845,0.21928036100779366,140011.0,39.201269411669735,11625.5,22.98107591459272,post_leap,3,3,0.0,0.976470588235294,18.995117045051703,66.40168799098494,35.8909722709212,108.40018106583037,0.0,14.723587075178731,0.0,5.889434830071492,0.0,0.0,0.0,0.0,0.0,0.0
2025-04-03,1,opportunity_half,50.27638471329481,197.07987814970784,247.35626286300266,0.20325494948611914,126230.0,39.829188555252166,6890.5,25.027101310068637,post_leap,3,3,0.0,0.9761904761904762,15.921752875135809,66.53033474586508,34.354631838158994,109.93652149859257,0.0,14.723587075178731,0.0,5.889434830071492,0.0,0.0,0.0,0.0,0.0,0.0
2025-04-10,1,opportunity_half,39.69952177900574,207.6567410839969,247.35626286300266,0.16049531683373294,110998.0,35.765979368101895,7616.0,27.3286786038127,post_leap,3,3,0.0,0.9761904761904762,11.207368492515437,68.3000017134497,28.492153286488787,115.79900005026278,1.5198699315412252e-12,17.668304490212954,0.0,5.889434830071492,0.0,0.0,0.0,0.0,0.0,0.0
2025-04-17,1,opportunity_half,15.127132038227806,202.78195667441736,217.90908871264517,0.06941946353681386,100353.0,15.073921096756257,5322.5,28.71495061228741,post_leap,3,3,0.0,0.9324324324324325,0.2127887330350882,61.626276982715574,12.063182093429186,108.6702319230364,2.851161211763533,17.76186069348669,0.0,14.723587075178731,0.0,0.0,0.0,0.0,0.0,0.0
2025-04-24,1,opportunity_half,4.875819386289932,189.4755300060693,194.35134939235923,0.025087653888353302,75810.0,6.431630901318998,12271.5,30.05121284113673,post_leap,3,3,0.0,0.9242424242424243,0.0,55.94963088567918,0.0,100.12039211121537,4.875819386289932,18.681919933996035,0.0,14.723587075178731,0.0,0.0,0.0,0.0,0.0,0.0
2025-05-01,1,opportunity_half,4.121768490082676,193.17429831731232,197.296066807395,0.02089128565399351,65100.0,6.331441613030224,5355.0,30.176487844743548,post_leap,3,3,0.0,0.9253731343283582,0.0,55.94963088567918,0.0,103.0651095262511,4.121768490082676,19.435970830203292,0.0,14.723587075178731,0.0,0.0,0.0,0.0,0.0,0.0
2025-05-08,1,opportunity_half,3.978076940229019,187.42855503709447,191.40663197732349,0.020783380905528465,55532.0,7.163575848572028,4784.0,30.26792233893373,post_leap,3,3,0.0,0.9230769230769231,0.0,53.00491347064343,0.0,100.12039211121537,3.978076940229019,19.57966238005695,0.0,14.723587075178731,0.0,0.0,0.0,0.0,0.0,0.0
2025-05-15,1,opportunity_half,8.295557228282794,183.11107474904068,191.40663197732349,0.04333996759979348,45589.0,18.19640094821732,4971.5,30.40149246588847,post_leap,3,3,0.0,0.9230769230769231,0.0,50.06019605560768,0.0,100.12039211121537,8.295557228282794,18.20689950703892,0.0,14.723587075178731,0.0,0.0,0.0,0.0,0.0,0.0
2025-06-19,2,opportunity_half,55.94963088567919,217.9090887126452,273.8587195983244,0.20430107526881724,,,0.0,0.0,pre_leap,3,3,0.20430107526881724,0.30107526881720437,51.03434035879039,60.864921412567966,4.91529052688881,112.87340607454104,0.0,26.502456735321715,0.0,17.668304490214474,0.0,0.0,0.0,0.0,0.0,0.0
2025-06-26,2,opportunity_half,103.06510952625109,223.79852354271674,326.86363306896783,0.31531531531531526,650456.0,15.845054780992273,0.0,0.0,pre_leap,3,3,0.31531531531531526,0.39639639639639634,63.78866813064885,59.889463300852476,39.276441395602255,113.84886418625652,1.946071526962634e-17,26.502456735321715,0.0,20.61302190525022,0.0,0.0,0.0,2.944717415035746,0.0,0.0
2025-07-03,2,opportunity_half,121.8212554118742,219.76596473227235,341.58722014414656,0.35663294241648386,619598.0,19.661337740256457,0.0,0.0,pre_leap,3,3,0.3534482758620689,0.4396551724137931,58.89508114501679,58.89361545641306,61.8383328714488,114.84471203069596,1.087841395408637,28.359332754948824,0.0,17.668304490214474,0.0,0.0,0.0,0.0,0.0,0.0
2025-07-10,2,opportunity_half,135.9310871078909,226.26915494150586,362.20024204939676,0.3752926456889354,563148.0,24.137719943583374,0.0,0.0,pre_leap,3,3,0.37398373983739835,0.45528455284552843,53.86596057393044,58.03330119742792,81.59104051771389,115.7050262896811,0.47408601624659874,28.973088134110863,0.0,20.61302190525022,0.0,0.0,0.0,2.944717415035746,0.0,0.0
2025-07-17,2,opportunity_half,172.96811254207574,212.789868827607,385.75798136968274,0.4483850520161125,531711.0,32.53047473948738,15718.5,3.035270007465723,post_leap,3,3,0.0,0.9312977099236641,50.0604921745746,55.94933476671226,120.18376818435866,100.67003794332228,2.7238521831424856,29.668039382250722,0.0,20.61302190525022,0.0,0.0,0.0,5.889434830071492,0.0,0.0
2025-07-24,2,opportunity_half,180.6692026740572,210.97821352569702,391.6474161997542,0.4613057438936593,503401.0,35.889718668428785,14155.0,6.7038446169279435,post_leap,3,3,0.0,0.9323308270676691,41.67597365415828,55.499701042021336,131.07806147088576,98.60989690190243,7.915167549013183,30.366158846451512,0.0,17.668304490214474,0.0,2.944717415035746,0.0,5.889434830071492,0.0,0.0
2025-07-31,2,opportunity_half,182.7791880565897,214.757662973236,397.5368510298257,0.45977923199597026,471778.0,38.74262641678707,15811.5,11.2100876876502,post_leap,3,3,0.0,0.925925925925926,36.20275966548785,55.083480200620286,139.37782133967295,99.14428927822249,7.1986070514289295,31.082719344035766,0.0,20.61302190525022,0.0,0.0,0.0,8.834152245107237,0.0,0.0
2025-08-07,2,opportunity_half,185.0223379412452,215.45923050361625,400.48156844486147,0.4619996337402459,439788.0,42.07080182752718,15995.0,16.111543725504024,post_leap,3,3,0.0,0.9264705882352942,30.839247840575503,54.557557195461136,141.9624646364947,99.50436339643647,12.220625464175026,31.950135761361164,0.0,17.668304490214474,0.0,2.944717415035746,0.0,8.834152245107237,0.0,0.0
2025-08-14,2,opportunity_half,183.96568911241866,222.40531416251434,406.371003274933,0.4527037796246388,410441.0,44.821469861056435,14673.5,20.96959329180626,post_leap,3,3,0.0,0.9130434782608694,28.525755201963616,53.926332419037266,144.11576273063648,100.29578271733044,11.324171179818581,32.846590045717605,0.0,23.557739320285968,0.0,0.0,0.0,11.778869660142984,0.0,0.0
2025-08-21,2,opportunity_half,192.96883206864405,227.13133121124028,420.1001632798843,0.4593400549099096,388357.0,49.68851651152008,11042.0,24.824094686993515,post_leap,3,3,0.0,0.9035090708062442,24.14056754289938,53.03133712700293,144.0368226201114,99.87422301011938,24.7914419056333,33.68991596479338,0.0,27.54539315799444,0.0,5.441492955628173,0.0,7.548968995701999,0.0,0.0
2025-08-28,2,opportunity_half,188.64971436694117,235.38959339820627,424.03930776514744,0.4448873274536711,356370.0,52.93647455367769,15993.5,31.057520524174514,post_leap,3,3,0.0,0.8888888888888888,21.38959247986562,52.22834289602803,140.41187779697142,101.05495023595975,26.848244090104124,34.99082162564654,0.0,32.39189156539321,0.0,0.0,0.0,14.723587075178731,0.0,0.0
2025-09-04,2,opportunity_half,184.70234722585752,236.3922431242541,421.0945903501116,0.43862436483045303,332895.0,55.48366518747879,11737.5,35.87296788214397,post_leap,3,3,0.0,0.8881118881118882,19.287740534369075,51.38547742648882,134.14142647624192,101.43596672661778,31.27318021524652,36.45532033057564,0.0,32.39189156539321,0.0,2.944717415035746,0.0,11.778869660142984,0.0,0.0
2025-09-11,2,opportunity_half,176.2178475235771,241.93202541149887,418.14987293507596,0.4214226977678349,309117.0,57.00684450340068,11889.0,40.97076540604474,post_leap,3,3,0.0,0.880281690140845,17.20672825486523,50.52177229095693,129.14326525458648,103.48941053323745,29.867854014125395,37.86064653169676,0.0,32.39189156539321,0.0,5.889434830071492,0.0,11.778869660142984,0.0,0.0
2025-09-18,2,opportunity_half,171.4084713699331,249.68611898017852,421.0945903501116,0.4070545556698284,288952.0,59.32074232742223,10082.5,45.36408365665883,post_leap,3,3,0.0,0.8671328671328673,15.100456658591543,49.68332647219488,122.1824022459006,104.56083871185184,34.12561246544095,39.4923229104527,0.0,38.281326395464696,0.0,5.889434830071492,0.0,11.778869660142984,0.0,0.0
2025-09-25,2,opportunity_half,140.06009610444372,254.53203751034627,394.59213361479,0.35494903261597616,240758.0,58.174638476995035,24097.0,56.57287866128669,post_leap,3,3,0.0,0.8656716417910447,9.660982272018549,49.23336602869637,102.06690929255862,109.9527445900151,28.332204539866545,42.34101342099135,0.0,35.33660898042895,0.0,5.889434830071492,0.0,11.778869660142984,0.0,0.0
2025-10-02,2,opportunity_half,127.45977454629063,261.2429242384278,388.70269878471845,0.3279107012757937,216580.0,58.85112870361558,12089.0,61.91619990436739,post_leap,3,3,0.0,0.856060606060606,7.627143589023255,48.32248729665592,93.3844014971582,112.74581755534402,26.448229460109186,44.22498850074871,0.0,35.33660898042895,0.0,5.889434830071492,0.0,14.723587075178731,0.0,0.0
2025-10-09,2,opportunity_half,122.27159668087495,263.4863846888078,385.75798136968274,0.31696452850238926,198964.0,61.454130737658545,8808.0,65.75350483781712,post_leap,3,3,0.0,0.8549618320610687,8.557418545605122,47.39221234007405,85.98731788815837,114.25346633427236,27.72686024711145,45.891075128782205,0.0,38.281326395464696,0.0,5.889434830071492,0.0,11.778869660142984,0.0,0.0
2025-10-16,2,opportunity_half,104.10406878042305,272.8197603441524,376.9238291245755,0.27619391701026164,185308.0,56.17893926890531,6828.0,68.78160775104189,post_leap,3,3,0.0,0.8437500000000001,6.687226975298138,46.31768649534529,71.27039341881385,120.13623855850963,26.146448386311032,47.471486989582615,0.0,38.281326395464696,0.0,5.889434830071492,0.0,14.723587075178731,0.0,0.0
2025-10-23,2,opportunity_half,53.97706980636359,266.9971284325327,320.9741982388963,0.16816638253953753,169443.0,31.85559144158424,7932.5,72.0028151982914,post_leap,3,3,0.0,0.7706422018348624,0.3553312805608238,43.815429944975364,36.633986714813986,101.76773179186607,16.987751810988776,47.79603131979764,0.0,47.115478640571936,0.0,8.834152245107237,0.0,17.668304490214474,0.0,0.0
2025-10-30,2,opportunity_half,34.17647094329508,266.184705390351,300.3611763336461,0.11378458215029529,150125.0,22.765342843160752,9659.0,74.10434638417406,post_leap,3,3,0.0,0.7549019607843137,0.0,41.22604381050044,18.711425786580122,102.02198822988547,15.465045156714957,49.31873797407146,0.0,47.115478640571936,0.0,8.834152245107237,0.0,17.668304490214474,0.0,0.0
2025-11-06,2,opportunity_half,28.10195221590581,269.31450670270453,297.4164589186104,0.09448687647644968,134699.0,20.862777166798427,7713.0,75.13853736704759,post_leap,3,3,0.0,0.7425742574257423,0.30264324936111703,40.923400561139324,13.51055357402082,101.33342561237328,14.288755392523875,50.49502773826254,0.0,50.06019605560768,0.0,8.834152245107237,0.0,17.668304490214474,0.0,0.0
2025-11-13,2,opportunity_half,25.593684720039345,274.76749161360675,300.3611763336461,0.08520969664737717,118308.0,21.63309727156181,8195.5,76.1306918023763,post_leap,3,3,0.0,0.7352941176470589,3.484966977827477e-14,38.28132639546466,12.648240605355966,105.14045599607388,12.945444114683347,51.83833901610307,0.0,47.115478640571936,0.0,11.778869660142984,0.0,20.61302190525022,0.0,0.0
2025-12-18,3,opportunity_half,14.72358707517889,282.6928718434315,297.4164589186104,0.04950495049505004,,,0.0,0.0,pre_leap,3,3,0.04950495049504959,0.2475247524752476,14.723587075178587,35.3366089804291,1.7000641315133874e-13,103.06510952625094,1.3247482670199782e-13,58.89434830071479,0.0,53.00491347064343,0.0,11.778869660142984,0.0,20.61302190525022,0.0,0.0
2025-12-25,3,opportunity_half,29.447174150357636,288.58230667350296,318.0294808238606,0.09259259259259314,289845.0,10.159628128950866,0.0,0.0,pre_leap,3,3,0.09259259259259268,0.28703703703703715,18.0330233405512,34.971890130092234,11.414150809806294,103.4298283765878,1.425634662429753e-13,61.83906571575052,0.0,53.00491347064343,0.0,11.778869660142984,0.0,23.557739320285968,0.0,0.0
2026-01-01,3,opportunity_half,32.391891565393266,291.5270240885388,323.91891565393206,0.10000000000000019,283614.0,11.421118691388036,0.0,0.0,pre_leap,3,3,0.1000000000000001,0.3000000000000001,18.15357497757558,34.85133849306785,14.238316587817657,103.5503800136122,2.6538358701695756e-14,64.78378313078639,0.0,53.00491347064343,0.0,11.778869660142984,0.0,23.557739320285968,0.0,0.0
2026-01-08,3,opportunity_half,32.39189156539338,294.47174150357444,326.86363306896783,0.09909909909909963,257052.0,12.60129917891842,0.0,0.0,pre_leap,3,3,0.09909909909909913,0.29729729729729737,12.49544677114702,34.62003186942492,19.8964447942462,103.78168663725512,1.6520631914956803e-13,64.78378313078625,0.0,55.94963088567918,0.0,11.778869660142984,0.0,23.557739320285968,0.0,0.0
2026-01-15,3,opportunity_half,31.097172910829237,310.49004723331734,341.58722014414656,0.09103728440925432,234425.0,13.265297178555716,11313.5,1.1405183860855488,post_leap,3,3,0.0,0.6982758620689654,9.296168118933233,34.87459310660296,21.801004791896002,104.82184405464108,0.0,67.72850054582216,0.0,58.894348300714924,0.0,14.723587075178731,0.0,29.447174150357462,0.0,0.0
2026-01-22,3,opportunity_half,27.839575359015946,322.58179703023785,350.4213723892538,0.07944599716963407,217437.0,12.803513366637668,8494.0,2.0362192680323394,post_leap,3,3,0.0,0.6806722689075629,9.166460159593349,35.00430106594284,18.673115199422593,105.00501623207873,0.0,70.6732179608579,0.0,58.894348300714924,0.0,17.668304490214474,0.0,35.33660898042895,0.0,0.0
2026-01-29,3,opportunity_half,23.48895619783986,329.87713360644966,353.3660898042895,0.06647201549772117,193637.0,12.130406997546885,11900.0,3.244932644196083,post_leap,3,3,0.0,0.6666666666666666,6.029516073262733,35.19652773723771,17.459440124577128,106.2186913069242,0.0,70.6732179608579,0.0,61.839065715750664,0.0,17.668304490214474,0.0,38.281326395464696,0.0,0.0
2026-02-05,3,opportunity_half,20.06980927798387,336.2409979413414,356.3108072193253,0.05632669251491439,179372.0,11.188930980300087,7132.5,3.920869004255127,post_leap,3,3,0.0,0.6611570247933883,3.129793402191383,35.151532993273314,16.94001587579249,106.73811555570884,0.0,73.61793537589365,0.0,64.78378313078642,0.0,17.668304490214474,0.0,38.281326395464696,0.0,0.0
2026-02-12,3,opportunity_half,19.221693576687226,345.9232658877453,365.14495946443253,0.052641267744405335,168935.0,11.37815939662428,5218.5,4.36838014979942,post_leap,3,3,0.0,0.6451612903225805,3.206515395991312,35.074810999473385,16.015178180695912,107.66295325080542,0.0,73.61793537589365,0.0,64.78378313078642,0.0,20.61302190525022,0.0,44.17076122553619,0.0,0.0
2026-02-19,3,opportunity_half,16.542665336271824,354.4917289582322,371.034394294504,0.044585261071892125,154821.0,10.685026796282044,7057.0,4.988903615946244,post_leap,3,3,0.0,0.6349206349206349,3.225615955310553,35.055710440154144,13.31704938096127,107.41636463550432,0.0,76.56265279092939,0.0,67.72850054582216,0.0,20.61302190525022,0.0,47.115478640571936,0.0,0.0
2026-02-26,3,opportunity_half,14.638933592694677,359.34017811684504,373.9791117095397,0.039143719887928856,148798.0,9.838125238709308,3011.5,5.22138276344254,post_leap,3,3,0.0,0.6299212598425197,0.5242065239205772,34.81240245650837,14.1147270687741,109.56340436272723,0.0,76.56265279092939,0.0,67.72850054582216,0.0,23.557739320285968,0.0,47.115478640571936,0.0,0.0
2026-03-05,3,opportunity_half,11.25408041551242,362.7250312940273,373.9791117095397,0.030092804820214623,139917.0,8.043397453856514,4440.5,5.544765410605235,post_leap,3,3,0.0,0.6220472440944882,0.6348163684447613,34.70179261198419,10.61926404706764,107.1694325543622,1.601424544316442e-14,79.50737020596513,0.0,70.6732179608579,0.0,23.557739320285968,0.0,47.115478640571936,0.0,0.0
2026-03-12,3,opportunity_half,15.34212480886753,367.47113914577943,382.81326395464697,0.040077307276074836,132277.0,11.598482584929753,3820.0,5.762847809742066,post_leap,3,3,0.0,0.6230769230769231,0.8919825868748316,34.44462639355412,14.450142221992698,109.22798920950864,0.0,79.50737020596515,0.0,73.61793537589365,0.0,23.557739320285968,0.0,47.115478640571936,0.0,0.0
2026-03-19,3,opportunity_half,29.72568096578164,391.36890938433,421.0945903501116,0.0705914577080336,138000.0,21.540348525928724,0.0,5.734033570693355,post_leap,3,3,0.0,0.6153846153846154,3.8464288495186993,34.434897545945994,18.284570793058073,111.28299546851477,7.594681323204864,83.69155854290327,0.0,79.50737020596515,0.0,26.502456735321715,0.0,55.94963088567918,0.0,0.0
2026-03-26,3,opportunity_half,32.43155472289299,388.6630356272186,421.0945903501116,0.0770172675358483,154628.0,20.97392110283583,0.0,5.705363402839887,post_leap,3,3,0.0,0.6153846153846154,6.982397883799749,34.243645926700694,17.820383626887125,108.80246521964996,7.628773212206117,83.65746665390202,0.0,79.50737020596515,0.0,26.502456735321715,0.0,55.94963088567918,0.0,0.0
2026-04-02,3,opportunity_half,28.545621991354814,395.4936857737926,424.03930776514744,0.06731833928746224,130670.0,21.845581993843126,11979.0,7.686809392952651,post_leap,3,3,0.0,0.611111111111111,3.9959399014808774,34.28538649398382,16.028401824854754,110.59444702168233,8.521280265019183,85.70967701612469,0.0,79.50737020596515,0.0,26.502456735321715,0.0,58.894348300714924,0.0,0.0
2026-04-09,3,opportunity_half,31.633883756022367,401.2395762542323,432.8734600102547,0.07307882482625053,119643.0,26.440229479386478,5513.5,8.611940276572321,post_leap,3,3,0.0,0.6054421768707482,3.9272256512109553,34.35410074425374,15.394302181652773,111.2285466648843,12.31235592315864,84.86331877302098,0.0,82.45208762100089,0.0,26.502456735321715,0.0,61.839065715750664,0.0,0.0
2026-06-18,4,opportunity_half,97.1756746961782,512.3808302162212,609.5565049123994,0.15942028985507015,,,0.0,0.0,pre_leap,4,3,0.13526570048309178,0.5024154589371981,35.33661552021077,35.33660244064713,47.11547210078873,126.62285538632028,5.889434830071494,103.0651095262511,8.834152245107218,106.00982694128687,0.0,38.281326395464696,0.0,91.28623986610813,0.0,11.778869660142984
2026-06-25,4,opportunity_half,168.04795396541215,512.1817689078451,680.2297228732573,0.24704588511008568,472376.0,35.575040638265314,0.0,0.0,pre_leap,4,3,0.18181818181818193,0.5541125541125542,23.554499475091685,35.339848825623235,100.12363195640984,126.61960900134261,35.54097337176001,102.86074513492005,8.828849162150613,106.01513002424348,0.0,38.281326395464696,0.0,94.23095728114387,0.0,8.834152245107237
2026-07-02,4,opportunity_half,205.90334181903995,518.4971422797536,724.4004840987935,0.2842396524281711,450911.0,45.66385424596871,0.0,0.0,pre_leap,4,3,0.18292682926829268,0.573170731707317,17.67140514702254,35.33350832362089,114.84087852958682,126.62594950334436,61.54129792437093,103.36287731763085,11.84976021805964,105.9389363833702,0.0,41.22604381050044,0.0,97.17567469617961,0.0,8.834152245107237
2026-07-09,4,opportunity_half,235.3568499285371,518.490808320614,753.847658249151,0.31220744317912347,431527.0,54.540469061851766,0.0,0.0,pre_leap,4,3,0.17968750000000008,0.5898437500000001,11.77602062181168,35.339458018760254,123.68098046983403,126.6199998082044,79.46810271020149,103.10437702201477,20.43174612668989,106.1911027198472,0.0,41.22604381050044,0.0,97.17567469617961,0.0,8.834152245107237
2026-07-16,4,opportunity_half,259.2478134769772,524.0470189225312,783.2948323995084,0.33097092276583734,412846.0,62.795282860189324,0.0,0.0,pre_leap,4,3,0.1766917293233083,0.5977443609022557,8.781488046987326,35.38927317854886,129.6202304596944,126.5701846484155,94.172790086836,103.12327672055899,26.673304883459515,105.83897879314907,0.0,44.17076122553619,0.0,100.12039211121537,0.0,8.834152245107237
2026-07-23,4,opportunity_half,279.72870022433324,535.9580237405683,815.6867239649015,0.34293643871586393,399123.0,70.0858382564606,6861.5,3.4469586667615135,post_leap,4,3,0.0,0.8014440433212998,5.676233591261914,35.54981021923853,128.21326797893119,127.97714712917872,108.14687152219784,103.87278236037588,37.692327131942335,106.59882620480923,0.0,44.17076122553619,0.0,106.00982694128686,0.0,11.778869660142984
2026-07-30,4,opportunity_half,294.1944354050777,547.9947452951455,842.1891807002232,0.3493210814706441,380114.0,77.39636935368802,9504.5,8.758770671095945,post_leap,4,3,0.0,0.8006993006993008,2.6513801686200638,35.62994622684463,125.49608400923017,130.69433109887973,122.74340713521555,106.94455123757264,43.30356409201195,106.87702407481109,0.0,47.115478640571936,0.0,108.9545443563226,0.0,11.778869660142984
2026-08-06,4,opportunity_half,309.3396865087195,559.3519509268257,868.6916374355452,0.3560983819550948,367949.0,84.07134861318268,6082.5,12.481084150490924,post_leap,4,3,0.0,0.7966101694915253,1.9404874500894862e-12,35.33660898042701,124.18588532526671,132.00452978284318,128.26950920564747,107.30788399721223,56.88429197780348,108.01988326419828,0.0,50.06019605560768,0.0,114.8439791863941,0.0,11.778869660142984
2026-08-13,4,opportunity_half,322.3001554783336,572.8939386925333,895.1940941708668,0.36003382682819146,354963.0,90.79823966958065,6493.0,16.785680862101632,post_leap,4,3,0.0,0.7927631578947367,1.90840223143247e-12,35.33660898042704,118.73311210946915,134.51258558360502,131.41589869679427,110.0509293361369,72.15114467206823,107.47661764511227,0.0,53.00491347064343,0.0,117.78869660142985,0.0,14.723587075178731
2026-08-20,4,opportunity_half,344.7359559994829,599.7583667726744,944.4943227721574,0.36499526538990573,343054.0,100.49028899225279,5954.5,21.027017402691268,post_leap,4,3,0.0,0.7756060367575094,2.9305396397645054e-11,30.868761867931617,103.4483604721685,135.5844642454577,124.27413259526807,111.40573962255147,117.01346293201705,109.96057668985712,0.0,58.38721941389031,0.0,127.04914819766462,0.0,26.502456735321715
2024-12-19,1,opportunity_off,35.33660898042894,182.57247973221624,217.90908871264517,0.16216216216216214,173213.0,20.40066795242213,0.0,0.0,pre_leap,3,3,0.16216216216216214,0.2027027027027027,30.018413111466074,70.10197899974929,5.318195868962867,97.74691365728825,0.0,8.834152245107237,0.0,0.0,0.0,0.0,0.0,5.889434830071492,0.0,0.0
2024-12-26,1,opportunity_off,53.00491347064342,182.57247973221627,235.5773932028597,0.22499999999999995,340543.0,15.564822495439174,0.0,0.0,pre_leap,3,3,0.22499999999999995,0.26249999999999996,42.565153005773794,69.33410876558456,10.439760464869629,98.51478389145296,0.0,8.834152245107237,0.0,0.0,0.0,0.0,0.0,5.889434830071492,0.0,0.0
2025-01-02,1,opportunity_off,63.2023655925861,181.20917985538082,244.41154544796692,0.2585899347624776,351168.0,17.997757652344774,0.0,0.0,pre_leap,3,3,0.25301204819277123,0.3012048192771086,43.189273565741956,68.7099882056164,18.649792150008754,99.1389044514211,1.3632998768353872,10.415569783307596,0.0,2.944717415035746,0.0,0.0,0.0,0.0,0.0,0.0
2025-01-09,1,opportunity_off,62.5362420228858,181.8753034250811,244.41154544796692,0.255864516990255,330152.0,18.941651730986273,0.0,0.0,pre_leap,3,3,0.25301204819277107,0.30120481927710846,40.74804561911578,68.20649873720683,21.09102009663488,99.64239391983071,0.6971763071351442,11.08169335300784,0.0,2.944717415035746,0.0,0.0,0.0,0.0,0.0,0.0
2025-01-16,1,opportunity_off,68.87525175860466,181.4257285194338,250.30098027803845,0.2751697243937954,307111.0,22.426826703896854,11520.5,1.7457383901346188,post_leap,3,3,0.0,0.976470588235294,39.336938179083596,66.67288876220326,29.477815025921167,97.14503382061591,0.06049855359990212,11.718371106543081,0.0,5.889434830071492,0.0,0.0,0.0,0.0,0.0,0.0
2025-01-23,1,opportunity_off,65.22484230728855,182.1314205557141,247.35626286300266,0.2636878547256072,277133.0,23.535574005004296,14989.0,4.426255341901625,post_leap,3,3,0.0,0.9761904761904764,33.3562297334714,66.76416237774396,31.868612573817146,97.69895368775569,0.0,11.778869660142984,0.0,5.889434830071492,0.0,0.0,0.0,0.0,0.0,0.0
2025-01-30,1,opportunity_off,68.98554938199892,184.26014831107523,253.24569769307413,0.27240561245627654,257133.0,26.828742083668345,10000.0,6.286969985592461,post_leap,3,3,0.0,0.9767441860465116,33.085931962968516,67.03446014824685,33.91808802596128,98.5941956506473,1.9815293930691207,12.74205768210961,0.0,5.889434830071492,0.0,0.0,0.0,0.0,0.0,0.0
2025-02-06,1,opportunity_off,67.91045355980783,185.33524413326631,253.24569769307413,0.2681603445919669,237813.0,28.556241063275696,9660.0,8.328860323890389,post_leap,3,3,0.0,0.9767441860465116,30.456674950355335,66.71899974582428,36.088707701128875,99.36829339051545,1.365070908323632,13.358516166855098,0.0,5.889434830071492,0.0,0.0,0.0,0.0,0.0,0.0
2025-02-13,1,opportunity_off,68.49306271734343,184.7526349757307,253.24569769307413,0.2704609134183787,216696.0,31.60790356875228,10558.5,10.69930459240371,post_leap,3,3,0.0,0.9767441860465116,30.518638734491926,66.65703596168768,37.97442398285151,100.42729452382855,0.0,11.778869660142984,0.0,5.889434830071492,0.0,0.0,0.0,0.0,0.0,0.0
2025-02-20,1,opportunity_off,71.87236151837877,190.20748841980262,262.0798499381814,0.27423841068030147,200373.0,35.86928454351573,8161.5,12.709551309252664,post_leap,3,3,0.0,0.9775280898876404,32.96666048815645,67.15373162305892,38.491110931845846,102.85532498986996,0.41459009837647937,14.308996976802252,0.0,5.889434830071492,0.0,0.0,0.0,0.0,0.0,0.0
2025-02-27,1,opportunity_off,67.62769198547447,185.61800570759965,253.24569769307413,0.26704379423431357,222293.0,30.42277174066411,0.0,12.6460035527064,post_leap,3,3,0.0,0.9767441860465116,32.090865656302995,65.08480903987662,35.536826329170616,99.92017476247369,8.499337185948154e-13,14.723587075177882,0.0,5.889434830071492,0.0,0.0,0.0,0.0,0.0,0.0
2025-03-06,1,opportunity_off,60.40002574139886,186.9562371216038,247.35626286300266,0.24418231841920732,202226.0,29.867586631490937,10033.5,15.024748577022493,post_leap,3,3,0.0,0.9761904761904762,26.26113019183385,65.02510967427429,34.13889554956502,101.3181055420793,0.0,14.723587075178731,0.0,5.889434830071492,0.0,0.0,0.0,0.0,0.0,0.0
2025-03-13,1,opportunity_off,58.827110611085054,188.5291522519176,247.35626286300266,0.2378234127981883,179680.0,32.739932441610115,11273.0,17.643203266911765,post_leap,3,3,0.0,0.9761904761904762,23.29857504987696,65.04294740119542,35.528535561208095,102.87318294547197,0.0,14.723587075178731,0.0,5.889434830071492,0.0,0.0,0.0,0.0,0.0,0.0
2025-03-20,1,opportunity_off,59.237283754402945,191.0636965236355,250.30098027803845,0.2366642099787272,163262.0,36.2835710418854,8209.0,19.705084093882625,post_leap,3,3,0.0,0.976470588235294,22.617837737926504,65.72368471314587,36.619446016476445,104.72698990523935,0.0,14.723587075178731,0.0,5.889434830071492,0.0,0.0,0.0,0.0,0.0,0.0
2025-03-27,1,opportunity_off,54.88608931597291,195.41489096206556,250.30098027803845,0.21928036100779366,140011.0,39.201269411669735,11625.5,22.98107591459272,post_leap,3,3,0.0,0.976470588235294,18.995117045051703,66.40168799098494,35.8909722709212,108.40018106583037,0.0,14.723587075178731,0.0,5.889434830071492,0.0,0.0,0.0,0.0,0.0,0.0
2025-04-03,1,opportunity_off,50.27638471329481,197.07987814970784,247.35626286300266,0.20325494948611914,126230.0,39.829188555252166,6890.5,25.027101310068637,post_leap,3,3,0.0,0.9761904761904762,15.921752875135809,66.53033474586508,34.354631838158994,109.93652149859257,0.0,14.723587075178731,0.0,5.889434830071492,0.0,0.0,0.0,0.0,0.0,0.0
2025-04-10,1,opportunity_off,39.69952177900574,207.6567410839969,247.35626286300266,0.16049531683373294,110998.0,35.765979368101895,7616.0,27.3286786038127,post_leap,3,3,0.0,0.9761904761904762,11.207368492515437,68.3000017134497,28.492153286488787,115.79900005026278,1.5198699315412252e-12,17.668304490212954,0.0,5.889434830071492,0.0,0.0,0.0,0.0,0.0,0.0
2025-04-17,1,opportunity_off,15.127132038227806,202.78195667441736,217.90908871264517,0.06941946353681386,100353.0,15.073921096756257,5322.5,28.71495061228741,post_leap,3,3,0.0,0.9324324324324325,0.2127887330350882,61.626276982715574,12.063182093429186,108.6702319230364,2.851161211763533,17.76186069348669,0.0,14.723587075178731,0.0,0.0,0.0,0.0,0.0,0.0
2025-04-24,1,opportunity_off,4.875819386289932,189.4755300060693,194.35134939235923,0.025087653888353302,75810.0,6.431630901318998,12271.5,30.05121284113673,post_leap,3,3,0.0,0.9242424242424243,0.0,55.94963088567918,0.0,100.12039211121537,4.875819386289932,18.681919933996035,0.0,14.723587075178731,0.0,0.0,0.0,0.0,0.0,0.0
2025-05-01,1,opportunity_off,4.121768490082676,193.17429831731232,197.296066807395,0.02089128565399351,65100.0,6.331441613030224,5355.0,30.176487844743548,post_leap,3,3,0.0,0.9253731343283582,0.0,55.94963088567918,0.0,103.0651095262511,4.121768490082676,19.435970830203292,0.0,14.723587075178731,0.0,0.0,0.0,0.0,0.0,0.0
2025-05-08,1,opportunity_off,3.978076940229019,187.42855503709447,191.40663197732349,0.020783380905528465,55532.0,7.163575848572028,4784.0,30.26792233893373,post_leap,3,3,0.0,0.9230769230769231,0.0,53.00491347064343,0.0,100.12039211121537,3.978076940229019,19.57966238005695,0.0,14.723587075178731,0.0,0.0,0.0,0.0,0.0,0.0
2025-05-15,1,opportunity_off,8.295557228282794,183.11107474904068,191.40663197732349,0.04333996759979348,45589.0,18.19640094821732,4971.5,30.40149246588847,post_leap,3,3,0.0,0.9230769230769231,0.0,50.06019605560768,0.0,100.12039211121537,8.295557228282794,18.20689950703892,0.0,14.723587075178731,0.0,0.0,0.0,0.0,0.0,0.0
2025-06-19,2,opportunity_off,55.94963088567919,217.9090887126452,273.8587195983244,0.20430107526881724,,,0.0,0.0,pre_leap,3,3,0.20430107526881724,0.30107526881720437,51.032704448073964,60.86655732328439,4.916926437605225,112.87177016382462,3.5571413559262866e-15,26.50245673532171,0.0,17.668304490214474,0.0,0.0,0.0,0.0,0.0,0.0
2025-06-26,2,opportunity_off,103.06510952625112,223.7985235427167,326.86363306896783,0.3153153153153153,650456.0,15.845054780992275,0.0,0.0,pre_leap,3,3,0.31531531531531526,0.39639639639639634,63.78538827579441,59.89274315570692,39.27972125045669,113.8455843314021,2.0730808188173596e-14,26.502456735321694,0.0,20.61302190525022,0.0,0.0,0.0,2.944717415035746,0.0,0.0
2025-07-03,2,opportunity_off,121.82434103589257,219.76287910825397,341.58722014414656,0.35664197561162814,619598.0,19.661835744449235,0.0,0.0,pre_leap,3,3,0.3534482758620689,0.4396551724137931,58.88996789576628,58.898728705663565,61.8434461206993,114.83959878144546,1.0909270194269916,28.35624713093047,0.0,17.668304490214474,0.0,0.0,0.0,0.0,0.0,0.0
2025-07-10,2,opportunity_off,135.9248006324596,226.27544141693716,362.20024204939676,0.3752752893354561,563148.0,24.136603633939856,0.0,0.0,pre_leap,3,3,0.37398373983739835,0.45528455284552843,53.86081887050338,58.038442900854974,81.59618222114092,115.69988458625407,0.46779954081528247,28.97937460954218,0.0,20.61302190525022,0.0,0.0,0.0,2.944717415035746,0.0,0.0
2025-07-17,2,opportunity_off,172.73912754710483,213.0188538225779,385.75798136968274,0.44779145446005447,531711.0,32.48740905249371,15718.5,3.035129633760668,post_leap,3,3,0.0,0.9312977099236641,50.02935176181359,55.980475179473274,120.00414175581555,100.84966437186539,2.7056340294756986,29.68625753591751,0.0,20.61302190525022,0.0,0.0,0.0,5.889434830071492,0.0,0.0
2025-07-24,2,opportunity_off,180.68195342018706,210.96546277956716,391.6474161997542,0.4613383005903268,503401.0,35.892251588730865,14155.0,6.698828186696253,post_leap,3,3,0.0,0.9323308270676691,41.66866171763382,55.507012978545795,131.09681460653127,98.59114376625692,7.916477096021962,30.36484929944273,0.0,17.668304490214474,0.0,2.944717415035746,0.0,5.889434830071492,0.0,0.0
2025-07-31,2,opportunity_off,183.08983503344783,214.44701599637787,397.5368510298257,0.46056066138057544,471778.0,38.80847242420118,15811.5,11.205416733724514,post_leap,3,3,0.0,0.925925925925926,36.22229732023914,55.06394254586899,139.64647169554036,98.87563892235508,7.22106601766833,31.060260377796364,0.0,20.61302190525022,0.0,0.0,0.0,8.834152245107237,0.0,0.0
2025-08-07,2,opportunity_off,185.65774810426143,214.82382034060004,400.48156844486147,0.46358624898819256,439788.0,42.21528284179227,15995.0,16.115321781456675,post_leap,3,3,0.0,0.9264705882352942,30.89266277442909,54.50414226160755,142.52935305654347,98.9374749763877,12.235732273288855,31.935028952247336,0.0,17.668304490214474,0.0,2.944717415035746,0.0,8.834152245107237,0.0,0.0
2025-08-14,2,opportunity_off,184.6588100269495,221.7121932479835,406.371003274933,0.45440941538345286,410441.0,44.99034210201942,14673.5,20.99031279478171,post_leap,3,3,0.0,0.9130434782608694,28.57440859999667,53.87767902100421,144.61066318261788,99.80088226534903,11.473738244334942,32.69702298120124,0.0,23.557739320285968,0.0,0.0,0.0,11.778869660142984,0.0,0.0
2025-08-21,2,opportunity_off,192.98661311998774,227.1135501598966,420.1001632798843,0.4593823806524298,388357.0,49.69309504398987,11042.0,24.859628090731782,post_leap,3,3,0.0,0.9035090708062442,24.135861586990025,53.03604308291228,144.14753514742915,99.76351048280162,24.703216385568567,33.77814148485811,0.0,27.54539315799444,0.0,5.441492955628173,0.0,7.548968995701999,0.0,0.0
2025-08-28,2,opportunity_off,188.98718978860666,235.05211797654079,424.03930776514744,0.4456831862702608,356370.0,53.031172598312615,15993.5,31.09346207496654,post_leap,3,3,0.0,0.8888888888888888,21.404305451974768,52.21362992391889,140.68101006693686,100.78581796599431,26.901874269695035,34.93719144605563,0.0,32.39189156539321,0.0,0.0,0.0,14.723587075178731,0.0,0.0
2025-09-04,2,opportunity_off,184.9909760212611,236.1036143288505,421.0945903501116,0.43930978991550007,332895.0,55.570367840088046,11737.5,35.91762187157326,post_leap,3,3,0.0,0.8881118881118882,19.29917757390835,51.374040386949545,134.39545327205954,101.18193993080016,31.296345175293233,36.432155370528925,0.0,32.39189156539321,0.0,2.944717415035746,0.0,11.778869660142984,0.0,0.0
2025-09-11,2,opportunity_off,176.39532701495494,241.75454592012102,418.14987293507596,0.4218471376705236,309117.0,57.064259492345926,11889.0,41.023442588221855,post_leap,3,3,0.0,0.880281690140845,17.20613558087706,50.5223649649451,129.3072894211834,103.32538636664052,29.881902012894475,37.846598532927686,0.0,32.39189156539321,0.0,5.889434830071492,0.0,11.778869660142984,0.0,0.0
2025-09-18,2,opportunity_off,171.415571362676,249.67901898743563,421.0945903501116,0.4070714164723787,288952.0,59.32319948042442,10082.5,45.421128545933364,post_leap,3,3,0.0,0.8671328671328673,15.08268912526093,49.70109400552549,122.20663522574107,104.53660573201138,34.12624701167397,39.491688364219684,0.0,38.281326395464696,0.0,5.889434830071492,0.0,11.778869660142984,0.0,0.0
2025-09-25,2,opportunity_off,139.84535638457714,254.74677723021284,394.59213361479,0.35440482582224364,240758.0,58.08544529551547,24097.0,56.630112006241994,post_leap,3,3,0.0,0.8656716417910447,9.624130890827416,49.27021740988751,101.90202582166413,110.1176280609096,28.319199672085592,42.35401828877231,0.0,35.33660898042895,0.0,5.889434830071492,0.0,11.778869660142984,0.0,0.0
2025-10-02,2,opportunity_off,126.78314309029717,261.91955569442126,388.70269878471845,0.32616995839412877,216580.0,58.538712295824716,12089.0,61.96452103163068,post_leap,3,3,0.0,0.856060606060606,7.541466426467794,48.408164459211385,92.84331613999682,113.2869029125054,26.398360523832565,44.27485743702533,0.0,35.33660898042895,0.0,5.889434830071492,0.0,14.723587075178731,0.0,0.0
2025-10-09,2,opportunity_off,121.32979091630114,264.4281904533816,385.75798136968274,0.31452308643233845,198964.0,60.98077587719443,8808.0,65.77957024968552,post_leap,3,3,0.0,0.8549618320610687,8.443770704372787,47.50586018130639,85.22963540688308,115.01114881554766,27.656384805045263,45.96155057084839,0.0,38.281326395464696,0.0,5.889434830071492,0.0,11.778869660142984,0.0,0.0
2025-10-16,2,opportunity_off,103.44783891622949,273.475990208346,376.9238291245755,0.27445290247764986,185308.0,55.824810000771414,6828.0,68.78168629995297,post_leap,3,3,0.0,0.8437500000000001,6.584120020933149,46.42079344971028,70.78117610808181,120.62545586924168,26.08254278721453,47.53539258867912,0.0,38.281326395464696,0.0,5.889434830071492,0.0,14.723587075178731,0.0,0.0
2025-10-23,2,opportunity_off,54.7212990940727,266.2528991448236,320.9741982388963,0.17048504021293467,169443.0,32.29481247031314,7932.5,71.98042031110215,post_leap,3,3,0.0,0.7706422018348624,0.41161756412012795,43.75914366141606,37.254297002038115,101.14742150464194,17.05538452791445,47.72839860287197,0.0,47.115478640571936,0.0,8.834152245107237,0.0,17.668304490214474,0.0,0.0
2025-10-30,2,opportunity_off,35.36663981490366,264.99453651874245,300.3611763336461,0.11774704123417674,150125.0,23.55812810318312,9659.0,74.11600295875267,post_leap,3,3,0.0,0.7549019607843137,2.4608426340478597e-14,41.22604381050042,19.796104942709608,100.93730907375598,15.570534872194022,49.213248258592394,0.0,47.115478640571936,0.0,8.834152245107237,0.0,17.668304490214474,0.0,0.0
2025-11-06,2,opportunity_off,29.198835494976223,268.21762342363417,297.4164589186104,0.0981749147345159,134699.0,21.67709893538647,7713.0,75.19905368043773,post_leap,3,3,0.0,0.7425742574257423,0.3733578670010131,40.85268594349943,14.4539918947822,100.38998729161189,14.37148573319301,50.412297397593406,0.0,50.06019605560768,0.0,8.834152245107237,0.0,17.668304490214474,0.0,0.0
2025-11-13,2,opportunity_off,26.275639455822564,274.08553687782353,300.3611763336461,0.08748014565848936,118308.0,22.209520451552358,8195.5,76.24429572663522,post_leap,3,3,0.0,0.7352941176470589,2.0674484907603788e-14,38.281326395464674,13.27905390360613,104.50964269782372,12.99658555221641,51.78719757857001,0.0,47.115478640571936,0.0,11.778869660142984,0.0,20.61302190525022,0.0,0.0
2025-12-18,3,opportunity_off,14.72358707517889,282.6928718434315,297.4164589186104,0.04950495049505004,,,0.0,0.0,pre_leap,3,3,0.04950495049504959,0.2475247524752476,14.723587075178587,35.3366089804291,1.7000641315133874e-13,103.06510952625094,1.3247482670199782e-13,58.89434830071479,0.0,53.00491347064343,0.0,11.778869660142984,0.0,20.61302190525022,0.0,0.0
2025-12-25,3,opportunity_off,29.447174150357636,288.58230667350296,318.0294808238606,0.09259259259259314,289845.0,10.159628128950866,0.0,0.0,pre_leap,3,3,0.09259259259259268,0.28703703703703715,18.0330233405512,34.971890130092234,11.414150809806294,103.4298283765878,1.425634662429753e-13,61.83906571575052,0.0,53.00491347064343,0.0,11.778869660142984,0.0,23.557739320285968,0.0,0.0
2026-01-01,3,opportunity_off,32.391891565393266,291.5270240885388,323.91891565393206,0.10000000000000019,283614.0,11.421118691388036,0.0,0.0,pre_leap,3,3,0.1000000000000001,0.3000000000000001,18.15357497757558,34.85133849306785,14.238316587817657,103.5503800136122,2.6538358701695756e-14,64.78378313078639,0.0,53.00491347064343,0.0,11.778869660142984,0.0,23.557739320285968,0.0,0.0
2026-01-08,3,opportunity_off,32.39189156539338,294.47174150357444,326.86363306896783,0.09909909909909963,257052.0,12.60129917891842,0.0,0.0,pre_leap,3,3,0.09909909909909913,0.29729729729729737,12.49544677114702,34.62003186942492,19.8964447942462,103.78168663725512,1.6520631914956803e-13,64.78378313078625,0.0,55.94963088567918,0.0,11.778869660142984,0.0,23.557739320285968,0.0,0.0
2026-01-15,3,opportunity_off,31.097172910829237,310.49004723331734,341.58722014414656,0.09103728440925432,234425.0,13.265297178555716,11313.5,1.1405183860855488,post_leap,3,3,0.0,0.6982758620689654,9.296168118933233,34.87459310660296,21.801004791896002,104.82184405464108,0.0,67.72850054582216,0.0,58.894348300714924,0.0,14.723587075178731,0.0,29.447174150357462,0.0,0.0
2026-01-22,3,opportunity_off,27.839575359015946,322.58179703023785,350.4213723892538,0.07944599716963407,217437.0,12.803513366637668,8494.0,2.0362192680323394,post_leap,3,3,0.0,0.6806722689075629,9.166460159593349,35.00430106594284,18.673115199422593,105.00501623207873,0.0,70.6732179608579,0.0,58.894348300714924,0.0,17.668304490214474,0.0,35.33660898042895,0.0,0.0
2026-01-29,3,opportunity_off,23.48895619783986,329.87713360644966,353.3660898042895,0.06647201549772117,193637.0,12.130406997546885,11900.0,3.244932644196083,post_leap,3,3,0.0,0.6666666666666666,6.029516073262733,35.19652773723771,17.459440124577128,106.2186913069242,0.0,70.6732179608579,0.0,61.839065715750664,0.0,17.668304490214474,0.0,38.281326395464696,0.0,0.0
2026-02-05,3,opportunity_off,20.06980927798387,336.2409979413414,356.3108072193253,0.05632669251491439,179372.0,11.188930980300087,7132.5,3.920869004255127,post_leap,3,3,0.0,0.6611570247933883,3.129793402191383,35.151532993273314,16.94001587579249,106.73811555570884,0.0,73.61793537589365,0.0,64.78378313078642,0.0,17.668304490214474,0.0,38.281326395464696,0.0,0.0
2026-02-12,3,opportunity_off,19.221693576687226,345.9232658877453,365.14495946443253,0.052641267744405335,168935.0,11.37815939662428,5218.5,4.36838014979942,post_leap,3,3,0.0,0.6451612903225805,3.206515395991312,35.074810999473385,16.015178180695912,107.66295325080542,0.0,73.61793537589365,0.0,64.78378313078642,0.0,20.61302190525022,0.0,44.17076122553619,0.0,0.0
2026-02-19,3,opportunity_off,16.542665336271824,354.4917289582322,371.034394294504,0.044585261071892125,154821.0,10.685026796282044,7057.0,4.988903615946244,post_leap,3,3,0.0,0.6349206349206349,3.225615955310553,35.055710440154144,13.31704938096127,107.41636463550432,0.0,76.56265279092939,0.0,67.72850054582216,0.0,20.61302190525022,0.0,47.115478640571936,0.0,0.0
2026-02-26,3,opportunity_off,14.638933592694677,359.34017811684504,373.9791117095397,0.039143719887928856,148798.0,9.838125238709308,3011.5,5.22138276344254,post_leap,3,3,0.0,0.6299212598425197,0.5242065239205772,34.81240245650837,14.1147270687741,109.56340436272723,0.0,76.56265279092939,0.0,67.72850054582216,0.0,23.557739320285968,0.0,47.115478640571936,0.0,0.0
2026-03-05,3,opportunity_off,11.25408041551242,362.7250312940273,373.9791117095397,0.030092804820214623,139917.0,8.043397453856514,4440.5,5.544765410605235,post_leap,3,3,0.0,0.6220472440944882,0.6348163684447613,34.70179261198419,10.61926404706764,107.1694325543622,1.601424544316442e-14,79.50737020596513,0.0,70.6732179608579,0.0,23.557739320285968,0.0,47.115478640571936,0.0,0.0
2026-03-12,3,opportunity_off,15.34212480886753,367.47113914577943,382.81326395464697,0.040077307276074836,132277.0,11.598482584929753,3820.0,5.762847809742066,post_leap,3,3,0.0,0.6230769230769231,0.8919825868748316,34.44462639355412,14.450142221992698,109.22798920950864,0.0,79.50737020596515,0.0,73.61793537589365,0.0,23.557739320285968,0.0,47.115478640571936,0.0,0.0
2026-03-19,3,opportunity_off,29.72568096578164,391.36890938433,421.0945903501116,0.0705914577080336,138000.0,21.540348525928724,0.0,5.734033570693355,post_leap,3,3,0.0,0.6153846153846154,3.8464288495186993,34.434897545945994,18.284570793058073,111.28299546851477,7.594681323204864,83.69155854290327,0.0,79.50737020596515,0.0,26.502456735321715,0.0,55.94963088567918,0.0,0.0
2026-03-26,3,opportunity_off,32.43155472289299,388.6630356272186,421.0945903501116,0.0770172675358483,154628.0,20.97392110283583,0.0,5.705363402839887,post_leap,3,3,0.0,0.6153846153846154,6.982397883799749,34.243645926700694,17.820383626887125,108.80246521964996,7.628773212206117,83.65746665390202,0.0,79.50737020596515,0.0,26.502456735321715,0.0,55.94963088567918,0.0,0.0
2026-04-02,3,opportunity_off,28.545621991354814,395.4936857737926,424.03930776514744,0.06731833928746224,130670.0,21.845581993843126,11979.0,7.686809392952651,post_leap,3,3,0.0,0.611111111111111,3.9959399014808774,34.28538649398382,16.028401824854754,110.59444702168233,8.521280265019183,85.70967701612469,0.0,79.50737020596515,0.0,26.502456735321715,0.0,58.894348300714924,0.0,0.0
2026-04-09,3,opportunity_off,31.633883756022367,401.2395762542323,432.8734600102547,0.07307882482625053,119643.0,26.440229479386478,5513.5,8.611940276572321,post_leap,3,3,0.0,0.6054421768707482,3.9272256512109553,34.35410074425374,15.394302181652773,111.2285466648843,12.31235592315864,84.86331877302098,0.0,82.45208762100089,0.0,26.502456735321715,0.0,61.839065715750664,0.0,0.0
2026-06-18,4,opportunity_off,97.1756746961782,512.3808302162212,609.5565049123994,0.15942028985507015,,,0.0,0.0,pre_leap,4,3,0.13526570048309178,0.5024154589371981,35.33661552021077,35.33660244064713,47.11547210078873,126.62285538632028,5.889434830071494,103.0651095262511,8.834152245107218,106.00982694128687,0.0,38.281326395464696,0.0,91.28623986610813,0.0,11.778869660142984
2026-06-25,4,opportunity_off,168.04795396541215,512.1817689078451,680.2297228732573,0.24704588511008568,472376.0,35.575040638265314,0.0,0.0,pre_leap,4,3,0.18181818181818193,0.5541125541125542,23.554499475091685,35.339848825623235,100.12363195640984,126.61960900134261,35.54097337176001,102.86074513492005,8.828849162150613,106.01513002424348,0.0,38.281326395464696,0.0,94.23095728114387,0.0,8.834152245107237
2026-07-02,4,opportunity_off,205.90334181903995,518.4971422797536,724.4004840987935,0.2842396524281711,450911.0,45.66385424596871,0.0,0.0,pre_leap,4,3,0.18292682926829268,0.573170731707317,17.67140514702254,35.33350832362089,114.84087852958682,126.62594950334436,61.54129792437093,103.36287731763085,11.84976021805964,105.9389363833702,0.0,41.22604381050044,0.0,97.17567469617961,0.0,8.834152245107237
2026-07-09,4,opportunity_off,235.3568499285371,518.490808320614,753.847658249151,0.31220744317912347,431527.0,54.540469061851766,0.0,0.0,pre_leap,4,3,0.17968750000000008,0.5898437500000001,11.77602062181168,35.339458018760254,123.68098046983403,126.6199998082044,79.46810271020149,103.10437702201477,20.43174612668989,106.1911027198472,0.0,41.22604381050044,0.0,97.17567469617961,0.0,8.834152245107237
2026-07-16,4,opportunity_off,259.2478134769772,524.0470189225312,783.2948323995084,0.33097092276583734,412846.0,62.795282860189324,0.0,0.0,pre_leap,4,3,0.1766917293233083,0.5977443609022557,8.781488046987326,35.38927317854886,129.6202304596944,126.5701846484155,94.172790086836,103.12327672055899,26.673304883459515,105.83897879314907,0.0,44.17076122553619,0.0,100.12039211121537,0.0,8.834152245107237
2026-07-23,4,opportunity_off,279.72870022433324,535.9580237405683,815.6867239649015,0.34293643871586393,399123.0,70.0858382564606,6861.5,3.4469586667615135,post_leap,4,3,0.0,0.8014440433212998,5.676233591261914,35.54981021923853,128.21326797893119,127.97714712917872,108.14687152219784,103.87278236037588,37.692327131942335,106.59882620480923,0.0,44.17076122553619,0.0,106.00982694128686,0.0,11.778869660142984
2026-07-30,4,opportunity_off,294.1944354050777,547.9947452951455,842.1891807002232,0.3493210814706441,380114.0,77.39636935368802,9504.5,8.758770671095945,post_leap,4,3,0.0,0.8006993006993008,2.6513801686200638,35.62994622684463,125.49608400923017,130.69433109887973,122.74340713521555,106.94455123757264,43.30356409201195,106.87702407481109,0.0,47.115478640571936,0.0,108.9545443563226,0.0,11.778869660142984
2026-08-06,4,opportunity_off,309.3396865087195,559.3519509268257,868.6916374355452,0.3560983819550948,367949.0,84.07134861318268,6082.5,12.481084150490924,post_leap,4,3,0.0,0.7966101694915253,1.9404874500894862e-12,35.33660898042701,124.18588532526671,132.00452978284318,128.26950920564747,107.30788399721223,56.88429197780348,108.01988326419828,0.0,50.06019605560768,0.0,114.8439791863941,0.0,11.778869660142984
2026-08-13,4,opportunity_off,322.3001554783336,572.8939386925333,895.1940941708668,0.36003382682819146,354963.0,90.79823966958065,6493.0,16.785680862101632,post_leap,4,3,0.0,0.7927631578947367,1.90840223143247e-12,35.33660898042704,118.73311210946915,134.51258558360502,131.41589869679427,110.0509293361369,72.15114467206823,107.47661764511227,0.0,53.00491347064343,0.0,117.78869660142985,0.0,14.723587075178731
2026-08-20,4,opportunity_off,344.7359559994829,599.7583667726744,944.4943227721574,0.36499526538990573,343054.0,100.49028899225279,5954.5,21.027017402691268,post_leap,4,3,0.0,0.7756060367575094,2.9305396397645054e-11,30.868761867931617,103.4483604721685,135.5844642454577,124.27413259526807,111.40573962255147,117.01346293201705,109.96057668985712,0.0,58.38721941389031,0.0,127.04914819766462,0.0,26.502456735321715
